0,1,2,3,4,5,6,7,8,9,10,11,12,13,14,15,16,17,18,19,20,21,22,23,24,25,26,27,28,29,30,31,32,33,34,35
,2010,2015,2021,,,,,,,,,,,,,,,,,,,,,,,,,,,,,,,,
Individuals using the Internet (per 100 inhabitants),3.1,11.3k,"14.1k,t",Threatened species (number),62,74,114,Forested areak (% of land area),32.2,30,28.7e,CO2 emission estimates (million tons/tons per capita),4.6 /        0.5,5.3 /        0.5,7.2 /        0.6e,"Energy production, primary (Petajoules)",86,114,114e,Energy supply per capita (Gigajoules),17,18,19e,Tourist/visitor arrivals at national borders (000),199,255,295e,Important sites for terrestrial biodiversity protected (%),66.7,66.7,66.7f,Net Official Development Assist. received (% of GNI),7.27,3.86,4.16b
Threatened species (number),62,74,114,Forested areak (% of land area),32.2,30,28.7e,CO2 emission estimates (million tons/tons per capita),4.6 /        0.5,5.3 /        0.5,7.2 /        0.6e,"Energy production, primary (Petajoules)",86,114,114e,Energy supply per capita (Gigajoules),17,18,19e,Tourist/visitor arrivals at national borders (000),199,255,295e,Important sites for terrestrial biodiversity protected (%),66.7,66.7,66.7f,Net Official Development Assist. received (% of GNI),7.27,3.86,4.16b,,,,
Forested areak (% of land area),32.2,30,28.7e,CO2 emission estimates (million tons/tons per capita),4.6 /        0.5,5.3 /        0.5,7.2 /        0.6e,"Energy production, primary (Petajoules)",86,114,114e,Energy supply per capita (Gigajoules),17,18,19e,Tourist/visitor arrivals at national borders (000),199,255,295e,Important sites for terrestrial biodiversity protected (%),66.7,66.7,66.7f,Net Official Development Assist. received (% of GNI),7.27,3.86,4.16b,,,,,,,,
CO2 emission estimates (million tons/tons per capita),4.6 /        0.5,5.3 /        0.5,7.2 /        0.6e,"Energy production, primary (Petajoules)",86,114,114e,Energy supply per capita (Gigajoules),17,18,19e,Tourist/visitor arrivals at national borders (000),199,255,295e,Important sites for terrestrial biodiversity protected (%),66.7,66.7,66.7f,Net Official Development Assist. received (% of GNI),7.27,3.86,4.16b,,,,,,,,,,,,
"Energy production, primary (Petajoules)",86,114,114e,Energy supply per capita (Gigajoules),17,18,19e,Tourist/visitor arrivals at national borders (000),199,255,295e,Important sites for terrestrial biodiversity protected (%),66.7,66.7,66.7f,Net Official Development Assist. received (% of GNI),7.27,3.86,4.16b,,,,,,,,,,,,,,,,
Energy supply per capita (Gigajoules),17,18,19e,Tourist/visitor arrivals at national borders (000),199,255,295e,Important sites for terrestrial biodiversity protected (%),66.7,66.7,66.7f,Net Official Development Assist. received (% of GNI),7.27,3.86,4.16b,,,,,,,,,,,,,,,,,,,,
Tourist/visitor arrivals at national borders (000),199,255,295e,Important sites for terrestrial biodiversity protected (%),66.7,66.7,66.7f,Net Official Development Assist. received (% of GNI),7.27,3.86,4.16b,,,,,,,,,,,,,,,,,,,,,,,,
Important sites for terrestrial biodiversity protected (%),66.7,66.7,66.7f,Net Official Development Assist. received (% of GNI),7.27,3.86,4.16b,,,,,,,,,,,,,,,,,,,,,,,,,,,,
Net Official Development Assist. received (% of GNI),7.27,3.86,4.16b,,,,,,,,,,,,,,,,,,,,,,,,,,,,,,,,
