0,1,2,3,4,5,6,7,8,9,10,11,12,13,14,15,16,17,18,19,20,21,22,23,24,25,26,27,28,29,30,31
,2010,2015,2021,,,,,,,,,,,,,,,,,,,,,,,,,,,,
Individuals using the Interneth (per 100 inhabitants),4,8.3,11.4n,Threatened species (number),34,38,48,Forested areah (% of land area),1.9,1.9,1.9l,"Energy production, primary (Petajoules)",41,61,89l,Energy supply per capita (Gigajoules),5,4,4l,Important sites for terrestrial biodiversity protected (%),5.7,5.7,5.7c,"Pop. using safely managed drinking water (urban/rural, %)",28.2 /       16.3,32.4 /       20.4,36.4 /       24.5c,Net Official Development Assist. received (% of GNI),39.25,21.28,21.34b
Threatened species (number),34,38,48,Forested areah (% of land area),1.9,1.9,1.9l,"Energy production, primary (Petajoules)",41,61,89l,Energy supply per capita (Gigajoules),5,4,4l,Important sites for terrestrial biodiversity protected (%),5.7,5.7,5.7c,"Pop. using safely managed drinking water (urban/rural, %)",28.2 /       16.3,32.4 /       20.4,36.4 /       24.5c,Net Official Development Assist. received (% of GNI),39.25,21.28,21.34b,,,,
Forested areah (% of land area),1.9,1.9,1.9l,"Energy production, primary (Petajoules)",41,61,89l,Energy supply per capita (Gigajoules),5,4,4l,Important sites for terrestrial biodiversity protected (%),5.7,5.7,5.7c,"Pop. using safely managed drinking water (urban/rural, %)",28.2 /       16.3,32.4 /       20.4,36.4 /       24.5c,Net Official Development Assist. received (% of GNI),39.25,21.28,21.34b,,,,,,,,
"Energy production, primary (Petajoules)",41,61,89l,Energy supply per capita (Gigajoules),5,4,4l,Important sites for terrestrial biodiversity protected (%),5.7,5.7,5.7c,"Pop. using safely managed drinking water (urban/rural, %)",28.2 /       16.3,32.4 /       20.4,36.4 /       24.5c,Net Official Development Assist. received (% of GNI),39.25,21.28,21.34b,,,,,,,,,,,,
Energy supply per capita (Gigajoules),5,4,4l,Important sites for terrestrial biodiversity protected (%),5.7,5.7,5.7c,"Pop. using safely managed drinking water (urban/rural, %)",28.2 /       16.3,32.4 /       20.4,36.4 /       24.5c,Net Official Development Assist. received (% of GNI),39.25,21.28,21.34b,,,,,,,,,,,,,,,,
Important sites for terrestrial biodiversity protected (%),5.7,5.7,5.7c,"Pop. using safely managed drinking water (urban/rural, %)",28.2 /       16.3,32.4 /       20.4,36.4 /       24.5c,Net Official Development Assist. received (% of GNI),39.25,21.28,21.34b,,,,,,,,,,,,,,,,,,,,
"Pop. using safely managed drinking water (urban/rural, %)",28.2 /       16.3,32.4 /       20.4,36.4 /       24.5c,Net Official Development Assist. received (% of GNI),39.25,21.28,21.34b,,,,,,,,,,,,,,,,,,,,,,,,
Net Official Development Assist. received (% of GNI),39.25,21.28,21.34b,,,,,,,,,,,,,,,,,,,,,,,,,,,,
