0,1,2,3,4,5,6,7,8,9,10,11,12,13,14,15,16,17,18,19,20,21,22,23,24,25,26,27,28,29,30,31,32,33,34,35,36,37,38,39,40,41,42,43,44,45,46,47,48,49,50,51,52,53,54,55,56,57,58,59,60,61,62,63,64,65,66,67
,2010,2015,2021,,,,,,,,,,,,,,,,,,,,,,,,,,,,,,,,,,,,,,,,,,,,,,,,,,,,,,,,,,,,,,,,
Population growth ratei (average annual %),2.6,3.3,2.5c,Urban population (% of total population),23.7,24.8,25.8b,Urban population growth ratei (average annual %),3.7,4,...,"Fertility rate, totali (live births per woman)",6.5,5.4,4.6c,"Life expectancy at birthi (females/males, years)",61.0 /       58.3,63.8 /       60.9,65.8 /       62.8c,"Population age distribution (0-14/60+ years old, %)",48.2 /        3.9,44.9 /        4.0,41.2 /        4.3a,International migrant stockj (000/% of total pop.),102.3 /        0.4,339.4 /        1.0,144.1 /        0.4c,Refugees and others of concern to UNHCR (000),1 200.0k,1 421.4,2 802.9c,Infant mortality ratei (per 1 000 live births),72.2,60.1,51.7c,Health: Current expenditure (% of GDP),8.6,10.1,9.4l,Health: Physicians (per 1 000 pop.),0.2,0.3,0.3m,Education: Government expenditure (% of GDP),3.5,3.3,"4.1h,n",Education: Primary gross enrol. ratio (f/m per 100 pop.),80.6 /      118.6,83.5 /      122.7,82.9 /      124.2l,Education: Secondary gross enrol. ratio (f/m per 100 pop.),33.3 /       66.9,36.8 /       65.9,40.0 /       70.1l,Education: Upper secondary gross enrol. ratio (f/m per 100 pop.),17.8 /       42.7,27.1 /       52.6,28.5 /       52.4l,Intentional homicide rate (per 100 000 pop.),3.4,9.8,6.7l,Seats held by women in national parliaments (%),27.3,27.7,27o
Urban population (% of total population),23.7,24.8,25.8b,Urban population growth ratei (average annual %),3.7,4,...,"Fertility rate, totali (live births per woman)",6.5,5.4,4.6c,"Life expectancy at birthi (females/males, years)",61.0 /       58.3,63.8 /       60.9,65.8 /       62.8c,"Population age distribution (0-14/60+ years old, %)",48.2 /        3.9,44.9 /        4.0,41.2 /        4.3a,International migrant stockj (000/% of total pop.),102.3 /        0.4,339.4 /        1.0,144.1 /        0.4c,Refugees and others of concern to UNHCR (000),1 200.0k,1 421.4,2 802.9c,Infant mortality ratei (per 1 000 live births),72.2,60.1,51.7c,Health: Current expenditure (% of GDP),8.6,10.1,9.4l,Health: Physicians (per 1 000 pop.),0.2,0.3,0.3m,Education: Government expenditure (% of GDP),3.5,3.3,"4.1h,n",Education: Primary gross enrol. ratio (f/m per 100 pop.),80.6 /      118.6,83.5 /      122.7,82.9 /      124.2l,Education: Secondary gross enrol. ratio (f/m per 100 pop.),33.3 /       66.9,36.8 /       65.9,40.0 /       70.1l,Education: Upper secondary gross enrol. ratio (f/m per 100 pop.),17.8 /       42.7,27.1 /       52.6,28.5 /       52.4l,Intentional homicide rate (per 100 000 pop.),3.4,9.8,6.7l,Seats held by women in national parliaments (%),27.3,27.7,27o,,,,
Urban population growth ratei (average annual %),3.7,4,...,"Fertility rate, totali (live births per woman)",6.5,5.4,4.6c,"Life expectancy at birthi (females/males, years)",61.0 /       58.3,63.8 /       60.9,65.8 /       62.8c,"Population age distribution (0-14/60+ years old, %)",48.2 /        3.9,44.9 /        4.0,41.2 /        4.3a,International migrant stockj (000/% of total pop.),102.3 /        0.4,339.4 /        1.0,144.1 /        0.4c,Refugees and others of concern to UNHCR (000),1 200.0k,1 421.4,2 802.9c,Infant mortality ratei (per 1 000 live births),72.2,60.1,51.7c,Health: Current expenditure (% of GDP),8.6,10.1,9.4l,Health: Physicians (per 1 000 pop.),0.2,0.3,0.3m,Education: Government expenditure (% of GDP),3.5,3.3,"4.1h,n",Education: Primary gross enrol. ratio (f/m per 100 pop.),80.6 /      118.6,83.5 /      122.7,82.9 /      124.2l,Education: Secondary gross enrol. ratio (f/m per 100 pop.),33.3 /       66.9,36.8 /       65.9,40.0 /       70.1l,Education: Upper secondary gross enrol. ratio (f/m per 100 pop.),17.8 /       42.7,27.1 /       52.6,28.5 /       52.4l,Intentional homicide rate (per 100 000 pop.),3.4,9.8,6.7l,Seats held by women in national parliaments (%),27.3,27.7,27o,,,,,,,,
"Fertility rate, totali (live births per woman)",6.5,5.4,4.6c,"Life expectancy at birthi (females/males, years)",61.0 /       58.3,63.8 /       60.9,65.8 /       62.8c,"Population age distribution (0-14/60+ years old, %)",48.2 /        3.9,44.9 /        4.0,41.2 /        4.3a,International migrant stockj (000/% of total pop.),102.3 /        0.4,339.4 /        1.0,144.1 /        0.4c,Refugees and others of concern to UNHCR (000),1 200.0k,1 421.4,2 802.9c,Infant mortality ratei (per 1 000 live births),72.2,60.1,51.7c,Health: Current expenditure (% of GDP),8.6,10.1,9.4l,Health: Physicians (per 1 000 pop.),0.2,0.3,0.3m,Education: Government expenditure (% of GDP),3.5,3.3,"4.1h,n",Education: Primary gross enrol. ratio (f/m per 100 pop.),80.6 /      118.6,83.5 /      122.7,82.9 /      124.2l,Education: Secondary gross enrol. ratio (f/m per 100 pop.),33.3 /       66.9,36.8 /       65.9,40.0 /       70.1l,Education: Upper secondary gross enrol. ratio (f/m per 100 pop.),17.8 /       42.7,27.1 /       52.6,28.5 /       52.4l,Intentional homicide rate (per 100 000 pop.),3.4,9.8,6.7l,Seats held by women in national parliaments (%),27.3,27.7,27o,,,,,,,,,,,,
"Life expectancy at birthi (females/males, years)",61.0 /       58.3,63.8 /       60.9,65.8 /       62.8c,"Population age distribution (0-14/60+ years old, %)",48.2 /        3.9,44.9 /        4.0,41.2 /        4.3a,International migrant stockj (000/% of total pop.),102.3 /        0.4,339.4 /        1.0,144.1 /        0.4c,Refugees and others of concern to UNHCR (000),1 200.0k,1 421.4,2 802.9c,Infant mortality ratei (per 1 000 live births),72.2,60.1,51.7c,Health: Current expenditure (% of GDP),8.6,10.1,9.4l,Health: Physicians (per 1 000 pop.),0.2,0.3,0.3m,Education: Government expenditure (% of GDP),3.5,3.3,"4.1h,n",Education: Primary gross enrol. ratio (f/m per 100 pop.),80.6 /      118.6,83.5 /      122.7,82.9 /      124.2l,Education: Secondary gross enrol. ratio (f/m per 100 pop.),33.3 /       66.9,36.8 /       65.9,40.0 /       70.1l,Education: Upper secondary gross enrol. ratio (f/m per 100 pop.),17.8 /       42.7,27.1 /       52.6,28.5 /       52.4l,Intentional homicide rate (per 100 000 pop.),3.4,9.8,6.7l,Seats held by women in national parliaments (%),27.3,27.7,27o,,,,,,,,,,,,,,,,
"Population age distribution (0-14/60+ years old, %)",48.2 /        3.9,44.9 /        4.0,41.2 /        4.3a,International migrant stockj (000/% of total pop.),102.3 /        0.4,339.4 /        1.0,144.1 /        0.4c,Refugees and others of concern to UNHCR (000),1 200.0k,1 421.4,2 802.9c,Infant mortality ratei (per 1 000 live births),72.2,60.1,51.7c,Health: Current expenditure (% of GDP),8.6,10.1,9.4l,Health: Physicians (per 1 000 pop.),0.2,0.3,0.3m,Education: Government expenditure (% of GDP),3.5,3.3,"4.1h,n",Education: Primary gross enrol. ratio (f/m per 100 pop.),80.6 /      118.6,83.5 /      122.7,82.9 /      124.2l,Education: Secondary gross enrol. ratio (f/m per 100 pop.),33.3 /       66.9,36.8 /       65.9,40.0 /       70.1l,Education: Upper secondary gross enrol. ratio (f/m per 100 pop.),17.8 /       42.7,27.1 /       52.6,28.5 /       52.4l,Intentional homicide rate (per 100 000 pop.),3.4,9.8,6.7l,Seats held by women in national parliaments (%),27.3,27.7,27o,,,,,,,,,,,,,,,,,,,,
International migrant stockj (000/% of total pop.),102.3 /        0.4,339.4 /        1.0,144.1 /        0.4c,Refugees and others of concern to UNHCR (000),1 200.0k,1 421.4,2 802.9c,Infant mortality ratei (per 1 000 live births),72.2,60.1,51.7c,Health: Current expenditure (% of GDP),8.6,10.1,9.4l,Health: Physicians (per 1 000 pop.),0.2,0.3,0.3m,Education: Government expenditure (% of GDP),3.5,3.3,"4.1h,n",Education: Primary gross enrol. ratio (f/m per 100 pop.),80.6 /      118.6,83.5 /      122.7,82.9 /      124.2l,Education: Secondary gross enrol. ratio (f/m per 100 pop.),33.3 /       66.9,36.8 /       65.9,40.0 /       70.1l,Education: Upper secondary gross enrol. ratio (f/m per 100 pop.),17.8 /       42.7,27.1 /       52.6,28.5 /       52.4l,Intentional homicide rate (per 100 000 pop.),3.4,9.8,6.7l,Seats held by women in national parliaments (%),27.3,27.7,27o,,,,,,,,,,,,,,,,,,,,,,,,
Refugees and others of concern to UNHCR (000),1 200.0k,1 421.4,2 802.9c,Infant mortality ratei (per 1 000 live births),72.2,60.1,51.7c,Health: Current expenditure (% of GDP),8.6,10.1,9.4l,Health: Physicians (per 1 000 pop.),0.2,0.3,0.3m,Education: Government expenditure (% of GDP),3.5,3.3,"4.1h,n",Education: Primary gross enrol. ratio (f/m per 100 pop.),80.6 /      118.6,83.5 /      122.7,82.9 /      124.2l,Education: Secondary gross enrol. ratio (f/m per 100 pop.),33.3 /       66.9,36.8 /       65.9,40.0 /       70.1l,Education: Upper secondary gross enrol. ratio (f/m per 100 pop.),17.8 /       42.7,27.1 /       52.6,28.5 /       52.4l,Intentional homicide rate (per 100 000 pop.),3.4,9.8,6.7l,Seats held by women in national parliaments (%),27.3,27.7,27o,,,,,,,,,,,,,,,,,,,,,,,,,,,,
Infant mortality ratei (per 1 000 live births),72.2,60.1,51.7c,Health: Current expenditure (% of GDP),8.6,10.1,9.4l,Health: Physicians (per 1 000 pop.),0.2,0.3,0.3m,Education: Government expenditure (% of GDP),3.5,3.3,"4.1h,n",Education: Primary gross enrol. ratio (f/m per 100 pop.),80.6 /      118.6,83.5 /      122.7,82.9 /      124.2l,Education: Secondary gross enrol. ratio (f/m per 100 pop.),33.3 /       66.9,36.8 /       65.9,40.0 /       70.1l,Education: Upper secondary gross enrol. ratio (f/m per 100 pop.),17.8 /       42.7,27.1 /       52.6,28.5 /       52.4l,Intentional homicide rate (per 100 000 pop.),3.4,9.8,6.7l,Seats held by women in national parliaments (%),27.3,27.7,27o,,,,,,,,,,,,,,,,,,,,,,,,,,,,,,,,
Health: Current expenditure (% of GDP),8.6,10.1,9.4l,Health: Physicians (per 1 000 pop.),0.2,0.3,0.3m,Education: Government expenditure (% of GDP),3.5,3.3,"4.1h,n",Education: Primary gross enrol. ratio (f/m per 100 pop.),80.6 /      118.6,83.5 /      122.7,82.9 /      124.2l,Education: Secondary gross enrol. ratio (f/m per 100 pop.),33.3 /       66.9,36.8 /       65.9,40.0 /       70.1l,Education: Upper secondary gross enrol. ratio (f/m per 100 pop.),17.8 /       42.7,27.1 /       52.6,28.5 /       52.4l,Intentional homicide rate (per 100 000 pop.),3.4,9.8,6.7l,Seats held by women in national parliaments (%),27.3,27.7,27o,,,,,,,,,,,,,,,,,,,,,,,,,,,,,,,,,,,,
Health: Physicians (per 1 000 pop.),0.2,0.3,0.3m,Education: Government expenditure (% of GDP),3.5,3.3,"4.1h,n",Education: Primary gross enrol. ratio (f/m per 100 pop.),80.6 /      118.6,83.5 /      122.7,82.9 /      124.2l,Education: Secondary gross enrol. ratio (f/m per 100 pop.),33.3 /       66.9,36.8 /       65.9,40.0 /       70.1l,Education: Upper secondary gross enrol. ratio (f/m per 100 pop.),17.8 /       42.7,27.1 /       52.6,28.5 /       52.4l,Intentional homicide rate (per 100 000 pop.),3.4,9.8,6.7l,Seats held by women in national parliaments (%),27.3,27.7,27o,,,,,,,,,,,,,,,,,,,,,,,,,,,,,,,,,,,,,,,,
Education: Government expenditure (% of GDP),3.5,3.3,"4.1h,n",Education: Primary gross enrol. ratio (f/m per 100 pop.),80.6 /      118.6,83.5 /      122.7,82.9 /      124.2l,Education: Secondary gross enrol. ratio (f/m per 100 pop.),33.3 /       66.9,36.8 /       65.9,40.0 /       70.1l,Education: Upper secondary gross enrol. ratio (f/m per 100 pop.),17.8 /       42.7,27.1 /       52.6,28.5 /       52.4l,Intentional homicide rate (per 100 000 pop.),3.4,9.8,6.7l,Seats held by women in national parliaments (%),27.3,27.7,27o,,,,,,,,,,,,,,,,,,,,,,,,,,,,,,,,,,,,,,,,,,,,
Education: Primary gross enrol. ratio (f/m per 100 pop.),80.6 /      118.6,83.5 /      122.7,82.9 /      124.2l,Education: Secondary gross enrol. ratio (f/m per 100 pop.),33.3 /       66.9,36.8 /       65.9,40.0 /       70.1l,Education: Upper secondary gross enrol. ratio (f/m per 100 pop.),17.8 /       42.7,27.1 /       52.6,28.5 /       52.4l,Intentional homicide rate (per 100 000 pop.),3.4,9.8,6.7l,Seats held by women in national parliaments (%),27.3,27.7,27o,,,,,,,,,,,,,,,,,,,,,,,,,,,,,,,,,,,,,,,,,,,,,,,,
Education: Secondary gross enrol. ratio (f/m per 100 pop.),33.3 /       66.9,36.8 /       65.9,40.0 /       70.1l,Education: Upper secondary gross enrol. ratio (f/m per 100 pop.),17.8 /       42.7,27.1 /       52.6,28.5 /       52.4l,Intentional homicide rate (per 100 000 pop.),3.4,9.8,6.7l,Seats held by women in national parliaments (%),27.3,27.7,27o,,,,,,,,,,,,,,,,,,,,,,,,,,,,,,,,,,,,,,,,,,,,,,,,,,,,
Education: Upper secondary gross enrol. ratio (f/m per 100 pop.),17.8 /       42.7,27.1 /       52.6,28.5 /       52.4l,Intentional homicide rate (per 100 000 pop.),3.4,9.8,6.7l,Seats held by women in national parliaments (%),27.3,27.7,27o,,,,,,,,,,,,,,,,,,,,,,,,,,,,,,,,,,,,,,,,,,,,,,,,,,,,,,,,
Intentional homicide rate (per 100 000 pop.),3.4,9.8,6.7l,Seats held by women in national parliaments (%),27.3,27.7,27o,,,,,,,,,,,,,,,,,,,,,,,,,,,,,,,,,,,,,,,,,,,,,,,,,,,,,,,,,,,,
Seats held by women in national parliaments (%),27.3,27.7,27o,,,,,,,,,,,,,,,,,,,,,,,,,,,,,,,,,,,,,,,,,,,,,,,,,,,,,,,,,,,,,,,,
