0,1,2,3,4,5,6,7,8,9,10,11,12,13,14,15,16,17,18,19,20,21,22,23,24,25,26,27
,2010,2015,2021,,,,,,,,,,,,,,,,,,,,,,,,
Individuals using the Internet (per 100 inhabitants),37,37.6q,77.7r,Threatened species (number),43,61,99,Forested areai (% of land area),24.3,24.1,24.1c,"Energy production, primaryi (Petajoules)",0,0,0c,Energy supply per capitai (Gigajoules),101,103,76c,Tourist/visitor arrivals at national borders (000),330,393,192c,Important sites for terrestrial biodiversity protected (%),10.5,10.5,10.5j
Threatened species (number),43,61,99,Forested areai (% of land area),24.3,24.1,24.1c,"Energy production, primaryi (Petajoules)",0,0,0c,Energy supply per capitai (Gigajoules),101,103,76c,Tourist/visitor arrivals at national borders (000),330,393,192c,Important sites for terrestrial biodiversity protected (%),10.5,10.5,10.5j,,,,
Forested areai (% of land area),24.3,24.1,24.1c,"Energy production, primaryi (Petajoules)",0,0,0c,Energy supply per capitai (Gigajoules),101,103,76c,Tourist/visitor arrivals at national borders (000),330,393,192c,Important sites for terrestrial biodiversity protected (%),10.5,10.5,10.5j,,,,,,,,
"Energy production, primaryi (Petajoules)",0,0,0c,Energy supply per capitai (Gigajoules),101,103,76c,Tourist/visitor arrivals at national borders (000),330,393,192c,Important sites for terrestrial biodiversity protected (%),10.5,10.5,10.5j,,,,,,,,,,,,
Energy supply per capitai (Gigajoules),101,103,76c,Tourist/visitor arrivals at national borders (000),330,393,192c,Important sites for terrestrial biodiversity protected (%),10.5,10.5,10.5j,,,,,,,,,,,,,,,,
Tourist/visitor arrivals at national borders (000),330,393,192c,Important sites for terrestrial biodiversity protected (%),10.5,10.5,10.5j,,,,,,,,,,,,,,,,,,,,
Important sites for terrestrial biodiversity protected (%),10.5,10.5,10.5j,,,,,,,,,,,,,,,,,,,,,,,,
