0,1,2,3,4,5,6,7,8,9,10,11,12,13,14,15,16,17,18,19,20,21,22,23,24,25,26,27,28,29,30,31,32,33,34,35,36,37,38,39,40,41,42,43,44,45,46,47,48,49,50,51,52,53,54,55,56,57,58,59,60,61,62,63,64,65,66,67
,2010,2015,2021,,,,,,,,,,,,,,,,,,,,,,,,,,,,,,,,,,,,,,,,,,,,,,,,,,,,,,,,,,,,,,,,
GDP: Gross domestic product (million current US$),4 530,4 715,5 209b,"GDP growth rate (annual %, const. 2015 prices)",-2.3,2.4,-0.1b,GDP per capita (current US$),16 056.2,16 525.1,18 149.0b,Economy: Agriculturee (% of Gross Value Added),1.5,1.5,1.5b,"Economy: Industryf,g (% of Gross Value Added)",15.8,15.4,15.1b,Economy: Services and other activityh (% of GVA),82.7,83.1,83.4b,Employment in agriculture (% of employed),2.8,2.9,"2.6i,d",Employment in industry (% of employed),18.8,19.4,"18.9i,d",Employment in services (% employed),78.4,77.8,"78.5i,d",Unemploymenti (% of labour force),10.7,11.4,10.9d,Labour force participation ratei (female/male pop. %),62.9 /       72.4,61.6 /       69.5,61.4 /       68.7d,CPI: Consumer Price Indexk (2010=100),100j,168l,"181l,m,d",Agricultural production index (2014-2016=100),107,102,106b,International trade: exports (million current US$),314,483,345d,International trade: imports (million current US$),1 196,1 618,1 501d,International trade: balance (million current US$),-883,- 1 135,- 1 156d,"Balance of payments, current account (million US$)",-272,-99,-453n
"GDP growth rate (annual %, const. 2015 prices)",-2.3,2.4,-0.1b,GDP per capita (current US$),16 056.2,16 525.1,18 149.0b,Economy: Agriculturee (% of Gross Value Added),1.5,1.5,1.5b,"Economy: Industryf,g (% of Gross Value Added)",15.8,15.4,15.1b,Economy: Services and other activityh (% of GVA),82.7,83.1,83.4b,Employment in agriculture (% of employed),2.8,2.9,"2.6i,d",Employment in industry (% of employed),18.8,19.4,"18.9i,d",Employment in services (% employed),78.4,77.8,"78.5i,d",Unemploymenti (% of labour force),10.7,11.4,10.9d,Labour force participation ratei (female/male pop. %),62.9 /       72.4,61.6 /       69.5,61.4 /       68.7d,CPI: Consumer Price Indexk (2010=100),100j,168l,"181l,m,d",Agricultural production index (2014-2016=100),107,102,106b,International trade: exports (million current US$),314,483,345d,International trade: imports (million current US$),1 196,1 618,1 501d,International trade: balance (million current US$),-883,- 1 135,- 1 156d,"Balance of payments, current account (million US$)",-272,-99,-453n,,,,
GDP per capita (current US$),16 056.2,16 525.1,18 149.0b,Economy: Agriculturee (% of Gross Value Added),1.5,1.5,1.5b,"Economy: Industryf,g (% of Gross Value Added)",15.8,15.4,15.1b,Economy: Services and other activityh (% of GVA),82.7,83.1,83.4b,Employment in agriculture (% of employed),2.8,2.9,"2.6i,d",Employment in industry (% of employed),18.8,19.4,"18.9i,d",Employment in services (% employed),78.4,77.8,"78.5i,d",Unemploymenti (% of labour force),10.7,11.4,10.9d,Labour force participation ratei (female/male pop. %),62.9 /       72.4,61.6 /       69.5,61.4 /       68.7d,CPI: Consumer Price Indexk (2010=100),100j,168l,"181l,m,d",Agricultural production index (2014-2016=100),107,102,106b,International trade: exports (million current US$),314,483,345d,International trade: imports (million current US$),1 196,1 618,1 501d,International trade: balance (million current US$),-883,- 1 135,- 1 156d,"Balance of payments, current account (million US$)",-272,-99,-453n,,,,,,,,
Economy: Agriculturee (% of Gross Value Added),1.5,1.5,1.5b,"Economy: Industryf,g (% of Gross Value Added)",15.8,15.4,15.1b,Economy: Services and other activityh (% of GVA),82.7,83.1,83.4b,Employment in agriculture (% of employed),2.8,2.9,"2.6i,d",Employment in industry (% of employed),18.8,19.4,"18.9i,d",Employment in services (% employed),78.4,77.8,"78.5i,d",Unemploymenti (% of labour force),10.7,11.4,10.9d,Labour force participation ratei (female/male pop. %),62.9 /       72.4,61.6 /       69.5,61.4 /       68.7d,CPI: Consumer Price Indexk (2010=100),100j,168l,"181l,m,d",Agricultural production index (2014-2016=100),107,102,106b,International trade: exports (million current US$),314,483,345d,International trade: imports (million current US$),1 196,1 618,1 501d,International trade: balance (million current US$),-883,- 1 135,- 1 156d,"Balance of payments, current account (million US$)",-272,-99,-453n,,,,,,,,,,,,
"Economy: Industryf,g (% of Gross Value Added)",15.8,15.4,15.1b,Economy: Services and other activityh (% of GVA),82.7,83.1,83.4b,Employment in agriculture (% of employed),2.8,2.9,"2.6i,d",Employment in industry (% of employed),18.8,19.4,"18.9i,d",Employment in services (% employed),78.4,77.8,"78.5i,d",Unemploymenti (% of labour force),10.7,11.4,10.9d,Labour force participation ratei (female/male pop. %),62.9 /       72.4,61.6 /       69.5,61.4 /       68.7d,CPI: Consumer Price Indexk (2010=100),100j,168l,"181l,m,d",Agricultural production index (2014-2016=100),107,102,106b,International trade: exports (million current US$),314,483,345d,International trade: imports (million current US$),1 196,1 618,1 501d,International trade: balance (million current US$),-883,- 1 135,- 1 156d,"Balance of payments, current account (million US$)",-272,-99,-453n,,,,,,,,,,,,,,,,
Economy: Services and other activityh (% of GVA),82.7,83.1,83.4b,Employment in agriculture (% of employed),2.8,2.9,"2.6i,d",Employment in industry (% of employed),18.8,19.4,"18.9i,d",Employment in services (% employed),78.4,77.8,"78.5i,d",Unemploymenti (% of labour force),10.7,11.4,10.9d,Labour force participation ratei (female/male pop. %),62.9 /       72.4,61.6 /       69.5,61.4 /       68.7d,CPI: Consumer Price Indexk (2010=100),100j,168l,"181l,m,d",Agricultural production index (2014-2016=100),107,102,106b,International trade: exports (million current US$),314,483,345d,International trade: imports (million current US$),1 196,1 618,1 501d,International trade: balance (million current US$),-883,- 1 135,- 1 156d,"Balance of payments, current account (million US$)",-272,-99,-453n,,,,,,,,,,,,,,,,,,,,
Employment in agriculture (% of employed),2.8,2.9,"2.6i,d",Employment in industry (% of employed),18.8,19.4,"18.9i,d",Employment in services (% employed),78.4,77.8,"78.5i,d",Unemploymenti (% of labour force),10.7,11.4,10.9d,Labour force participation ratei (female/male pop. %),62.9 /       72.4,61.6 /       69.5,61.4 /       68.7d,CPI: Consumer Price Indexk (2010=100),100j,168l,"181l,m,d",Agricultural production index (2014-2016=100),107,102,106b,International trade: exports (million current US$),314,483,345d,International trade: imports (million current US$),1 196,1 618,1 501d,International trade: balance (million current US$),-883,- 1 135,- 1 156d,"Balance of payments, current account (million US$)",-272,-99,-453n,,,,,,,,,,,,,,,,,,,,,,,,
Employment in industry (% of employed),18.8,19.4,"18.9i,d",Employment in services (% employed),78.4,77.8,"78.5i,d",Unemploymenti (% of labour force),10.7,11.4,10.9d,Labour force participation ratei (female/male pop. %),62.9 /       72.4,61.6 /       69.5,61.4 /       68.7d,CPI: Consumer Price Indexk (2010=100),100j,168l,"181l,m,d",Agricultural production index (2014-2016=100),107,102,106b,International trade: exports (million current US$),314,483,345d,International trade: imports (million current US$),1 196,1 618,1 501d,International trade: balance (million current US$),-883,- 1 135,- 1 156d,"Balance of payments, current account (million US$)",-272,-99,-453n,,,,,,,,,,,,,,,,,,,,,,,,,,,,
Employment in services (% employed),78.4,77.8,"78.5i,d",Unemploymenti (% of labour force),10.7,11.4,10.9d,Labour force participation ratei (female/male pop. %),62.9 /       72.4,61.6 /       69.5,61.4 /       68.7d,CPI: Consumer Price Indexk (2010=100),100j,168l,"181l,m,d",Agricultural production index (2014-2016=100),107,102,106b,International trade: exports (million current US$),314,483,345d,International trade: imports (million current US$),1 196,1 618,1 501d,International trade: balance (million current US$),-883,- 1 135,- 1 156d,"Balance of payments, current account (million US$)",-272,-99,-453n,,,,,,,,,,,,,,,,,,,,,,,,,,,,,,,,
Unemploymenti (% of labour force),10.7,11.4,10.9d,Labour force participation ratei (female/male pop. %),62.9 /       72.4,61.6 /       69.5,61.4 /       68.7d,CPI: Consumer Price Indexk (2010=100),100j,168l,"181l,m,d",Agricultural production index (2014-2016=100),107,102,106b,International trade: exports (million current US$),314,483,345d,International trade: imports (million current US$),1 196,1 618,1 501d,International trade: balance (million current US$),-883,- 1 135,- 1 156d,"Balance of payments, current account (million US$)",-272,-99,-453n,,,,,,,,,,,,,,,,,,,,,,,,,,,,,,,,,,,,
Labour force participation ratei (female/male pop. %),62.9 /       72.4,61.6 /       69.5,61.4 /       68.7d,CPI: Consumer Price Indexk (2010=100),100j,168l,"181l,m,d",Agricultural production index (2014-2016=100),107,102,106b,International trade: exports (million current US$),314,483,345d,International trade: imports (million current US$),1 196,1 618,1 501d,International trade: balance (million current US$),-883,- 1 135,- 1 156d,"Balance of payments, current account (million US$)",-272,-99,-453n,,,,,,,,,,,,,,,,,,,,,,,,,,,,,,,,,,,,,,,,
CPI: Consumer Price Indexk (2010=100),100j,168l,"181l,m,d",Agricultural production index (2014-2016=100),107,102,106b,International trade: exports (million current US$),314,483,345d,International trade: imports (million current US$),1 196,1 618,1 501d,International trade: balance (million current US$),-883,- 1 135,- 1 156d,"Balance of payments, current account (million US$)",-272,-99,-453n,,,,,,,,,,,,,,,,,,,,,,,,,,,,,,,,,,,,,,,,,,,,
Agricultural production index (2014-2016=100),107,102,106b,International trade: exports (million current US$),314,483,345d,International trade: imports (million current US$),1 196,1 618,1 501d,International trade: balance (million current US$),-883,- 1 135,- 1 156d,"Balance of payments, current account (million US$)",-272,-99,-453n,,,,,,,,,,,,,,,,,,,,,,,,,,,,,,,,,,,,,,,,,,,,,,,,
International trade: exports (million current US$),314,483,345d,International trade: imports (million current US$),1 196,1 618,1 501d,International trade: balance (million current US$),-883,- 1 135,- 1 156d,"Balance of payments, current account (million US$)",-272,-99,-453n,,,,,,,,,,,,,,,,,,,,,,,,,,,,,,,,,,,,,,,,,,,,,,,,,,,,
International trade: imports (million current US$),1 196,1 618,1 501d,International trade: balance (million current US$),-883,- 1 135,- 1 156d,"Balance of payments, current account (million US$)",-272,-99,-453n,,,,,,,,,,,,,,,,,,,,,,,,,,,,,,,,,,,,,,,,,,,,,,,,,,,,,,,,
International trade: balance (million current US$),-883,- 1 135,- 1 156d,"Balance of payments, current account (million US$)",-272,-99,-453n,,,,,,,,,,,,,,,,,,,,,,,,,,,,,,,,,,,,,,,,,,,,,,,,,,,,,,,,,,,,
"Balance of payments, current account (million US$)",-272,-99,-453n,,,,,,,,,,,,,,,,,,,,,,,,,,,,,,,,,,,,,,,,,,,,,,,,,,,,,,,,,,,,,,,,
