0,1,2,3,4,5,6,7,8,9,10,11,12,13,14,15,16,17,18,19,20,21,22,23,24,25,26,27,28,29,30,31,32,33,34,35,36,37,38,39,40,41,42,43,44,45,46,47,48,49,50,51,52,53,54,55,56,57,58,59,60,61,62,63,64,65,66,67
,2010,2015,2021,,,,,,,,,,,,,,,,,,,,,,,,,,,,,,,,,,,,,,,,,,,,,,,,,,,,,,,,,,,,,,,,
Population growth ratep (average annual %),0.4,0.2,0.1d,Urban population (% of total population),31.9,31.2,31.2b,Urban population growth ratep (average annual %),-0.2,-0.1,...,"Fertility rate, totalp (live births per woman)",1.8,1.6,1.6d,"Life expectancy at birthp (females/males, years)",79.6 /       76.5,80.0 /       77.1,80.4 /       77.6d,"Population age distribution (0-14/60+ years old, %)",19.7 /       18.1,18.3 /       20.3,16.6 /       23.7a,International migrant stockq (000/% of total pop.),32.8 /       11.6,34.5 /       12.1,34.9 /       12.1d,Refugees and others of concern to UNHCR (000),...,~0.0,~0.0d,Infant mortality ratep (per 1 000 live births),12.6,11.5,10d,Health: Current expenditurei (% of GDP),6.8,6.8,6.6c,Health: Physicians (per 1 000 pop.),1.8r,...,2.5s,Education: Government expenditure (% of GDP),6.1,6.1t,3.2b,Education: Primary gross enrol. ratio (f/m per 100 pop.),100.4 /       98.8i,95.6 /       96.2,98.2 /      102.5b,Education: Secondary gross enrol. ratio (f/m per 100 pop.),102.1 /      101.7i,109.5 /      105.7,104.9 /      100.6b,Education: Upper secondary gross enrol. ratio (f/m per 100 pop.),109.4 /      101.7i,113.5 /      107.8,110.6 /      102.0b,Intentional homicide rate (per 100 000 pop.),11,10.9,9.8c,Seats held by women in national parliaments (%),10,16.7,20u
Urban population (% of total population),31.9,31.2,31.2b,Urban population growth ratep (average annual %),-0.2,-0.1,...,"Fertility rate, totalp (live births per woman)",1.8,1.6,1.6d,"Life expectancy at birthp (females/males, years)",79.6 /       76.5,80.0 /       77.1,80.4 /       77.6d,"Population age distribution (0-14/60+ years old, %)",19.7 /       18.1,18.3 /       20.3,16.6 /       23.7a,International migrant stockq (000/% of total pop.),32.8 /       11.6,34.5 /       12.1,34.9 /       12.1d,Refugees and others of concern to UNHCR (000),...,~0.0,~0.0d,Infant mortality ratep (per 1 000 live births),12.6,11.5,10d,Health: Current expenditurei (% of GDP),6.8,6.8,6.6c,Health: Physicians (per 1 000 pop.),1.8r,...,2.5s,Education: Government expenditure (% of GDP),6.1,6.1t,3.2b,Education: Primary gross enrol. ratio (f/m per 100 pop.),100.4 /       98.8i,95.6 /       96.2,98.2 /      102.5b,Education: Secondary gross enrol. ratio (f/m per 100 pop.),102.1 /      101.7i,109.5 /      105.7,104.9 /      100.6b,Education: Upper secondary gross enrol. ratio (f/m per 100 pop.),109.4 /      101.7i,113.5 /      107.8,110.6 /      102.0b,Intentional homicide rate (per 100 000 pop.),11,10.9,9.8c,Seats held by women in national parliaments (%),10,16.7,20u,,,,
Urban population growth ratep (average annual %),-0.2,-0.1,...,"Fertility rate, totalp (live births per woman)",1.8,1.6,1.6d,"Life expectancy at birthp (females/males, years)",79.6 /       76.5,80.0 /       77.1,80.4 /       77.6d,"Population age distribution (0-14/60+ years old, %)",19.7 /       18.1,18.3 /       20.3,16.6 /       23.7a,International migrant stockq (000/% of total pop.),32.8 /       11.6,34.5 /       12.1,34.9 /       12.1d,Refugees and others of concern to UNHCR (000),...,~0.0,~0.0d,Infant mortality ratep (per 1 000 live births),12.6,11.5,10d,Health: Current expenditurei (% of GDP),6.8,6.8,6.6c,Health: Physicians (per 1 000 pop.),1.8r,...,2.5s,Education: Government expenditure (% of GDP),6.1,6.1t,3.2b,Education: Primary gross enrol. ratio (f/m per 100 pop.),100.4 /       98.8i,95.6 /       96.2,98.2 /      102.5b,Education: Secondary gross enrol. ratio (f/m per 100 pop.),102.1 /      101.7i,109.5 /      105.7,104.9 /      100.6b,Education: Upper secondary gross enrol. ratio (f/m per 100 pop.),109.4 /      101.7i,113.5 /      107.8,110.6 /      102.0b,Intentional homicide rate (per 100 000 pop.),11,10.9,9.8c,Seats held by women in national parliaments (%),10,16.7,20u,,,,,,,,
"Fertility rate, totalp (live births per woman)",1.8,1.6,1.6d,"Life expectancy at birthp (females/males, years)",79.6 /       76.5,80.0 /       77.1,80.4 /       77.6d,"Population age distribution (0-14/60+ years old, %)",19.7 /       18.1,18.3 /       20.3,16.6 /       23.7a,International migrant stockq (000/% of total pop.),32.8 /       11.6,34.5 /       12.1,34.9 /       12.1d,Refugees and others of concern to UNHCR (000),...,~0.0,~0.0d,Infant mortality ratep (per 1 000 live births),12.6,11.5,10d,Health: Current expenditurei (% of GDP),6.8,6.8,6.6c,Health: Physicians (per 1 000 pop.),1.8r,...,2.5s,Education: Government expenditure (% of GDP),6.1,6.1t,3.2b,Education: Primary gross enrol. ratio (f/m per 100 pop.),100.4 /       98.8i,95.6 /       96.2,98.2 /      102.5b,Education: Secondary gross enrol. ratio (f/m per 100 pop.),102.1 /      101.7i,109.5 /      105.7,104.9 /      100.6b,Education: Upper secondary gross enrol. ratio (f/m per 100 pop.),109.4 /      101.7i,113.5 /      107.8,110.6 /      102.0b,Intentional homicide rate (per 100 000 pop.),11,10.9,9.8c,Seats held by women in national parliaments (%),10,16.7,20u,,,,,,,,,,,,
"Life expectancy at birthp (females/males, years)",79.6 /       76.5,80.0 /       77.1,80.4 /       77.6d,"Population age distribution (0-14/60+ years old, %)",19.7 /       18.1,18.3 /       20.3,16.6 /       23.7a,International migrant stockq (000/% of total pop.),32.8 /       11.6,34.5 /       12.1,34.9 /       12.1d,Refugees and others of concern to UNHCR (000),...,~0.0,~0.0d,Infant mortality ratep (per 1 000 live births),12.6,11.5,10d,Health: Current expenditurei (% of GDP),6.8,6.8,6.6c,Health: Physicians (per 1 000 pop.),1.8r,...,2.5s,Education: Government expenditure (% of GDP),6.1,6.1t,3.2b,Education: Primary gross enrol. ratio (f/m per 100 pop.),100.4 /       98.8i,95.6 /       96.2,98.2 /      102.5b,Education: Secondary gross enrol. ratio (f/m per 100 pop.),102.1 /      101.7i,109.5 /      105.7,104.9 /      100.6b,Education: Upper secondary gross enrol. ratio (f/m per 100 pop.),109.4 /      101.7i,113.5 /      107.8,110.6 /      102.0b,Intentional homicide rate (per 100 000 pop.),11,10.9,9.8c,Seats held by women in national parliaments (%),10,16.7,20u,,,,,,,,,,,,,,,,
"Population age distribution (0-14/60+ years old, %)",19.7 /       18.1,18.3 /       20.3,16.6 /       23.7a,International migrant stockq (000/% of total pop.),32.8 /       11.6,34.5 /       12.1,34.9 /       12.1d,Refugees and others of concern to UNHCR (000),...,~0.0,~0.0d,Infant mortality ratep (per 1 000 live births),12.6,11.5,10d,Health: Current expenditurei (% of GDP),6.8,6.8,6.6c,Health: Physicians (per 1 000 pop.),1.8r,...,2.5s,Education: Government expenditure (% of GDP),6.1,6.1t,3.2b,Education: Primary gross enrol. ratio (f/m per 100 pop.),100.4 /       98.8i,95.6 /       96.2,98.2 /      102.5b,Education: Secondary gross enrol. ratio (f/m per 100 pop.),102.1 /      101.7i,109.5 /      105.7,104.9 /      100.6b,Education: Upper secondary gross enrol. ratio (f/m per 100 pop.),109.4 /      101.7i,113.5 /      107.8,110.6 /      102.0b,Intentional homicide rate (per 100 000 pop.),11,10.9,9.8c,Seats held by women in national parliaments (%),10,16.7,20u,,,,,,,,,,,,,,,,,,,,
International migrant stockq (000/% of total pop.),32.8 /       11.6,34.5 /       12.1,34.9 /       12.1d,Refugees and others of concern to UNHCR (000),...,~0.0,~0.0d,Infant mortality ratep (per 1 000 live births),12.6,11.5,10d,Health: Current expenditurei (% of GDP),6.8,6.8,6.6c,Health: Physicians (per 1 000 pop.),1.8r,...,2.5s,Education: Government expenditure (% of GDP),6.1,6.1t,3.2b,Education: Primary gross enrol. ratio (f/m per 100 pop.),100.4 /       98.8i,95.6 /       96.2,98.2 /      102.5b,Education: Secondary gross enrol. ratio (f/m per 100 pop.),102.1 /      101.7i,109.5 /      105.7,104.9 /      100.6b,Education: Upper secondary gross enrol. ratio (f/m per 100 pop.),109.4 /      101.7i,113.5 /      107.8,110.6 /      102.0b,Intentional homicide rate (per 100 000 pop.),11,10.9,9.8c,Seats held by women in national parliaments (%),10,16.7,20u,,,,,,,,,,,,,,,,,,,,,,,,
Refugees and others of concern to UNHCR (000),...,~0.0,~0.0d,Infant mortality ratep (per 1 000 live births),12.6,11.5,10d,Health: Current expenditurei (% of GDP),6.8,6.8,6.6c,Health: Physicians (per 1 000 pop.),1.8r,...,2.5s,Education: Government expenditure (% of GDP),6.1,6.1t,3.2b,Education: Primary gross enrol. ratio (f/m per 100 pop.),100.4 /       98.8i,95.6 /       96.2,98.2 /      102.5b,Education: Secondary gross enrol. ratio (f/m per 100 pop.),102.1 /      101.7i,109.5 /      105.7,104.9 /      100.6b,Education: Upper secondary gross enrol. ratio (f/m per 100 pop.),109.4 /      101.7i,113.5 /      107.8,110.6 /      102.0b,Intentional homicide rate (per 100 000 pop.),11,10.9,9.8c,Seats held by women in national parliaments (%),10,16.7,20u,,,,,,,,,,,,,,,,,,,,,,,,,,,,
Infant mortality ratep (per 1 000 live births),12.6,11.5,10d,Health: Current expenditurei (% of GDP),6.8,6.8,6.6c,Health: Physicians (per 1 000 pop.),1.8r,...,2.5s,Education: Government expenditure (% of GDP),6.1,6.1t,3.2b,Education: Primary gross enrol. ratio (f/m per 100 pop.),100.4 /       98.8i,95.6 /       96.2,98.2 /      102.5b,Education: Secondary gross enrol. ratio (f/m per 100 pop.),102.1 /      101.7i,109.5 /      105.7,104.9 /      100.6b,Education: Upper secondary gross enrol. ratio (f/m per 100 pop.),109.4 /      101.7i,113.5 /      107.8,110.6 /      102.0b,Intentional homicide rate (per 100 000 pop.),11,10.9,9.8c,Seats held by women in national parliaments (%),10,16.7,20u,,,,,,,,,,,,,,,,,,,,,,,,,,,,,,,,
Health: Current expenditurei (% of GDP),6.8,6.8,6.6c,Health: Physicians (per 1 000 pop.),1.8r,...,2.5s,Education: Government expenditure (% of GDP),6.1,6.1t,3.2b,Education: Primary gross enrol. ratio (f/m per 100 pop.),100.4 /       98.8i,95.6 /       96.2,98.2 /      102.5b,Education: Secondary gross enrol. ratio (f/m per 100 pop.),102.1 /      101.7i,109.5 /      105.7,104.9 /      100.6b,Education: Upper secondary gross enrol. ratio (f/m per 100 pop.),109.4 /      101.7i,113.5 /      107.8,110.6 /      102.0b,Intentional homicide rate (per 100 000 pop.),11,10.9,9.8c,Seats held by women in national parliaments (%),10,16.7,20u,,,,,,,,,,,,,,,,,,,,,,,,,,,,,,,,,,,,
Health: Physicians (per 1 000 pop.),1.8r,...,2.5s,Education: Government expenditure (% of GDP),6.1,6.1t,3.2b,Education: Primary gross enrol. ratio (f/m per 100 pop.),100.4 /       98.8i,95.6 /       96.2,98.2 /      102.5b,Education: Secondary gross enrol. ratio (f/m per 100 pop.),102.1 /      101.7i,109.5 /      105.7,104.9 /      100.6b,Education: Upper secondary gross enrol. ratio (f/m per 100 pop.),109.4 /      101.7i,113.5 /      107.8,110.6 /      102.0b,Intentional homicide rate (per 100 000 pop.),11,10.9,9.8c,Seats held by women in national parliaments (%),10,16.7,20u,,,,,,,,,,,,,,,,,,,,,,,,,,,,,,,,,,,,,,,,
Education: Government expenditure (% of GDP),6.1,6.1t,3.2b,Education: Primary gross enrol. ratio (f/m per 100 pop.),100.4 /       98.8i,95.6 /       96.2,98.2 /      102.5b,Education: Secondary gross enrol. ratio (f/m per 100 pop.),102.1 /      101.7i,109.5 /      105.7,104.9 /      100.6b,Education: Upper secondary gross enrol. ratio (f/m per 100 pop.),109.4 /      101.7i,113.5 /      107.8,110.6 /      102.0b,Intentional homicide rate (per 100 000 pop.),11,10.9,9.8c,Seats held by women in national parliaments (%),10,16.7,20u,,,,,,,,,,,,,,,,,,,,,,,,,,,,,,,,,,,,,,,,,,,,
Education: Primary gross enrol. ratio (f/m per 100 pop.),100.4 /       98.8i,95.6 /       96.2,98.2 /      102.5b,Education: Secondary gross enrol. ratio (f/m per 100 pop.),102.1 /      101.7i,109.5 /      105.7,104.9 /      100.6b,Education: Upper secondary gross enrol. ratio (f/m per 100 pop.),109.4 /      101.7i,113.5 /      107.8,110.6 /      102.0b,Intentional homicide rate (per 100 000 pop.),11,10.9,9.8c,Seats held by women in national parliaments (%),10,16.7,20u,,,,,,,,,,,,,,,,,,,,,,,,,,,,,,,,,,,,,,,,,,,,,,,,
Education: Secondary gross enrol. ratio (f/m per 100 pop.),102.1 /      101.7i,109.5 /      105.7,104.9 /      100.6b,Education: Upper secondary gross enrol. ratio (f/m per 100 pop.),109.4 /      101.7i,113.5 /      107.8,110.6 /      102.0b,Intentional homicide rate (per 100 000 pop.),11,10.9,9.8c,Seats held by women in national parliaments (%),10,16.7,20u,,,,,,,,,,,,,,,,,,,,,,,,,,,,,,,,,,,,,,,,,,,,,,,,,,,,
Education: Upper secondary gross enrol. ratio (f/m per 100 pop.),109.4 /      101.7i,113.5 /      107.8,110.6 /      102.0b,Intentional homicide rate (per 100 000 pop.),11,10.9,9.8c,Seats held by women in national parliaments (%),10,16.7,20u,,,,,,,,,,,,,,,,,,,,,,,,,,,,,,,,,,,,,,,,,,,,,,,,,,,,,,,,
Intentional homicide rate (per 100 000 pop.),11,10.9,9.8c,Seats held by women in national parliaments (%),10,16.7,20u,,,,,,,,,,,,,,,,,,,,,,,,,,,,,,,,,,,,,,,,,,,,,,,,,,,,,,,,,,,,
Seats held by women in national parliaments (%),10,16.7,20u,,,,,,,,,,,,,,,,,,,,,,,,,,,,,,,,,,,,,,,,,,,,,,,,,,,,,,,,,,,,,,,,
