0,1,2,3,4,5,6,7,8,9,10,11,12,13,14,15,16,17,18,19,20,21,22,23
,2010,2015,2021,,,,,,,,,,,,,,,,,,,,
Individuals using the Internet (per 100 inhabitants),63,67.6q,"69.5q,u",Threatened species (number),14,17,30,Forested area (% of land area),~0.0,~0.0,~0.0c,"Energy production, primary (Petajoules)",1,2,"2q,c",Energy supply per capita (Gigajoules),186,155,"159q,c",Important sites for terrestrial biodiversity protected (%),26.3,29.7,29.7d
Threatened species (number),14,17,30,Forested area (% of land area),~0.0,~0.0,~0.0c,"Energy production, primary (Petajoules)",1,2,"2q,c",Energy supply per capita (Gigajoules),186,155,"159q,c",Important sites for terrestrial biodiversity protected (%),26.3,29.7,29.7d,,,,
Forested area (% of land area),~0.0,~0.0,~0.0c,"Energy production, primary (Petajoules)",1,2,"2q,c",Energy supply per capita (Gigajoules),186,155,"159q,c",Important sites for terrestrial biodiversity protected (%),26.3,29.7,29.7d,,,,,,,,
"Energy production, primary (Petajoules)",1,2,"2q,c",Energy supply per capita (Gigajoules),186,155,"159q,c",Important sites for terrestrial biodiversity protected (%),26.3,29.7,29.7d,,,,,,,,,,,,
Energy supply per capita (Gigajoules),186,155,"159q,c",Important sites for terrestrial biodiversity protected (%),26.3,29.7,29.7d,,,,,,,,,,,,,,,,
Important sites for terrestrial biodiversity protected (%),26.3,29.7,29.7d,,,,,,,,,,,,,,,,,,,,
