0,1,2,3,4,5,6,7,8,9,10,11,12,13,14,15,16,17,18,19,20,21,22,23,24,25,26,27,28,29,30,31,32,33,34,35,36,37,38,39,40,41,42,43,44,45,46,47,48,49,50,51,52,53,54,55,56,57,58,59,60,61,62,63,64,65,66,67
,2010,2015,2021,,,,,,,,,,,,,,,,,,,,,,,,,,,,,,,,,,,,,,,,,,,,,,,,,,,,,,,,,,,,,,,,
GDP: Gross domestic productd (million current US$),2 642 610,2 438 208,2 715 518b,"GDP growth rated (annual %, const. 2015 prices)",1.9,1.1,1.5b,GDP per capitad (current US$),40 685.3,36 611.8,40 318.8b,Economy: Agriculturee (% of Gross Value Added),1.8,1.8,1.8b,"Economy: Industryf,g (% of Gross Value Added)",19.8,19.8,19.3b,Economy: Services and other activityh (% of GVA),78.4,78.5,78.9b,Employment in agriculture (% of employed),2.9,2.7,"2.4i,c",Employment in industry (% of employed),22.3,20.4,"19.9i,c",Employment in services (% employed),74.8,76.9,"77.7i,c",Unemploymenti (% of labour force),8.9,10.4,8.3c,Labour force participation ratei (female/male pop. %),50.8 /       61.9,50.8 /       60.6,50.6 /       59.6c,"CPI: Consumer Price Indexj,k (2010=100)",100,106,111c,Agricultural production index (2014-2016=100),98,102,98b,International trade: exports (million current US$),511 651,493 941,488 562c,International trade: imports (million current US$),599 172,563 398,582 775c,International trade: balance (million current US$),- 87 520,- 69 457,- 94 213c,"Balance of payments, current account (million US$)",- 22 031,- 9 130,- 48 911c
"GDP growth rated (annual %, const. 2015 prices)",1.9,1.1,1.5b,GDP per capitad (current US$),40 685.3,36 611.8,40 318.8b,Economy: Agriculturee (% of Gross Value Added),1.8,1.8,1.8b,"Economy: Industryf,g (% of Gross Value Added)",19.8,19.8,19.3b,Economy: Services and other activityh (% of GVA),78.4,78.5,78.9b,Employment in agriculture (% of employed),2.9,2.7,"2.4i,c",Employment in industry (% of employed),22.3,20.4,"19.9i,c",Employment in services (% employed),74.8,76.9,"77.7i,c",Unemploymenti (% of labour force),8.9,10.4,8.3c,Labour force participation ratei (female/male pop. %),50.8 /       61.9,50.8 /       60.6,50.6 /       59.6c,"CPI: Consumer Price Indexj,k (2010=100)",100,106,111c,Agricultural production index (2014-2016=100),98,102,98b,International trade: exports (million current US$),511 651,493 941,488 562c,International trade: imports (million current US$),599 172,563 398,582 775c,International trade: balance (million current US$),- 87 520,- 69 457,- 94 213c,"Balance of payments, current account (million US$)",- 22 031,- 9 130,- 48 911c,,,,
GDP per capitad (current US$),40 685.3,36 611.8,40 318.8b,Economy: Agriculturee (% of Gross Value Added),1.8,1.8,1.8b,"Economy: Industryf,g (% of Gross Value Added)",19.8,19.8,19.3b,Economy: Services and other activityh (% of GVA),78.4,78.5,78.9b,Employment in agriculture (% of employed),2.9,2.7,"2.4i,c",Employment in industry (% of employed),22.3,20.4,"19.9i,c",Employment in services (% employed),74.8,76.9,"77.7i,c",Unemploymenti (% of labour force),8.9,10.4,8.3c,Labour force participation ratei (female/male pop. %),50.8 /       61.9,50.8 /       60.6,50.6 /       59.6c,"CPI: Consumer Price Indexj,k (2010=100)",100,106,111c,Agricultural production index (2014-2016=100),98,102,98b,International trade: exports (million current US$),511 651,493 941,488 562c,International trade: imports (million current US$),599 172,563 398,582 775c,International trade: balance (million current US$),- 87 520,- 69 457,- 94 213c,"Balance of payments, current account (million US$)",- 22 031,- 9 130,- 48 911c,,,,,,,,
Economy: Agriculturee (% of Gross Value Added),1.8,1.8,1.8b,"Economy: Industryf,g (% of Gross Value Added)",19.8,19.8,19.3b,Economy: Services and other activityh (% of GVA),78.4,78.5,78.9b,Employment in agriculture (% of employed),2.9,2.7,"2.4i,c",Employment in industry (% of employed),22.3,20.4,"19.9i,c",Employment in services (% employed),74.8,76.9,"77.7i,c",Unemploymenti (% of labour force),8.9,10.4,8.3c,Labour force participation ratei (female/male pop. %),50.8 /       61.9,50.8 /       60.6,50.6 /       59.6c,"CPI: Consumer Price Indexj,k (2010=100)",100,106,111c,Agricultural production index (2014-2016=100),98,102,98b,International trade: exports (million current US$),511 651,493 941,488 562c,International trade: imports (million current US$),599 172,563 398,582 775c,International trade: balance (million current US$),- 87 520,- 69 457,- 94 213c,"Balance of payments, current account (million US$)",- 22 031,- 9 130,- 48 911c,,,,,,,,,,,,
"Economy: Industryf,g (% of Gross Value Added)",19.8,19.8,19.3b,Economy: Services and other activityh (% of GVA),78.4,78.5,78.9b,Employment in agriculture (% of employed),2.9,2.7,"2.4i,c",Employment in industry (% of employed),22.3,20.4,"19.9i,c",Employment in services (% employed),74.8,76.9,"77.7i,c",Unemploymenti (% of labour force),8.9,10.4,8.3c,Labour force participation ratei (female/male pop. %),50.8 /       61.9,50.8 /       60.6,50.6 /       59.6c,"CPI: Consumer Price Indexj,k (2010=100)",100,106,111c,Agricultural production index (2014-2016=100),98,102,98b,International trade: exports (million current US$),511 651,493 941,488 562c,International trade: imports (million current US$),599 172,563 398,582 775c,International trade: balance (million current US$),- 87 520,- 69 457,- 94 213c,"Balance of payments, current account (million US$)",- 22 031,- 9 130,- 48 911c,,,,,,,,,,,,,,,,
Economy: Services and other activityh (% of GVA),78.4,78.5,78.9b,Employment in agriculture (% of employed),2.9,2.7,"2.4i,c",Employment in industry (% of employed),22.3,20.4,"19.9i,c",Employment in services (% employed),74.8,76.9,"77.7i,c",Unemploymenti (% of labour force),8.9,10.4,8.3c,Labour force participation ratei (female/male pop. %),50.8 /       61.9,50.8 /       60.6,50.6 /       59.6c,"CPI: Consumer Price Indexj,k (2010=100)",100,106,111c,Agricultural production index (2014-2016=100),98,102,98b,International trade: exports (million current US$),511 651,493 941,488 562c,International trade: imports (million current US$),599 172,563 398,582 775c,International trade: balance (million current US$),- 87 520,- 69 457,- 94 213c,"Balance of payments, current account (million US$)",- 22 031,- 9 130,- 48 911c,,,,,,,,,,,,,,,,,,,,
Employment in agriculture (% of employed),2.9,2.7,"2.4i,c",Employment in industry (% of employed),22.3,20.4,"19.9i,c",Employment in services (% employed),74.8,76.9,"77.7i,c",Unemploymenti (% of labour force),8.9,10.4,8.3c,Labour force participation ratei (female/male pop. %),50.8 /       61.9,50.8 /       60.6,50.6 /       59.6c,"CPI: Consumer Price Indexj,k (2010=100)",100,106,111c,Agricultural production index (2014-2016=100),98,102,98b,International trade: exports (million current US$),511 651,493 941,488 562c,International trade: imports (million current US$),599 172,563 398,582 775c,International trade: balance (million current US$),- 87 520,- 69 457,- 94 213c,"Balance of payments, current account (million US$)",- 22 031,- 9 130,- 48 911c,,,,,,,,,,,,,,,,,,,,,,,,
Employment in industry (% of employed),22.3,20.4,"19.9i,c",Employment in services (% employed),74.8,76.9,"77.7i,c",Unemploymenti (% of labour force),8.9,10.4,8.3c,Labour force participation ratei (female/male pop. %),50.8 /       61.9,50.8 /       60.6,50.6 /       59.6c,"CPI: Consumer Price Indexj,k (2010=100)",100,106,111c,Agricultural production index (2014-2016=100),98,102,98b,International trade: exports (million current US$),511 651,493 941,488 562c,International trade: imports (million current US$),599 172,563 398,582 775c,International trade: balance (million current US$),- 87 520,- 69 457,- 94 213c,"Balance of payments, current account (million US$)",- 22 031,- 9 130,- 48 911c,,,,,,,,,,,,,,,,,,,,,,,,,,,,
Employment in services (% employed),74.8,76.9,"77.7i,c",Unemploymenti (% of labour force),8.9,10.4,8.3c,Labour force participation ratei (female/male pop. %),50.8 /       61.9,50.8 /       60.6,50.6 /       59.6c,"CPI: Consumer Price Indexj,k (2010=100)",100,106,111c,Agricultural production index (2014-2016=100),98,102,98b,International trade: exports (million current US$),511 651,493 941,488 562c,International trade: imports (million current US$),599 172,563 398,582 775c,International trade: balance (million current US$),- 87 520,- 69 457,- 94 213c,"Balance of payments, current account (million US$)",- 22 031,- 9 130,- 48 911c,,,,,,,,,,,,,,,,,,,,,,,,,,,,,,,,
Unemploymenti (% of labour force),8.9,10.4,8.3c,Labour force participation ratei (female/male pop. %),50.8 /       61.9,50.8 /       60.6,50.6 /       59.6c,"CPI: Consumer Price Indexj,k (2010=100)",100,106,111c,Agricultural production index (2014-2016=100),98,102,98b,International trade: exports (million current US$),511 651,493 941,488 562c,International trade: imports (million current US$),599 172,563 398,582 775c,International trade: balance (million current US$),- 87 520,- 69 457,- 94 213c,"Balance of payments, current account (million US$)",- 22 031,- 9 130,- 48 911c,,,,,,,,,,,,,,,,,,,,,,,,,,,,,,,,,,,,
Labour force participation ratei (female/male pop. %),50.8 /       61.9,50.8 /       60.6,50.6 /       59.6c,"CPI: Consumer Price Indexj,k (2010=100)",100,106,111c,Agricultural production index (2014-2016=100),98,102,98b,International trade: exports (million current US$),511 651,493 941,488 562c,International trade: imports (million current US$),599 172,563 398,582 775c,International trade: balance (million current US$),- 87 520,- 69 457,- 94 213c,"Balance of payments, current account (million US$)",- 22 031,- 9 130,- 48 911c,,,,,,,,,,,,,,,,,,,,,,,,,,,,,,,,,,,,,,,,
"CPI: Consumer Price Indexj,k (2010=100)",100,106,111c,Agricultural production index (2014-2016=100),98,102,98b,International trade: exports (million current US$),511 651,493 941,488 562c,International trade: imports (million current US$),599 172,563 398,582 775c,International trade: balance (million current US$),- 87 520,- 69 457,- 94 213c,"Balance of payments, current account (million US$)",- 22 031,- 9 130,- 48 911c,,,,,,,,,,,,,,,,,,,,,,,,,,,,,,,,,,,,,,,,,,,,
Agricultural production index (2014-2016=100),98,102,98b,International trade: exports (million current US$),511 651,493 941,488 562c,International trade: imports (million current US$),599 172,563 398,582 775c,International trade: balance (million current US$),- 87 520,- 69 457,- 94 213c,"Balance of payments, current account (million US$)",- 22 031,- 9 130,- 48 911c,,,,,,,,,,,,,,,,,,,,,,,,,,,,,,,,,,,,,,,,,,,,,,,,
International trade: exports (million current US$),511 651,493 941,488 562c,International trade: imports (million current US$),599 172,563 398,582 775c,International trade: balance (million current US$),- 87 520,- 69 457,- 94 213c,"Balance of payments, current account (million US$)",- 22 031,- 9 130,- 48 911c,,,,,,,,,,,,,,,,,,,,,,,,,,,,,,,,,,,,,,,,,,,,,,,,,,,,
International trade: imports (million current US$),599 172,563 398,582 775c,International trade: balance (million current US$),- 87 520,- 69 457,- 94 213c,"Balance of payments, current account (million US$)",- 22 031,- 9 130,- 48 911c,,,,,,,,,,,,,,,,,,,,,,,,,,,,,,,,,,,,,,,,,,,,,,,,,,,,,,,,
International trade: balance (million current US$),- 87 520,- 69 457,- 94 213c,"Balance of payments, current account (million US$)",- 22 031,- 9 130,- 48 911c,,,,,,,,,,,,,,,,,,,,,,,,,,,,,,,,,,,,,,,,,,,,,,,,,,,,,,,,,,,,
"Balance of payments, current account (million US$)",- 22 031,- 9 130,- 48 911c,,,,,,,,,,,,,,,,,,,,,,,,,,,,,,,,,,,,,,,,,,,,,,,,,,,,,,,,,,,,,,,,
