0,1,2,3,4,5,6,7,8,9,10,11,12,13,14,15,16,17,18,19,20,21,22,23,24,25,26,27,28,29,30,31,32,33,34,35,36,37,38,39,40,41,42,43
,2010,2015,2021,,,,,,,,,,,,,,,,,,,,,,,,,,,,,,,,,,,,,,,,
Individuals using the Internet (per 100 inhabitants),77.3r,78s,83.3b,Research & Development expenditure (% of GDP),2.2t,2.3,"2.2i,o",Threatened species (number),168,236,382,Forested areai (% of land area),30,30.7,31.2o,CO2 emission estimatesu (million tons/tons per capita),340.1 /        5.2,303.9 /        4.6v,"293.2 /        4.3v,b","Energy production, primaryu (Petajoules)",5 632,5 778v,"5 622v,o",Energy supply per capitau (Gigajoules),174,158v,"153v,o",Tourist/visitor arrivals at national bordersw (000),76 647,84 452,"89 322x,o",Important sites for terrestrial biodiversity protected (%),63,67.7,80.9c,"Pop. using safely managed drinking water (urban/rural, %)",98.9 / ...,99.4 / ...,99.6 / ...c,Net Official Development Assist. disbursedy (% of GNI),0.5,0.37,0.43p
Research & Development expenditure (% of GDP),2.2t,2.3,"2.2i,o",Threatened species (number),168,236,382,Forested areai (% of land area),30,30.7,31.2o,CO2 emission estimatesu (million tons/tons per capita),340.1 /        5.2,303.9 /        4.6v,"293.2 /        4.3v,b","Energy production, primaryu (Petajoules)",5 632,5 778v,"5 622v,o",Energy supply per capitau (Gigajoules),174,158v,"153v,o",Tourist/visitor arrivals at national bordersw (000),76 647,84 452,"89 322x,o",Important sites for terrestrial biodiversity protected (%),63,67.7,80.9c,"Pop. using safely managed drinking water (urban/rural, %)",98.9 / ...,99.4 / ...,99.6 / ...c,Net Official Development Assist. disbursedy (% of GNI),0.5,0.37,0.43p,,,,
Threatened species (number),168,236,382,Forested areai (% of land area),30,30.7,31.2o,CO2 emission estimatesu (million tons/tons per capita),340.1 /        5.2,303.9 /        4.6v,"293.2 /        4.3v,b","Energy production, primaryu (Petajoules)",5 632,5 778v,"5 622v,o",Energy supply per capitau (Gigajoules),174,158v,"153v,o",Tourist/visitor arrivals at national bordersw (000),76 647,84 452,"89 322x,o",Important sites for terrestrial biodiversity protected (%),63,67.7,80.9c,"Pop. using safely managed drinking water (urban/rural, %)",98.9 / ...,99.4 / ...,99.6 / ...c,Net Official Development Assist. disbursedy (% of GNI),0.5,0.37,0.43p,,,,,,,,
Forested areai (% of land area),30,30.7,31.2o,CO2 emission estimatesu (million tons/tons per capita),340.1 /        5.2,303.9 /        4.6v,"293.2 /        4.3v,b","Energy production, primaryu (Petajoules)",5 632,5 778v,"5 622v,o",Energy supply per capitau (Gigajoules),174,158v,"153v,o",Tourist/visitor arrivals at national bordersw (000),76 647,84 452,"89 322x,o",Important sites for terrestrial biodiversity protected (%),63,67.7,80.9c,"Pop. using safely managed drinking water (urban/rural, %)",98.9 / ...,99.4 / ...,99.6 / ...c,Net Official Development Assist. disbursedy (% of GNI),0.5,0.37,0.43p,,,,,,,,,,,,
CO2 emission estimatesu (million tons/tons per capita),340.1 /        5.2,303.9 /        4.6v,"293.2 /        4.3v,b","Energy production, primaryu (Petajoules)",5 632,5 778v,"5 622v,o",Energy supply per capitau (Gigajoules),174,158v,"153v,o",Tourist/visitor arrivals at national bordersw (000),76 647,84 452,"89 322x,o",Important sites for terrestrial biodiversity protected (%),63,67.7,80.9c,"Pop. using safely managed drinking water (urban/rural, %)",98.9 / ...,99.4 / ...,99.6 / ...c,Net Official Development Assist. disbursedy (% of GNI),0.5,0.37,0.43p,,,,,,,,,,,,,,,,
"Energy production, primaryu (Petajoules)",5 632,5 778v,"5 622v,o",Energy supply per capitau (Gigajoules),174,158v,"153v,o",Tourist/visitor arrivals at national bordersw (000),76 647,84 452,"89 322x,o",Important sites for terrestrial biodiversity protected (%),63,67.7,80.9c,"Pop. using safely managed drinking water (urban/rural, %)",98.9 / ...,99.4 / ...,99.6 / ...c,Net Official Development Assist. disbursedy (% of GNI),0.5,0.37,0.43p,,,,,,,,,,,,,,,,,,,,
Energy supply per capitau (Gigajoules),174,158v,"153v,o",Tourist/visitor arrivals at national bordersw (000),76 647,84 452,"89 322x,o",Important sites for terrestrial biodiversity protected (%),63,67.7,80.9c,"Pop. using safely managed drinking water (urban/rural, %)",98.9 / ...,99.4 / ...,99.6 / ...c,Net Official Development Assist. disbursedy (% of GNI),0.5,0.37,0.43p,,,,,,,,,,,,,,,,,,,,,,,,
Tourist/visitor arrivals at national bordersw (000),76 647,84 452,"89 322x,o",Important sites for terrestrial biodiversity protected (%),63,67.7,80.9c,"Pop. using safely managed drinking water (urban/rural, %)",98.9 / ...,99.4 / ...,99.6 / ...c,Net Official Development Assist. disbursedy (% of GNI),0.5,0.37,0.43p,,,,,,,,,,,,,,,,,,,,,,,,,,,,
Important sites for terrestrial biodiversity protected (%),63,67.7,80.9c,"Pop. using safely managed drinking water (urban/rural, %)",98.9 / ...,99.4 / ...,99.6 / ...c,Net Official Development Assist. disbursedy (% of GNI),0.5,0.37,0.43p,,,,,,,,,,,,,,,,,,,,,,,,,,,,,,,,
"Pop. using safely managed drinking water (urban/rural, %)",98.9 / ...,99.4 / ...,99.6 / ...c,Net Official Development Assist. disbursedy (% of GNI),0.5,0.37,0.43p,,,,,,,,,,,,,,,,,,,,,,,,,,,,,,,,,,,,
Net Official Development Assist. disbursedy (% of GNI),0.5,0.37,0.43p,,,,,,,,,,,,,,,,,,,,,,,,,,,,,,,,,,,,,,,,
