0,1,2,3,4,5,6,7,8,9,10,11,12,13,14,15,16,17,18,19,20,21,22,23,24,25,26,27,28,29,30,31,32,33,34,35,36,37,38,39,40,41,42,43,44,45,46,47,48,49,50,51,52,53,54,55,56,57,58,59,60,61,62,63,64,65,66,67
,2010,2015,2021,,,,,,,,,,,,,,,,,,,,,,,,,,,,,,,,,,,,,,,,,,,,,,,,,,,,,,,,,,,,,,,,
Population growth ratel (average annual %),0.6,0.5,0.3c,Urban population (% of total population),78.4,79.7,80.7b,Urban population growth ratel (average annual %),0.9,0.8,...,"Fertility rate, totall (live births per woman)",2,2,1.9c,"Life expectancy at birthl (females/males, years)",84.3 /       77.5,85.0 /       78.7,85.4 /       79.4c,"Population age distribution (0-14/60+ years old, %)",18.5 /       23.1,18.4 /       25.0,17.5 /       27.2a,International migrant stock (000/% of total pop.),7 310.0 /       11.6,7 878.3 /       12.2,8 524.9 /       13.1c,Refugees and others of concern to UNHCR (000),250.4m,320.1,524.9c,Infant mortality ratel (per 1 000 live births),3.7,3.5,3c,Health: Current expendituren (% of GDP),11.2,11.5,11.3o,Health: Physicians (per 1 000 pop.),6.5,6.4,6.5o,Education: Government expenditure (% of GDP),...,...,5.5p,Education: Primary gross enrol. ratioi (f/m per 100 pop.),102.1 /      103.4,101.7 /      102.3,102.6 /      103.1o,Education: Secondary gross enrol. ratioi (f/m per 100 pop.),107.0 /      105.9,103.9 /      102.9,104.4 /      103.9o,Education: Upper secondary gross enrol. ratioi (f/m per 100 pop.),112.7 /      109.6,108.6 /      105.4,109.0 /      106.6o,Intentional homicide rate (per 100 000 pop.),1.3,1.6,1.2o,Seats held by women in national parliaments (%),18.9,26.2,39.5q
Urban population (% of total population),78.4,79.7,80.7b,Urban population growth ratel (average annual %),0.9,0.8,...,"Fertility rate, totall (live births per woman)",2,2,1.9c,"Life expectancy at birthl (females/males, years)",84.3 /       77.5,85.0 /       78.7,85.4 /       79.4c,"Population age distribution (0-14/60+ years old, %)",18.5 /       23.1,18.4 /       25.0,17.5 /       27.2a,International migrant stock (000/% of total pop.),7 310.0 /       11.6,7 878.3 /       12.2,8 524.9 /       13.1c,Refugees and others of concern to UNHCR (000),250.4m,320.1,524.9c,Infant mortality ratel (per 1 000 live births),3.7,3.5,3c,Health: Current expendituren (% of GDP),11.2,11.5,11.3o,Health: Physicians (per 1 000 pop.),6.5,6.4,6.5o,Education: Government expenditure (% of GDP),...,...,5.5p,Education: Primary gross enrol. ratioi (f/m per 100 pop.),102.1 /      103.4,101.7 /      102.3,102.6 /      103.1o,Education: Secondary gross enrol. ratioi (f/m per 100 pop.),107.0 /      105.9,103.9 /      102.9,104.4 /      103.9o,Education: Upper secondary gross enrol. ratioi (f/m per 100 pop.),112.7 /      109.6,108.6 /      105.4,109.0 /      106.6o,Intentional homicide rate (per 100 000 pop.),1.3,1.6,1.2o,Seats held by women in national parliaments (%),18.9,26.2,39.5q,,,,
Urban population growth ratel (average annual %),0.9,0.8,...,"Fertility rate, totall (live births per woman)",2,2,1.9c,"Life expectancy at birthl (females/males, years)",84.3 /       77.5,85.0 /       78.7,85.4 /       79.4c,"Population age distribution (0-14/60+ years old, %)",18.5 /       23.1,18.4 /       25.0,17.5 /       27.2a,International migrant stock (000/% of total pop.),7 310.0 /       11.6,7 878.3 /       12.2,8 524.9 /       13.1c,Refugees and others of concern to UNHCR (000),250.4m,320.1,524.9c,Infant mortality ratel (per 1 000 live births),3.7,3.5,3c,Health: Current expendituren (% of GDP),11.2,11.5,11.3o,Health: Physicians (per 1 000 pop.),6.5,6.4,6.5o,Education: Government expenditure (% of GDP),...,...,5.5p,Education: Primary gross enrol. ratioi (f/m per 100 pop.),102.1 /      103.4,101.7 /      102.3,102.6 /      103.1o,Education: Secondary gross enrol. ratioi (f/m per 100 pop.),107.0 /      105.9,103.9 /      102.9,104.4 /      103.9o,Education: Upper secondary gross enrol. ratioi (f/m per 100 pop.),112.7 /      109.6,108.6 /      105.4,109.0 /      106.6o,Intentional homicide rate (per 100 000 pop.),1.3,1.6,1.2o,Seats held by women in national parliaments (%),18.9,26.2,39.5q,,,,,,,,
"Fertility rate, totall (live births per woman)",2,2,1.9c,"Life expectancy at birthl (females/males, years)",84.3 /       77.5,85.0 /       78.7,85.4 /       79.4c,"Population age distribution (0-14/60+ years old, %)",18.5 /       23.1,18.4 /       25.0,17.5 /       27.2a,International migrant stock (000/% of total pop.),7 310.0 /       11.6,7 878.3 /       12.2,8 524.9 /       13.1c,Refugees and others of concern to UNHCR (000),250.4m,320.1,524.9c,Infant mortality ratel (per 1 000 live births),3.7,3.5,3c,Health: Current expendituren (% of GDP),11.2,11.5,11.3o,Health: Physicians (per 1 000 pop.),6.5,6.4,6.5o,Education: Government expenditure (% of GDP),...,...,5.5p,Education: Primary gross enrol. ratioi (f/m per 100 pop.),102.1 /      103.4,101.7 /      102.3,102.6 /      103.1o,Education: Secondary gross enrol. ratioi (f/m per 100 pop.),107.0 /      105.9,103.9 /      102.9,104.4 /      103.9o,Education: Upper secondary gross enrol. ratioi (f/m per 100 pop.),112.7 /      109.6,108.6 /      105.4,109.0 /      106.6o,Intentional homicide rate (per 100 000 pop.),1.3,1.6,1.2o,Seats held by women in national parliaments (%),18.9,26.2,39.5q,,,,,,,,,,,,
"Life expectancy at birthl (females/males, years)",84.3 /       77.5,85.0 /       78.7,85.4 /       79.4c,"Population age distribution (0-14/60+ years old, %)",18.5 /       23.1,18.4 /       25.0,17.5 /       27.2a,International migrant stock (000/% of total pop.),7 310.0 /       11.6,7 878.3 /       12.2,8 524.9 /       13.1c,Refugees and others of concern to UNHCR (000),250.4m,320.1,524.9c,Infant mortality ratel (per 1 000 live births),3.7,3.5,3c,Health: Current expendituren (% of GDP),11.2,11.5,11.3o,Health: Physicians (per 1 000 pop.),6.5,6.4,6.5o,Education: Government expenditure (% of GDP),...,...,5.5p,Education: Primary gross enrol. ratioi (f/m per 100 pop.),102.1 /      103.4,101.7 /      102.3,102.6 /      103.1o,Education: Secondary gross enrol. ratioi (f/m per 100 pop.),107.0 /      105.9,103.9 /      102.9,104.4 /      103.9o,Education: Upper secondary gross enrol. ratioi (f/m per 100 pop.),112.7 /      109.6,108.6 /      105.4,109.0 /      106.6o,Intentional homicide rate (per 100 000 pop.),1.3,1.6,1.2o,Seats held by women in national parliaments (%),18.9,26.2,39.5q,,,,,,,,,,,,,,,,
"Population age distribution (0-14/60+ years old, %)",18.5 /       23.1,18.4 /       25.0,17.5 /       27.2a,International migrant stock (000/% of total pop.),7 310.0 /       11.6,7 878.3 /       12.2,8 524.9 /       13.1c,Refugees and others of concern to UNHCR (000),250.4m,320.1,524.9c,Infant mortality ratel (per 1 000 live births),3.7,3.5,3c,Health: Current expendituren (% of GDP),11.2,11.5,11.3o,Health: Physicians (per 1 000 pop.),6.5,6.4,6.5o,Education: Government expenditure (% of GDP),...,...,5.5p,Education: Primary gross enrol. ratioi (f/m per 100 pop.),102.1 /      103.4,101.7 /      102.3,102.6 /      103.1o,Education: Secondary gross enrol. ratioi (f/m per 100 pop.),107.0 /      105.9,103.9 /      102.9,104.4 /      103.9o,Education: Upper secondary gross enrol. ratioi (f/m per 100 pop.),112.7 /      109.6,108.6 /      105.4,109.0 /      106.6o,Intentional homicide rate (per 100 000 pop.),1.3,1.6,1.2o,Seats held by women in national parliaments (%),18.9,26.2,39.5q,,,,,,,,,,,,,,,,,,,,
International migrant stock (000/% of total pop.),7 310.0 /       11.6,7 878.3 /       12.2,8 524.9 /       13.1c,Refugees and others of concern to UNHCR (000),250.4m,320.1,524.9c,Infant mortality ratel (per 1 000 live births),3.7,3.5,3c,Health: Current expendituren (% of GDP),11.2,11.5,11.3o,Health: Physicians (per 1 000 pop.),6.5,6.4,6.5o,Education: Government expenditure (% of GDP),...,...,5.5p,Education: Primary gross enrol. ratioi (f/m per 100 pop.),102.1 /      103.4,101.7 /      102.3,102.6 /      103.1o,Education: Secondary gross enrol. ratioi (f/m per 100 pop.),107.0 /      105.9,103.9 /      102.9,104.4 /      103.9o,Education: Upper secondary gross enrol. ratioi (f/m per 100 pop.),112.7 /      109.6,108.6 /      105.4,109.0 /      106.6o,Intentional homicide rate (per 100 000 pop.),1.3,1.6,1.2o,Seats held by women in national parliaments (%),18.9,26.2,39.5q,,,,,,,,,,,,,,,,,,,,,,,,
Refugees and others of concern to UNHCR (000),250.4m,320.1,524.9c,Infant mortality ratel (per 1 000 live births),3.7,3.5,3c,Health: Current expendituren (% of GDP),11.2,11.5,11.3o,Health: Physicians (per 1 000 pop.),6.5,6.4,6.5o,Education: Government expenditure (% of GDP),...,...,5.5p,Education: Primary gross enrol. ratioi (f/m per 100 pop.),102.1 /      103.4,101.7 /      102.3,102.6 /      103.1o,Education: Secondary gross enrol. ratioi (f/m per 100 pop.),107.0 /      105.9,103.9 /      102.9,104.4 /      103.9o,Education: Upper secondary gross enrol. ratioi (f/m per 100 pop.),112.7 /      109.6,108.6 /      105.4,109.0 /      106.6o,Intentional homicide rate (per 100 000 pop.),1.3,1.6,1.2o,Seats held by women in national parliaments (%),18.9,26.2,39.5q,,,,,,,,,,,,,,,,,,,,,,,,,,,,
Infant mortality ratel (per 1 000 live births),3.7,3.5,3c,Health: Current expendituren (% of GDP),11.2,11.5,11.3o,Health: Physicians (per 1 000 pop.),6.5,6.4,6.5o,Education: Government expenditure (% of GDP),...,...,5.5p,Education: Primary gross enrol. ratioi (f/m per 100 pop.),102.1 /      103.4,101.7 /      102.3,102.6 /      103.1o,Education: Secondary gross enrol. ratioi (f/m per 100 pop.),107.0 /      105.9,103.9 /      102.9,104.4 /      103.9o,Education: Upper secondary gross enrol. ratioi (f/m per 100 pop.),112.7 /      109.6,108.6 /      105.4,109.0 /      106.6o,Intentional homicide rate (per 100 000 pop.),1.3,1.6,1.2o,Seats held by women in national parliaments (%),18.9,26.2,39.5q,,,,,,,,,,,,,,,,,,,,,,,,,,,,,,,,
Health: Current expendituren (% of GDP),11.2,11.5,11.3o,Health: Physicians (per 1 000 pop.),6.5,6.4,6.5o,Education: Government expenditure (% of GDP),...,...,5.5p,Education: Primary gross enrol. ratioi (f/m per 100 pop.),102.1 /      103.4,101.7 /      102.3,102.6 /      103.1o,Education: Secondary gross enrol. ratioi (f/m per 100 pop.),107.0 /      105.9,103.9 /      102.9,104.4 /      103.9o,Education: Upper secondary gross enrol. ratioi (f/m per 100 pop.),112.7 /      109.6,108.6 /      105.4,109.0 /      106.6o,Intentional homicide rate (per 100 000 pop.),1.3,1.6,1.2o,Seats held by women in national parliaments (%),18.9,26.2,39.5q,,,,,,,,,,,,,,,,,,,,,,,,,,,,,,,,,,,,
Health: Physicians (per 1 000 pop.),6.5,6.4,6.5o,Education: Government expenditure (% of GDP),...,...,5.5p,Education: Primary gross enrol. ratioi (f/m per 100 pop.),102.1 /      103.4,101.7 /      102.3,102.6 /      103.1o,Education: Secondary gross enrol. ratioi (f/m per 100 pop.),107.0 /      105.9,103.9 /      102.9,104.4 /      103.9o,Education: Upper secondary gross enrol. ratioi (f/m per 100 pop.),112.7 /      109.6,108.6 /      105.4,109.0 /      106.6o,Intentional homicide rate (per 100 000 pop.),1.3,1.6,1.2o,Seats held by women in national parliaments (%),18.9,26.2,39.5q,,,,,,,,,,,,,,,,,,,,,,,,,,,,,,,,,,,,,,,,
Education: Government expenditure (% of GDP),...,...,5.5p,Education: Primary gross enrol. ratioi (f/m per 100 pop.),102.1 /      103.4,101.7 /      102.3,102.6 /      103.1o,Education: Secondary gross enrol. ratioi (f/m per 100 pop.),107.0 /      105.9,103.9 /      102.9,104.4 /      103.9o,Education: Upper secondary gross enrol. ratioi (f/m per 100 pop.),112.7 /      109.6,108.6 /      105.4,109.0 /      106.6o,Intentional homicide rate (per 100 000 pop.),1.3,1.6,1.2o,Seats held by women in national parliaments (%),18.9,26.2,39.5q,,,,,,,,,,,,,,,,,,,,,,,,,,,,,,,,,,,,,,,,,,,,
Education: Primary gross enrol. ratioi (f/m per 100 pop.),102.1 /      103.4,101.7 /      102.3,102.6 /      103.1o,Education: Secondary gross enrol. ratioi (f/m per 100 pop.),107.0 /      105.9,103.9 /      102.9,104.4 /      103.9o,Education: Upper secondary gross enrol. ratioi (f/m per 100 pop.),112.7 /      109.6,108.6 /      105.4,109.0 /      106.6o,Intentional homicide rate (per 100 000 pop.),1.3,1.6,1.2o,Seats held by women in national parliaments (%),18.9,26.2,39.5q,,,,,,,,,,,,,,,,,,,,,,,,,,,,,,,,,,,,,,,,,,,,,,,,
Education: Secondary gross enrol. ratioi (f/m per 100 pop.),107.0 /      105.9,103.9 /      102.9,104.4 /      103.9o,Education: Upper secondary gross enrol. ratioi (f/m per 100 pop.),112.7 /      109.6,108.6 /      105.4,109.0 /      106.6o,Intentional homicide rate (per 100 000 pop.),1.3,1.6,1.2o,Seats held by women in national parliaments (%),18.9,26.2,39.5q,,,,,,,,,,,,,,,,,,,,,,,,,,,,,,,,,,,,,,,,,,,,,,,,,,,,
Education: Upper secondary gross enrol. ratioi (f/m per 100 pop.),112.7 /      109.6,108.6 /      105.4,109.0 /      106.6o,Intentional homicide rate (per 100 000 pop.),1.3,1.6,1.2o,Seats held by women in national parliaments (%),18.9,26.2,39.5q,,,,,,,,,,,,,,,,,,,,,,,,,,,,,,,,,,,,,,,,,,,,,,,,,,,,,,,,
Intentional homicide rate (per 100 000 pop.),1.3,1.6,1.2o,Seats held by women in national parliaments (%),18.9,26.2,39.5q,,,,,,,,,,,,,,,,,,,,,,,,,,,,,,,,,,,,,,,,,,,,,,,,,,,,,,,,,,,,
Seats held by women in national parliaments (%),18.9,26.2,39.5q,,,,,,,,,,,,,,,,,,,,,,,,,,,,,,,,,,,,,,,,,,,,,,,,,,,,,,,,,,,,,,,,
