0,1,2,3,4,5,6,7,8,9,10,11,12,13,14,15,16,17,18,19,20,21,22,23,24,25,26,27,28,29,30,31,32,33,34,35,36,37,38,39,40,41,42,43,44,45,46,47,48,49,50,51,52,53,54,55,56,57,58,59,60,61,62,63,64,65,66,67
,2010,2015,2021,,,,,,,,,,,,,,,,,,,,,,,,,,,,,,,,,,,,,,,,,,,,,,,,,,,,,,,,,,,,,,,,
GDP: Gross domestic product (million current US$),10 100,11 823,15 991b,"GDP growth rate (annual %, const. 2015 prices)",8.4,3.9,5.7b,GDP per capita (current US$),647.2,652.8,786.9b,Economy: Agriculturee (% of Gross Value Added),26.2,24.9,22.3b,"Economy: Industryf,g (% of Gross Value Added)",28.2,26.8,28.3b,Economy: Services and other activityh (% of GVA),45.6,48.3,49.3b,Employment in agriculturei (% of employed),48.2,29.1,24.7d,Employment in industryi (% of employed),20.9,32,33.9d,Employment in servicesi (% employed),31,38.9,41.4d,Unemploymenti (% of labour force),4.7,6.4,6.4d,Labour force participation ratei (female/male pop. %),59.7 /       81.7,58.3 /       75.4,58.2 /       74.7d,CPI: Consumer Price Indexj (2010=100),100,108,110d,Agricultural production index (2014-2016=100),89,96,107b,International trade: exports (million current US$),1 288,2 177,"3 269i,d",International trade: imports (million current US$),2 048,2 980,"4 150i,d",International trade: balance (million current US$),-760,-802,"-882i,d","Balance of payments, current account (million US$)",-182,-895,-524b
"GDP growth rate (annual %, const. 2015 prices)",8.4,3.9,5.7b,GDP per capita (current US$),647.2,652.8,786.9b,Economy: Agriculturee (% of Gross Value Added),26.2,24.9,22.3b,"Economy: Industryf,g (% of Gross Value Added)",28.2,26.8,28.3b,Economy: Services and other activityh (% of GVA),45.6,48.3,49.3b,Employment in agriculturei (% of employed),48.2,29.1,24.7d,Employment in industryi (% of employed),20.9,32,33.9d,Employment in servicesi (% employed),31,38.9,41.4d,Unemploymenti (% of labour force),4.7,6.4,6.4d,Labour force participation ratei (female/male pop. %),59.7 /       81.7,58.3 /       75.4,58.2 /       74.7d,CPI: Consumer Price Indexj (2010=100),100,108,110d,Agricultural production index (2014-2016=100),89,96,107b,International trade: exports (million current US$),1 288,2 177,"3 269i,d",International trade: imports (million current US$),2 048,2 980,"4 150i,d",International trade: balance (million current US$),-760,-802,"-882i,d","Balance of payments, current account (million US$)",-182,-895,-524b,,,,
GDP per capita (current US$),647.2,652.8,786.9b,Economy: Agriculturee (% of Gross Value Added),26.2,24.9,22.3b,"Economy: Industryf,g (% of Gross Value Added)",28.2,26.8,28.3b,Economy: Services and other activityh (% of GVA),45.6,48.3,49.3b,Employment in agriculturei (% of employed),48.2,29.1,24.7d,Employment in industryi (% of employed),20.9,32,33.9d,Employment in servicesi (% employed),31,38.9,41.4d,Unemploymenti (% of labour force),4.7,6.4,6.4d,Labour force participation ratei (female/male pop. %),59.7 /       81.7,58.3 /       75.4,58.2 /       74.7d,CPI: Consumer Price Indexj (2010=100),100,108,110d,Agricultural production index (2014-2016=100),89,96,107b,International trade: exports (million current US$),1 288,2 177,"3 269i,d",International trade: imports (million current US$),2 048,2 980,"4 150i,d",International trade: balance (million current US$),-760,-802,"-882i,d","Balance of payments, current account (million US$)",-182,-895,-524b,,,,,,,,
Economy: Agriculturee (% of Gross Value Added),26.2,24.9,22.3b,"Economy: Industryf,g (% of Gross Value Added)",28.2,26.8,28.3b,Economy: Services and other activityh (% of GVA),45.6,48.3,49.3b,Employment in agriculturei (% of employed),48.2,29.1,24.7d,Employment in industryi (% of employed),20.9,32,33.9d,Employment in servicesi (% employed),31,38.9,41.4d,Unemploymenti (% of labour force),4.7,6.4,6.4d,Labour force participation ratei (female/male pop. %),59.7 /       81.7,58.3 /       75.4,58.2 /       74.7d,CPI: Consumer Price Indexj (2010=100),100,108,110d,Agricultural production index (2014-2016=100),89,96,107b,International trade: exports (million current US$),1 288,2 177,"3 269i,d",International trade: imports (million current US$),2 048,2 980,"4 150i,d",International trade: balance (million current US$),-760,-802,"-882i,d","Balance of payments, current account (million US$)",-182,-895,-524b,,,,,,,,,,,,
"Economy: Industryf,g (% of Gross Value Added)",28.2,26.8,28.3b,Economy: Services and other activityh (% of GVA),45.6,48.3,49.3b,Employment in agriculturei (% of employed),48.2,29.1,24.7d,Employment in industryi (% of employed),20.9,32,33.9d,Employment in servicesi (% employed),31,38.9,41.4d,Unemploymenti (% of labour force),4.7,6.4,6.4d,Labour force participation ratei (female/male pop. %),59.7 /       81.7,58.3 /       75.4,58.2 /       74.7d,CPI: Consumer Price Indexj (2010=100),100,108,110d,Agricultural production index (2014-2016=100),89,96,107b,International trade: exports (million current US$),1 288,2 177,"3 269i,d",International trade: imports (million current US$),2 048,2 980,"4 150i,d",International trade: balance (million current US$),-760,-802,"-882i,d","Balance of payments, current account (million US$)",-182,-895,-524b,,,,,,,,,,,,,,,,
Economy: Services and other activityh (% of GVA),45.6,48.3,49.3b,Employment in agriculturei (% of employed),48.2,29.1,24.7d,Employment in industryi (% of employed),20.9,32,33.9d,Employment in servicesi (% employed),31,38.9,41.4d,Unemploymenti (% of labour force),4.7,6.4,6.4d,Labour force participation ratei (female/male pop. %),59.7 /       81.7,58.3 /       75.4,58.2 /       74.7d,CPI: Consumer Price Indexj (2010=100),100,108,110d,Agricultural production index (2014-2016=100),89,96,107b,International trade: exports (million current US$),1 288,2 177,"3 269i,d",International trade: imports (million current US$),2 048,2 980,"4 150i,d",International trade: balance (million current US$),-760,-802,"-882i,d","Balance of payments, current account (million US$)",-182,-895,-524b,,,,,,,,,,,,,,,,,,,,
Employment in agriculturei (% of employed),48.2,29.1,24.7d,Employment in industryi (% of employed),20.9,32,33.9d,Employment in servicesi (% employed),31,38.9,41.4d,Unemploymenti (% of labour force),4.7,6.4,6.4d,Labour force participation ratei (female/male pop. %),59.7 /       81.7,58.3 /       75.4,58.2 /       74.7d,CPI: Consumer Price Indexj (2010=100),100,108,110d,Agricultural production index (2014-2016=100),89,96,107b,International trade: exports (million current US$),1 288,2 177,"3 269i,d",International trade: imports (million current US$),2 048,2 980,"4 150i,d",International trade: balance (million current US$),-760,-802,"-882i,d","Balance of payments, current account (million US$)",-182,-895,-524b,,,,,,,,,,,,,,,,,,,,,,,,
Employment in industryi (% of employed),20.9,32,33.9d,Employment in servicesi (% employed),31,38.9,41.4d,Unemploymenti (% of labour force),4.7,6.4,6.4d,Labour force participation ratei (female/male pop. %),59.7 /       81.7,58.3 /       75.4,58.2 /       74.7d,CPI: Consumer Price Indexj (2010=100),100,108,110d,Agricultural production index (2014-2016=100),89,96,107b,International trade: exports (million current US$),1 288,2 177,"3 269i,d",International trade: imports (million current US$),2 048,2 980,"4 150i,d",International trade: balance (million current US$),-760,-802,"-882i,d","Balance of payments, current account (million US$)",-182,-895,-524b,,,,,,,,,,,,,,,,,,,,,,,,,,,,
Employment in servicesi (% employed),31,38.9,41.4d,Unemploymenti (% of labour force),4.7,6.4,6.4d,Labour force participation ratei (female/male pop. %),59.7 /       81.7,58.3 /       75.4,58.2 /       74.7d,CPI: Consumer Price Indexj (2010=100),100,108,110d,Agricultural production index (2014-2016=100),89,96,107b,International trade: exports (million current US$),1 288,2 177,"3 269i,d",International trade: imports (million current US$),2 048,2 980,"4 150i,d",International trade: balance (million current US$),-760,-802,"-882i,d","Balance of payments, current account (million US$)",-182,-895,-524b,,,,,,,,,,,,,,,,,,,,,,,,,,,,,,,,
Unemploymenti (% of labour force),4.7,6.4,6.4d,Labour force participation ratei (female/male pop. %),59.7 /       81.7,58.3 /       75.4,58.2 /       74.7d,CPI: Consumer Price Indexj (2010=100),100,108,110d,Agricultural production index (2014-2016=100),89,96,107b,International trade: exports (million current US$),1 288,2 177,"3 269i,d",International trade: imports (million current US$),2 048,2 980,"4 150i,d",International trade: balance (million current US$),-760,-802,"-882i,d","Balance of payments, current account (million US$)",-182,-895,-524b,,,,,,,,,,,,,,,,,,,,,,,,,,,,,,,,,,,,
Labour force participation ratei (female/male pop. %),59.7 /       81.7,58.3 /       75.4,58.2 /       74.7d,CPI: Consumer Price Indexj (2010=100),100,108,110d,Agricultural production index (2014-2016=100),89,96,107b,International trade: exports (million current US$),1 288,2 177,"3 269i,d",International trade: imports (million current US$),2 048,2 980,"4 150i,d",International trade: balance (million current US$),-760,-802,"-882i,d","Balance of payments, current account (million US$)",-182,-895,-524b,,,,,,,,,,,,,,,,,,,,,,,,,,,,,,,,,,,,,,,,
CPI: Consumer Price Indexj (2010=100),100,108,110d,Agricultural production index (2014-2016=100),89,96,107b,International trade: exports (million current US$),1 288,2 177,"3 269i,d",International trade: imports (million current US$),2 048,2 980,"4 150i,d",International trade: balance (million current US$),-760,-802,"-882i,d","Balance of payments, current account (million US$)",-182,-895,-524b,,,,,,,,,,,,,,,,,,,,,,,,,,,,,,,,,,,,,,,,,,,,
Agricultural production index (2014-2016=100),89,96,107b,International trade: exports (million current US$),1 288,2 177,"3 269i,d",International trade: imports (million current US$),2 048,2 980,"4 150i,d",International trade: balance (million current US$),-760,-802,"-882i,d","Balance of payments, current account (million US$)",-182,-895,-524b,,,,,,,,,,,,,,,,,,,,,,,,,,,,,,,,,,,,,,,,,,,,,,,,
International trade: exports (million current US$),1 288,2 177,"3 269i,d",International trade: imports (million current US$),2 048,2 980,"4 150i,d",International trade: balance (million current US$),-760,-802,"-882i,d","Balance of payments, current account (million US$)",-182,-895,-524b,,,,,,,,,,,,,,,,,,,,,,,,,,,,,,,,,,,,,,,,,,,,,,,,,,,,
International trade: imports (million current US$),2 048,2 980,"4 150i,d",International trade: balance (million current US$),-760,-802,"-882i,d","Balance of payments, current account (million US$)",-182,-895,-524b,,,,,,,,,,,,,,,,,,,,,,,,,,,,,,,,,,,,,,,,,,,,,,,,,,,,,,,,
International trade: balance (million current US$),-760,-802,"-882i,d","Balance of payments, current account (million US$)",-182,-895,-524b,,,,,,,,,,,,,,,,,,,,,,,,,,,,,,,,,,,,,,,,,,,,,,,,,,,,,,,,,,,,
"Balance of payments, current account (million US$)",-182,-895,-524b,,,,,,,,,,,,,,,,,,,,,,,,,,,,,,,,,,,,,,,,,,,,,,,,,,,,,,,,,,,,,,,,
