0,1,2,3,4,5,6,7,8,9,10,11,12,13,14,15,16,17,18,19,20,21,22,23,24,25,26,27,28,29,30,31,32,33,34,35
,2010,2015,2021,,,,,,,,,,,,,,,,,,,,,,,,,,,,,,,,
Individuals using the Internet (per 100 inhabitants),2.4i,"14q,r","15.9i,o",Research & Development expenditure (% of GDP),0.2s,"0.2t,u,v","0.6u,o",Threatened species (number),24,29,36,Forested areai (% of land area),24.5,23.6,23.1n,"Energy production, primary (Petajoules)",118,126,"131i,n",Energy supply per capita (Gigajoules),9,10,10n,Tourist/visitor arrivals at national borders (000),274,163,144n,Important sites for terrestrial biodiversity protected (%),66.7,66.7,66.7d,Net Official Development Assist. received (% of GNI),...,8.82,7.23b
Research & Development expenditure (% of GDP),0.2s,"0.2t,u,v","0.6u,o",Threatened species (number),24,29,36,Forested areai (% of land area),24.5,23.6,23.1n,"Energy production, primary (Petajoules)",118,126,"131i,n",Energy supply per capita (Gigajoules),9,10,10n,Tourist/visitor arrivals at national borders (000),274,163,144n,Important sites for terrestrial biodiversity protected (%),66.7,66.7,66.7d,Net Official Development Assist. received (% of GNI),...,8.82,7.23b,,,,
Threatened species (number),24,29,36,Forested areai (% of land area),24.5,23.6,23.1n,"Energy production, primary (Petajoules)",118,126,"131i,n",Energy supply per capita (Gigajoules),9,10,10n,Tourist/visitor arrivals at national borders (000),274,163,144n,Important sites for terrestrial biodiversity protected (%),66.7,66.7,66.7d,Net Official Development Assist. received (% of GNI),...,8.82,7.23b,,,,,,,,
Forested areai (% of land area),24.5,23.6,23.1n,"Energy production, primary (Petajoules)",118,126,"131i,n",Energy supply per capita (Gigajoules),9,10,10n,Tourist/visitor arrivals at national borders (000),274,163,144n,Important sites for terrestrial biodiversity protected (%),66.7,66.7,66.7d,Net Official Development Assist. received (% of GNI),...,8.82,7.23b,,,,,,,,,,,,
"Energy production, primary (Petajoules)",118,126,"131i,n",Energy supply per capita (Gigajoules),9,10,10n,Tourist/visitor arrivals at national borders (000),274,163,144n,Important sites for terrestrial biodiversity protected (%),66.7,66.7,66.7d,Net Official Development Assist. received (% of GNI),...,8.82,7.23b,,,,,,,,,,,,,,,,
Energy supply per capita (Gigajoules),9,10,10n,Tourist/visitor arrivals at national borders (000),274,163,144n,Important sites for terrestrial biodiversity protected (%),66.7,66.7,66.7d,Net Official Development Assist. received (% of GNI),...,8.82,7.23b,,,,,,,,,,,,,,,,,,,,
Tourist/visitor arrivals at national borders (000),274,163,144n,Important sites for terrestrial biodiversity protected (%),66.7,66.7,66.7d,Net Official Development Assist. received (% of GNI),...,8.82,7.23b,,,,,,,,,,,,,,,,,,,,,,,,
Important sites for terrestrial biodiversity protected (%),66.7,66.7,66.7d,Net Official Development Assist. received (% of GNI),...,8.82,7.23b,,,,,,,,,,,,,,,,,,,,,,,,,,,,
Net Official Development Assist. received (% of GNI),...,8.82,7.23b,,,,,,,,,,,,,,,,,,,,,,,,,,,,,,,,
