0,1,2,3,4,5,6,7,8,9,10,11,12,13,14,15,16,17,18,19,20,21,22,23,24,25,26,27,28,29,30,31,32,33,34,35,36,37,38,39,40,41,42,43,44,45,46,47,48,49,50,51,52,53,54,55,56,57,58,59,60,61,62,63,64,65,66,67
,2010,2015,2021,,,,,,,,,,,,,,,,,,,,,,,,,,,,,,,,,,,,,,,,,,,,,,,,,,,,,,,,,,,,,,,,
GDP: Gross domestic product (million current US$),391 893,381 818,445 075b,"GDP growth rate (annual %, const. 2015 prices)",1.8,1,1.4b,GDP per capita (current US$),46 598.7,43 995.0,49 700.8b,Economy: Agricultured (% of Gross Value Added),1.4,1.3,1.2b,"Economy: Industrye,f (% of Gross Value Added)",28.7,28.2,28.6b,Economy: Services and other activityg (% of GVA),69.9,70.5,70.2b,Employment in agriculture (% of employed),5.2,4.5,"3.5h,c",Employment in industry (% of employed),24.9,25.8,"25h,c",Employment in services (% employed),69.9,69.7,"71.5h,c",Unemploymenth (% of labour force),4.8,5.7,4.8c,Labour force participation rateh (female/male pop. %),53.5 /       66.9,54.5 /       66.0,55.0 /       66.4c,CPI: Consumer Price Index (2010=100),100,111,120c,Agricultural production index (2014-2016=100),95,97,100b,International trade: exports (million current US$),144 882,145 276,"164 332h,c",International trade: imports (million current US$),150 593,147 928,"162 981h,c",International trade: balance (million current US$),- 5 711,- 2 652,"1 351h,c","Balance of payments, current account (million US$)",11 472,6 634,10 781c
"GDP growth rate (annual %, const. 2015 prices)",1.8,1,1.4b,GDP per capita (current US$),46 598.7,43 995.0,49 700.8b,Economy: Agricultured (% of Gross Value Added),1.4,1.3,1.2b,"Economy: Industrye,f (% of Gross Value Added)",28.7,28.2,28.6b,Economy: Services and other activityg (% of GVA),69.9,70.5,70.2b,Employment in agriculture (% of employed),5.2,4.5,"3.5h,c",Employment in industry (% of employed),24.9,25.8,"25h,c",Employment in services (% employed),69.9,69.7,"71.5h,c",Unemploymenth (% of labour force),4.8,5.7,4.8c,Labour force participation rateh (female/male pop. %),53.5 /       66.9,54.5 /       66.0,55.0 /       66.4c,CPI: Consumer Price Index (2010=100),100,111,120c,Agricultural production index (2014-2016=100),95,97,100b,International trade: exports (million current US$),144 882,145 276,"164 332h,c",International trade: imports (million current US$),150 593,147 928,"162 981h,c",International trade: balance (million current US$),- 5 711,- 2 652,"1 351h,c","Balance of payments, current account (million US$)",11 472,6 634,10 781c,,,,
GDP per capita (current US$),46 598.7,43 995.0,49 700.8b,Economy: Agricultured (% of Gross Value Added),1.4,1.3,1.2b,"Economy: Industrye,f (% of Gross Value Added)",28.7,28.2,28.6b,Economy: Services and other activityg (% of GVA),69.9,70.5,70.2b,Employment in agriculture (% of employed),5.2,4.5,"3.5h,c",Employment in industry (% of employed),24.9,25.8,"25h,c",Employment in services (% employed),69.9,69.7,"71.5h,c",Unemploymenth (% of labour force),4.8,5.7,4.8c,Labour force participation rateh (female/male pop. %),53.5 /       66.9,54.5 /       66.0,55.0 /       66.4c,CPI: Consumer Price Index (2010=100),100,111,120c,Agricultural production index (2014-2016=100),95,97,100b,International trade: exports (million current US$),144 882,145 276,"164 332h,c",International trade: imports (million current US$),150 593,147 928,"162 981h,c",International trade: balance (million current US$),- 5 711,- 2 652,"1 351h,c","Balance of payments, current account (million US$)",11 472,6 634,10 781c,,,,,,,,
Economy: Agricultured (% of Gross Value Added),1.4,1.3,1.2b,"Economy: Industrye,f (% of Gross Value Added)",28.7,28.2,28.6b,Economy: Services and other activityg (% of GVA),69.9,70.5,70.2b,Employment in agriculture (% of employed),5.2,4.5,"3.5h,c",Employment in industry (% of employed),24.9,25.8,"25h,c",Employment in services (% employed),69.9,69.7,"71.5h,c",Unemploymenth (% of labour force),4.8,5.7,4.8c,Labour force participation rateh (female/male pop. %),53.5 /       66.9,54.5 /       66.0,55.0 /       66.4c,CPI: Consumer Price Index (2010=100),100,111,120c,Agricultural production index (2014-2016=100),95,97,100b,International trade: exports (million current US$),144 882,145 276,"164 332h,c",International trade: imports (million current US$),150 593,147 928,"162 981h,c",International trade: balance (million current US$),- 5 711,- 2 652,"1 351h,c","Balance of payments, current account (million US$)",11 472,6 634,10 781c,,,,,,,,,,,,
"Economy: Industrye,f (% of Gross Value Added)",28.7,28.2,28.6b,Economy: Services and other activityg (% of GVA),69.9,70.5,70.2b,Employment in agriculture (% of employed),5.2,4.5,"3.5h,c",Employment in industry (% of employed),24.9,25.8,"25h,c",Employment in services (% employed),69.9,69.7,"71.5h,c",Unemploymenth (% of labour force),4.8,5.7,4.8c,Labour force participation rateh (female/male pop. %),53.5 /       66.9,54.5 /       66.0,55.0 /       66.4c,CPI: Consumer Price Index (2010=100),100,111,120c,Agricultural production index (2014-2016=100),95,97,100b,International trade: exports (million current US$),144 882,145 276,"164 332h,c",International trade: imports (million current US$),150 593,147 928,"162 981h,c",International trade: balance (million current US$),- 5 711,- 2 652,"1 351h,c","Balance of payments, current account (million US$)",11 472,6 634,10 781c,,,,,,,,,,,,,,,,
Economy: Services and other activityg (% of GVA),69.9,70.5,70.2b,Employment in agriculture (% of employed),5.2,4.5,"3.5h,c",Employment in industry (% of employed),24.9,25.8,"25h,c",Employment in services (% employed),69.9,69.7,"71.5h,c",Unemploymenth (% of labour force),4.8,5.7,4.8c,Labour force participation rateh (female/male pop. %),53.5 /       66.9,54.5 /       66.0,55.0 /       66.4c,CPI: Consumer Price Index (2010=100),100,111,120c,Agricultural production index (2014-2016=100),95,97,100b,International trade: exports (million current US$),144 882,145 276,"164 332h,c",International trade: imports (million current US$),150 593,147 928,"162 981h,c",International trade: balance (million current US$),- 5 711,- 2 652,"1 351h,c","Balance of payments, current account (million US$)",11 472,6 634,10 781c,,,,,,,,,,,,,,,,,,,,
Employment in agriculture (% of employed),5.2,4.5,"3.5h,c",Employment in industry (% of employed),24.9,25.8,"25h,c",Employment in services (% employed),69.9,69.7,"71.5h,c",Unemploymenth (% of labour force),4.8,5.7,4.8c,Labour force participation rateh (female/male pop. %),53.5 /       66.9,54.5 /       66.0,55.0 /       66.4c,CPI: Consumer Price Index (2010=100),100,111,120c,Agricultural production index (2014-2016=100),95,97,100b,International trade: exports (million current US$),144 882,145 276,"164 332h,c",International trade: imports (million current US$),150 593,147 928,"162 981h,c",International trade: balance (million current US$),- 5 711,- 2 652,"1 351h,c","Balance of payments, current account (million US$)",11 472,6 634,10 781c,,,,,,,,,,,,,,,,,,,,,,,,
Employment in industry (% of employed),24.9,25.8,"25h,c",Employment in services (% employed),69.9,69.7,"71.5h,c",Unemploymenth (% of labour force),4.8,5.7,4.8c,Labour force participation rateh (female/male pop. %),53.5 /       66.9,54.5 /       66.0,55.0 /       66.4c,CPI: Consumer Price Index (2010=100),100,111,120c,Agricultural production index (2014-2016=100),95,97,100b,International trade: exports (million current US$),144 882,145 276,"164 332h,c",International trade: imports (million current US$),150 593,147 928,"162 981h,c",International trade: balance (million current US$),- 5 711,- 2 652,"1 351h,c","Balance of payments, current account (million US$)",11 472,6 634,10 781c,,,,,,,,,,,,,,,,,,,,,,,,,,,,
Employment in services (% employed),69.9,69.7,"71.5h,c",Unemploymenth (% of labour force),4.8,5.7,4.8c,Labour force participation rateh (female/male pop. %),53.5 /       66.9,54.5 /       66.0,55.0 /       66.4c,CPI: Consumer Price Index (2010=100),100,111,120c,Agricultural production index (2014-2016=100),95,97,100b,International trade: exports (million current US$),144 882,145 276,"164 332h,c",International trade: imports (million current US$),150 593,147 928,"162 981h,c",International trade: balance (million current US$),- 5 711,- 2 652,"1 351h,c","Balance of payments, current account (million US$)",11 472,6 634,10 781c,,,,,,,,,,,,,,,,,,,,,,,,,,,,,,,,
Unemploymenth (% of labour force),4.8,5.7,4.8c,Labour force participation rateh (female/male pop. %),53.5 /       66.9,54.5 /       66.0,55.0 /       66.4c,CPI: Consumer Price Index (2010=100),100,111,120c,Agricultural production index (2014-2016=100),95,97,100b,International trade: exports (million current US$),144 882,145 276,"164 332h,c",International trade: imports (million current US$),150 593,147 928,"162 981h,c",International trade: balance (million current US$),- 5 711,- 2 652,"1 351h,c","Balance of payments, current account (million US$)",11 472,6 634,10 781c,,,,,,,,,,,,,,,,,,,,,,,,,,,,,,,,,,,,
Labour force participation rateh (female/male pop. %),53.5 /       66.9,54.5 /       66.0,55.0 /       66.4c,CPI: Consumer Price Index (2010=100),100,111,120c,Agricultural production index (2014-2016=100),95,97,100b,International trade: exports (million current US$),144 882,145 276,"164 332h,c",International trade: imports (million current US$),150 593,147 928,"162 981h,c",International trade: balance (million current US$),- 5 711,- 2 652,"1 351h,c","Balance of payments, current account (million US$)",11 472,6 634,10 781c,,,,,,,,,,,,,,,,,,,,,,,,,,,,,,,,,,,,,,,,
CPI: Consumer Price Index (2010=100),100,111,120c,Agricultural production index (2014-2016=100),95,97,100b,International trade: exports (million current US$),144 882,145 276,"164 332h,c",International trade: imports (million current US$),150 593,147 928,"162 981h,c",International trade: balance (million current US$),- 5 711,- 2 652,"1 351h,c","Balance of payments, current account (million US$)",11 472,6 634,10 781c,,,,,,,,,,,,,,,,,,,,,,,,,,,,,,,,,,,,,,,,,,,,
Agricultural production index (2014-2016=100),95,97,100b,International trade: exports (million current US$),144 882,145 276,"164 332h,c",International trade: imports (million current US$),150 593,147 928,"162 981h,c",International trade: balance (million current US$),- 5 711,- 2 652,"1 351h,c","Balance of payments, current account (million US$)",11 472,6 634,10 781c,,,,,,,,,,,,,,,,,,,,,,,,,,,,,,,,,,,,,,,,,,,,,,,,
International trade: exports (million current US$),144 882,145 276,"164 332h,c",International trade: imports (million current US$),150 593,147 928,"162 981h,c",International trade: balance (million current US$),- 5 711,- 2 652,"1 351h,c","Balance of payments, current account (million US$)",11 472,6 634,10 781c,,,,,,,,,,,,,,,,,,,,,,,,,,,,,,,,,,,,,,,,,,,,,,,,,,,,
International trade: imports (million current US$),150 593,147 928,"162 981h,c",International trade: balance (million current US$),- 5 711,- 2 652,"1 351h,c","Balance of payments, current account (million US$)",11 472,6 634,10 781c,,,,,,,,,,,,,,,,,,,,,,,,,,,,,,,,,,,,,,,,,,,,,,,,,,,,,,,,
International trade: balance (million current US$),- 5 711,- 2 652,"1 351h,c","Balance of payments, current account (million US$)",11 472,6 634,10 781c,,,,,,,,,,,,,,,,,,,,,,,,,,,,,,,,,,,,,,,,,,,,,,,,,,,,,,,,,,,,
"Balance of payments, current account (million US$)",11 472,6 634,10 781c,,,,,,,,,,,,,,,,,,,,,,,,,,,,,,,,,,,,,,,,,,,,,,,,,,,,,,,,,,,,,,,,
