0,1,2,3,4,5,6,7,8,9,10,11,12,13,14,15,16,17,18,19,20,21,22,23,24,25,26,27,28,29,30,31,32,33,34,35,36,37,38,39,40,41,42,43
,2010,2015,2021,,,,,,,,,,,,,,,,,,,,,,,,,,,,,,,,,,,,,,,,
Individuals using the Internet (per 100 inhabitants),75.2o,"83.9o,p",87.8b,Research & Development expenditure (% of GDP),2.7h,3,"3.2h,b",Threatened species (number),82,106,188,Forested area (% of land area),46.8,47,47.2l,CO2 emission estimates (million tons/tons per capita),68.3 /        8.2,61.5 /        7.1,62.8 /        7.1b,"Energy production, primary (Petajoules)",500,501,488l,Energy supply per capita (Gigajoules),170,158,155l,Tourist/visitor arrivals at national bordersq (000),22 004,26 728,31 884b,Important sites for terrestrial biodiversity protected (%),65.8,66.9,67.4c,Pop. using safely managed sanitation (urban/rural %),100.0 /       99.2,100.0 /       99.2,100.0 /       99.2c,Net Official Development Assist. disbursedr (% of GNI),0.32,0.35,0.3m
Research & Development expenditure (% of GDP),2.7h,3,"3.2h,b",Threatened species (number),82,106,188,Forested area (% of land area),46.8,47,47.2l,CO2 emission estimates (million tons/tons per capita),68.3 /        8.2,61.5 /        7.1,62.8 /        7.1b,"Energy production, primary (Petajoules)",500,501,488l,Energy supply per capita (Gigajoules),170,158,155l,Tourist/visitor arrivals at national bordersq (000),22 004,26 728,31 884b,Important sites for terrestrial biodiversity protected (%),65.8,66.9,67.4c,Pop. using safely managed sanitation (urban/rural %),100.0 /       99.2,100.0 /       99.2,100.0 /       99.2c,Net Official Development Assist. disbursedr (% of GNI),0.32,0.35,0.3m,,,,
Threatened species (number),82,106,188,Forested area (% of land area),46.8,47,47.2l,CO2 emission estimates (million tons/tons per capita),68.3 /        8.2,61.5 /        7.1,62.8 /        7.1b,"Energy production, primary (Petajoules)",500,501,488l,Energy supply per capita (Gigajoules),170,158,155l,Tourist/visitor arrivals at national bordersq (000),22 004,26 728,31 884b,Important sites for terrestrial biodiversity protected (%),65.8,66.9,67.4c,Pop. using safely managed sanitation (urban/rural %),100.0 /       99.2,100.0 /       99.2,100.0 /       99.2c,Net Official Development Assist. disbursedr (% of GNI),0.32,0.35,0.3m,,,,,,,,
Forested area (% of land area),46.8,47,47.2l,CO2 emission estimates (million tons/tons per capita),68.3 /        8.2,61.5 /        7.1,62.8 /        7.1b,"Energy production, primary (Petajoules)",500,501,488l,Energy supply per capita (Gigajoules),170,158,155l,Tourist/visitor arrivals at national bordersq (000),22 004,26 728,31 884b,Important sites for terrestrial biodiversity protected (%),65.8,66.9,67.4c,Pop. using safely managed sanitation (urban/rural %),100.0 /       99.2,100.0 /       99.2,100.0 /       99.2c,Net Official Development Assist. disbursedr (% of GNI),0.32,0.35,0.3m,,,,,,,,,,,,
CO2 emission estimates (million tons/tons per capita),68.3 /        8.2,61.5 /        7.1,62.8 /        7.1b,"Energy production, primary (Petajoules)",500,501,488l,Energy supply per capita (Gigajoules),170,158,155l,Tourist/visitor arrivals at national bordersq (000),22 004,26 728,31 884b,Important sites for terrestrial biodiversity protected (%),65.8,66.9,67.4c,Pop. using safely managed sanitation (urban/rural %),100.0 /       99.2,100.0 /       99.2,100.0 /       99.2c,Net Official Development Assist. disbursedr (% of GNI),0.32,0.35,0.3m,,,,,,,,,,,,,,,,
"Energy production, primary (Petajoules)",500,501,488l,Energy supply per capita (Gigajoules),170,158,155l,Tourist/visitor arrivals at national bordersq (000),22 004,26 728,31 884b,Important sites for terrestrial biodiversity protected (%),65.8,66.9,67.4c,Pop. using safely managed sanitation (urban/rural %),100.0 /       99.2,100.0 /       99.2,100.0 /       99.2c,Net Official Development Assist. disbursedr (% of GNI),0.32,0.35,0.3m,,,,,,,,,,,,,,,,,,,,
Energy supply per capita (Gigajoules),170,158,155l,Tourist/visitor arrivals at national bordersq (000),22 004,26 728,31 884b,Important sites for terrestrial biodiversity protected (%),65.8,66.9,67.4c,Pop. using safely managed sanitation (urban/rural %),100.0 /       99.2,100.0 /       99.2,100.0 /       99.2c,Net Official Development Assist. disbursedr (% of GNI),0.32,0.35,0.3m,,,,,,,,,,,,,,,,,,,,,,,,
Tourist/visitor arrivals at national bordersq (000),22 004,26 728,31 884b,Important sites for terrestrial biodiversity protected (%),65.8,66.9,67.4c,Pop. using safely managed sanitation (urban/rural %),100.0 /       99.2,100.0 /       99.2,100.0 /       99.2c,Net Official Development Assist. disbursedr (% of GNI),0.32,0.35,0.3m,,,,,,,,,,,,,,,,,,,,,,,,,,,,
Important sites for terrestrial biodiversity protected (%),65.8,66.9,67.4c,Pop. using safely managed sanitation (urban/rural %),100.0 /       99.2,100.0 /       99.2,100.0 /       99.2c,Net Official Development Assist. disbursedr (% of GNI),0.32,0.35,0.3m,,,,,,,,,,,,,,,,,,,,,,,,,,,,,,,,
Pop. using safely managed sanitation (urban/rural %),100.0 /       99.2,100.0 /       99.2,100.0 /       99.2c,Net Official Development Assist. disbursedr (% of GNI),0.32,0.35,0.3m,,,,,,,,,,,,,,,,,,,,,,,,,,,,,,,,,,,,
Net Official Development Assist. disbursedr (% of GNI),0.32,0.35,0.3m,,,,,,,,,,,,,,,,,,,,,,,,,,,,,,,,,,,,,,,,
