0,1,2,3,4,5,6,7,8,9,10,11,12,13,14,15,16,17,18,19,20,21,22,23,24,25,26,27,28,29,30,31,32,33,34,35,36,37,38,39,40,41,42,43,44,45,46,47,48,49,50,51,52,53,54,55,56,57,58,59,60,61,62,63,64,65,66,67
,2010,2015,2021,,,,,,,,,,,,,,,,,,,,,,,,,,,,,,,,,,,,,,,,,,,,,,,,,,,,,,,,,,,,,,,,
Population growth ratei (average annual %),0.4,0.6,0.7c,Urban population (% of total population),57.4,57.7,58.5b,Urban population growth ratei (average annual %),-0.1,0.7,...,"Fertility rate, totali (live births per woman)",1.4,1.4,1.5c,"Life expectancy at birthi (females/males, years)",82.8 /       77.3,83.5 /       78.4,83.8 /       78.9c,"Population age distribution (0-14/60+ years old, %)",14.7 /       23.3,14.1 /       24.3,14.5 /       26.2a,International migrant stock (000/% of total pop.),1 274.9 /       15.2,1 483.1 /       17.1,1 738.2 /       19.3c,Refugees and others of concern to UNHCR (000),68.7j,92.2k,162.1c,Infant mortality ratei (per 1 000 live births),3.8,3.3,3.2c,Health: Current expenditure (% of GDP),10.2,10.4,10.3l,Health: Physicians (per 1 000 pop.),4.8,5.1,5.2l,Education: Government expenditure (% of GDP),5.7,5.5,5.4m,Education: Primary gross enrol. ratio (f/m per 100 pop.),99.1 /      100.4,101.5 /      102.4,103.0 /      103.6l,Education: Secondary gross enrol. ratio (f/m per 100 pop.),96.8 /      100.7,98.5 /      102.1,98.1 /      101.7l,Education: Upper secondary gross enrol. ratio (f/m per 100 pop.),92.3 /       99.6,97.3 /      103.6,94.5 /      101.4l,Intentional homicide rate (per 100 000 pop.),0.7,0.5,1l,Seats held by women in national parliaments (%),27.9,30.6,39.9n
Urban population (% of total population),57.4,57.7,58.5b,Urban population growth ratei (average annual %),-0.1,0.7,...,"Fertility rate, totali (live births per woman)",1.4,1.4,1.5c,"Life expectancy at birthi (females/males, years)",82.8 /       77.3,83.5 /       78.4,83.8 /       78.9c,"Population age distribution (0-14/60+ years old, %)",14.7 /       23.3,14.1 /       24.3,14.5 /       26.2a,International migrant stock (000/% of total pop.),1 274.9 /       15.2,1 483.1 /       17.1,1 738.2 /       19.3c,Refugees and others of concern to UNHCR (000),68.7j,92.2k,162.1c,Infant mortality ratei (per 1 000 live births),3.8,3.3,3.2c,Health: Current expenditure (% of GDP),10.2,10.4,10.3l,Health: Physicians (per 1 000 pop.),4.8,5.1,5.2l,Education: Government expenditure (% of GDP),5.7,5.5,5.4m,Education: Primary gross enrol. ratio (f/m per 100 pop.),99.1 /      100.4,101.5 /      102.4,103.0 /      103.6l,Education: Secondary gross enrol. ratio (f/m per 100 pop.),96.8 /      100.7,98.5 /      102.1,98.1 /      101.7l,Education: Upper secondary gross enrol. ratio (f/m per 100 pop.),92.3 /       99.6,97.3 /      103.6,94.5 /      101.4l,Intentional homicide rate (per 100 000 pop.),0.7,0.5,1l,Seats held by women in national parliaments (%),27.9,30.6,39.9n,,,,
Urban population growth ratei (average annual %),-0.1,0.7,...,"Fertility rate, totali (live births per woman)",1.4,1.4,1.5c,"Life expectancy at birthi (females/males, years)",82.8 /       77.3,83.5 /       78.4,83.8 /       78.9c,"Population age distribution (0-14/60+ years old, %)",14.7 /       23.3,14.1 /       24.3,14.5 /       26.2a,International migrant stock (000/% of total pop.),1 274.9 /       15.2,1 483.1 /       17.1,1 738.2 /       19.3c,Refugees and others of concern to UNHCR (000),68.7j,92.2k,162.1c,Infant mortality ratei (per 1 000 live births),3.8,3.3,3.2c,Health: Current expenditure (% of GDP),10.2,10.4,10.3l,Health: Physicians (per 1 000 pop.),4.8,5.1,5.2l,Education: Government expenditure (% of GDP),5.7,5.5,5.4m,Education: Primary gross enrol. ratio (f/m per 100 pop.),99.1 /      100.4,101.5 /      102.4,103.0 /      103.6l,Education: Secondary gross enrol. ratio (f/m per 100 pop.),96.8 /      100.7,98.5 /      102.1,98.1 /      101.7l,Education: Upper secondary gross enrol. ratio (f/m per 100 pop.),92.3 /       99.6,97.3 /      103.6,94.5 /      101.4l,Intentional homicide rate (per 100 000 pop.),0.7,0.5,1l,Seats held by women in national parliaments (%),27.9,30.6,39.9n,,,,,,,,
"Fertility rate, totali (live births per woman)",1.4,1.4,1.5c,"Life expectancy at birthi (females/males, years)",82.8 /       77.3,83.5 /       78.4,83.8 /       78.9c,"Population age distribution (0-14/60+ years old, %)",14.7 /       23.3,14.1 /       24.3,14.5 /       26.2a,International migrant stock (000/% of total pop.),1 274.9 /       15.2,1 483.1 /       17.1,1 738.2 /       19.3c,Refugees and others of concern to UNHCR (000),68.7j,92.2k,162.1c,Infant mortality ratei (per 1 000 live births),3.8,3.3,3.2c,Health: Current expenditure (% of GDP),10.2,10.4,10.3l,Health: Physicians (per 1 000 pop.),4.8,5.1,5.2l,Education: Government expenditure (% of GDP),5.7,5.5,5.4m,Education: Primary gross enrol. ratio (f/m per 100 pop.),99.1 /      100.4,101.5 /      102.4,103.0 /      103.6l,Education: Secondary gross enrol. ratio (f/m per 100 pop.),96.8 /      100.7,98.5 /      102.1,98.1 /      101.7l,Education: Upper secondary gross enrol. ratio (f/m per 100 pop.),92.3 /       99.6,97.3 /      103.6,94.5 /      101.4l,Intentional homicide rate (per 100 000 pop.),0.7,0.5,1l,Seats held by women in national parliaments (%),27.9,30.6,39.9n,,,,,,,,,,,,
"Life expectancy at birthi (females/males, years)",82.8 /       77.3,83.5 /       78.4,83.8 /       78.9c,"Population age distribution (0-14/60+ years old, %)",14.7 /       23.3,14.1 /       24.3,14.5 /       26.2a,International migrant stock (000/% of total pop.),1 274.9 /       15.2,1 483.1 /       17.1,1 738.2 /       19.3c,Refugees and others of concern to UNHCR (000),68.7j,92.2k,162.1c,Infant mortality ratei (per 1 000 live births),3.8,3.3,3.2c,Health: Current expenditure (% of GDP),10.2,10.4,10.3l,Health: Physicians (per 1 000 pop.),4.8,5.1,5.2l,Education: Government expenditure (% of GDP),5.7,5.5,5.4m,Education: Primary gross enrol. ratio (f/m per 100 pop.),99.1 /      100.4,101.5 /      102.4,103.0 /      103.6l,Education: Secondary gross enrol. ratio (f/m per 100 pop.),96.8 /      100.7,98.5 /      102.1,98.1 /      101.7l,Education: Upper secondary gross enrol. ratio (f/m per 100 pop.),92.3 /       99.6,97.3 /      103.6,94.5 /      101.4l,Intentional homicide rate (per 100 000 pop.),0.7,0.5,1l,Seats held by women in national parliaments (%),27.9,30.6,39.9n,,,,,,,,,,,,,,,,
"Population age distribution (0-14/60+ years old, %)",14.7 /       23.3,14.1 /       24.3,14.5 /       26.2a,International migrant stock (000/% of total pop.),1 274.9 /       15.2,1 483.1 /       17.1,1 738.2 /       19.3c,Refugees and others of concern to UNHCR (000),68.7j,92.2k,162.1c,Infant mortality ratei (per 1 000 live births),3.8,3.3,3.2c,Health: Current expenditure (% of GDP),10.2,10.4,10.3l,Health: Physicians (per 1 000 pop.),4.8,5.1,5.2l,Education: Government expenditure (% of GDP),5.7,5.5,5.4m,Education: Primary gross enrol. ratio (f/m per 100 pop.),99.1 /      100.4,101.5 /      102.4,103.0 /      103.6l,Education: Secondary gross enrol. ratio (f/m per 100 pop.),96.8 /      100.7,98.5 /      102.1,98.1 /      101.7l,Education: Upper secondary gross enrol. ratio (f/m per 100 pop.),92.3 /       99.6,97.3 /      103.6,94.5 /      101.4l,Intentional homicide rate (per 100 000 pop.),0.7,0.5,1l,Seats held by women in national parliaments (%),27.9,30.6,39.9n,,,,,,,,,,,,,,,,,,,,
International migrant stock (000/% of total pop.),1 274.9 /       15.2,1 483.1 /       17.1,1 738.2 /       19.3c,Refugees and others of concern to UNHCR (000),68.7j,92.2k,162.1c,Infant mortality ratei (per 1 000 live births),3.8,3.3,3.2c,Health: Current expenditure (% of GDP),10.2,10.4,10.3l,Health: Physicians (per 1 000 pop.),4.8,5.1,5.2l,Education: Government expenditure (% of GDP),5.7,5.5,5.4m,Education: Primary gross enrol. ratio (f/m per 100 pop.),99.1 /      100.4,101.5 /      102.4,103.0 /      103.6l,Education: Secondary gross enrol. ratio (f/m per 100 pop.),96.8 /      100.7,98.5 /      102.1,98.1 /      101.7l,Education: Upper secondary gross enrol. ratio (f/m per 100 pop.),92.3 /       99.6,97.3 /      103.6,94.5 /      101.4l,Intentional homicide rate (per 100 000 pop.),0.7,0.5,1l,Seats held by women in national parliaments (%),27.9,30.6,39.9n,,,,,,,,,,,,,,,,,,,,,,,,
Refugees and others of concern to UNHCR (000),68.7j,92.2k,162.1c,Infant mortality ratei (per 1 000 live births),3.8,3.3,3.2c,Health: Current expenditure (% of GDP),10.2,10.4,10.3l,Health: Physicians (per 1 000 pop.),4.8,5.1,5.2l,Education: Government expenditure (% of GDP),5.7,5.5,5.4m,Education: Primary gross enrol. ratio (f/m per 100 pop.),99.1 /      100.4,101.5 /      102.4,103.0 /      103.6l,Education: Secondary gross enrol. ratio (f/m per 100 pop.),96.8 /      100.7,98.5 /      102.1,98.1 /      101.7l,Education: Upper secondary gross enrol. ratio (f/m per 100 pop.),92.3 /       99.6,97.3 /      103.6,94.5 /      101.4l,Intentional homicide rate (per 100 000 pop.),0.7,0.5,1l,Seats held by women in national parliaments (%),27.9,30.6,39.9n,,,,,,,,,,,,,,,,,,,,,,,,,,,,
Infant mortality ratei (per 1 000 live births),3.8,3.3,3.2c,Health: Current expenditure (% of GDP),10.2,10.4,10.3l,Health: Physicians (per 1 000 pop.),4.8,5.1,5.2l,Education: Government expenditure (% of GDP),5.7,5.5,5.4m,Education: Primary gross enrol. ratio (f/m per 100 pop.),99.1 /      100.4,101.5 /      102.4,103.0 /      103.6l,Education: Secondary gross enrol. ratio (f/m per 100 pop.),96.8 /      100.7,98.5 /      102.1,98.1 /      101.7l,Education: Upper secondary gross enrol. ratio (f/m per 100 pop.),92.3 /       99.6,97.3 /      103.6,94.5 /      101.4l,Intentional homicide rate (per 100 000 pop.),0.7,0.5,1l,Seats held by women in national parliaments (%),27.9,30.6,39.9n,,,,,,,,,,,,,,,,,,,,,,,,,,,,,,,,
Health: Current expenditure (% of GDP),10.2,10.4,10.3l,Health: Physicians (per 1 000 pop.),4.8,5.1,5.2l,Education: Government expenditure (% of GDP),5.7,5.5,5.4m,Education: Primary gross enrol. ratio (f/m per 100 pop.),99.1 /      100.4,101.5 /      102.4,103.0 /      103.6l,Education: Secondary gross enrol. ratio (f/m per 100 pop.),96.8 /      100.7,98.5 /      102.1,98.1 /      101.7l,Education: Upper secondary gross enrol. ratio (f/m per 100 pop.),92.3 /       99.6,97.3 /      103.6,94.5 /      101.4l,Intentional homicide rate (per 100 000 pop.),0.7,0.5,1l,Seats held by women in national parliaments (%),27.9,30.6,39.9n,,,,,,,,,,,,,,,,,,,,,,,,,,,,,,,,,,,,
Health: Physicians (per 1 000 pop.),4.8,5.1,5.2l,Education: Government expenditure (% of GDP),5.7,5.5,5.4m,Education: Primary gross enrol. ratio (f/m per 100 pop.),99.1 /      100.4,101.5 /      102.4,103.0 /      103.6l,Education: Secondary gross enrol. ratio (f/m per 100 pop.),96.8 /      100.7,98.5 /      102.1,98.1 /      101.7l,Education: Upper secondary gross enrol. ratio (f/m per 100 pop.),92.3 /       99.6,97.3 /      103.6,94.5 /      101.4l,Intentional homicide rate (per 100 000 pop.),0.7,0.5,1l,Seats held by women in national parliaments (%),27.9,30.6,39.9n,,,,,,,,,,,,,,,,,,,,,,,,,,,,,,,,,,,,,,,,
Education: Government expenditure (% of GDP),5.7,5.5,5.4m,Education: Primary gross enrol. ratio (f/m per 100 pop.),99.1 /      100.4,101.5 /      102.4,103.0 /      103.6l,Education: Secondary gross enrol. ratio (f/m per 100 pop.),96.8 /      100.7,98.5 /      102.1,98.1 /      101.7l,Education: Upper secondary gross enrol. ratio (f/m per 100 pop.),92.3 /       99.6,97.3 /      103.6,94.5 /      101.4l,Intentional homicide rate (per 100 000 pop.),0.7,0.5,1l,Seats held by women in national parliaments (%),27.9,30.6,39.9n,,,,,,,,,,,,,,,,,,,,,,,,,,,,,,,,,,,,,,,,,,,,
Education: Primary gross enrol. ratio (f/m per 100 pop.),99.1 /      100.4,101.5 /      102.4,103.0 /      103.6l,Education: Secondary gross enrol. ratio (f/m per 100 pop.),96.8 /      100.7,98.5 /      102.1,98.1 /      101.7l,Education: Upper secondary gross enrol. ratio (f/m per 100 pop.),92.3 /       99.6,97.3 /      103.6,94.5 /      101.4l,Intentional homicide rate (per 100 000 pop.),0.7,0.5,1l,Seats held by women in national parliaments (%),27.9,30.6,39.9n,,,,,,,,,,,,,,,,,,,,,,,,,,,,,,,,,,,,,,,,,,,,,,,,
Education: Secondary gross enrol. ratio (f/m per 100 pop.),96.8 /      100.7,98.5 /      102.1,98.1 /      101.7l,Education: Upper secondary gross enrol. ratio (f/m per 100 pop.),92.3 /       99.6,97.3 /      103.6,94.5 /      101.4l,Intentional homicide rate (per 100 000 pop.),0.7,0.5,1l,Seats held by women in national parliaments (%),27.9,30.6,39.9n,,,,,,,,,,,,,,,,,,,,,,,,,,,,,,,,,,,,,,,,,,,,,,,,,,,,
Education: Upper secondary gross enrol. ratio (f/m per 100 pop.),92.3 /       99.6,97.3 /      103.6,94.5 /      101.4l,Intentional homicide rate (per 100 000 pop.),0.7,0.5,1l,Seats held by women in national parliaments (%),27.9,30.6,39.9n,,,,,,,,,,,,,,,,,,,,,,,,,,,,,,,,,,,,,,,,,,,,,,,,,,,,,,,,
Intentional homicide rate (per 100 000 pop.),0.7,0.5,1l,Seats held by women in national parliaments (%),27.9,30.6,39.9n,,,,,,,,,,,,,,,,,,,,,,,,,,,,,,,,,,,,,,,,,,,,,,,,,,,,,,,,,,,,
Seats held by women in national parliaments (%),27.9,30.6,39.9n,,,,,,,,,,,,,,,,,,,,,,,,,,,,,,,,,,,,,,,,,,,,,,,,,,,,,,,,,,,,,,,,
