0,1,2,3,4,5,6,7,8,9,10,11,12,13,14,15,16,17,18,19,20,21,22,23,24,25,26,27,28,29,30,31,32,33,34,35,36,37,38,39,40,41,42,43,44,45,46,47,48,49,50,51,52,53,54,55,56,57,58,59,60,61,62,63,64,65,66,67
,2010,2015,2021,,,,,,,,,,,,,,,,,,,,,,,,,,,,,,,,,,,,,,,,,,,,,,,,,,,,,,,,,,,,,,,,
GDP: Gross domestic product (million current US$),161 207,165 979,171 158b,"GDP growth rate (annual %, const. 2015 prices)",3.6,3.7,0.8b,GDP per capita (current US$),4 480.8,4 177.9,3 975.5b,Economy: Agriculture (% of Gross Value Added),8.6,12.1,12.9b,Economy: Industry (% of Gross Value Added),51.4,37.3,39b,Economy: Services and other activity (% of GVA),40,50.6,48.1b,Employment in agriculturee (% of employed),11.9,10.3,9.7d,Employment in industrye (% of employed),30.1,31,30.7d,Employment in servicese (% employed),58,58.7,59.6d,Unemploymente (% of labour force),10,11.2,11.5d,Labour force participation ratee (female/male pop. %),14.4 /       70.0,15.2 /       67.4,14.6 /       67.0d,CPI: Consumer Price Indexf (2010=100),100,127,"155g,d",Agricultural production index (2014-2016=100),76,100,112b,International trade: exports (million current US$),57 051,34 796,"28 986e,d",International trade: imports (million current US$),41 000,51 803,"41 678e,d",International trade: balance (million current US$),16 051,- 17 007,"- 12 692e,d","Balance of payments, current account (million US$)",12 220,- 27 038,- 17 148b
"GDP growth rate (annual %, const. 2015 prices)",3.6,3.7,0.8b,GDP per capita (current US$),4 480.8,4 177.9,3 975.5b,Economy: Agriculture (% of Gross Value Added),8.6,12.1,12.9b,Economy: Industry (% of Gross Value Added),51.4,37.3,39b,Economy: Services and other activity (% of GVA),40,50.6,48.1b,Employment in agriculturee (% of employed),11.9,10.3,9.7d,Employment in industrye (% of employed),30.1,31,30.7d,Employment in servicese (% employed),58,58.7,59.6d,Unemploymente (% of labour force),10,11.2,11.5d,Labour force participation ratee (female/male pop. %),14.4 /       70.0,15.2 /       67.4,14.6 /       67.0d,CPI: Consumer Price Indexf (2010=100),100,127,"155g,d",Agricultural production index (2014-2016=100),76,100,112b,International trade: exports (million current US$),57 051,34 796,"28 986e,d",International trade: imports (million current US$),41 000,51 803,"41 678e,d",International trade: balance (million current US$),16 051,- 17 007,"- 12 692e,d","Balance of payments, current account (million US$)",12 220,- 27 038,- 17 148b,,,,
GDP per capita (current US$),4 480.8,4 177.9,3 975.5b,Economy: Agriculture (% of Gross Value Added),8.6,12.1,12.9b,Economy: Industry (% of Gross Value Added),51.4,37.3,39b,Economy: Services and other activity (% of GVA),40,50.6,48.1b,Employment in agriculturee (% of employed),11.9,10.3,9.7d,Employment in industrye (% of employed),30.1,31,30.7d,Employment in servicese (% employed),58,58.7,59.6d,Unemploymente (% of labour force),10,11.2,11.5d,Labour force participation ratee (female/male pop. %),14.4 /       70.0,15.2 /       67.4,14.6 /       67.0d,CPI: Consumer Price Indexf (2010=100),100,127,"155g,d",Agricultural production index (2014-2016=100),76,100,112b,International trade: exports (million current US$),57 051,34 796,"28 986e,d",International trade: imports (million current US$),41 000,51 803,"41 678e,d",International trade: balance (million current US$),16 051,- 17 007,"- 12 692e,d","Balance of payments, current account (million US$)",12 220,- 27 038,- 17 148b,,,,,,,,
Economy: Agriculture (% of Gross Value Added),8.6,12.1,12.9b,Economy: Industry (% of Gross Value Added),51.4,37.3,39b,Economy: Services and other activity (% of GVA),40,50.6,48.1b,Employment in agriculturee (% of employed),11.9,10.3,9.7d,Employment in industrye (% of employed),30.1,31,30.7d,Employment in servicese (% employed),58,58.7,59.6d,Unemploymente (% of labour force),10,11.2,11.5d,Labour force participation ratee (female/male pop. %),14.4 /       70.0,15.2 /       67.4,14.6 /       67.0d,CPI: Consumer Price Indexf (2010=100),100,127,"155g,d",Agricultural production index (2014-2016=100),76,100,112b,International trade: exports (million current US$),57 051,34 796,"28 986e,d",International trade: imports (million current US$),41 000,51 803,"41 678e,d",International trade: balance (million current US$),16 051,- 17 007,"- 12 692e,d","Balance of payments, current account (million US$)",12 220,- 27 038,- 17 148b,,,,,,,,,,,,
Economy: Industry (% of Gross Value Added),51.4,37.3,39b,Economy: Services and other activity (% of GVA),40,50.6,48.1b,Employment in agriculturee (% of employed),11.9,10.3,9.7d,Employment in industrye (% of employed),30.1,31,30.7d,Employment in servicese (% employed),58,58.7,59.6d,Unemploymente (% of labour force),10,11.2,11.5d,Labour force participation ratee (female/male pop. %),14.4 /       70.0,15.2 /       67.4,14.6 /       67.0d,CPI: Consumer Price Indexf (2010=100),100,127,"155g,d",Agricultural production index (2014-2016=100),76,100,112b,International trade: exports (million current US$),57 051,34 796,"28 986e,d",International trade: imports (million current US$),41 000,51 803,"41 678e,d",International trade: balance (million current US$),16 051,- 17 007,"- 12 692e,d","Balance of payments, current account (million US$)",12 220,- 27 038,- 17 148b,,,,,,,,,,,,,,,,
Economy: Services and other activity (% of GVA),40,50.6,48.1b,Employment in agriculturee (% of employed),11.9,10.3,9.7d,Employment in industrye (% of employed),30.1,31,30.7d,Employment in servicese (% employed),58,58.7,59.6d,Unemploymente (% of labour force),10,11.2,11.5d,Labour force participation ratee (female/male pop. %),14.4 /       70.0,15.2 /       67.4,14.6 /       67.0d,CPI: Consumer Price Indexf (2010=100),100,127,"155g,d",Agricultural production index (2014-2016=100),76,100,112b,International trade: exports (million current US$),57 051,34 796,"28 986e,d",International trade: imports (million current US$),41 000,51 803,"41 678e,d",International trade: balance (million current US$),16 051,- 17 007,"- 12 692e,d","Balance of payments, current account (million US$)",12 220,- 27 038,- 17 148b,,,,,,,,,,,,,,,,,,,,
Employment in agriculturee (% of employed),11.9,10.3,9.7d,Employment in industrye (% of employed),30.1,31,30.7d,Employment in servicese (% employed),58,58.7,59.6d,Unemploymente (% of labour force),10,11.2,11.5d,Labour force participation ratee (female/male pop. %),14.4 /       70.0,15.2 /       67.4,14.6 /       67.0d,CPI: Consumer Price Indexf (2010=100),100,127,"155g,d",Agricultural production index (2014-2016=100),76,100,112b,International trade: exports (million current US$),57 051,34 796,"28 986e,d",International trade: imports (million current US$),41 000,51 803,"41 678e,d",International trade: balance (million current US$),16 051,- 17 007,"- 12 692e,d","Balance of payments, current account (million US$)",12 220,- 27 038,- 17 148b,,,,,,,,,,,,,,,,,,,,,,,,
Employment in industrye (% of employed),30.1,31,30.7d,Employment in servicese (% employed),58,58.7,59.6d,Unemploymente (% of labour force),10,11.2,11.5d,Labour force participation ratee (female/male pop. %),14.4 /       70.0,15.2 /       67.4,14.6 /       67.0d,CPI: Consumer Price Indexf (2010=100),100,127,"155g,d",Agricultural production index (2014-2016=100),76,100,112b,International trade: exports (million current US$),57 051,34 796,"28 986e,d",International trade: imports (million current US$),41 000,51 803,"41 678e,d",International trade: balance (million current US$),16 051,- 17 007,"- 12 692e,d","Balance of payments, current account (million US$)",12 220,- 27 038,- 17 148b,,,,,,,,,,,,,,,,,,,,,,,,,,,,
Employment in servicese (% employed),58,58.7,59.6d,Unemploymente (% of labour force),10,11.2,11.5d,Labour force participation ratee (female/male pop. %),14.4 /       70.0,15.2 /       67.4,14.6 /       67.0d,CPI: Consumer Price Indexf (2010=100),100,127,"155g,d",Agricultural production index (2014-2016=100),76,100,112b,International trade: exports (million current US$),57 051,34 796,"28 986e,d",International trade: imports (million current US$),41 000,51 803,"41 678e,d",International trade: balance (million current US$),16 051,- 17 007,"- 12 692e,d","Balance of payments, current account (million US$)",12 220,- 27 038,- 17 148b,,,,,,,,,,,,,,,,,,,,,,,,,,,,,,,,
Unemploymente (% of labour force),10,11.2,11.5d,Labour force participation ratee (female/male pop. %),14.4 /       70.0,15.2 /       67.4,14.6 /       67.0d,CPI: Consumer Price Indexf (2010=100),100,127,"155g,d",Agricultural production index (2014-2016=100),76,100,112b,International trade: exports (million current US$),57 051,34 796,"28 986e,d",International trade: imports (million current US$),41 000,51 803,"41 678e,d",International trade: balance (million current US$),16 051,- 17 007,"- 12 692e,d","Balance of payments, current account (million US$)",12 220,- 27 038,- 17 148b,,,,,,,,,,,,,,,,,,,,,,,,,,,,,,,,,,,,
Labour force participation ratee (female/male pop. %),14.4 /       70.0,15.2 /       67.4,14.6 /       67.0d,CPI: Consumer Price Indexf (2010=100),100,127,"155g,d",Agricultural production index (2014-2016=100),76,100,112b,International trade: exports (million current US$),57 051,34 796,"28 986e,d",International trade: imports (million current US$),41 000,51 803,"41 678e,d",International trade: balance (million current US$),16 051,- 17 007,"- 12 692e,d","Balance of payments, current account (million US$)",12 220,- 27 038,- 17 148b,,,,,,,,,,,,,,,,,,,,,,,,,,,,,,,,,,,,,,,,
CPI: Consumer Price Indexf (2010=100),100,127,"155g,d",Agricultural production index (2014-2016=100),76,100,112b,International trade: exports (million current US$),57 051,34 796,"28 986e,d",International trade: imports (million current US$),41 000,51 803,"41 678e,d",International trade: balance (million current US$),16 051,- 17 007,"- 12 692e,d","Balance of payments, current account (million US$)",12 220,- 27 038,- 17 148b,,,,,,,,,,,,,,,,,,,,,,,,,,,,,,,,,,,,,,,,,,,,
Agricultural production index (2014-2016=100),76,100,112b,International trade: exports (million current US$),57 051,34 796,"28 986e,d",International trade: imports (million current US$),41 000,51 803,"41 678e,d",International trade: balance (million current US$),16 051,- 17 007,"- 12 692e,d","Balance of payments, current account (million US$)",12 220,- 27 038,- 17 148b,,,,,,,,,,,,,,,,,,,,,,,,,,,,,,,,,,,,,,,,,,,,,,,,
International trade: exports (million current US$),57 051,34 796,"28 986e,d",International trade: imports (million current US$),41 000,51 803,"41 678e,d",International trade: balance (million current US$),16 051,- 17 007,"- 12 692e,d","Balance of payments, current account (million US$)",12 220,- 27 038,- 17 148b,,,,,,,,,,,,,,,,,,,,,,,,,,,,,,,,,,,,,,,,,,,,,,,,,,,,
International trade: imports (million current US$),41 000,51 803,"41 678e,d",International trade: balance (million current US$),16 051,- 17 007,"- 12 692e,d","Balance of payments, current account (million US$)",12 220,- 27 038,- 17 148b,,,,,,,,,,,,,,,,,,,,,,,,,,,,,,,,,,,,,,,,,,,,,,,,,,,,,,,,
International trade: balance (million current US$),16 051,- 17 007,"- 12 692e,d","Balance of payments, current account (million US$)",12 220,- 27 038,- 17 148b,,,,,,,,,,,,,,,,,,,,,,,,,,,,,,,,,,,,,,,,,,,,,,,,,,,,,,,,,,,,
"Balance of payments, current account (million US$)",12 220,- 27 038,- 17 148b,,,,,,,,,,,,,,,,,,,,,,,,,,,,,,,,,,,,,,,,,,,,,,,,,,,,,,,,,,,,,,,,
