0,1,2,3,4,5,6,7,8,9,10,11,12,13,14,15,16,17,18,19,20,21,22,23,24,25,26,27,28,29,30,31,32,33,34,35,36,37,38,39,40,41,42,43,44,45,46,47
,2010,2015,2021,,,,,,,,,,,,,,,,,,,,,,,,,,,,,,,,,,,,,,,,,,,,
Individuals using the Internet (per 100 inhabitants),12.5,38.2e,49k,Research & Development expenditure (% of GDP),"0.1p,q",...,"0.5r,s",Threatened species (number),105,114,170,Forested area (% of land area),0.8,0.8,0.8k,CO2 emission estimates (million tons/tons per capita),95.6 /        2.7,130.5 /        3.3,137.3 /        3.3k,"Energy production, primary (Petajoules)",6 200,5 883,"6 254e,k",Energy supply per capita (Gigajoules),46,56,58k,Tourist/visitor arrivals at national borderst (000),2 070,1 710,2 371b,Important sites for terrestrial biodiversity protected (%),34.6,35.4,36.5d,"Pop. using safely managed drinking water (urban/rural, %)",81.7 /       61.1,79.5 /       65.9,73.7 /       68.7d,Pop. using safely managed sanitation (urban/rural %),18.0 /       23.6,17.0 /       23.1,15.9 /       22.6d,Net Official Development Assist. received (% of GNI),0.13,0.04,0.1b
Research & Development expenditure (% of GDP),"0.1p,q",...,"0.5r,s",Threatened species (number),105,114,170,Forested area (% of land area),0.8,0.8,0.8k,CO2 emission estimates (million tons/tons per capita),95.6 /        2.7,130.5 /        3.3,137.3 /        3.3k,"Energy production, primary (Petajoules)",6 200,5 883,"6 254e,k",Energy supply per capita (Gigajoules),46,56,58k,Tourist/visitor arrivals at national borderst (000),2 070,1 710,2 371b,Important sites for terrestrial biodiversity protected (%),34.6,35.4,36.5d,"Pop. using safely managed drinking water (urban/rural, %)",81.7 /       61.1,79.5 /       65.9,73.7 /       68.7d,Pop. using safely managed sanitation (urban/rural %),18.0 /       23.6,17.0 /       23.1,15.9 /       22.6d,Net Official Development Assist. received (% of GNI),0.13,0.04,0.1b,,,,
Threatened species (number),105,114,170,Forested area (% of land area),0.8,0.8,0.8k,CO2 emission estimates (million tons/tons per capita),95.6 /        2.7,130.5 /        3.3,137.3 /        3.3k,"Energy production, primary (Petajoules)",6 200,5 883,"6 254e,k",Energy supply per capita (Gigajoules),46,56,58k,Tourist/visitor arrivals at national borderst (000),2 070,1 710,2 371b,Important sites for terrestrial biodiversity protected (%),34.6,35.4,36.5d,"Pop. using safely managed drinking water (urban/rural, %)",81.7 /       61.1,79.5 /       65.9,73.7 /       68.7d,Pop. using safely managed sanitation (urban/rural %),18.0 /       23.6,17.0 /       23.1,15.9 /       22.6d,Net Official Development Assist. received (% of GNI),0.13,0.04,0.1b,,,,,,,,
Forested area (% of land area),0.8,0.8,0.8k,CO2 emission estimates (million tons/tons per capita),95.6 /        2.7,130.5 /        3.3,137.3 /        3.3k,"Energy production, primary (Petajoules)",6 200,5 883,"6 254e,k",Energy supply per capita (Gigajoules),46,56,58k,Tourist/visitor arrivals at national borderst (000),2 070,1 710,2 371b,Important sites for terrestrial biodiversity protected (%),34.6,35.4,36.5d,"Pop. using safely managed drinking water (urban/rural, %)",81.7 /       61.1,79.5 /       65.9,73.7 /       68.7d,Pop. using safely managed sanitation (urban/rural %),18.0 /       23.6,17.0 /       23.1,15.9 /       22.6d,Net Official Development Assist. received (% of GNI),0.13,0.04,0.1b,,,,,,,,,,,,
CO2 emission estimates (million tons/tons per capita),95.6 /        2.7,130.5 /        3.3,137.3 /        3.3k,"Energy production, primary (Petajoules)",6 200,5 883,"6 254e,k",Energy supply per capita (Gigajoules),46,56,58k,Tourist/visitor arrivals at national borderst (000),2 070,1 710,2 371b,Important sites for terrestrial biodiversity protected (%),34.6,35.4,36.5d,"Pop. using safely managed drinking water (urban/rural, %)",81.7 /       61.1,79.5 /       65.9,73.7 /       68.7d,Pop. using safely managed sanitation (urban/rural %),18.0 /       23.6,17.0 /       23.1,15.9 /       22.6d,Net Official Development Assist. received (% of GNI),0.13,0.04,0.1b,,,,,,,,,,,,,,,,
"Energy production, primary (Petajoules)",6 200,5 883,"6 254e,k",Energy supply per capita (Gigajoules),46,56,58k,Tourist/visitor arrivals at national borderst (000),2 070,1 710,2 371b,Important sites for terrestrial biodiversity protected (%),34.6,35.4,36.5d,"Pop. using safely managed drinking water (urban/rural, %)",81.7 /       61.1,79.5 /       65.9,73.7 /       68.7d,Pop. using safely managed sanitation (urban/rural %),18.0 /       23.6,17.0 /       23.1,15.9 /       22.6d,Net Official Development Assist. received (% of GNI),0.13,0.04,0.1b,,,,,,,,,,,,,,,,,,,,
Energy supply per capita (Gigajoules),46,56,58k,Tourist/visitor arrivals at national borderst (000),2 070,1 710,2 371b,Important sites for terrestrial biodiversity protected (%),34.6,35.4,36.5d,"Pop. using safely managed drinking water (urban/rural, %)",81.7 /       61.1,79.5 /       65.9,73.7 /       68.7d,Pop. using safely managed sanitation (urban/rural %),18.0 /       23.6,17.0 /       23.1,15.9 /       22.6d,Net Official Development Assist. received (% of GNI),0.13,0.04,0.1b,,,,,,,,,,,,,,,,,,,,,,,,
Tourist/visitor arrivals at national borderst (000),2 070,1 710,2 371b,Important sites for terrestrial biodiversity protected (%),34.6,35.4,36.5d,"Pop. using safely managed drinking water (urban/rural, %)",81.7 /       61.1,79.5 /       65.9,73.7 /       68.7d,Pop. using safely managed sanitation (urban/rural %),18.0 /       23.6,17.0 /       23.1,15.9 /       22.6d,Net Official Development Assist. received (% of GNI),0.13,0.04,0.1b,,,,,,,,,,,,,,,,,,,,,,,,,,,,
Important sites for terrestrial biodiversity protected (%),34.6,35.4,36.5d,"Pop. using safely managed drinking water (urban/rural, %)",81.7 /       61.1,79.5 /       65.9,73.7 /       68.7d,Pop. using safely managed sanitation (urban/rural %),18.0 /       23.6,17.0 /       23.1,15.9 /       22.6d,Net Official Development Assist. received (% of GNI),0.13,0.04,0.1b,,,,,,,,,,,,,,,,,,,,,,,,,,,,,,,,
"Pop. using safely managed drinking water (urban/rural, %)",81.7 /       61.1,79.5 /       65.9,73.7 /       68.7d,Pop. using safely managed sanitation (urban/rural %),18.0 /       23.6,17.0 /       23.1,15.9 /       22.6d,Net Official Development Assist. received (% of GNI),0.13,0.04,0.1b,,,,,,,,,,,,,,,,,,,,,,,,,,,,,,,,,,,,
Pop. using safely managed sanitation (urban/rural %),18.0 /       23.6,17.0 /       23.1,15.9 /       22.6d,Net Official Development Assist. received (% of GNI),0.13,0.04,0.1b,,,,,,,,,,,,,,,,,,,,,,,,,,,,,,,,,,,,,,,,
Net Official Development Assist. received (% of GNI),0.13,0.04,0.1b,,,,,,,,,,,,,,,,,,,,,,,,,,,,,,,,,,,,,,,,,,,,
