0,1,2,3,4,5,6,7,8,9,10,11,12,13,14,15,16,17,18,19,20,21,22,23,24,25,26,27,28,29,30,31,32,33,34,35
,2010,2015,2021,,,,,,,,,,,,,,,,,,,,,,,,,,,,,,,,
Individuals using the Internet (per 100 inhabitants),53i,71.2i,95b,Research & Development expenditure (% of GDP),...,...,"0.3r,s,c",Threatened species (number),170,189,317,Forested areai (% of land area),72.1,72.1,72.1c,CO2 emission estimates (million tons/tons per capita),6.9 /       17.6,6.0 /       14.4,7.1 /       16.7c,"Energy production, primary (Petajoules)",775,673,639c,Energy supply per capita (Gigajoules),349,274,364c,Tourist/visitor arrivals at national borderst (000),214,218,333b,Important sites for terrestrial biodiversity protected (%),41.7,41.7,41.7d
Research & Development expenditure (% of GDP),...,...,"0.3r,s,c",Threatened species (number),170,189,317,Forested areai (% of land area),72.1,72.1,72.1c,CO2 emission estimates (million tons/tons per capita),6.9 /       17.6,6.0 /       14.4,7.1 /       16.7c,"Energy production, primary (Petajoules)",775,673,639c,Energy supply per capita (Gigajoules),349,274,364c,Tourist/visitor arrivals at national borderst (000),214,218,333b,Important sites for terrestrial biodiversity protected (%),41.7,41.7,41.7d,,,,
Threatened species (number),170,189,317,Forested areai (% of land area),72.1,72.1,72.1c,CO2 emission estimates (million tons/tons per capita),6.9 /       17.6,6.0 /       14.4,7.1 /       16.7c,"Energy production, primary (Petajoules)",775,673,639c,Energy supply per capita (Gigajoules),349,274,364c,Tourist/visitor arrivals at national borderst (000),214,218,333b,Important sites for terrestrial biodiversity protected (%),41.7,41.7,41.7d,,,,,,,,
Forested areai (% of land area),72.1,72.1,72.1c,CO2 emission estimates (million tons/tons per capita),6.9 /       17.6,6.0 /       14.4,7.1 /       16.7c,"Energy production, primary (Petajoules)",775,673,639c,Energy supply per capita (Gigajoules),349,274,364c,Tourist/visitor arrivals at national borderst (000),214,218,333b,Important sites for terrestrial biodiversity protected (%),41.7,41.7,41.7d,,,,,,,,,,,,
CO2 emission estimates (million tons/tons per capita),6.9 /       17.6,6.0 /       14.4,7.1 /       16.7c,"Energy production, primary (Petajoules)",775,673,639c,Energy supply per capita (Gigajoules),349,274,364c,Tourist/visitor arrivals at national borderst (000),214,218,333b,Important sites for terrestrial biodiversity protected (%),41.7,41.7,41.7d,,,,,,,,,,,,,,,,
"Energy production, primary (Petajoules)",775,673,639c,Energy supply per capita (Gigajoules),349,274,364c,Tourist/visitor arrivals at national borderst (000),214,218,333b,Important sites for terrestrial biodiversity protected (%),41.7,41.7,41.7d,,,,,,,,,,,,,,,,,,,,
Energy supply per capita (Gigajoules),349,274,364c,Tourist/visitor arrivals at national borderst (000),214,218,333b,Important sites for terrestrial biodiversity protected (%),41.7,41.7,41.7d,,,,,,,,,,,,,,,,,,,,,,,,
Tourist/visitor arrivals at national borderst (000),214,218,333b,Important sites for terrestrial biodiversity protected (%),41.7,41.7,41.7d,,,,,,,,,,,,,,,,,,,,,,,,,,,,
Important sites for terrestrial biodiversity protected (%),41.7,41.7,41.7d,,,,,,,,,,,,,,,,,,,,,,,,,,,,,,,,
