0,1,2,3,4,5,6,7,8,9,10,11,12,13,14,15,16,17,18,19,20,21,22,23,24,25,26,27,28,29,30,31,32,33,34,35,36,37,38,39,40,41,42,43,44,45,46,47,48,49,50,51,52,53,54,55,56,57,58,59,60,61,62,63,64,65,66,67
,2010,2015,2021,,,,,,,,,,,,,,,,,,,,,,,,,,,,,,,,,,,,,,,,,,,,,,,,,,,,,,,,,,,,,,,,
Population growth ratej (average annual %),1.2,1.3,1.1d,Urban population (% of total population),75,76.7,77.9b,Urban population growth ratej (average annual %),1.7,1.9,...,"Fertility rate, totalj (live births per woman)",1.9,2,1.8d,"Life expectancy at birthj (females/males, years)",75.5 /       73.4,76.2 /       73.8,76.9 /       74.5d,"Population age distribution (0-14/60+ years old, %)",26.0 /        5.4,24.1 /        7.0,21.9 /       10.0a,International migrant stock (000/% of total pop.),100.6 /       25.9,102.7 /       24.8,112.0 /       25.6d,Refugees and others of concern to UNHCR (000),21k,20.5,20.9d,Infant mortality ratej (per 1 000 live births),9.3,8.8,7.9d,Health: Current expenditurel (% of GDP),2.3,2.4,2.4c,Health: Physicians (per 1 000 pop.),1.4,1.8,1.6m,Education: Government expenditure (% of GDP),2,3.4n,4.4o,Education: Primary gross enrol. ratio (f/m per 100 pop.),106.3 /      106.8,105.3 /      105.7,100.5 /       99.7b,Education: Secondary gross enrol. ratio (f/m per 100 pop.),99.5 /       98.9,97.5 /       95.5,93.7 /       90.6b,Education: Upper secondary gross enrol. ratio (f/m per 100 pop.),97.7 /       96.6,95.0 /       91.6,88.1 /       83.7b,Intentional homicide rate (per 100 000 pop.),0.3,0.5p,...,Seats held by women in national parliaments (%),...,...,9.1q
Urban population (% of total population),75,76.7,77.9b,Urban population growth ratej (average annual %),1.7,1.9,...,"Fertility rate, totalj (live births per woman)",1.9,2,1.8d,"Life expectancy at birthj (females/males, years)",75.5 /       73.4,76.2 /       73.8,76.9 /       74.5d,"Population age distribution (0-14/60+ years old, %)",26.0 /        5.4,24.1 /        7.0,21.9 /       10.0a,International migrant stock (000/% of total pop.),100.6 /       25.9,102.7 /       24.8,112.0 /       25.6d,Refugees and others of concern to UNHCR (000),21k,20.5,20.9d,Infant mortality ratej (per 1 000 live births),9.3,8.8,7.9d,Health: Current expenditurel (% of GDP),2.3,2.4,2.4c,Health: Physicians (per 1 000 pop.),1.4,1.8,1.6m,Education: Government expenditure (% of GDP),2,3.4n,4.4o,Education: Primary gross enrol. ratio (f/m per 100 pop.),106.3 /      106.8,105.3 /      105.7,100.5 /       99.7b,Education: Secondary gross enrol. ratio (f/m per 100 pop.),99.5 /       98.9,97.5 /       95.5,93.7 /       90.6b,Education: Upper secondary gross enrol. ratio (f/m per 100 pop.),97.7 /       96.6,95.0 /       91.6,88.1 /       83.7b,Intentional homicide rate (per 100 000 pop.),0.3,0.5p,...,Seats held by women in national parliaments (%),...,...,9.1q,,,,
Urban population growth ratej (average annual %),1.7,1.9,...,"Fertility rate, totalj (live births per woman)",1.9,2,1.8d,"Life expectancy at birthj (females/males, years)",75.5 /       73.4,76.2 /       73.8,76.9 /       74.5d,"Population age distribution (0-14/60+ years old, %)",26.0 /        5.4,24.1 /        7.0,21.9 /       10.0a,International migrant stock (000/% of total pop.),100.6 /       25.9,102.7 /       24.8,112.0 /       25.6d,Refugees and others of concern to UNHCR (000),21k,20.5,20.9d,Infant mortality ratej (per 1 000 live births),9.3,8.8,7.9d,Health: Current expenditurel (% of GDP),2.3,2.4,2.4c,Health: Physicians (per 1 000 pop.),1.4,1.8,1.6m,Education: Government expenditure (% of GDP),2,3.4n,4.4o,Education: Primary gross enrol. ratio (f/m per 100 pop.),106.3 /      106.8,105.3 /      105.7,100.5 /       99.7b,Education: Secondary gross enrol. ratio (f/m per 100 pop.),99.5 /       98.9,97.5 /       95.5,93.7 /       90.6b,Education: Upper secondary gross enrol. ratio (f/m per 100 pop.),97.7 /       96.6,95.0 /       91.6,88.1 /       83.7b,Intentional homicide rate (per 100 000 pop.),0.3,0.5p,...,Seats held by women in national parliaments (%),...,...,9.1q,,,,,,,,
"Fertility rate, totalj (live births per woman)",1.9,2,1.8d,"Life expectancy at birthj (females/males, years)",75.5 /       73.4,76.2 /       73.8,76.9 /       74.5d,"Population age distribution (0-14/60+ years old, %)",26.0 /        5.4,24.1 /        7.0,21.9 /       10.0a,International migrant stock (000/% of total pop.),100.6 /       25.9,102.7 /       24.8,112.0 /       25.6d,Refugees and others of concern to UNHCR (000),21k,20.5,20.9d,Infant mortality ratej (per 1 000 live births),9.3,8.8,7.9d,Health: Current expenditurel (% of GDP),2.3,2.4,2.4c,Health: Physicians (per 1 000 pop.),1.4,1.8,1.6m,Education: Government expenditure (% of GDP),2,3.4n,4.4o,Education: Primary gross enrol. ratio (f/m per 100 pop.),106.3 /      106.8,105.3 /      105.7,100.5 /       99.7b,Education: Secondary gross enrol. ratio (f/m per 100 pop.),99.5 /       98.9,97.5 /       95.5,93.7 /       90.6b,Education: Upper secondary gross enrol. ratio (f/m per 100 pop.),97.7 /       96.6,95.0 /       91.6,88.1 /       83.7b,Intentional homicide rate (per 100 000 pop.),0.3,0.5p,...,Seats held by women in national parliaments (%),...,...,9.1q,,,,,,,,,,,,
"Life expectancy at birthj (females/males, years)",75.5 /       73.4,76.2 /       73.8,76.9 /       74.5d,"Population age distribution (0-14/60+ years old, %)",26.0 /        5.4,24.1 /        7.0,21.9 /       10.0a,International migrant stock (000/% of total pop.),100.6 /       25.9,102.7 /       24.8,112.0 /       25.6d,Refugees and others of concern to UNHCR (000),21k,20.5,20.9d,Infant mortality ratej (per 1 000 live births),9.3,8.8,7.9d,Health: Current expenditurel (% of GDP),2.3,2.4,2.4c,Health: Physicians (per 1 000 pop.),1.4,1.8,1.6m,Education: Government expenditure (% of GDP),2,3.4n,4.4o,Education: Primary gross enrol. ratio (f/m per 100 pop.),106.3 /      106.8,105.3 /      105.7,100.5 /       99.7b,Education: Secondary gross enrol. ratio (f/m per 100 pop.),99.5 /       98.9,97.5 /       95.5,93.7 /       90.6b,Education: Upper secondary gross enrol. ratio (f/m per 100 pop.),97.7 /       96.6,95.0 /       91.6,88.1 /       83.7b,Intentional homicide rate (per 100 000 pop.),0.3,0.5p,...,Seats held by women in national parliaments (%),...,...,9.1q,,,,,,,,,,,,,,,,
"Population age distribution (0-14/60+ years old, %)",26.0 /        5.4,24.1 /        7.0,21.9 /       10.0a,International migrant stock (000/% of total pop.),100.6 /       25.9,102.7 /       24.8,112.0 /       25.6d,Refugees and others of concern to UNHCR (000),21k,20.5,20.9d,Infant mortality ratej (per 1 000 live births),9.3,8.8,7.9d,Health: Current expenditurel (% of GDP),2.3,2.4,2.4c,Health: Physicians (per 1 000 pop.),1.4,1.8,1.6m,Education: Government expenditure (% of GDP),2,3.4n,4.4o,Education: Primary gross enrol. ratio (f/m per 100 pop.),106.3 /      106.8,105.3 /      105.7,100.5 /       99.7b,Education: Secondary gross enrol. ratio (f/m per 100 pop.),99.5 /       98.9,97.5 /       95.5,93.7 /       90.6b,Education: Upper secondary gross enrol. ratio (f/m per 100 pop.),97.7 /       96.6,95.0 /       91.6,88.1 /       83.7b,Intentional homicide rate (per 100 000 pop.),0.3,0.5p,...,Seats held by women in national parliaments (%),...,...,9.1q,,,,,,,,,,,,,,,,,,,,
International migrant stock (000/% of total pop.),100.6 /       25.9,102.7 /       24.8,112.0 /       25.6d,Refugees and others of concern to UNHCR (000),21k,20.5,20.9d,Infant mortality ratej (per 1 000 live births),9.3,8.8,7.9d,Health: Current expenditurel (% of GDP),2.3,2.4,2.4c,Health: Physicians (per 1 000 pop.),1.4,1.8,1.6m,Education: Government expenditure (% of GDP),2,3.4n,4.4o,Education: Primary gross enrol. ratio (f/m per 100 pop.),106.3 /      106.8,105.3 /      105.7,100.5 /       99.7b,Education: Secondary gross enrol. ratio (f/m per 100 pop.),99.5 /       98.9,97.5 /       95.5,93.7 /       90.6b,Education: Upper secondary gross enrol. ratio (f/m per 100 pop.),97.7 /       96.6,95.0 /       91.6,88.1 /       83.7b,Intentional homicide rate (per 100 000 pop.),0.3,0.5p,...,Seats held by women in national parliaments (%),...,...,9.1q,,,,,,,,,,,,,,,,,,,,,,,,
Refugees and others of concern to UNHCR (000),21k,20.5,20.9d,Infant mortality ratej (per 1 000 live births),9.3,8.8,7.9d,Health: Current expenditurel (% of GDP),2.3,2.4,2.4c,Health: Physicians (per 1 000 pop.),1.4,1.8,1.6m,Education: Government expenditure (% of GDP),2,3.4n,4.4o,Education: Primary gross enrol. ratio (f/m per 100 pop.),106.3 /      106.8,105.3 /      105.7,100.5 /       99.7b,Education: Secondary gross enrol. ratio (f/m per 100 pop.),99.5 /       98.9,97.5 /       95.5,93.7 /       90.6b,Education: Upper secondary gross enrol. ratio (f/m per 100 pop.),97.7 /       96.6,95.0 /       91.6,88.1 /       83.7b,Intentional homicide rate (per 100 000 pop.),0.3,0.5p,...,Seats held by women in national parliaments (%),...,...,9.1q,,,,,,,,,,,,,,,,,,,,,,,,,,,,
Infant mortality ratej (per 1 000 live births),9.3,8.8,7.9d,Health: Current expenditurel (% of GDP),2.3,2.4,2.4c,Health: Physicians (per 1 000 pop.),1.4,1.8,1.6m,Education: Government expenditure (% of GDP),2,3.4n,4.4o,Education: Primary gross enrol. ratio (f/m per 100 pop.),106.3 /      106.8,105.3 /      105.7,100.5 /       99.7b,Education: Secondary gross enrol. ratio (f/m per 100 pop.),99.5 /       98.9,97.5 /       95.5,93.7 /       90.6b,Education: Upper secondary gross enrol. ratio (f/m per 100 pop.),97.7 /       96.6,95.0 /       91.6,88.1 /       83.7b,Intentional homicide rate (per 100 000 pop.),0.3,0.5p,...,Seats held by women in national parliaments (%),...,...,9.1q,,,,,,,,,,,,,,,,,,,,,,,,,,,,,,,,
Health: Current expenditurel (% of GDP),2.3,2.4,2.4c,Health: Physicians (per 1 000 pop.),1.4,1.8,1.6m,Education: Government expenditure (% of GDP),2,3.4n,4.4o,Education: Primary gross enrol. ratio (f/m per 100 pop.),106.3 /      106.8,105.3 /      105.7,100.5 /       99.7b,Education: Secondary gross enrol. ratio (f/m per 100 pop.),99.5 /       98.9,97.5 /       95.5,93.7 /       90.6b,Education: Upper secondary gross enrol. ratio (f/m per 100 pop.),97.7 /       96.6,95.0 /       91.6,88.1 /       83.7b,Intentional homicide rate (per 100 000 pop.),0.3,0.5p,...,Seats held by women in national parliaments (%),...,...,9.1q,,,,,,,,,,,,,,,,,,,,,,,,,,,,,,,,,,,,
Health: Physicians (per 1 000 pop.),1.4,1.8,1.6m,Education: Government expenditure (% of GDP),2,3.4n,4.4o,Education: Primary gross enrol. ratio (f/m per 100 pop.),106.3 /      106.8,105.3 /      105.7,100.5 /       99.7b,Education: Secondary gross enrol. ratio (f/m per 100 pop.),99.5 /       98.9,97.5 /       95.5,93.7 /       90.6b,Education: Upper secondary gross enrol. ratio (f/m per 100 pop.),97.7 /       96.6,95.0 /       91.6,88.1 /       83.7b,Intentional homicide rate (per 100 000 pop.),0.3,0.5p,...,Seats held by women in national parliaments (%),...,...,9.1q,,,,,,,,,,,,,,,,,,,,,,,,,,,,,,,,,,,,,,,,
Education: Government expenditure (% of GDP),2,3.4n,4.4o,Education: Primary gross enrol. ratio (f/m per 100 pop.),106.3 /      106.8,105.3 /      105.7,100.5 /       99.7b,Education: Secondary gross enrol. ratio (f/m per 100 pop.),99.5 /       98.9,97.5 /       95.5,93.7 /       90.6b,Education: Upper secondary gross enrol. ratio (f/m per 100 pop.),97.7 /       96.6,95.0 /       91.6,88.1 /       83.7b,Intentional homicide rate (per 100 000 pop.),0.3,0.5p,...,Seats held by women in national parliaments (%),...,...,9.1q,,,,,,,,,,,,,,,,,,,,,,,,,,,,,,,,,,,,,,,,,,,,
Education: Primary gross enrol. ratio (f/m per 100 pop.),106.3 /      106.8,105.3 /      105.7,100.5 /       99.7b,Education: Secondary gross enrol. ratio (f/m per 100 pop.),99.5 /       98.9,97.5 /       95.5,93.7 /       90.6b,Education: Upper secondary gross enrol. ratio (f/m per 100 pop.),97.7 /       96.6,95.0 /       91.6,88.1 /       83.7b,Intentional homicide rate (per 100 000 pop.),0.3,0.5p,...,Seats held by women in national parliaments (%),...,...,9.1q,,,,,,,,,,,,,,,,,,,,,,,,,,,,,,,,,,,,,,,,,,,,,,,,
Education: Secondary gross enrol. ratio (f/m per 100 pop.),99.5 /       98.9,97.5 /       95.5,93.7 /       90.6b,Education: Upper secondary gross enrol. ratio (f/m per 100 pop.),97.7 /       96.6,95.0 /       91.6,88.1 /       83.7b,Intentional homicide rate (per 100 000 pop.),0.3,0.5p,...,Seats held by women in national parliaments (%),...,...,9.1q,,,,,,,,,,,,,,,,,,,,,,,,,,,,,,,,,,,,,,,,,,,,,,,,,,,,
Education: Upper secondary gross enrol. ratio (f/m per 100 pop.),97.7 /       96.6,95.0 /       91.6,88.1 /       83.7b,Intentional homicide rate (per 100 000 pop.),0.3,0.5p,...,Seats held by women in national parliaments (%),...,...,9.1q,,,,,,,,,,,,,,,,,,,,,,,,,,,,,,,,,,,,,,,,,,,,,,,,,,,,,,,,
Intentional homicide rate (per 100 000 pop.),0.3,0.5p,...,Seats held by women in national parliaments (%),...,...,9.1q,,,,,,,,,,,,,,,,,,,,,,,,,,,,,,,,,,,,,,,,,,,,,,,,,,,,,,,,,,,,
Seats held by women in national parliaments (%),...,...,9.1q,,,,,,,,,,,,,,,,,,,,,,,,,,,,,,,,,,,,,,,,,,,,,,,,,,,,,,,,,,,,,,,,
