0,1,2,3,4,5,6,7,8,9,10,11,12,13,14,15,16,17,18,19,20,21,22,23,24,25,26,27,28,29,30,31,32,33,34,35
,2010,2015,2021,,,,,,,,,,,,,,,,,,,,,,,,,,,,,,,,
Individuals using the Internet (per 100 inhabitants),1e,4.9e,2.7k,Research & Development expendituren (% of GDP),0.1,0.1o,"0.2p,c",Threatened species (number),52,60,194,Forested areae (% of land area),7.6,10.9,10.9c,"Energy production, primary (Petajoules)",54e,56,"56e,c",Energy supply per capita (Gigajoules),7e,6,6c,Tourist/visitor arrivals at national bordersq (000),142p,131,299k,Important sites for terrestrial biodiversity protected (%),56.8,56.8,56.8d,Net Official Development Assist. received (% of GNI),31.05,11.81,18.34b
Research & Development expendituren (% of GDP),0.1,0.1o,"0.2p,c",Threatened species (number),52,60,194,Forested areae (% of land area),7.6,10.9,10.9c,"Energy production, primary (Petajoules)",54e,56,"56e,c",Energy supply per capita (Gigajoules),7e,6,6c,Tourist/visitor arrivals at national bordersq (000),142p,131,299k,Important sites for terrestrial biodiversity protected (%),56.8,56.8,56.8d,Net Official Development Assist. received (% of GNI),31.05,11.81,18.34b,,,,
Threatened species (number),52,60,194,Forested areae (% of land area),7.6,10.9,10.9c,"Energy production, primary (Petajoules)",54e,56,"56e,c",Energy supply per capita (Gigajoules),7e,6,6c,Tourist/visitor arrivals at national bordersq (000),142p,131,299k,Important sites for terrestrial biodiversity protected (%),56.8,56.8,56.8d,Net Official Development Assist. received (% of GNI),31.05,11.81,18.34b,,,,,,,,
Forested areae (% of land area),7.6,10.9,10.9c,"Energy production, primary (Petajoules)",54e,56,"56e,c",Energy supply per capita (Gigajoules),7e,6,6c,Tourist/visitor arrivals at national bordersq (000),142p,131,299k,Important sites for terrestrial biodiversity protected (%),56.8,56.8,56.8d,Net Official Development Assist. received (% of GNI),31.05,11.81,18.34b,,,,,,,,,,,,
"Energy production, primary (Petajoules)",54e,56,"56e,c",Energy supply per capita (Gigajoules),7e,6,6c,Tourist/visitor arrivals at national bordersq (000),142p,131,299k,Important sites for terrestrial biodiversity protected (%),56.8,56.8,56.8d,Net Official Development Assist. received (% of GNI),31.05,11.81,18.34b,,,,,,,,,,,,,,,,
Energy supply per capita (Gigajoules),7e,6,6c,Tourist/visitor arrivals at national bordersq (000),142p,131,299k,Important sites for terrestrial biodiversity protected (%),56.8,56.8,56.8d,Net Official Development Assist. received (% of GNI),31.05,11.81,18.34b,,,,,,,,,,,,,,,,,,,,
Tourist/visitor arrivals at national bordersq (000),142p,131,299k,Important sites for terrestrial biodiversity protected (%),56.8,56.8,56.8d,Net Official Development Assist. received (% of GNI),31.05,11.81,18.34b,,,,,,,,,,,,,,,,,,,,,,,,
Important sites for terrestrial biodiversity protected (%),56.8,56.8,56.8d,Net Official Development Assist. received (% of GNI),31.05,11.81,18.34b,,,,,,,,,,,,,,,,,,,,,,,,,,,,
Net Official Development Assist. received (% of GNI),31.05,11.81,18.34b,,,,,,,,,,,,,,,,,,,,,,,,,,,,,,,,
