0,1,2,3,4,5,6,7,8,9,10,11,12,13,14,15,16,17,18,19,20,21,22,23,24,25,26,27,28,29,30,31,32,33,34,35,36,37,38,39,40,41,42,43,44,45,46,47,48,49,50,51,52,53,54,55,56,57,58,59,60,61,62,63,64,65,66,67
,2010,2015,2021,,,,,,,,,,,,,,,,,,,,,,,,,,,,,,,,,,,,,,,,,,,,,,,,,,,,,,,,,,,,,,,,
Population growth rateg (average annual %),3.3,3.2,3.1d,Urban population (% of total population),10.6,12.1,13.4b,Urban population growth rateg (average annual %),5.9,5.6,...,"Fertility rate, totalg (live births per woman)",6.4,6,5.4d,"Life expectancy at birthg (females/males, years)",57.0 /       53.6,60.7 /       57.1,62.8 /       59.2d,"Population age distribution (0-14/60+ years old, %)",45.1 /        3.3,45.5 /        3.7,45.1 /        4.1a,International migrant stockh (000/% of total pop.),247.3 /        2.9,298.3 /        2.9,344.8 /        2.9d,Refugees and others of concern to UNHCR (000),200.8i,137.7,117.1d,Infant mortality rateg (per 1 000 live births),70,52.3,42.4d,Health: Current expenditurej (% of GDP),11.3,6.6,7.7c,Health: Physicians (per 1 000 pop.),~0.0,~0.0,0.1k,Education: Government expenditure (% of GDP),6.8,6.4e,5.1c,Education: Primary gross enrol. ratio (f/m per 100 pop.),136.4 /      138.0,132.8 /      129.0,119.8 /      118.1b,Education: Secondary gross enrol. ratio (f/m per 100 pop.),19.5 /       27.1,42.9 /       45.8,48.3 /       41.9b,Education: Upper secondary gross enrol. ratio (f/m per 100 pop.),9.2 /       15.5,22.6 /       30.4,41.5 /       40.5b,Intentional homicide rate (per 100 000 pop.),4,4.5,6.1l,Seats held by women in national parliaments (%),31.4,30.5,38.2m
Urban population (% of total population),10.6,12.1,13.4b,Urban population growth rateg (average annual %),5.9,5.6,...,"Fertility rate, totalg (live births per woman)",6.4,6,5.4d,"Life expectancy at birthg (females/males, years)",57.0 /       53.6,60.7 /       57.1,62.8 /       59.2d,"Population age distribution (0-14/60+ years old, %)",45.1 /        3.3,45.5 /        3.7,45.1 /        4.1a,International migrant stockh (000/% of total pop.),247.3 /        2.9,298.3 /        2.9,344.8 /        2.9d,Refugees and others of concern to UNHCR (000),200.8i,137.7,117.1d,Infant mortality rateg (per 1 000 live births),70,52.3,42.4d,Health: Current expenditurej (% of GDP),11.3,6.6,7.7c,Health: Physicians (per 1 000 pop.),~0.0,~0.0,0.1k,Education: Government expenditure (% of GDP),6.8,6.4e,5.1c,Education: Primary gross enrol. ratio (f/m per 100 pop.),136.4 /      138.0,132.8 /      129.0,119.8 /      118.1b,Education: Secondary gross enrol. ratio (f/m per 100 pop.),19.5 /       27.1,42.9 /       45.8,48.3 /       41.9b,Education: Upper secondary gross enrol. ratio (f/m per 100 pop.),9.2 /       15.5,22.6 /       30.4,41.5 /       40.5b,Intentional homicide rate (per 100 000 pop.),4,4.5,6.1l,Seats held by women in national parliaments (%),31.4,30.5,38.2m,,,,
Urban population growth rateg (average annual %),5.9,5.6,...,"Fertility rate, totalg (live births per woman)",6.4,6,5.4d,"Life expectancy at birthg (females/males, years)",57.0 /       53.6,60.7 /       57.1,62.8 /       59.2d,"Population age distribution (0-14/60+ years old, %)",45.1 /        3.3,45.5 /        3.7,45.1 /        4.1a,International migrant stockh (000/% of total pop.),247.3 /        2.9,298.3 /        2.9,344.8 /        2.9d,Refugees and others of concern to UNHCR (000),200.8i,137.7,117.1d,Infant mortality rateg (per 1 000 live births),70,52.3,42.4d,Health: Current expenditurej (% of GDP),11.3,6.6,7.7c,Health: Physicians (per 1 000 pop.),~0.0,~0.0,0.1k,Education: Government expenditure (% of GDP),6.8,6.4e,5.1c,Education: Primary gross enrol. ratio (f/m per 100 pop.),136.4 /      138.0,132.8 /      129.0,119.8 /      118.1b,Education: Secondary gross enrol. ratio (f/m per 100 pop.),19.5 /       27.1,42.9 /       45.8,48.3 /       41.9b,Education: Upper secondary gross enrol. ratio (f/m per 100 pop.),9.2 /       15.5,22.6 /       30.4,41.5 /       40.5b,Intentional homicide rate (per 100 000 pop.),4,4.5,6.1l,Seats held by women in national parliaments (%),31.4,30.5,38.2m,,,,,,,,
"Fertility rate, totalg (live births per woman)",6.4,6,5.4d,"Life expectancy at birthg (females/males, years)",57.0 /       53.6,60.7 /       57.1,62.8 /       59.2d,"Population age distribution (0-14/60+ years old, %)",45.1 /        3.3,45.5 /        3.7,45.1 /        4.1a,International migrant stockh (000/% of total pop.),247.3 /        2.9,298.3 /        2.9,344.8 /        2.9d,Refugees and others of concern to UNHCR (000),200.8i,137.7,117.1d,Infant mortality rateg (per 1 000 live births),70,52.3,42.4d,Health: Current expenditurej (% of GDP),11.3,6.6,7.7c,Health: Physicians (per 1 000 pop.),~0.0,~0.0,0.1k,Education: Government expenditure (% of GDP),6.8,6.4e,5.1c,Education: Primary gross enrol. ratio (f/m per 100 pop.),136.4 /      138.0,132.8 /      129.0,119.8 /      118.1b,Education: Secondary gross enrol. ratio (f/m per 100 pop.),19.5 /       27.1,42.9 /       45.8,48.3 /       41.9b,Education: Upper secondary gross enrol. ratio (f/m per 100 pop.),9.2 /       15.5,22.6 /       30.4,41.5 /       40.5b,Intentional homicide rate (per 100 000 pop.),4,4.5,6.1l,Seats held by women in national parliaments (%),31.4,30.5,38.2m,,,,,,,,,,,,
"Life expectancy at birthg (females/males, years)",57.0 /       53.6,60.7 /       57.1,62.8 /       59.2d,"Population age distribution (0-14/60+ years old, %)",45.1 /        3.3,45.5 /        3.7,45.1 /        4.1a,International migrant stockh (000/% of total pop.),247.3 /        2.9,298.3 /        2.9,344.8 /        2.9d,Refugees and others of concern to UNHCR (000),200.8i,137.7,117.1d,Infant mortality rateg (per 1 000 live births),70,52.3,42.4d,Health: Current expenditurej (% of GDP),11.3,6.6,7.7c,Health: Physicians (per 1 000 pop.),~0.0,~0.0,0.1k,Education: Government expenditure (% of GDP),6.8,6.4e,5.1c,Education: Primary gross enrol. ratio (f/m per 100 pop.),136.4 /      138.0,132.8 /      129.0,119.8 /      118.1b,Education: Secondary gross enrol. ratio (f/m per 100 pop.),19.5 /       27.1,42.9 /       45.8,48.3 /       41.9b,Education: Upper secondary gross enrol. ratio (f/m per 100 pop.),9.2 /       15.5,22.6 /       30.4,41.5 /       40.5b,Intentional homicide rate (per 100 000 pop.),4,4.5,6.1l,Seats held by women in national parliaments (%),31.4,30.5,38.2m,,,,,,,,,,,,,,,,
"Population age distribution (0-14/60+ years old, %)",45.1 /        3.3,45.5 /        3.7,45.1 /        4.1a,International migrant stockh (000/% of total pop.),247.3 /        2.9,298.3 /        2.9,344.8 /        2.9d,Refugees and others of concern to UNHCR (000),200.8i,137.7,117.1d,Infant mortality rateg (per 1 000 live births),70,52.3,42.4d,Health: Current expenditurej (% of GDP),11.3,6.6,7.7c,Health: Physicians (per 1 000 pop.),~0.0,~0.0,0.1k,Education: Government expenditure (% of GDP),6.8,6.4e,5.1c,Education: Primary gross enrol. ratio (f/m per 100 pop.),136.4 /      138.0,132.8 /      129.0,119.8 /      118.1b,Education: Secondary gross enrol. ratio (f/m per 100 pop.),19.5 /       27.1,42.9 /       45.8,48.3 /       41.9b,Education: Upper secondary gross enrol. ratio (f/m per 100 pop.),9.2 /       15.5,22.6 /       30.4,41.5 /       40.5b,Intentional homicide rate (per 100 000 pop.),4,4.5,6.1l,Seats held by women in national parliaments (%),31.4,30.5,38.2m,,,,,,,,,,,,,,,,,,,,
International migrant stockh (000/% of total pop.),247.3 /        2.9,298.3 /        2.9,344.8 /        2.9d,Refugees and others of concern to UNHCR (000),200.8i,137.7,117.1d,Infant mortality rateg (per 1 000 live births),70,52.3,42.4d,Health: Current expenditurej (% of GDP),11.3,6.6,7.7c,Health: Physicians (per 1 000 pop.),~0.0,~0.0,0.1k,Education: Government expenditure (% of GDP),6.8,6.4e,5.1c,Education: Primary gross enrol. ratio (f/m per 100 pop.),136.4 /      138.0,132.8 /      129.0,119.8 /      118.1b,Education: Secondary gross enrol. ratio (f/m per 100 pop.),19.5 /       27.1,42.9 /       45.8,48.3 /       41.9b,Education: Upper secondary gross enrol. ratio (f/m per 100 pop.),9.2 /       15.5,22.6 /       30.4,41.5 /       40.5b,Intentional homicide rate (per 100 000 pop.),4,4.5,6.1l,Seats held by women in national parliaments (%),31.4,30.5,38.2m,,,,,,,,,,,,,,,,,,,,,,,,
Refugees and others of concern to UNHCR (000),200.8i,137.7,117.1d,Infant mortality rateg (per 1 000 live births),70,52.3,42.4d,Health: Current expenditurej (% of GDP),11.3,6.6,7.7c,Health: Physicians (per 1 000 pop.),~0.0,~0.0,0.1k,Education: Government expenditure (% of GDP),6.8,6.4e,5.1c,Education: Primary gross enrol. ratio (f/m per 100 pop.),136.4 /      138.0,132.8 /      129.0,119.8 /      118.1b,Education: Secondary gross enrol. ratio (f/m per 100 pop.),19.5 /       27.1,42.9 /       45.8,48.3 /       41.9b,Education: Upper secondary gross enrol. ratio (f/m per 100 pop.),9.2 /       15.5,22.6 /       30.4,41.5 /       40.5b,Intentional homicide rate (per 100 000 pop.),4,4.5,6.1l,Seats held by women in national parliaments (%),31.4,30.5,38.2m,,,,,,,,,,,,,,,,,,,,,,,,,,,,
Infant mortality rateg (per 1 000 live births),70,52.3,42.4d,Health: Current expenditurej (% of GDP),11.3,6.6,7.7c,Health: Physicians (per 1 000 pop.),~0.0,~0.0,0.1k,Education: Government expenditure (% of GDP),6.8,6.4e,5.1c,Education: Primary gross enrol. ratio (f/m per 100 pop.),136.4 /      138.0,132.8 /      129.0,119.8 /      118.1b,Education: Secondary gross enrol. ratio (f/m per 100 pop.),19.5 /       27.1,42.9 /       45.8,48.3 /       41.9b,Education: Upper secondary gross enrol. ratio (f/m per 100 pop.),9.2 /       15.5,22.6 /       30.4,41.5 /       40.5b,Intentional homicide rate (per 100 000 pop.),4,4.5,6.1l,Seats held by women in national parliaments (%),31.4,30.5,38.2m,,,,,,,,,,,,,,,,,,,,,,,,,,,,,,,,
Health: Current expenditurej (% of GDP),11.3,6.6,7.7c,Health: Physicians (per 1 000 pop.),~0.0,~0.0,0.1k,Education: Government expenditure (% of GDP),6.8,6.4e,5.1c,Education: Primary gross enrol. ratio (f/m per 100 pop.),136.4 /      138.0,132.8 /      129.0,119.8 /      118.1b,Education: Secondary gross enrol. ratio (f/m per 100 pop.),19.5 /       27.1,42.9 /       45.8,48.3 /       41.9b,Education: Upper secondary gross enrol. ratio (f/m per 100 pop.),9.2 /       15.5,22.6 /       30.4,41.5 /       40.5b,Intentional homicide rate (per 100 000 pop.),4,4.5,6.1l,Seats held by women in national parliaments (%),31.4,30.5,38.2m,,,,,,,,,,,,,,,,,,,,,,,,,,,,,,,,,,,,
Health: Physicians (per 1 000 pop.),~0.0,~0.0,0.1k,Education: Government expenditure (% of GDP),6.8,6.4e,5.1c,Education: Primary gross enrol. ratio (f/m per 100 pop.),136.4 /      138.0,132.8 /      129.0,119.8 /      118.1b,Education: Secondary gross enrol. ratio (f/m per 100 pop.),19.5 /       27.1,42.9 /       45.8,48.3 /       41.9b,Education: Upper secondary gross enrol. ratio (f/m per 100 pop.),9.2 /       15.5,22.6 /       30.4,41.5 /       40.5b,Intentional homicide rate (per 100 000 pop.),4,4.5,6.1l,Seats held by women in national parliaments (%),31.4,30.5,38.2m,,,,,,,,,,,,,,,,,,,,,,,,,,,,,,,,,,,,,,,,
Education: Government expenditure (% of GDP),6.8,6.4e,5.1c,Education: Primary gross enrol. ratio (f/m per 100 pop.),136.4 /      138.0,132.8 /      129.0,119.8 /      118.1b,Education: Secondary gross enrol. ratio (f/m per 100 pop.),19.5 /       27.1,42.9 /       45.8,48.3 /       41.9b,Education: Upper secondary gross enrol. ratio (f/m per 100 pop.),9.2 /       15.5,22.6 /       30.4,41.5 /       40.5b,Intentional homicide rate (per 100 000 pop.),4,4.5,6.1l,Seats held by women in national parliaments (%),31.4,30.5,38.2m,,,,,,,,,,,,,,,,,,,,,,,,,,,,,,,,,,,,,,,,,,,,
Education: Primary gross enrol. ratio (f/m per 100 pop.),136.4 /      138.0,132.8 /      129.0,119.8 /      118.1b,Education: Secondary gross enrol. ratio (f/m per 100 pop.),19.5 /       27.1,42.9 /       45.8,48.3 /       41.9b,Education: Upper secondary gross enrol. ratio (f/m per 100 pop.),9.2 /       15.5,22.6 /       30.4,41.5 /       40.5b,Intentional homicide rate (per 100 000 pop.),4,4.5,6.1l,Seats held by women in national parliaments (%),31.4,30.5,38.2m,,,,,,,,,,,,,,,,,,,,,,,,,,,,,,,,,,,,,,,,,,,,,,,,
Education: Secondary gross enrol. ratio (f/m per 100 pop.),19.5 /       27.1,42.9 /       45.8,48.3 /       41.9b,Education: Upper secondary gross enrol. ratio (f/m per 100 pop.),9.2 /       15.5,22.6 /       30.4,41.5 /       40.5b,Intentional homicide rate (per 100 000 pop.),4,4.5,6.1l,Seats held by women in national parliaments (%),31.4,30.5,38.2m,,,,,,,,,,,,,,,,,,,,,,,,,,,,,,,,,,,,,,,,,,,,,,,,,,,,
Education: Upper secondary gross enrol. ratio (f/m per 100 pop.),9.2 /       15.5,22.6 /       30.4,41.5 /       40.5b,Intentional homicide rate (per 100 000 pop.),4,4.5,6.1l,Seats held by women in national parliaments (%),31.4,30.5,38.2m,,,,,,,,,,,,,,,,,,,,,,,,,,,,,,,,,,,,,,,,,,,,,,,,,,,,,,,,
Intentional homicide rate (per 100 000 pop.),4,4.5,6.1l,Seats held by women in national parliaments (%),31.4,30.5,38.2m,,,,,,,,,,,,,,,,,,,,,,,,,,,,,,,,,,,,,,,,,,,,,,,,,,,,,,,,,,,,
Seats held by women in national parliaments (%),31.4,30.5,38.2m,,,,,,,,,,,,,,,,,,,,,,,,,,,,,,,,,,,,,,,,,,,,,,,,,,,,,,,,,,,,,,,,
