0,1,2,3,4,5,6,7,8,9,10,11,12,13,14,15,16,17,18,19,20,21,22,23,24,25,26,27,28,29,30,31,32,33,34,35
,2010,2015,2021,,,,,,,,,,,,,,,,,,,,,,,,,,,,,,,,
Individuals using the Internetj (per 100 inhabitants),43.7q,74,78.2r,Threatened species (number),50,69,185,Forested areaj (% of land area),13.4,13.7,13.9n,CO2 emission estimates (million tons/tons per capita),18.3 /        3.7,24.6 /        3.8,25.4 /        3.7n,"Energy production, primary (Petajoules)",9,8,"7j,n",Energy supply per capita (Gigajoules),53,52,51n,Tourist/visitor arrivals at national borderss (000),2 168,1 518,1 936b,Important sites for terrestrial biodiversity protected (%),11.4,12.3,12.3e,Net Official Development Assist. received (% of GNI),1.17,1.96,2.33b
Threatened species (number),50,69,185,Forested areaj (% of land area),13.4,13.7,13.9n,CO2 emission estimates (million tons/tons per capita),18.3 /        3.7,24.6 /        3.8,25.4 /        3.7n,"Energy production, primary (Petajoules)",9,8,"7j,n",Energy supply per capita (Gigajoules),53,52,51n,Tourist/visitor arrivals at national borderss (000),2 168,1 518,1 936b,Important sites for terrestrial biodiversity protected (%),11.4,12.3,12.3e,Net Official Development Assist. received (% of GNI),1.17,1.96,2.33b,,,,
Forested areaj (% of land area),13.4,13.7,13.9n,CO2 emission estimates (million tons/tons per capita),18.3 /        3.7,24.6 /        3.8,25.4 /        3.7n,"Energy production, primary (Petajoules)",9,8,"7j,n",Energy supply per capita (Gigajoules),53,52,51n,Tourist/visitor arrivals at national borderss (000),2 168,1 518,1 936b,Important sites for terrestrial biodiversity protected (%),11.4,12.3,12.3e,Net Official Development Assist. received (% of GNI),1.17,1.96,2.33b,,,,,,,,
CO2 emission estimates (million tons/tons per capita),18.3 /        3.7,24.6 /        3.8,25.4 /        3.7n,"Energy production, primary (Petajoules)",9,8,"7j,n",Energy supply per capita (Gigajoules),53,52,51n,Tourist/visitor arrivals at national borderss (000),2 168,1 518,1 936b,Important sites for terrestrial biodiversity protected (%),11.4,12.3,12.3e,Net Official Development Assist. received (% of GNI),1.17,1.96,2.33b,,,,,,,,,,,,
"Energy production, primary (Petajoules)",9,8,"7j,n",Energy supply per capita (Gigajoules),53,52,51n,Tourist/visitor arrivals at national borderss (000),2 168,1 518,1 936b,Important sites for terrestrial biodiversity protected (%),11.4,12.3,12.3e,Net Official Development Assist. received (% of GNI),1.17,1.96,2.33b,,,,,,,,,,,,,,,,
Energy supply per capita (Gigajoules),53,52,51n,Tourist/visitor arrivals at national borderss (000),2 168,1 518,1 936b,Important sites for terrestrial biodiversity protected (%),11.4,12.3,12.3e,Net Official Development Assist. received (% of GNI),1.17,1.96,2.33b,,,,,,,,,,,,,,,,,,,,
Tourist/visitor arrivals at national borderss (000),2 168,1 518,1 936b,Important sites for terrestrial biodiversity protected (%),11.4,12.3,12.3e,Net Official Development Assist. received (% of GNI),1.17,1.96,2.33b,,,,,,,,,,,,,,,,,,,,,,,,
Important sites for terrestrial biodiversity protected (%),11.4,12.3,12.3e,Net Official Development Assist. received (% of GNI),1.17,1.96,2.33b,,,,,,,,,,,,,,,,,,,,,,,,,,,,
Net Official Development Assist. received (% of GNI),1.17,1.96,2.33b,,,,,,,,,,,,,,,,,,,,,,,,,,,,,,,,
