0,1,2,3,4,5,6,7,8,9,10,11,12,13,14,15,16,17,18,19,20,21,22,23,24,25,26,27,28,29,30,31,32,33,34,35,36,37,38,39,40,41,42,43,44,45,46,47,48,49,50,51,52,53,54,55,56,57,58,59,60,61,62,63,64,65,66,67
,2010,2015,2021,,,,,,,,,,,,,,,,,,,,,,,,,,,,,,,,,,,,,,,,,,,,,,,,,,,,,,,,,,,,,,,,
GDP: Gross domestic product (million current US$),2 208 838,1 802 212,1 847 796b,"GDP growth rate (annual %, const. 2015 prices)",7.5,-3.5,1.1b,GDP per capita (current US$),11 286.1,8 814.0,8 755.3b,Economy: Agriculturee (% of Gross Value Added),4.8,5,5.2b,"Economy: Industryf,g (% of Gross Value Added)",27.4,22.5,20.9b,Economy: Services and other activityh (% of GVA),67.8,72.5,73.9b,Employment in agriculture (% of employed),12.6i,10.2,"9.1i,d",Employment in industry (% of employed),22.5i,22.2,"19.6i,d",Employment in services (% employed),64.8i,67.6,"71.3i,d",Unemploymenti (% of labour force),7.7,8.4,12d,Labour force participation ratei (female/male pop. %),53.5 /       76.5,53.3 /       75.3,54.0 /       73.9d,CPI: Consumer Price Indexj (2010=100),100,138,173d,Agricultural production index (2014-2016=100),89,102,110b,International trade: exportsk (million current US$),201 915,191 127,209 180d,International trade: importsk (million current US$),181 768,171 446,166 336d,International trade: balancek (million current US$),20 147,19 681,42 844d,"Balance of payments, current account (million US$)",- 79 237,- 54 789,- 24 074d
"GDP growth rate (annual %, const. 2015 prices)",7.5,-3.5,1.1b,GDP per capita (current US$),11 286.1,8 814.0,8 755.3b,Economy: Agriculturee (% of Gross Value Added),4.8,5,5.2b,"Economy: Industryf,g (% of Gross Value Added)",27.4,22.5,20.9b,Economy: Services and other activityh (% of GVA),67.8,72.5,73.9b,Employment in agriculture (% of employed),12.6i,10.2,"9.1i,d",Employment in industry (% of employed),22.5i,22.2,"19.6i,d",Employment in services (% employed),64.8i,67.6,"71.3i,d",Unemploymenti (% of labour force),7.7,8.4,12d,Labour force participation ratei (female/male pop. %),53.5 /       76.5,53.3 /       75.3,54.0 /       73.9d,CPI: Consumer Price Indexj (2010=100),100,138,173d,Agricultural production index (2014-2016=100),89,102,110b,International trade: exportsk (million current US$),201 915,191 127,209 180d,International trade: importsk (million current US$),181 768,171 446,166 336d,International trade: balancek (million current US$),20 147,19 681,42 844d,"Balance of payments, current account (million US$)",- 79 237,- 54 789,- 24 074d,,,,
GDP per capita (current US$),11 286.1,8 814.0,8 755.3b,Economy: Agriculturee (% of Gross Value Added),4.8,5,5.2b,"Economy: Industryf,g (% of Gross Value Added)",27.4,22.5,20.9b,Economy: Services and other activityh (% of GVA),67.8,72.5,73.9b,Employment in agriculture (% of employed),12.6i,10.2,"9.1i,d",Employment in industry (% of employed),22.5i,22.2,"19.6i,d",Employment in services (% employed),64.8i,67.6,"71.3i,d",Unemploymenti (% of labour force),7.7,8.4,12d,Labour force participation ratei (female/male pop. %),53.5 /       76.5,53.3 /       75.3,54.0 /       73.9d,CPI: Consumer Price Indexj (2010=100),100,138,173d,Agricultural production index (2014-2016=100),89,102,110b,International trade: exportsk (million current US$),201 915,191 127,209 180d,International trade: importsk (million current US$),181 768,171 446,166 336d,International trade: balancek (million current US$),20 147,19 681,42 844d,"Balance of payments, current account (million US$)",- 79 237,- 54 789,- 24 074d,,,,,,,,
Economy: Agriculturee (% of Gross Value Added),4.8,5,5.2b,"Economy: Industryf,g (% of Gross Value Added)",27.4,22.5,20.9b,Economy: Services and other activityh (% of GVA),67.8,72.5,73.9b,Employment in agriculture (% of employed),12.6i,10.2,"9.1i,d",Employment in industry (% of employed),22.5i,22.2,"19.6i,d",Employment in services (% employed),64.8i,67.6,"71.3i,d",Unemploymenti (% of labour force),7.7,8.4,12d,Labour force participation ratei (female/male pop. %),53.5 /       76.5,53.3 /       75.3,54.0 /       73.9d,CPI: Consumer Price Indexj (2010=100),100,138,173d,Agricultural production index (2014-2016=100),89,102,110b,International trade: exportsk (million current US$),201 915,191 127,209 180d,International trade: importsk (million current US$),181 768,171 446,166 336d,International trade: balancek (million current US$),20 147,19 681,42 844d,"Balance of payments, current account (million US$)",- 79 237,- 54 789,- 24 074d,,,,,,,,,,,,
"Economy: Industryf,g (% of Gross Value Added)",27.4,22.5,20.9b,Economy: Services and other activityh (% of GVA),67.8,72.5,73.9b,Employment in agriculture (% of employed),12.6i,10.2,"9.1i,d",Employment in industry (% of employed),22.5i,22.2,"19.6i,d",Employment in services (% employed),64.8i,67.6,"71.3i,d",Unemploymenti (% of labour force),7.7,8.4,12d,Labour force participation ratei (female/male pop. %),53.5 /       76.5,53.3 /       75.3,54.0 /       73.9d,CPI: Consumer Price Indexj (2010=100),100,138,173d,Agricultural production index (2014-2016=100),89,102,110b,International trade: exportsk (million current US$),201 915,191 127,209 180d,International trade: importsk (million current US$),181 768,171 446,166 336d,International trade: balancek (million current US$),20 147,19 681,42 844d,"Balance of payments, current account (million US$)",- 79 237,- 54 789,- 24 074d,,,,,,,,,,,,,,,,
Economy: Services and other activityh (% of GVA),67.8,72.5,73.9b,Employment in agriculture (% of employed),12.6i,10.2,"9.1i,d",Employment in industry (% of employed),22.5i,22.2,"19.6i,d",Employment in services (% employed),64.8i,67.6,"71.3i,d",Unemploymenti (% of labour force),7.7,8.4,12d,Labour force participation ratei (female/male pop. %),53.5 /       76.5,53.3 /       75.3,54.0 /       73.9d,CPI: Consumer Price Indexj (2010=100),100,138,173d,Agricultural production index (2014-2016=100),89,102,110b,International trade: exportsk (million current US$),201 915,191 127,209 180d,International trade: importsk (million current US$),181 768,171 446,166 336d,International trade: balancek (million current US$),20 147,19 681,42 844d,"Balance of payments, current account (million US$)",- 79 237,- 54 789,- 24 074d,,,,,,,,,,,,,,,,,,,,
Employment in agriculture (% of employed),12.6i,10.2,"9.1i,d",Employment in industry (% of employed),22.5i,22.2,"19.6i,d",Employment in services (% employed),64.8i,67.6,"71.3i,d",Unemploymenti (% of labour force),7.7,8.4,12d,Labour force participation ratei (female/male pop. %),53.5 /       76.5,53.3 /       75.3,54.0 /       73.9d,CPI: Consumer Price Indexj (2010=100),100,138,173d,Agricultural production index (2014-2016=100),89,102,110b,International trade: exportsk (million current US$),201 915,191 127,209 180d,International trade: importsk (million current US$),181 768,171 446,166 336d,International trade: balancek (million current US$),20 147,19 681,42 844d,"Balance of payments, current account (million US$)",- 79 237,- 54 789,- 24 074d,,,,,,,,,,,,,,,,,,,,,,,,
Employment in industry (% of employed),22.5i,22.2,"19.6i,d",Employment in services (% employed),64.8i,67.6,"71.3i,d",Unemploymenti (% of labour force),7.7,8.4,12d,Labour force participation ratei (female/male pop. %),53.5 /       76.5,53.3 /       75.3,54.0 /       73.9d,CPI: Consumer Price Indexj (2010=100),100,138,173d,Agricultural production index (2014-2016=100),89,102,110b,International trade: exportsk (million current US$),201 915,191 127,209 180d,International trade: importsk (million current US$),181 768,171 446,166 336d,International trade: balancek (million current US$),20 147,19 681,42 844d,"Balance of payments, current account (million US$)",- 79 237,- 54 789,- 24 074d,,,,,,,,,,,,,,,,,,,,,,,,,,,,
Employment in services (% employed),64.8i,67.6,"71.3i,d",Unemploymenti (% of labour force),7.7,8.4,12d,Labour force participation ratei (female/male pop. %),53.5 /       76.5,53.3 /       75.3,54.0 /       73.9d,CPI: Consumer Price Indexj (2010=100),100,138,173d,Agricultural production index (2014-2016=100),89,102,110b,International trade: exportsk (million current US$),201 915,191 127,209 180d,International trade: importsk (million current US$),181 768,171 446,166 336d,International trade: balancek (million current US$),20 147,19 681,42 844d,"Balance of payments, current account (million US$)",- 79 237,- 54 789,- 24 074d,,,,,,,,,,,,,,,,,,,,,,,,,,,,,,,,
Unemploymenti (% of labour force),7.7,8.4,12d,Labour force participation ratei (female/male pop. %),53.5 /       76.5,53.3 /       75.3,54.0 /       73.9d,CPI: Consumer Price Indexj (2010=100),100,138,173d,Agricultural production index (2014-2016=100),89,102,110b,International trade: exportsk (million current US$),201 915,191 127,209 180d,International trade: importsk (million current US$),181 768,171 446,166 336d,International trade: balancek (million current US$),20 147,19 681,42 844d,"Balance of payments, current account (million US$)",- 79 237,- 54 789,- 24 074d,,,,,,,,,,,,,,,,,,,,,,,,,,,,,,,,,,,,
Labour force participation ratei (female/male pop. %),53.5 /       76.5,53.3 /       75.3,54.0 /       73.9d,CPI: Consumer Price Indexj (2010=100),100,138,173d,Agricultural production index (2014-2016=100),89,102,110b,International trade: exportsk (million current US$),201 915,191 127,209 180d,International trade: importsk (million current US$),181 768,171 446,166 336d,International trade: balancek (million current US$),20 147,19 681,42 844d,"Balance of payments, current account (million US$)",- 79 237,- 54 789,- 24 074d,,,,,,,,,,,,,,,,,,,,,,,,,,,,,,,,,,,,,,,,
CPI: Consumer Price Indexj (2010=100),100,138,173d,Agricultural production index (2014-2016=100),89,102,110b,International trade: exportsk (million current US$),201 915,191 127,209 180d,International trade: importsk (million current US$),181 768,171 446,166 336d,International trade: balancek (million current US$),20 147,19 681,42 844d,"Balance of payments, current account (million US$)",- 79 237,- 54 789,- 24 074d,,,,,,,,,,,,,,,,,,,,,,,,,,,,,,,,,,,,,,,,,,,,
Agricultural production index (2014-2016=100),89,102,110b,International trade: exportsk (million current US$),201 915,191 127,209 180d,International trade: importsk (million current US$),181 768,171 446,166 336d,International trade: balancek (million current US$),20 147,19 681,42 844d,"Balance of payments, current account (million US$)",- 79 237,- 54 789,- 24 074d,,,,,,,,,,,,,,,,,,,,,,,,,,,,,,,,,,,,,,,,,,,,,,,,
International trade: exportsk (million current US$),201 915,191 127,209 180d,International trade: importsk (million current US$),181 768,171 446,166 336d,International trade: balancek (million current US$),20 147,19 681,42 844d,"Balance of payments, current account (million US$)",- 79 237,- 54 789,- 24 074d,,,,,,,,,,,,,,,,,,,,,,,,,,,,,,,,,,,,,,,,,,,,,,,,,,,,
International trade: importsk (million current US$),181 768,171 446,166 336d,International trade: balancek (million current US$),20 147,19 681,42 844d,"Balance of payments, current account (million US$)",- 79 237,- 54 789,- 24 074d,,,,,,,,,,,,,,,,,,,,,,,,,,,,,,,,,,,,,,,,,,,,,,,,,,,,,,,,
International trade: balancek (million current US$),20 147,19 681,42 844d,"Balance of payments, current account (million US$)",- 79 237,- 54 789,- 24 074d,,,,,,,,,,,,,,,,,,,,,,,,,,,,,,,,,,,,,,,,,,,,,,,,,,,,,,,,,,,,
"Balance of payments, current account (million US$)",- 79 237,- 54 789,- 24 074d,,,,,,,,,,,,,,,,,,,,,,,,,,,,,,,,,,,,,,,,,,,,,,,,,,,,,,,,,,,,,,,,
