0,1,2,3,4,5,6,7,8,9,10,11,12,13,14,15,16,17,18,19,20,21,22,23,24,25,26,27,28,29,30,31,32,33,34,35,36,37,38,39,40,41,42,43,44,45,46,47
,2010,2015,2021,,,,,,,,,,,,,,,,,,,,,,,,,,,,,,,,,,,,,,,,,,,,
Individuals using the Internet (per 100 inhabitants),"40.6t,u",58.3,73.9b,Research & Development expenditure (% of GDP),1.2,1.3,1.2o,Threatened species (number),773,966,1 705,Forested areai (% of land area),61.2,60.3,59.7o,CO2 emission estimates (million tons/tons per capita),372.0 /        1.9,453.7 /        2.2,406.5 /        1.9o,"Energy production, primary (Petajoules)",10 116,11 567,12 538o,Energy supply per capita (Gigajoules),56,61,58o,Tourist/visitor arrivals at national bordersv (000),5 161,6 306,6 353b,Important sites for terrestrial biodiversity protected (%),42.1,42.9,43.8d,"Pop. using safely managed drinking water (urban/rural, %)",83.4 /       56.4,85.1 /       62.9,87.8 /       71.8d,Pop. using safely managed sanitation (urban/rural %),42.2 / ...,46.1 / ...,50.7 / ...d,Net Official Development Assist. received (% of GNI),0.02,0.06,0.02b
Research & Development expenditure (% of GDP),1.2,1.3,1.2o,Threatened species (number),773,966,1 705,Forested areai (% of land area),61.2,60.3,59.7o,CO2 emission estimates (million tons/tons per capita),372.0 /        1.9,453.7 /        2.2,406.5 /        1.9o,"Energy production, primary (Petajoules)",10 116,11 567,12 538o,Energy supply per capita (Gigajoules),56,61,58o,Tourist/visitor arrivals at national bordersv (000),5 161,6 306,6 353b,Important sites for terrestrial biodiversity protected (%),42.1,42.9,43.8d,"Pop. using safely managed drinking water (urban/rural, %)",83.4 /       56.4,85.1 /       62.9,87.8 /       71.8d,Pop. using safely managed sanitation (urban/rural %),42.2 / ...,46.1 / ...,50.7 / ...d,Net Official Development Assist. received (% of GNI),0.02,0.06,0.02b,,,,
Threatened species (number),773,966,1 705,Forested areai (% of land area),61.2,60.3,59.7o,CO2 emission estimates (million tons/tons per capita),372.0 /        1.9,453.7 /        2.2,406.5 /        1.9o,"Energy production, primary (Petajoules)",10 116,11 567,12 538o,Energy supply per capita (Gigajoules),56,61,58o,Tourist/visitor arrivals at national bordersv (000),5 161,6 306,6 353b,Important sites for terrestrial biodiversity protected (%),42.1,42.9,43.8d,"Pop. using safely managed drinking water (urban/rural, %)",83.4 /       56.4,85.1 /       62.9,87.8 /       71.8d,Pop. using safely managed sanitation (urban/rural %),42.2 / ...,46.1 / ...,50.7 / ...d,Net Official Development Assist. received (% of GNI),0.02,0.06,0.02b,,,,,,,,
Forested areai (% of land area),61.2,60.3,59.7o,CO2 emission estimates (million tons/tons per capita),372.0 /        1.9,453.7 /        2.2,406.5 /        1.9o,"Energy production, primary (Petajoules)",10 116,11 567,12 538o,Energy supply per capita (Gigajoules),56,61,58o,Tourist/visitor arrivals at national bordersv (000),5 161,6 306,6 353b,Important sites for terrestrial biodiversity protected (%),42.1,42.9,43.8d,"Pop. using safely managed drinking water (urban/rural, %)",83.4 /       56.4,85.1 /       62.9,87.8 /       71.8d,Pop. using safely managed sanitation (urban/rural %),42.2 / ...,46.1 / ...,50.7 / ...d,Net Official Development Assist. received (% of GNI),0.02,0.06,0.02b,,,,,,,,,,,,
CO2 emission estimates (million tons/tons per capita),372.0 /        1.9,453.7 /        2.2,406.5 /        1.9o,"Energy production, primary (Petajoules)",10 116,11 567,12 538o,Energy supply per capita (Gigajoules),56,61,58o,Tourist/visitor arrivals at national bordersv (000),5 161,6 306,6 353b,Important sites for terrestrial biodiversity protected (%),42.1,42.9,43.8d,"Pop. using safely managed drinking water (urban/rural, %)",83.4 /       56.4,85.1 /       62.9,87.8 /       71.8d,Pop. using safely managed sanitation (urban/rural %),42.2 / ...,46.1 / ...,50.7 / ...d,Net Official Development Assist. received (% of GNI),0.02,0.06,0.02b,,,,,,,,,,,,,,,,
"Energy production, primary (Petajoules)",10 116,11 567,12 538o,Energy supply per capita (Gigajoules),56,61,58o,Tourist/visitor arrivals at national bordersv (000),5 161,6 306,6 353b,Important sites for terrestrial biodiversity protected (%),42.1,42.9,43.8d,"Pop. using safely managed drinking water (urban/rural, %)",83.4 /       56.4,85.1 /       62.9,87.8 /       71.8d,Pop. using safely managed sanitation (urban/rural %),42.2 / ...,46.1 / ...,50.7 / ...d,Net Official Development Assist. received (% of GNI),0.02,0.06,0.02b,,,,,,,,,,,,,,,,,,,,
Energy supply per capita (Gigajoules),56,61,58o,Tourist/visitor arrivals at national bordersv (000),5 161,6 306,6 353b,Important sites for terrestrial biodiversity protected (%),42.1,42.9,43.8d,"Pop. using safely managed drinking water (urban/rural, %)",83.4 /       56.4,85.1 /       62.9,87.8 /       71.8d,Pop. using safely managed sanitation (urban/rural %),42.2 / ...,46.1 / ...,50.7 / ...d,Net Official Development Assist. received (% of GNI),0.02,0.06,0.02b,,,,,,,,,,,,,,,,,,,,,,,,
Tourist/visitor arrivals at national bordersv (000),5 161,6 306,6 353b,Important sites for terrestrial biodiversity protected (%),42.1,42.9,43.8d,"Pop. using safely managed drinking water (urban/rural, %)",83.4 /       56.4,85.1 /       62.9,87.8 /       71.8d,Pop. using safely managed sanitation (urban/rural %),42.2 / ...,46.1 / ...,50.7 / ...d,Net Official Development Assist. received (% of GNI),0.02,0.06,0.02b,,,,,,,,,,,,,,,,,,,,,,,,,,,,
Important sites for terrestrial biodiversity protected (%),42.1,42.9,43.8d,"Pop. using safely managed drinking water (urban/rural, %)",83.4 /       56.4,85.1 /       62.9,87.8 /       71.8d,Pop. using safely managed sanitation (urban/rural %),42.2 / ...,46.1 / ...,50.7 / ...d,Net Official Development Assist. received (% of GNI),0.02,0.06,0.02b,,,,,,,,,,,,,,,,,,,,,,,,,,,,,,,,
"Pop. using safely managed drinking water (urban/rural, %)",83.4 /       56.4,85.1 /       62.9,87.8 /       71.8d,Pop. using safely managed sanitation (urban/rural %),42.2 / ...,46.1 / ...,50.7 / ...d,Net Official Development Assist. received (% of GNI),0.02,0.06,0.02b,,,,,,,,,,,,,,,,,,,,,,,,,,,,,,,,,,,,
Pop. using safely managed sanitation (urban/rural %),42.2 / ...,46.1 / ...,50.7 / ...d,Net Official Development Assist. received (% of GNI),0.02,0.06,0.02b,,,,,,,,,,,,,,,,,,,,,,,,,,,,,,,,,,,,,,,,
Net Official Development Assist. received (% of GNI),0.02,0.06,0.02b,,,,,,,,,,,,,,,,,,,,,,,,,,,,,,,,,,,,,,,,,,,,
