0,1,2,3,4,5,6,7,8,9,10,11,12,13,14,15,16,17,18,19,20,21,22,23,24,25,26,27,28,29,30,31,32,33,34,35,36,37,38,39,40,41,42,43,44,45,46,47,48,49,50,51,52,53,54,55,56,57,58,59,60,61,62,63
,2010,2015,2021,,,,,,,,,,,,,,,,,,,,,,,,,,,,,,,,,,,,,,,,,,,,,,,,,,,,,,,,,,,,
GDP: Gross domestic product (million current US$),241,302,379c,"GDP growth rate (annual %, const. 2015 prices)",-4.9,5.7,4.8c,GDP per capita (current US$),13 092.7,17 182.6,21 603.5c,Economy: Agricultureg (% of Gross Value Added),3.4,3.2,2.7c,"Economy: Industryh,i (% of Gross Value Added)",7.9,11.3,8.9c,Economy: Services and other activityj (% of GVA),88.7,85.4,88.4c,Employment in agriculture (% of employed),...,"4.3k,l",...,Employment in industry (% of employed),...,"11.7k,l",...,Employment in services (% employed),...,"84k,l",...,Unemploymentk (% of labour force),"6.9m,n",8.2l,...,Labour force participation rate (female/male pop. %),"64.2 /       76.1k,m,n","65.4 /       76.6k,l",... / ...,"CPI: Consumer Price Indexo,p (2010=100)",100,109,110f,Agricultural production index (2014-2016=100),108,103,79c,International trade: exports (million current US$),5,14q,"19q,f",International trade: imports (million current US$),91,109q,"105q,f",International trade: balance (million current US$),-85,-95q,"-85q,f"
"GDP growth rate (annual %, const. 2015 prices)",-4.9,5.7,4.8c,GDP per capita (current US$),13 092.7,17 182.6,21 603.5c,Economy: Agricultureg (% of Gross Value Added),3.4,3.2,2.7c,"Economy: Industryh,i (% of Gross Value Added)",7.9,11.3,8.9c,Economy: Services and other activityj (% of GVA),88.7,85.4,88.4c,Employment in agriculture (% of employed),...,"4.3k,l",...,Employment in industry (% of employed),...,"11.7k,l",...,Employment in services (% employed),...,"84k,l",...,Unemploymentk (% of labour force),"6.9m,n",8.2l,...,Labour force participation rate (female/male pop. %),"64.2 /       76.1k,m,n","65.4 /       76.6k,l",... / ...,"CPI: Consumer Price Indexo,p (2010=100)",100,109,110f,Agricultural production index (2014-2016=100),108,103,79c,International trade: exports (million current US$),5,14q,"19q,f",International trade: imports (million current US$),91,109q,"105q,f",International trade: balance (million current US$),-85,-95q,"-85q,f",,,,
GDP per capita (current US$),13 092.7,17 182.6,21 603.5c,Economy: Agricultureg (% of Gross Value Added),3.4,3.2,2.7c,"Economy: Industryh,i (% of Gross Value Added)",7.9,11.3,8.9c,Economy: Services and other activityj (% of GVA),88.7,85.4,88.4c,Employment in agriculture (% of employed),...,"4.3k,l",...,Employment in industry (% of employed),...,"11.7k,l",...,Employment in services (% employed),...,"84k,l",...,Unemploymentk (% of labour force),"6.9m,n",8.2l,...,Labour force participation rate (female/male pop. %),"64.2 /       76.1k,m,n","65.4 /       76.6k,l",... / ...,"CPI: Consumer Price Indexo,p (2010=100)",100,109,110f,Agricultural production index (2014-2016=100),108,103,79c,International trade: exports (million current US$),5,14q,"19q,f",International trade: imports (million current US$),91,109q,"105q,f",International trade: balance (million current US$),-85,-95q,"-85q,f",,,,,,,,
Economy: Agricultureg (% of Gross Value Added),3.4,3.2,2.7c,"Economy: Industryh,i (% of Gross Value Added)",7.9,11.3,8.9c,Economy: Services and other activityj (% of GVA),88.7,85.4,88.4c,Employment in agriculture (% of employed),...,"4.3k,l",...,Employment in industry (% of employed),...,"11.7k,l",...,Employment in services (% employed),...,"84k,l",...,Unemploymentk (% of labour force),"6.9m,n",8.2l,...,Labour force participation rate (female/male pop. %),"64.2 /       76.1k,m,n","65.4 /       76.6k,l",... / ...,"CPI: Consumer Price Indexo,p (2010=100)",100,109,110f,Agricultural production index (2014-2016=100),108,103,79c,International trade: exports (million current US$),5,14q,"19q,f",International trade: imports (million current US$),91,109q,"105q,f",International trade: balance (million current US$),-85,-95q,"-85q,f",,,,,,,,,,,,
"Economy: Industryh,i (% of Gross Value Added)",7.9,11.3,8.9c,Economy: Services and other activityj (% of GVA),88.7,85.4,88.4c,Employment in agriculture (% of employed),...,"4.3k,l",...,Employment in industry (% of employed),...,"11.7k,l",...,Employment in services (% employed),...,"84k,l",...,Unemploymentk (% of labour force),"6.9m,n",8.2l,...,Labour force participation rate (female/male pop. %),"64.2 /       76.1k,m,n","65.4 /       76.6k,l",... / ...,"CPI: Consumer Price Indexo,p (2010=100)",100,109,110f,Agricultural production index (2014-2016=100),108,103,79c,International trade: exports (million current US$),5,14q,"19q,f",International trade: imports (million current US$),91,109q,"105q,f",International trade: balance (million current US$),-85,-95q,"-85q,f",,,,,,,,,,,,,,,,
Economy: Services and other activityj (% of GVA),88.7,85.4,88.4c,Employment in agriculture (% of employed),...,"4.3k,l",...,Employment in industry (% of employed),...,"11.7k,l",...,Employment in services (% employed),...,"84k,l",...,Unemploymentk (% of labour force),"6.9m,n",8.2l,...,Labour force participation rate (female/male pop. %),"64.2 /       76.1k,m,n","65.4 /       76.6k,l",... / ...,"CPI: Consumer Price Indexo,p (2010=100)",100,109,110f,Agricultural production index (2014-2016=100),108,103,79c,International trade: exports (million current US$),5,14q,"19q,f",International trade: imports (million current US$),91,109q,"105q,f",International trade: balance (million current US$),-85,-95q,"-85q,f",,,,,,,,,,,,,,,,,,,,
Employment in agriculture (% of employed),...,"4.3k,l",...,Employment in industry (% of employed),...,"11.7k,l",...,Employment in services (% employed),...,"84k,l",...,Unemploymentk (% of labour force),"6.9m,n",8.2l,...,Labour force participation rate (female/male pop. %),"64.2 /       76.1k,m,n","65.4 /       76.6k,l",... / ...,"CPI: Consumer Price Indexo,p (2010=100)",100,109,110f,Agricultural production index (2014-2016=100),108,103,79c,International trade: exports (million current US$),5,14q,"19q,f",International trade: imports (million current US$),91,109q,"105q,f",International trade: balance (million current US$),-85,-95q,"-85q,f",,,,,,,,,,,,,,,,,,,,,,,,
Employment in industry (% of employed),...,"11.7k,l",...,Employment in services (% employed),...,"84k,l",...,Unemploymentk (% of labour force),"6.9m,n",8.2l,...,Labour force participation rate (female/male pop. %),"64.2 /       76.1k,m,n","65.4 /       76.6k,l",... / ...,"CPI: Consumer Price Indexo,p (2010=100)",100,109,110f,Agricultural production index (2014-2016=100),108,103,79c,International trade: exports (million current US$),5,14q,"19q,f",International trade: imports (million current US$),91,109q,"105q,f",International trade: balance (million current US$),-85,-95q,"-85q,f",,,,,,,,,,,,,,,,,,,,,,,,,,,,
Employment in services (% employed),...,"84k,l",...,Unemploymentk (% of labour force),"6.9m,n",8.2l,...,Labour force participation rate (female/male pop. %),"64.2 /       76.1k,m,n","65.4 /       76.6k,l",... / ...,"CPI: Consumer Price Indexo,p (2010=100)",100,109,110f,Agricultural production index (2014-2016=100),108,103,79c,International trade: exports (million current US$),5,14q,"19q,f",International trade: imports (million current US$),91,109q,"105q,f",International trade: balance (million current US$),-85,-95q,"-85q,f",,,,,,,,,,,,,,,,,,,,,,,,,,,,,,,,
Unemploymentk (% of labour force),"6.9m,n",8.2l,...,Labour force participation rate (female/male pop. %),"64.2 /       76.1k,m,n","65.4 /       76.6k,l",... / ...,"CPI: Consumer Price Indexo,p (2010=100)",100,109,110f,Agricultural production index (2014-2016=100),108,103,79c,International trade: exports (million current US$),5,14q,"19q,f",International trade: imports (million current US$),91,109q,"105q,f",International trade: balance (million current US$),-85,-95q,"-85q,f",,,,,,,,,,,,,,,,,,,,,,,,,,,,,,,,,,,,
Labour force participation rate (female/male pop. %),"64.2 /       76.1k,m,n","65.4 /       76.6k,l",... / ...,"CPI: Consumer Price Indexo,p (2010=100)",100,109,110f,Agricultural production index (2014-2016=100),108,103,79c,International trade: exports (million current US$),5,14q,"19q,f",International trade: imports (million current US$),91,109q,"105q,f",International trade: balance (million current US$),-85,-95q,"-85q,f",,,,,,,,,,,,,,,,,,,,,,,,,,,,,,,,,,,,,,,,
"CPI: Consumer Price Indexo,p (2010=100)",100,109,110f,Agricultural production index (2014-2016=100),108,103,79c,International trade: exports (million current US$),5,14q,"19q,f",International trade: imports (million current US$),91,109q,"105q,f",International trade: balance (million current US$),-85,-95q,"-85q,f",,,,,,,,,,,,,,,,,,,,,,,,,,,,,,,,,,,,,,,,,,,,
Agricultural production index (2014-2016=100),108,103,79c,International trade: exports (million current US$),5,14q,"19q,f",International trade: imports (million current US$),91,109q,"105q,f",International trade: balance (million current US$),-85,-95q,"-85q,f",,,,,,,,,,,,,,,,,,,,,,,,,,,,,,,,,,,,,,,,,,,,,,,,
International trade: exports (million current US$),5,14q,"19q,f",International trade: imports (million current US$),91,109q,"105q,f",International trade: balance (million current US$),-85,-95q,"-85q,f",,,,,,,,,,,,,,,,,,,,,,,,,,,,,,,,,,,,,,,,,,,,,,,,,,,,
International trade: imports (million current US$),91,109q,"105q,f",International trade: balance (million current US$),-85,-95q,"-85q,f",,,,,,,,,,,,,,,,,,,,,,,,,,,,,,,,,,,,,,,,,,,,,,,,,,,,,,,,
International trade: balance (million current US$),-85,-95q,"-85q,f",,,,,,,,,,,,,,,,,,,,,,,,,,,,,,,,,,,,,,,,,,,,,,,,,,,,,,,,,,,,
