0,1,2,3,4,5,6,7,8,9,10,11,12,13,14,15,16,17,18,19,20,21,22,23,24,25,26,27,28,29,30,31,32,33,34,35,36,37,38,39,40,41,42,43
,2010,2015,2021,,,,,,,,,,,,,,,,,,,,,,,,,,,,,,,,,,,,,,,,
Population growth rater (average annual %),-0.7,-0.9,-~0.0f,Urban population (% of total population),73.3,74.4,75.3c,Urban population growth rater (average annual %),-0.6,-0.9,...,International migrant stocks (000/% of total pop.),3.8 /       20.5,4.2 /       23.7,4.6 /       26.1f,Health: Current expendituret (% of GDP),3.7,2.7,2.9e,Health: Physicians (per 1 000 pop.),1.3u,1.4v,...,Education: Government expenditure (% of GDP),...,3.9,4.4w,Education: Primary gross enrol. ratio (f/m per 100 pop.),85.4 /       89.8,99.8 /      104.2,112.7 /      117.4c,Education: Secondary gross enrol. ratio (f/m per 100 pop.),86.4 /       78.3,90.6 /       85.4,98.1 /       94.6c,Education: Upper secondary gross enrol. ratio (f/m per 100 pop.),77.8 /       61.7,82.7 /       71.5,79.4 /       74.5c,Intentional homicide rate (per 100 000 pop.),...,3.5x,...
Urban population (% of total population),73.3,74.4,75.3c,Urban population growth rater (average annual %),-0.6,-0.9,...,International migrant stocks (000/% of total pop.),3.8 /       20.5,4.2 /       23.7,4.6 /       26.1f,Health: Current expendituret (% of GDP),3.7,2.7,2.9e,Health: Physicians (per 1 000 pop.),1.3u,1.4v,...,Education: Government expenditure (% of GDP),...,3.9,4.4w,Education: Primary gross enrol. ratio (f/m per 100 pop.),85.4 /       89.8,99.8 /      104.2,112.7 /      117.4c,Education: Secondary gross enrol. ratio (f/m per 100 pop.),86.4 /       78.3,90.6 /       85.4,98.1 /       94.6c,Education: Upper secondary gross enrol. ratio (f/m per 100 pop.),77.8 /       61.7,82.7 /       71.5,79.4 /       74.5c,Intentional homicide rate (per 100 000 pop.),...,3.5x,...,,,,
Urban population growth rater (average annual %),-0.6,-0.9,...,International migrant stocks (000/% of total pop.),3.8 /       20.5,4.2 /       23.7,4.6 /       26.1f,Health: Current expendituret (% of GDP),3.7,2.7,2.9e,Health: Physicians (per 1 000 pop.),1.3u,1.4v,...,Education: Government expenditure (% of GDP),...,3.9,4.4w,Education: Primary gross enrol. ratio (f/m per 100 pop.),85.4 /       89.8,99.8 /      104.2,112.7 /      117.4c,Education: Secondary gross enrol. ratio (f/m per 100 pop.),86.4 /       78.3,90.6 /       85.4,98.1 /       94.6c,Education: Upper secondary gross enrol. ratio (f/m per 100 pop.),77.8 /       61.7,82.7 /       71.5,79.4 /       74.5c,Intentional homicide rate (per 100 000 pop.),...,3.5x,...,,,,,,,,
International migrant stocks (000/% of total pop.),3.8 /       20.5,4.2 /       23.7,4.6 /       26.1f,Health: Current expendituret (% of GDP),3.7,2.7,2.9e,Health: Physicians (per 1 000 pop.),1.3u,1.4v,...,Education: Government expenditure (% of GDP),...,3.9,4.4w,Education: Primary gross enrol. ratio (f/m per 100 pop.),85.4 /       89.8,99.8 /      104.2,112.7 /      117.4c,Education: Secondary gross enrol. ratio (f/m per 100 pop.),86.4 /       78.3,90.6 /       85.4,98.1 /       94.6c,Education: Upper secondary gross enrol. ratio (f/m per 100 pop.),77.8 /       61.7,82.7 /       71.5,79.4 /       74.5c,Intentional homicide rate (per 100 000 pop.),...,3.5x,...,,,,,,,,,,,,
Health: Current expendituret (% of GDP),3.7,2.7,2.9e,Health: Physicians (per 1 000 pop.),1.3u,1.4v,...,Education: Government expenditure (% of GDP),...,3.9,4.4w,Education: Primary gross enrol. ratio (f/m per 100 pop.),85.4 /       89.8,99.8 /      104.2,112.7 /      117.4c,Education: Secondary gross enrol. ratio (f/m per 100 pop.),86.4 /       78.3,90.6 /       85.4,98.1 /       94.6c,Education: Upper secondary gross enrol. ratio (f/m per 100 pop.),77.8 /       61.7,82.7 /       71.5,79.4 /       74.5c,Intentional homicide rate (per 100 000 pop.),...,3.5x,...,,,,,,,,,,,,,,,,
Health: Physicians (per 1 000 pop.),1.3u,1.4v,...,Education: Government expenditure (% of GDP),...,3.9,4.4w,Education: Primary gross enrol. ratio (f/m per 100 pop.),85.4 /       89.8,99.8 /      104.2,112.7 /      117.4c,Education: Secondary gross enrol. ratio (f/m per 100 pop.),86.4 /       78.3,90.6 /       85.4,98.1 /       94.6c,Education: Upper secondary gross enrol. ratio (f/m per 100 pop.),77.8 /       61.7,82.7 /       71.5,79.4 /       74.5c,Intentional homicide rate (per 100 000 pop.),...,3.5x,...,,,,,,,,,,,,,,,,,,,,
Education: Government expenditure (% of GDP),...,3.9,4.4w,Education: Primary gross enrol. ratio (f/m per 100 pop.),85.4 /       89.8,99.8 /      104.2,112.7 /      117.4c,Education: Secondary gross enrol. ratio (f/m per 100 pop.),86.4 /       78.3,90.6 /       85.4,98.1 /       94.6c,Education: Upper secondary gross enrol. ratio (f/m per 100 pop.),77.8 /       61.7,82.7 /       71.5,79.4 /       74.5c,Intentional homicide rate (per 100 000 pop.),...,3.5x,...,,,,,,,,,,,,,,,,,,,,,,,,
Education: Primary gross enrol. ratio (f/m per 100 pop.),85.4 /       89.8,99.8 /      104.2,112.7 /      117.4c,Education: Secondary gross enrol. ratio (f/m per 100 pop.),86.4 /       78.3,90.6 /       85.4,98.1 /       94.6c,Education: Upper secondary gross enrol. ratio (f/m per 100 pop.),77.8 /       61.7,82.7 /       71.5,79.4 /       74.5c,Intentional homicide rate (per 100 000 pop.),...,3.5x,...,,,,,,,,,,,,,,,,,,,,,,,,,,,,
Education: Secondary gross enrol. ratio (f/m per 100 pop.),86.4 /       78.3,90.6 /       85.4,98.1 /       94.6c,Education: Upper secondary gross enrol. ratio (f/m per 100 pop.),77.8 /       61.7,82.7 /       71.5,79.4 /       74.5c,Intentional homicide rate (per 100 000 pop.),...,3.5x,...,,,,,,,,,,,,,,,,,,,,,,,,,,,,,,,,
Education: Upper secondary gross enrol. ratio (f/m per 100 pop.),77.8 /       61.7,82.7 /       71.5,79.4 /       74.5c,Intentional homicide rate (per 100 000 pop.),...,3.5x,...,,,,,,,,,,,,,,,,,,,,,,,,,,,,,,,,,,,,
Intentional homicide rate (per 100 000 pop.),...,3.5x,...,,,,,,,,,,,,,,,,,,,,,,,,,,,,,,,,,,,,,,,,
