0,1,2,3,4,5,6,7,8,9,10,11,12,13,14,15,16,17,18,19,20,21,22,23,24,25,26,27,28,29,30,31,32,33,34,35,36,37,38,39,40,41,42,43,44,45,46,47,48,49,50,51,52,53,54,55,56,57,58,59,60,61,62,63,64,65,66,67
,2010,2015,2021,,,,,,,,,,,,,,,,,,,,,,,,,,,,,,,,,,,,,,,,,,,,,,,,,,,,,,,,,,,,,,,,
GDP: Gross domestic product (million current US$),131 917,125 074,163 469b,"GDP growth rate (annual %, const. 2015 prices)",1.1,3.8,4.6b,GDP per capita (current US$),13 288.2,12 791.5,16 879.1b,Economy: Agricultured (% of Gross Value Added),3.6,4.5,4b,"Economy: Industrye,f (% of Gross Value Added)",29.8,31.3,29.7b,Economy: Services and other activityg (% of GVA),66.7,64.2,66.3b,Employment in agriculture (% of employed),4.5,4.9,"4.6h,c",Employment in industry (% of employed),30.7,30.3,"32.8h,c",Employment in services (% employed),64.8,64.8,"62.6h,c",Unemploymenth (% of labour force),11.2,6.8,3.5c,Labour force participation rateh (female/male pop. %),43.8 /       58.2,47.3 /       63.4,48.5 /       65.3c,CPI: Consumer Price Index (2010=100),100,111,126c,Agricultural production index (2014-2016=100),79,96,97b,International trade: exports (million current US$),94 749,100 297,119 391c,International trade: imports (million current US$),87 432,90 761,112 624c,International trade: balance (million current US$),7 317,9 536,6 767c,"Balance of payments, current account (million US$)",342,2 926,167c
"GDP growth rate (annual %, const. 2015 prices)",1.1,3.8,4.6b,GDP per capita (current US$),13 288.2,12 791.5,16 879.1b,Economy: Agricultured (% of Gross Value Added),3.6,4.5,4b,"Economy: Industrye,f (% of Gross Value Added)",29.8,31.3,29.7b,Economy: Services and other activityg (% of GVA),66.7,64.2,66.3b,Employment in agriculture (% of employed),4.5,4.9,"4.6h,c",Employment in industry (% of employed),30.7,30.3,"32.8h,c",Employment in services (% employed),64.8,64.8,"62.6h,c",Unemploymenth (% of labour force),11.2,6.8,3.5c,Labour force participation rateh (female/male pop. %),43.8 /       58.2,47.3 /       63.4,48.5 /       65.3c,CPI: Consumer Price Index (2010=100),100,111,126c,Agricultural production index (2014-2016=100),79,96,97b,International trade: exports (million current US$),94 749,100 297,119 391c,International trade: imports (million current US$),87 432,90 761,112 624c,International trade: balance (million current US$),7 317,9 536,6 767c,"Balance of payments, current account (million US$)",342,2 926,167c,,,,
GDP per capita (current US$),13 288.2,12 791.5,16 879.1b,Economy: Agricultured (% of Gross Value Added),3.6,4.5,4b,"Economy: Industrye,f (% of Gross Value Added)",29.8,31.3,29.7b,Economy: Services and other activityg (% of GVA),66.7,64.2,66.3b,Employment in agriculture (% of employed),4.5,4.9,"4.6h,c",Employment in industry (% of employed),30.7,30.3,"32.8h,c",Employment in services (% employed),64.8,64.8,"62.6h,c",Unemploymenth (% of labour force),11.2,6.8,3.5c,Labour force participation rateh (female/male pop. %),43.8 /       58.2,47.3 /       63.4,48.5 /       65.3c,CPI: Consumer Price Index (2010=100),100,111,126c,Agricultural production index (2014-2016=100),79,96,97b,International trade: exports (million current US$),94 749,100 297,119 391c,International trade: imports (million current US$),87 432,90 761,112 624c,International trade: balance (million current US$),7 317,9 536,6 767c,"Balance of payments, current account (million US$)",342,2 926,167c,,,,,,,,
Economy: Agricultured (% of Gross Value Added),3.6,4.5,4b,"Economy: Industrye,f (% of Gross Value Added)",29.8,31.3,29.7b,Economy: Services and other activityg (% of GVA),66.7,64.2,66.3b,Employment in agriculture (% of employed),4.5,4.9,"4.6h,c",Employment in industry (% of employed),30.7,30.3,"32.8h,c",Employment in services (% employed),64.8,64.8,"62.6h,c",Unemploymenth (% of labour force),11.2,6.8,3.5c,Labour force participation rateh (female/male pop. %),43.8 /       58.2,47.3 /       63.4,48.5 /       65.3c,CPI: Consumer Price Index (2010=100),100,111,126c,Agricultural production index (2014-2016=100),79,96,97b,International trade: exports (million current US$),94 749,100 297,119 391c,International trade: imports (million current US$),87 432,90 761,112 624c,International trade: balance (million current US$),7 317,9 536,6 767c,"Balance of payments, current account (million US$)",342,2 926,167c,,,,,,,,,,,,
"Economy: Industrye,f (% of Gross Value Added)",29.8,31.3,29.7b,Economy: Services and other activityg (% of GVA),66.7,64.2,66.3b,Employment in agriculture (% of employed),4.5,4.9,"4.6h,c",Employment in industry (% of employed),30.7,30.3,"32.8h,c",Employment in services (% employed),64.8,64.8,"62.6h,c",Unemploymenth (% of labour force),11.2,6.8,3.5c,Labour force participation rateh (female/male pop. %),43.8 /       58.2,47.3 /       63.4,48.5 /       65.3c,CPI: Consumer Price Index (2010=100),100,111,126c,Agricultural production index (2014-2016=100),79,96,97b,International trade: exports (million current US$),94 749,100 297,119 391c,International trade: imports (million current US$),87 432,90 761,112 624c,International trade: balance (million current US$),7 317,9 536,6 767c,"Balance of payments, current account (million US$)",342,2 926,167c,,,,,,,,,,,,,,,,
Economy: Services and other activityg (% of GVA),66.7,64.2,66.3b,Employment in agriculture (% of employed),4.5,4.9,"4.6h,c",Employment in industry (% of employed),30.7,30.3,"32.8h,c",Employment in services (% employed),64.8,64.8,"62.6h,c",Unemploymenth (% of labour force),11.2,6.8,3.5c,Labour force participation rateh (female/male pop. %),43.8 /       58.2,47.3 /       63.4,48.5 /       65.3c,CPI: Consumer Price Index (2010=100),100,111,126c,Agricultural production index (2014-2016=100),79,96,97b,International trade: exports (million current US$),94 749,100 297,119 391c,International trade: imports (million current US$),87 432,90 761,112 624c,International trade: balance (million current US$),7 317,9 536,6 767c,"Balance of payments, current account (million US$)",342,2 926,167c,,,,,,,,,,,,,,,,,,,,
Employment in agriculture (% of employed),4.5,4.9,"4.6h,c",Employment in industry (% of employed),30.7,30.3,"32.8h,c",Employment in services (% employed),64.8,64.8,"62.6h,c",Unemploymenth (% of labour force),11.2,6.8,3.5c,Labour force participation rateh (female/male pop. %),43.8 /       58.2,47.3 /       63.4,48.5 /       65.3c,CPI: Consumer Price Index (2010=100),100,111,126c,Agricultural production index (2014-2016=100),79,96,97b,International trade: exports (million current US$),94 749,100 297,119 391c,International trade: imports (million current US$),87 432,90 761,112 624c,International trade: balance (million current US$),7 317,9 536,6 767c,"Balance of payments, current account (million US$)",342,2 926,167c,,,,,,,,,,,,,,,,,,,,,,,,
Employment in industry (% of employed),30.7,30.3,"32.8h,c",Employment in services (% employed),64.8,64.8,"62.6h,c",Unemploymenth (% of labour force),11.2,6.8,3.5c,Labour force participation rateh (female/male pop. %),43.8 /       58.2,47.3 /       63.4,48.5 /       65.3c,CPI: Consumer Price Index (2010=100),100,111,126c,Agricultural production index (2014-2016=100),79,96,97b,International trade: exports (million current US$),94 749,100 297,119 391c,International trade: imports (million current US$),87 432,90 761,112 624c,International trade: balance (million current US$),7 317,9 536,6 767c,"Balance of payments, current account (million US$)",342,2 926,167c,,,,,,,,,,,,,,,,,,,,,,,,,,,,
Employment in services (% employed),64.8,64.8,"62.6h,c",Unemploymenth (% of labour force),11.2,6.8,3.5c,Labour force participation rateh (female/male pop. %),43.8 /       58.2,47.3 /       63.4,48.5 /       65.3c,CPI: Consumer Price Index (2010=100),100,111,126c,Agricultural production index (2014-2016=100),79,96,97b,International trade: exports (million current US$),94 749,100 297,119 391c,International trade: imports (million current US$),87 432,90 761,112 624c,International trade: balance (million current US$),7 317,9 536,6 767c,"Balance of payments, current account (million US$)",342,2 926,167c,,,,,,,,,,,,,,,,,,,,,,,,,,,,,,,,
Unemploymenth (% of labour force),11.2,6.8,3.5c,Labour force participation rateh (female/male pop. %),43.8 /       58.2,47.3 /       63.4,48.5 /       65.3c,CPI: Consumer Price Index (2010=100),100,111,126c,Agricultural production index (2014-2016=100),79,96,97b,International trade: exports (million current US$),94 749,100 297,119 391c,International trade: imports (million current US$),87 432,90 761,112 624c,International trade: balance (million current US$),7 317,9 536,6 767c,"Balance of payments, current account (million US$)",342,2 926,167c,,,,,,,,,,,,,,,,,,,,,,,,,,,,,,,,,,,,
Labour force participation rateh (female/male pop. %),43.8 /       58.2,47.3 /       63.4,48.5 /       65.3c,CPI: Consumer Price Index (2010=100),100,111,126c,Agricultural production index (2014-2016=100),79,96,97b,International trade: exports (million current US$),94 749,100 297,119 391c,International trade: imports (million current US$),87 432,90 761,112 624c,International trade: balance (million current US$),7 317,9 536,6 767c,"Balance of payments, current account (million US$)",342,2 926,167c,,,,,,,,,,,,,,,,,,,,,,,,,,,,,,,,,,,,,,,,
CPI: Consumer Price Index (2010=100),100,111,126c,Agricultural production index (2014-2016=100),79,96,97b,International trade: exports (million current US$),94 749,100 297,119 391c,International trade: imports (million current US$),87 432,90 761,112 624c,International trade: balance (million current US$),7 317,9 536,6 767c,"Balance of payments, current account (million US$)",342,2 926,167c,,,,,,,,,,,,,,,,,,,,,,,,,,,,,,,,,,,,,,,,,,,,
Agricultural production index (2014-2016=100),79,96,97b,International trade: exports (million current US$),94 749,100 297,119 391c,International trade: imports (million current US$),87 432,90 761,112 624c,International trade: balance (million current US$),7 317,9 536,6 767c,"Balance of payments, current account (million US$)",342,2 926,167c,,,,,,,,,,,,,,,,,,,,,,,,,,,,,,,,,,,,,,,,,,,,,,,,
International trade: exports (million current US$),94 749,100 297,119 391c,International trade: imports (million current US$),87 432,90 761,112 624c,International trade: balance (million current US$),7 317,9 536,6 767c,"Balance of payments, current account (million US$)",342,2 926,167c,,,,,,,,,,,,,,,,,,,,,,,,,,,,,,,,,,,,,,,,,,,,,,,,,,,,
International trade: imports (million current US$),87 432,90 761,112 624c,International trade: balance (million current US$),7 317,9 536,6 767c,"Balance of payments, current account (million US$)",342,2 926,167c,,,,,,,,,,,,,,,,,,,,,,,,,,,,,,,,,,,,,,,,,,,,,,,,,,,,,,,,
International trade: balance (million current US$),7 317,9 536,6 767c,"Balance of payments, current account (million US$)",342,2 926,167c,,,,,,,,,,,,,,,,,,,,,,,,,,,,,,,,,,,,,,,,,,,,,,,,,,,,,,,,,,,,
"Balance of payments, current account (million US$)",342,2 926,167c,,,,,,,,,,,,,,,,,,,,,,,,,,,,,,,,,,,,,,,,,,,,,,,,,,,,,,,,,,,,,,,,
