0,1,2,3,4,5,6,7,8,9,10,11,12,13,14,15,16,17,18,19,20,21,22,23,24,25,26,27,28,29,30,31,32,33,34,35,36,37,38,39,40,41,42,43,44,45,46,47
,2010,2015,2021,,,,,,,,,,,,,,,,,,,,,,,,,,,,,,,,,,,,,,,,,,,,
Individuals using the Internet (per 100 inhabitants),65o,72.8p,80.4b,Research & Development expenditure (% of GDP),1.1,1.3,1.5l,Threatened species (number),47,67,126,Forested area (% of land area),22.6,22.6,22.5l,CO2 emission estimates (million tons/tons per capita),47.1 /        4.7,42.7 /        4.3,45.7 /        4.7b,"Energy production, primary (Petajoules)",495,471,465l,Energy supply per capita (Gigajoules),112,108,115l,Tourist/visitor arrivals at national borders (000),9 510,14 316,16 937b,Important sites for terrestrial biodiversity protected (%),82.8,82.8,82.8c,"Pop. using safely managed drinking water (urban/rural, %)",94.0 /       88.9,94.0 /       88.9,94.0 /       89.0c,Pop. using safely managed sanitation (urban/rural %),77.6 /       69.4,88.3 /       77.2,90.5 /       80.7c,Net Official Development Assist. disbursedq (% of GNI),0.09,0.13,0.11m
Research & Development expenditure (% of GDP),1.1,1.3,1.5l,Threatened species (number),47,67,126,Forested area (% of land area),22.6,22.6,22.5l,CO2 emission estimates (million tons/tons per capita),47.1 /        4.7,42.7 /        4.3,45.7 /        4.7b,"Energy production, primary (Petajoules)",495,471,465l,Energy supply per capita (Gigajoules),112,108,115l,Tourist/visitor arrivals at national borders (000),9 510,14 316,16 937b,Important sites for terrestrial biodiversity protected (%),82.8,82.8,82.8c,"Pop. using safely managed drinking water (urban/rural, %)",94.0 /       88.9,94.0 /       88.9,94.0 /       89.0c,Pop. using safely managed sanitation (urban/rural %),77.6 /       69.4,88.3 /       77.2,90.5 /       80.7c,Net Official Development Assist. disbursedq (% of GNI),0.09,0.13,0.11m,,,,
Threatened species (number),47,67,126,Forested area (% of land area),22.6,22.6,22.5l,CO2 emission estimates (million tons/tons per capita),47.1 /        4.7,42.7 /        4.3,45.7 /        4.7b,"Energy production, primary (Petajoules)",495,471,465l,Energy supply per capita (Gigajoules),112,108,115l,Tourist/visitor arrivals at national borders (000),9 510,14 316,16 937b,Important sites for terrestrial biodiversity protected (%),82.8,82.8,82.8c,"Pop. using safely managed drinking water (urban/rural, %)",94.0 /       88.9,94.0 /       88.9,94.0 /       89.0c,Pop. using safely managed sanitation (urban/rural %),77.6 /       69.4,88.3 /       77.2,90.5 /       80.7c,Net Official Development Assist. disbursedq (% of GNI),0.09,0.13,0.11m,,,,,,,,
Forested area (% of land area),22.6,22.6,22.5l,CO2 emission estimates (million tons/tons per capita),47.1 /        4.7,42.7 /        4.3,45.7 /        4.7b,"Energy production, primary (Petajoules)",495,471,465l,Energy supply per capita (Gigajoules),112,108,115l,Tourist/visitor arrivals at national borders (000),9 510,14 316,16 937b,Important sites for terrestrial biodiversity protected (%),82.8,82.8,82.8c,"Pop. using safely managed drinking water (urban/rural, %)",94.0 /       88.9,94.0 /       88.9,94.0 /       89.0c,Pop. using safely managed sanitation (urban/rural %),77.6 /       69.4,88.3 /       77.2,90.5 /       80.7c,Net Official Development Assist. disbursedq (% of GNI),0.09,0.13,0.11m,,,,,,,,,,,,
CO2 emission estimates (million tons/tons per capita),47.1 /        4.7,42.7 /        4.3,45.7 /        4.7b,"Energy production, primary (Petajoules)",495,471,465l,Energy supply per capita (Gigajoules),112,108,115l,Tourist/visitor arrivals at national borders (000),9 510,14 316,16 937b,Important sites for terrestrial biodiversity protected (%),82.8,82.8,82.8c,"Pop. using safely managed drinking water (urban/rural, %)",94.0 /       88.9,94.0 /       88.9,94.0 /       89.0c,Pop. using safely managed sanitation (urban/rural %),77.6 /       69.4,88.3 /       77.2,90.5 /       80.7c,Net Official Development Assist. disbursedq (% of GNI),0.09,0.13,0.11m,,,,,,,,,,,,,,,,
"Energy production, primary (Petajoules)",495,471,465l,Energy supply per capita (Gigajoules),112,108,115l,Tourist/visitor arrivals at national borders (000),9 510,14 316,16 937b,Important sites for terrestrial biodiversity protected (%),82.8,82.8,82.8c,"Pop. using safely managed drinking water (urban/rural, %)",94.0 /       88.9,94.0 /       88.9,94.0 /       89.0c,Pop. using safely managed sanitation (urban/rural %),77.6 /       69.4,88.3 /       77.2,90.5 /       80.7c,Net Official Development Assist. disbursedq (% of GNI),0.09,0.13,0.11m,,,,,,,,,,,,,,,,,,,,
Energy supply per capita (Gigajoules),112,108,115l,Tourist/visitor arrivals at national borders (000),9 510,14 316,16 937b,Important sites for terrestrial biodiversity protected (%),82.8,82.8,82.8c,"Pop. using safely managed drinking water (urban/rural, %)",94.0 /       88.9,94.0 /       88.9,94.0 /       89.0c,Pop. using safely managed sanitation (urban/rural %),77.6 /       69.4,88.3 /       77.2,90.5 /       80.7c,Net Official Development Assist. disbursedq (% of GNI),0.09,0.13,0.11m,,,,,,,,,,,,,,,,,,,,,,,,
Tourist/visitor arrivals at national borders (000),9 510,14 316,16 937b,Important sites for terrestrial biodiversity protected (%),82.8,82.8,82.8c,"Pop. using safely managed drinking water (urban/rural, %)",94.0 /       88.9,94.0 /       88.9,94.0 /       89.0c,Pop. using safely managed sanitation (urban/rural %),77.6 /       69.4,88.3 /       77.2,90.5 /       80.7c,Net Official Development Assist. disbursedq (% of GNI),0.09,0.13,0.11m,,,,,,,,,,,,,,,,,,,,,,,,,,,,
Important sites for terrestrial biodiversity protected (%),82.8,82.8,82.8c,"Pop. using safely managed drinking water (urban/rural, %)",94.0 /       88.9,94.0 /       88.9,94.0 /       89.0c,Pop. using safely managed sanitation (urban/rural %),77.6 /       69.4,88.3 /       77.2,90.5 /       80.7c,Net Official Development Assist. disbursedq (% of GNI),0.09,0.13,0.11m,,,,,,,,,,,,,,,,,,,,,,,,,,,,,,,,
"Pop. using safely managed drinking water (urban/rural, %)",94.0 /       88.9,94.0 /       88.9,94.0 /       89.0c,Pop. using safely managed sanitation (urban/rural %),77.6 /       69.4,88.3 /       77.2,90.5 /       80.7c,Net Official Development Assist. disbursedq (% of GNI),0.09,0.13,0.11m,,,,,,,,,,,,,,,,,,,,,,,,,,,,,,,,,,,,
Pop. using safely managed sanitation (urban/rural %),77.6 /       69.4,88.3 /       77.2,90.5 /       80.7c,Net Official Development Assist. disbursedq (% of GNI),0.09,0.13,0.11m,,,,,,,,,,,,,,,,,,,,,,,,,,,,,,,,,,,,,,,,
Net Official Development Assist. disbursedq (% of GNI),0.09,0.13,0.11m,,,,,,,,,,,,,,,,,,,,,,,,,,,,,,,,,,,,,,,,,,,,
