0,1,2,3,4,5,6,7,8,9,10,11,12,13,14,15,16,17,18,19,20,21,22,23,24,25,26,27,28,29,30,31,32,33,34,35,36,37,38,39,40,41,42,43,44,45,46,47,48,49,50,51,52,53,54,55,56,57,58,59,60,61,62,63,64,65,66,67
,2010,2015,2021,,,,,,,,,,,,,,,,,,,,,,,,,,,,,,,,,,,,,,,,,,,,,,,,,,,,,,,,,,,,,,,,
Population growth ratei (average annual %),-0.3,-0.3,-0.2c,Urban population (% of total population),68.9,70.5,71.6b,Urban population growth ratei (average annual %),0.4,0.2,...,"Fertility rate, totali (live births per woman)",1.3,1.3,1.5c,"Life expectancy at birthi (females/males, years)",77.8 /       69.6,78.7 /       71.6,80.1 /       73.0c,"Population age distribution (0-14/60+ years old, %)",14.9 /       22.1,14.4 /       25.0,14.5 /       26.9a,International migrant stock (000/% of total pop.),436.6 /        4.4,475.5 /        4.9,584.6 /        6.1c,Refugees and others of concern to UNHCR (000),5.8j,28.8,6c,Infant mortality ratei (per 1 000 live births),5.7,5,4.1c,Health: Current expenditure (% of GDP),7.5k,6.9k,6.7l,Health: Physicians (per 1 000 pop.),2.9,3.1,3.4l,Education: Government expenditure (% of GDP),4.8,4.5,4.7m,Education: Primary gross enrol. ratio (f/m per 100 pop.),100.5 /      101.2,102.2 /      102.5,96.4 /       97.1l,Education: Secondary gross enrol. ratio (f/m per 100 pop.),96.4 /       97.7,103.3 /      102.7,103.7 /      104.1l,Education: Upper secondary gross enrol. ratio (f/m per 100 pop.),96.7 /       96.8,107.6 /      105.4,106.6 /      106.5l,Intentional homicide rate (per 100 000 pop.),1.4,2.3,2.5m,Seats held by women in national parliaments (%),11.1,10.1,12.6n
Urban population (% of total population),68.9,70.5,71.6b,Urban population growth ratei (average annual %),0.4,0.2,...,"Fertility rate, totali (live births per woman)",1.3,1.3,1.5c,"Life expectancy at birthi (females/males, years)",77.8 /       69.6,78.7 /       71.6,80.1 /       73.0c,"Population age distribution (0-14/60+ years old, %)",14.9 /       22.1,14.4 /       25.0,14.5 /       26.9a,International migrant stock (000/% of total pop.),436.6 /        4.4,475.5 /        4.9,584.6 /        6.1c,Refugees and others of concern to UNHCR (000),5.8j,28.8,6c,Infant mortality ratei (per 1 000 live births),5.7,5,4.1c,Health: Current expenditure (% of GDP),7.5k,6.9k,6.7l,Health: Physicians (per 1 000 pop.),2.9,3.1,3.4l,Education: Government expenditure (% of GDP),4.8,4.5,4.7m,Education: Primary gross enrol. ratio (f/m per 100 pop.),100.5 /      101.2,102.2 /      102.5,96.4 /       97.1l,Education: Secondary gross enrol. ratio (f/m per 100 pop.),96.4 /       97.7,103.3 /      102.7,103.7 /      104.1l,Education: Upper secondary gross enrol. ratio (f/m per 100 pop.),96.7 /       96.8,107.6 /      105.4,106.6 /      106.5l,Intentional homicide rate (per 100 000 pop.),1.4,2.3,2.5m,Seats held by women in national parliaments (%),11.1,10.1,12.6n,,,,
Urban population growth ratei (average annual %),0.4,0.2,...,"Fertility rate, totali (live births per woman)",1.3,1.3,1.5c,"Life expectancy at birthi (females/males, years)",77.8 /       69.6,78.7 /       71.6,80.1 /       73.0c,"Population age distribution (0-14/60+ years old, %)",14.9 /       22.1,14.4 /       25.0,14.5 /       26.9a,International migrant stock (000/% of total pop.),436.6 /        4.4,475.5 /        4.9,584.6 /        6.1c,Refugees and others of concern to UNHCR (000),5.8j,28.8,6c,Infant mortality ratei (per 1 000 live births),5.7,5,4.1c,Health: Current expenditure (% of GDP),7.5k,6.9k,6.7l,Health: Physicians (per 1 000 pop.),2.9,3.1,3.4l,Education: Government expenditure (% of GDP),4.8,4.5,4.7m,Education: Primary gross enrol. ratio (f/m per 100 pop.),100.5 /      101.2,102.2 /      102.5,96.4 /       97.1l,Education: Secondary gross enrol. ratio (f/m per 100 pop.),96.4 /       97.7,103.3 /      102.7,103.7 /      104.1l,Education: Upper secondary gross enrol. ratio (f/m per 100 pop.),96.7 /       96.8,107.6 /      105.4,106.6 /      106.5l,Intentional homicide rate (per 100 000 pop.),1.4,2.3,2.5m,Seats held by women in national parliaments (%),11.1,10.1,12.6n,,,,,,,,
"Fertility rate, totali (live births per woman)",1.3,1.3,1.5c,"Life expectancy at birthi (females/males, years)",77.8 /       69.6,78.7 /       71.6,80.1 /       73.0c,"Population age distribution (0-14/60+ years old, %)",14.9 /       22.1,14.4 /       25.0,14.5 /       26.9a,International migrant stock (000/% of total pop.),436.6 /        4.4,475.5 /        4.9,584.6 /        6.1c,Refugees and others of concern to UNHCR (000),5.8j,28.8,6c,Infant mortality ratei (per 1 000 live births),5.7,5,4.1c,Health: Current expenditure (% of GDP),7.5k,6.9k,6.7l,Health: Physicians (per 1 000 pop.),2.9,3.1,3.4l,Education: Government expenditure (% of GDP),4.8,4.5,4.7m,Education: Primary gross enrol. ratio (f/m per 100 pop.),100.5 /      101.2,102.2 /      102.5,96.4 /       97.1l,Education: Secondary gross enrol. ratio (f/m per 100 pop.),96.4 /       97.7,103.3 /      102.7,103.7 /      104.1l,Education: Upper secondary gross enrol. ratio (f/m per 100 pop.),96.7 /       96.8,107.6 /      105.4,106.6 /      106.5l,Intentional homicide rate (per 100 000 pop.),1.4,2.3,2.5m,Seats held by women in national parliaments (%),11.1,10.1,12.6n,,,,,,,,,,,,
"Life expectancy at birthi (females/males, years)",77.8 /       69.6,78.7 /       71.6,80.1 /       73.0c,"Population age distribution (0-14/60+ years old, %)",14.9 /       22.1,14.4 /       25.0,14.5 /       26.9a,International migrant stock (000/% of total pop.),436.6 /        4.4,475.5 /        4.9,584.6 /        6.1c,Refugees and others of concern to UNHCR (000),5.8j,28.8,6c,Infant mortality ratei (per 1 000 live births),5.7,5,4.1c,Health: Current expenditure (% of GDP),7.5k,6.9k,6.7l,Health: Physicians (per 1 000 pop.),2.9,3.1,3.4l,Education: Government expenditure (% of GDP),4.8,4.5,4.7m,Education: Primary gross enrol. ratio (f/m per 100 pop.),100.5 /      101.2,102.2 /      102.5,96.4 /       97.1l,Education: Secondary gross enrol. ratio (f/m per 100 pop.),96.4 /       97.7,103.3 /      102.7,103.7 /      104.1l,Education: Upper secondary gross enrol. ratio (f/m per 100 pop.),96.7 /       96.8,107.6 /      105.4,106.6 /      106.5l,Intentional homicide rate (per 100 000 pop.),1.4,2.3,2.5m,Seats held by women in national parliaments (%),11.1,10.1,12.6n,,,,,,,,,,,,,,,,
"Population age distribution (0-14/60+ years old, %)",14.9 /       22.1,14.4 /       25.0,14.5 /       26.9a,International migrant stock (000/% of total pop.),436.6 /        4.4,475.5 /        4.9,584.6 /        6.1c,Refugees and others of concern to UNHCR (000),5.8j,28.8,6c,Infant mortality ratei (per 1 000 live births),5.7,5,4.1c,Health: Current expenditure (% of GDP),7.5k,6.9k,6.7l,Health: Physicians (per 1 000 pop.),2.9,3.1,3.4l,Education: Government expenditure (% of GDP),4.8,4.5,4.7m,Education: Primary gross enrol. ratio (f/m per 100 pop.),100.5 /      101.2,102.2 /      102.5,96.4 /       97.1l,Education: Secondary gross enrol. ratio (f/m per 100 pop.),96.4 /       97.7,103.3 /      102.7,103.7 /      104.1l,Education: Upper secondary gross enrol. ratio (f/m per 100 pop.),96.7 /       96.8,107.6 /      105.4,106.6 /      106.5l,Intentional homicide rate (per 100 000 pop.),1.4,2.3,2.5m,Seats held by women in national parliaments (%),11.1,10.1,12.6n,,,,,,,,,,,,,,,,,,,,
International migrant stock (000/% of total pop.),436.6 /        4.4,475.5 /        4.9,584.6 /        6.1c,Refugees and others of concern to UNHCR (000),5.8j,28.8,6c,Infant mortality ratei (per 1 000 live births),5.7,5,4.1c,Health: Current expenditure (% of GDP),7.5k,6.9k,6.7l,Health: Physicians (per 1 000 pop.),2.9,3.1,3.4l,Education: Government expenditure (% of GDP),4.8,4.5,4.7m,Education: Primary gross enrol. ratio (f/m per 100 pop.),100.5 /      101.2,102.2 /      102.5,96.4 /       97.1l,Education: Secondary gross enrol. ratio (f/m per 100 pop.),96.4 /       97.7,103.3 /      102.7,103.7 /      104.1l,Education: Upper secondary gross enrol. ratio (f/m per 100 pop.),96.7 /       96.8,107.6 /      105.4,106.6 /      106.5l,Intentional homicide rate (per 100 000 pop.),1.4,2.3,2.5m,Seats held by women in national parliaments (%),11.1,10.1,12.6n,,,,,,,,,,,,,,,,,,,,,,,,
Refugees and others of concern to UNHCR (000),5.8j,28.8,6c,Infant mortality ratei (per 1 000 live births),5.7,5,4.1c,Health: Current expenditure (% of GDP),7.5k,6.9k,6.7l,Health: Physicians (per 1 000 pop.),2.9,3.1,3.4l,Education: Government expenditure (% of GDP),4.8,4.5,4.7m,Education: Primary gross enrol. ratio (f/m per 100 pop.),100.5 /      101.2,102.2 /      102.5,96.4 /       97.1l,Education: Secondary gross enrol. ratio (f/m per 100 pop.),96.4 /       97.7,103.3 /      102.7,103.7 /      104.1l,Education: Upper secondary gross enrol. ratio (f/m per 100 pop.),96.7 /       96.8,107.6 /      105.4,106.6 /      106.5l,Intentional homicide rate (per 100 000 pop.),1.4,2.3,2.5m,Seats held by women in national parliaments (%),11.1,10.1,12.6n,,,,,,,,,,,,,,,,,,,,,,,,,,,,
Infant mortality ratei (per 1 000 live births),5.7,5,4.1c,Health: Current expenditure (% of GDP),7.5k,6.9k,6.7l,Health: Physicians (per 1 000 pop.),2.9,3.1,3.4l,Education: Government expenditure (% of GDP),4.8,4.5,4.7m,Education: Primary gross enrol. ratio (f/m per 100 pop.),100.5 /      101.2,102.2 /      102.5,96.4 /       97.1l,Education: Secondary gross enrol. ratio (f/m per 100 pop.),96.4 /       97.7,103.3 /      102.7,103.7 /      104.1l,Education: Upper secondary gross enrol. ratio (f/m per 100 pop.),96.7 /       96.8,107.6 /      105.4,106.6 /      106.5l,Intentional homicide rate (per 100 000 pop.),1.4,2.3,2.5m,Seats held by women in national parliaments (%),11.1,10.1,12.6n,,,,,,,,,,,,,,,,,,,,,,,,,,,,,,,,
Health: Current expenditure (% of GDP),7.5k,6.9k,6.7l,Health: Physicians (per 1 000 pop.),2.9,3.1,3.4l,Education: Government expenditure (% of GDP),4.8,4.5,4.7m,Education: Primary gross enrol. ratio (f/m per 100 pop.),100.5 /      101.2,102.2 /      102.5,96.4 /       97.1l,Education: Secondary gross enrol. ratio (f/m per 100 pop.),96.4 /       97.7,103.3 /      102.7,103.7 /      104.1l,Education: Upper secondary gross enrol. ratio (f/m per 100 pop.),96.7 /       96.8,107.6 /      105.4,106.6 /      106.5l,Intentional homicide rate (per 100 000 pop.),1.4,2.3,2.5m,Seats held by women in national parliaments (%),11.1,10.1,12.6n,,,,,,,,,,,,,,,,,,,,,,,,,,,,,,,,,,,,
Health: Physicians (per 1 000 pop.),2.9,3.1,3.4l,Education: Government expenditure (% of GDP),4.8,4.5,4.7m,Education: Primary gross enrol. ratio (f/m per 100 pop.),100.5 /      101.2,102.2 /      102.5,96.4 /       97.1l,Education: Secondary gross enrol. ratio (f/m per 100 pop.),96.4 /       97.7,103.3 /      102.7,103.7 /      104.1l,Education: Upper secondary gross enrol. ratio (f/m per 100 pop.),96.7 /       96.8,107.6 /      105.4,106.6 /      106.5l,Intentional homicide rate (per 100 000 pop.),1.4,2.3,2.5m,Seats held by women in national parliaments (%),11.1,10.1,12.6n,,,,,,,,,,,,,,,,,,,,,,,,,,,,,,,,,,,,,,,,
Education: Government expenditure (% of GDP),4.8,4.5,4.7m,Education: Primary gross enrol. ratio (f/m per 100 pop.),100.5 /      101.2,102.2 /      102.5,96.4 /       97.1l,Education: Secondary gross enrol. ratio (f/m per 100 pop.),96.4 /       97.7,103.3 /      102.7,103.7 /      104.1l,Education: Upper secondary gross enrol. ratio (f/m per 100 pop.),96.7 /       96.8,107.6 /      105.4,106.6 /      106.5l,Intentional homicide rate (per 100 000 pop.),1.4,2.3,2.5m,Seats held by women in national parliaments (%),11.1,10.1,12.6n,,,,,,,,,,,,,,,,,,,,,,,,,,,,,,,,,,,,,,,,,,,,
Education: Primary gross enrol. ratio (f/m per 100 pop.),100.5 /      101.2,102.2 /      102.5,96.4 /       97.1l,Education: Secondary gross enrol. ratio (f/m per 100 pop.),96.4 /       97.7,103.3 /      102.7,103.7 /      104.1l,Education: Upper secondary gross enrol. ratio (f/m per 100 pop.),96.7 /       96.8,107.6 /      105.4,106.6 /      106.5l,Intentional homicide rate (per 100 000 pop.),1.4,2.3,2.5m,Seats held by women in national parliaments (%),11.1,10.1,12.6n,,,,,,,,,,,,,,,,,,,,,,,,,,,,,,,,,,,,,,,,,,,,,,,,
Education: Secondary gross enrol. ratio (f/m per 100 pop.),96.4 /       97.7,103.3 /      102.7,103.7 /      104.1l,Education: Upper secondary gross enrol. ratio (f/m per 100 pop.),96.7 /       96.8,107.6 /      105.4,106.6 /      106.5l,Intentional homicide rate (per 100 000 pop.),1.4,2.3,2.5m,Seats held by women in national parliaments (%),11.1,10.1,12.6n,,,,,,,,,,,,,,,,,,,,,,,,,,,,,,,,,,,,,,,,,,,,,,,,,,,,
Education: Upper secondary gross enrol. ratio (f/m per 100 pop.),96.7 /       96.8,107.6 /      105.4,106.6 /      106.5l,Intentional homicide rate (per 100 000 pop.),1.4,2.3,2.5m,Seats held by women in national parliaments (%),11.1,10.1,12.6n,,,,,,,,,,,,,,,,,,,,,,,,,,,,,,,,,,,,,,,,,,,,,,,,,,,,,,,,
Intentional homicide rate (per 100 000 pop.),1.4,2.3,2.5m,Seats held by women in national parliaments (%),11.1,10.1,12.6n,,,,,,,,,,,,,,,,,,,,,,,,,,,,,,,,,,,,,,,,,,,,,,,,,,,,,,,,,,,,
Seats held by women in national parliaments (%),11.1,10.1,12.6n,,,,,,,,,,,,,,,,,,,,,,,,,,,,,,,,,,,,,,,,,,,,,,,,,,,,,,,,,,,,,,,,
