0,1,2,3,4,5,6,7,8,9,10,11,12,13,14,15,16,17,18,19,20,21,22,23,24,25,26,27,28,29,30,31,32,33,34,35,36,37,38,39
,2010,2015,2021,,,,,,,,,,,,,,,,,,,,,,,,,,,,,,,,,,,,
Individuals using the Internet (per 100 inhabitants),"74.1o,p",88.4,89.5b,Research & Development expenditure (% of GDP),1.6,1.5,"1.4q,l",Threatened species (number),11,17,50,Forested area (% of land area),55.1,55.7,56.1l,CO2 emission estimates (million tons/tons per capita),18.6 /       13.9,15.2 /       11.5,11.6 /        8.8b,"Energy production, primary (Petajoules)",206,234,277l,Energy supply per capita (Gigajoules),178,174,198l,Tourist/visitor arrivals at national bordersr (000),2 511,2 961,3 234l,Important sites for terrestrial biodiversity protected (%),94.7,94.8,94.8c,Net Official Development Assist. disbursed (% of GNI),0.1,0.15,0.16m
Research & Development expenditure (% of GDP),1.6,1.5,"1.4q,l",Threatened species (number),11,17,50,Forested area (% of land area),55.1,55.7,56.1l,CO2 emission estimates (million tons/tons per capita),18.6 /       13.9,15.2 /       11.5,11.6 /        8.8b,"Energy production, primary (Petajoules)",206,234,277l,Energy supply per capita (Gigajoules),178,174,198l,Tourist/visitor arrivals at national bordersr (000),2 511,2 961,3 234l,Important sites for terrestrial biodiversity protected (%),94.7,94.8,94.8c,Net Official Development Assist. disbursed (% of GNI),0.1,0.15,0.16m,,,,
Threatened species (number),11,17,50,Forested area (% of land area),55.1,55.7,56.1l,CO2 emission estimates (million tons/tons per capita),18.6 /       13.9,15.2 /       11.5,11.6 /        8.8b,"Energy production, primary (Petajoules)",206,234,277l,Energy supply per capita (Gigajoules),178,174,198l,Tourist/visitor arrivals at national bordersr (000),2 511,2 961,3 234l,Important sites for terrestrial biodiversity protected (%),94.7,94.8,94.8c,Net Official Development Assist. disbursed (% of GNI),0.1,0.15,0.16m,,,,,,,,
Forested area (% of land area),55.1,55.7,56.1l,CO2 emission estimates (million tons/tons per capita),18.6 /       13.9,15.2 /       11.5,11.6 /        8.8b,"Energy production, primary (Petajoules)",206,234,277l,Energy supply per capita (Gigajoules),178,174,198l,Tourist/visitor arrivals at national bordersr (000),2 511,2 961,3 234l,Important sites for terrestrial biodiversity protected (%),94.7,94.8,94.8c,Net Official Development Assist. disbursed (% of GNI),0.1,0.15,0.16m,,,,,,,,,,,,
CO2 emission estimates (million tons/tons per capita),18.6 /       13.9,15.2 /       11.5,11.6 /        8.8b,"Energy production, primary (Petajoules)",206,234,277l,Energy supply per capita (Gigajoules),178,174,198l,Tourist/visitor arrivals at national bordersr (000),2 511,2 961,3 234l,Important sites for terrestrial biodiversity protected (%),94.7,94.8,94.8c,Net Official Development Assist. disbursed (% of GNI),0.1,0.15,0.16m,,,,,,,,,,,,,,,,
"Energy production, primary (Petajoules)",206,234,277l,Energy supply per capita (Gigajoules),178,174,198l,Tourist/visitor arrivals at national bordersr (000),2 511,2 961,3 234l,Important sites for terrestrial biodiversity protected (%),94.7,94.8,94.8c,Net Official Development Assist. disbursed (% of GNI),0.1,0.15,0.16m,,,,,,,,,,,,,,,,,,,,
Energy supply per capita (Gigajoules),178,174,198l,Tourist/visitor arrivals at national bordersr (000),2 511,2 961,3 234l,Important sites for terrestrial biodiversity protected (%),94.7,94.8,94.8c,Net Official Development Assist. disbursed (% of GNI),0.1,0.15,0.16m,,,,,,,,,,,,,,,,,,,,,,,,
Tourist/visitor arrivals at national bordersr (000),2 511,2 961,3 234l,Important sites for terrestrial biodiversity protected (%),94.7,94.8,94.8c,Net Official Development Assist. disbursed (% of GNI),0.1,0.15,0.16m,,,,,,,,,,,,,,,,,,,,,,,,,,,,
Important sites for terrestrial biodiversity protected (%),94.7,94.8,94.8c,Net Official Development Assist. disbursed (% of GNI),0.1,0.15,0.16m,,,,,,,,,,,,,,,,,,,,,,,,,,,,,,,,
Net Official Development Assist. disbursed (% of GNI),0.1,0.15,0.16m,,,,,,,,,,,,,,,,,,,,,,,,,,,,,,,,,,,,
