0,1,2,3,4,5,6,7,8,9,10,11,12,13,14,15,16,17,18,19,20,21,22,23,24,25,26,27,28,29,30,31,32,33,34,35,36,37,38,39,40,41,42,43,44,45,46,47,48,49,50,51,52,53,54,55,56,57,58,59,60,61,62,63,64,65,66,67
,2010,2015,2021,,,,,,,,,,,,,,,,,,,,,,,,,,,,,,,,,,,,,,,,,,,,,,,,,,,,,,,,,,,,,,,,
Population growth ratej (average annual %),-0.4,-0.3,0.2c,Urban population (% of total population),68.1,68.4,69.1b,Urban population growth ratej (average annual %),-0.5,-0.2,...,"Fertility rate, totalj (live births per woman)",1.7,1.6,1.6c,"Life expectancy at birthj (females/males, years)",79.0 /       68.3,81.2 /       71.8,82.5 /       74.0c,"Population age distribution (0-14/60+ years old, %)",15.1 /       23.2,16.1 /       25.1,16.5 /       27.2a,International migrant stock (000/% of total pop.),217.9 /       16.4,194.7 /       14.8,199.3 /       15.0c,Refugees and others of concern to UNHCR (000),101k,86.8,74.6c,Infant mortality ratej (per 1 000 live births),4.7,3.2,2c,Health: Current expenditure (% of GDP),6.3,6.3,6.7l,Health: Physicians (per 1 000 pop.),3.2,3.4,0l,Education: Government expenditure (% of GDP),5.5,5.1,5m,Education: Primary gross enrol. ratio (f/m per 100 pop.),102.2 /      103.8,97.1 /       97.1,97.8 /       97.5l,Education: Secondary gross enrol. ratio (f/m per 100 pop.),105.3 /      105.2,110.8 /      111.3,118.3 /      115.0l,Education: Upper secondary gross enrol. ratio (f/m per 100 pop.),109.1 /      105.6,116.1 /      113.1,134.5 /      127.9l,Intentional homicide rate (per 100 000 pop.),5.3,3.4,2.1l,Seats held by women in national parliaments (%),22.8,19.8,27.7n
Urban population (% of total population),68.1,68.4,69.1b,Urban population growth ratej (average annual %),-0.5,-0.2,...,"Fertility rate, totalj (live births per woman)",1.7,1.6,1.6c,"Life expectancy at birthj (females/males, years)",79.0 /       68.3,81.2 /       71.8,82.5 /       74.0c,"Population age distribution (0-14/60+ years old, %)",15.1 /       23.2,16.1 /       25.1,16.5 /       27.2a,International migrant stock (000/% of total pop.),217.9 /       16.4,194.7 /       14.8,199.3 /       15.0c,Refugees and others of concern to UNHCR (000),101k,86.8,74.6c,Infant mortality ratej (per 1 000 live births),4.7,3.2,2c,Health: Current expenditure (% of GDP),6.3,6.3,6.7l,Health: Physicians (per 1 000 pop.),3.2,3.4,0l,Education: Government expenditure (% of GDP),5.5,5.1,5m,Education: Primary gross enrol. ratio (f/m per 100 pop.),102.2 /      103.8,97.1 /       97.1,97.8 /       97.5l,Education: Secondary gross enrol. ratio (f/m per 100 pop.),105.3 /      105.2,110.8 /      111.3,118.3 /      115.0l,Education: Upper secondary gross enrol. ratio (f/m per 100 pop.),109.1 /      105.6,116.1 /      113.1,134.5 /      127.9l,Intentional homicide rate (per 100 000 pop.),5.3,3.4,2.1l,Seats held by women in national parliaments (%),22.8,19.8,27.7n,,,,
Urban population growth ratej (average annual %),-0.5,-0.2,...,"Fertility rate, totalj (live births per woman)",1.7,1.6,1.6c,"Life expectancy at birthj (females/males, years)",79.0 /       68.3,81.2 /       71.8,82.5 /       74.0c,"Population age distribution (0-14/60+ years old, %)",15.1 /       23.2,16.1 /       25.1,16.5 /       27.2a,International migrant stock (000/% of total pop.),217.9 /       16.4,194.7 /       14.8,199.3 /       15.0c,Refugees and others of concern to UNHCR (000),101k,86.8,74.6c,Infant mortality ratej (per 1 000 live births),4.7,3.2,2c,Health: Current expenditure (% of GDP),6.3,6.3,6.7l,Health: Physicians (per 1 000 pop.),3.2,3.4,0l,Education: Government expenditure (% of GDP),5.5,5.1,5m,Education: Primary gross enrol. ratio (f/m per 100 pop.),102.2 /      103.8,97.1 /       97.1,97.8 /       97.5l,Education: Secondary gross enrol. ratio (f/m per 100 pop.),105.3 /      105.2,110.8 /      111.3,118.3 /      115.0l,Education: Upper secondary gross enrol. ratio (f/m per 100 pop.),109.1 /      105.6,116.1 /      113.1,134.5 /      127.9l,Intentional homicide rate (per 100 000 pop.),5.3,3.4,2.1l,Seats held by women in national parliaments (%),22.8,19.8,27.7n,,,,,,,,
"Fertility rate, totalj (live births per woman)",1.7,1.6,1.6c,"Life expectancy at birthj (females/males, years)",79.0 /       68.3,81.2 /       71.8,82.5 /       74.0c,"Population age distribution (0-14/60+ years old, %)",15.1 /       23.2,16.1 /       25.1,16.5 /       27.2a,International migrant stock (000/% of total pop.),217.9 /       16.4,194.7 /       14.8,199.3 /       15.0c,Refugees and others of concern to UNHCR (000),101k,86.8,74.6c,Infant mortality ratej (per 1 000 live births),4.7,3.2,2c,Health: Current expenditure (% of GDP),6.3,6.3,6.7l,Health: Physicians (per 1 000 pop.),3.2,3.4,0l,Education: Government expenditure (% of GDP),5.5,5.1,5m,Education: Primary gross enrol. ratio (f/m per 100 pop.),102.2 /      103.8,97.1 /       97.1,97.8 /       97.5l,Education: Secondary gross enrol. ratio (f/m per 100 pop.),105.3 /      105.2,110.8 /      111.3,118.3 /      115.0l,Education: Upper secondary gross enrol. ratio (f/m per 100 pop.),109.1 /      105.6,116.1 /      113.1,134.5 /      127.9l,Intentional homicide rate (per 100 000 pop.),5.3,3.4,2.1l,Seats held by women in national parliaments (%),22.8,19.8,27.7n,,,,,,,,,,,,
"Life expectancy at birthj (females/males, years)",79.0 /       68.3,81.2 /       71.8,82.5 /       74.0c,"Population age distribution (0-14/60+ years old, %)",15.1 /       23.2,16.1 /       25.1,16.5 /       27.2a,International migrant stock (000/% of total pop.),217.9 /       16.4,194.7 /       14.8,199.3 /       15.0c,Refugees and others of concern to UNHCR (000),101k,86.8,74.6c,Infant mortality ratej (per 1 000 live births),4.7,3.2,2c,Health: Current expenditure (% of GDP),6.3,6.3,6.7l,Health: Physicians (per 1 000 pop.),3.2,3.4,0l,Education: Government expenditure (% of GDP),5.5,5.1,5m,Education: Primary gross enrol. ratio (f/m per 100 pop.),102.2 /      103.8,97.1 /       97.1,97.8 /       97.5l,Education: Secondary gross enrol. ratio (f/m per 100 pop.),105.3 /      105.2,110.8 /      111.3,118.3 /      115.0l,Education: Upper secondary gross enrol. ratio (f/m per 100 pop.),109.1 /      105.6,116.1 /      113.1,134.5 /      127.9l,Intentional homicide rate (per 100 000 pop.),5.3,3.4,2.1l,Seats held by women in national parliaments (%),22.8,19.8,27.7n,,,,,,,,,,,,,,,,
"Population age distribution (0-14/60+ years old, %)",15.1 /       23.2,16.1 /       25.1,16.5 /       27.2a,International migrant stock (000/% of total pop.),217.9 /       16.4,194.7 /       14.8,199.3 /       15.0c,Refugees and others of concern to UNHCR (000),101k,86.8,74.6c,Infant mortality ratej (per 1 000 live births),4.7,3.2,2c,Health: Current expenditure (% of GDP),6.3,6.3,6.7l,Health: Physicians (per 1 000 pop.),3.2,3.4,0l,Education: Government expenditure (% of GDP),5.5,5.1,5m,Education: Primary gross enrol. ratio (f/m per 100 pop.),102.2 /      103.8,97.1 /       97.1,97.8 /       97.5l,Education: Secondary gross enrol. ratio (f/m per 100 pop.),105.3 /      105.2,110.8 /      111.3,118.3 /      115.0l,Education: Upper secondary gross enrol. ratio (f/m per 100 pop.),109.1 /      105.6,116.1 /      113.1,134.5 /      127.9l,Intentional homicide rate (per 100 000 pop.),5.3,3.4,2.1l,Seats held by women in national parliaments (%),22.8,19.8,27.7n,,,,,,,,,,,,,,,,,,,,
International migrant stock (000/% of total pop.),217.9 /       16.4,194.7 /       14.8,199.3 /       15.0c,Refugees and others of concern to UNHCR (000),101k,86.8,74.6c,Infant mortality ratej (per 1 000 live births),4.7,3.2,2c,Health: Current expenditure (% of GDP),6.3,6.3,6.7l,Health: Physicians (per 1 000 pop.),3.2,3.4,0l,Education: Government expenditure (% of GDP),5.5,5.1,5m,Education: Primary gross enrol. ratio (f/m per 100 pop.),102.2 /      103.8,97.1 /       97.1,97.8 /       97.5l,Education: Secondary gross enrol. ratio (f/m per 100 pop.),105.3 /      105.2,110.8 /      111.3,118.3 /      115.0l,Education: Upper secondary gross enrol. ratio (f/m per 100 pop.),109.1 /      105.6,116.1 /      113.1,134.5 /      127.9l,Intentional homicide rate (per 100 000 pop.),5.3,3.4,2.1l,Seats held by women in national parliaments (%),22.8,19.8,27.7n,,,,,,,,,,,,,,,,,,,,,,,,
Refugees and others of concern to UNHCR (000),101k,86.8,74.6c,Infant mortality ratej (per 1 000 live births),4.7,3.2,2c,Health: Current expenditure (% of GDP),6.3,6.3,6.7l,Health: Physicians (per 1 000 pop.),3.2,3.4,0l,Education: Government expenditure (% of GDP),5.5,5.1,5m,Education: Primary gross enrol. ratio (f/m per 100 pop.),102.2 /      103.8,97.1 /       97.1,97.8 /       97.5l,Education: Secondary gross enrol. ratio (f/m per 100 pop.),105.3 /      105.2,110.8 /      111.3,118.3 /      115.0l,Education: Upper secondary gross enrol. ratio (f/m per 100 pop.),109.1 /      105.6,116.1 /      113.1,134.5 /      127.9l,Intentional homicide rate (per 100 000 pop.),5.3,3.4,2.1l,Seats held by women in national parliaments (%),22.8,19.8,27.7n,,,,,,,,,,,,,,,,,,,,,,,,,,,,
Infant mortality ratej (per 1 000 live births),4.7,3.2,2c,Health: Current expenditure (% of GDP),6.3,6.3,6.7l,Health: Physicians (per 1 000 pop.),3.2,3.4,0l,Education: Government expenditure (% of GDP),5.5,5.1,5m,Education: Primary gross enrol. ratio (f/m per 100 pop.),102.2 /      103.8,97.1 /       97.1,97.8 /       97.5l,Education: Secondary gross enrol. ratio (f/m per 100 pop.),105.3 /      105.2,110.8 /      111.3,118.3 /      115.0l,Education: Upper secondary gross enrol. ratio (f/m per 100 pop.),109.1 /      105.6,116.1 /      113.1,134.5 /      127.9l,Intentional homicide rate (per 100 000 pop.),5.3,3.4,2.1l,Seats held by women in national parliaments (%),22.8,19.8,27.7n,,,,,,,,,,,,,,,,,,,,,,,,,,,,,,,,
Health: Current expenditure (% of GDP),6.3,6.3,6.7l,Health: Physicians (per 1 000 pop.),3.2,3.4,0l,Education: Government expenditure (% of GDP),5.5,5.1,5m,Education: Primary gross enrol. ratio (f/m per 100 pop.),102.2 /      103.8,97.1 /       97.1,97.8 /       97.5l,Education: Secondary gross enrol. ratio (f/m per 100 pop.),105.3 /      105.2,110.8 /      111.3,118.3 /      115.0l,Education: Upper secondary gross enrol. ratio (f/m per 100 pop.),109.1 /      105.6,116.1 /      113.1,134.5 /      127.9l,Intentional homicide rate (per 100 000 pop.),5.3,3.4,2.1l,Seats held by women in national parliaments (%),22.8,19.8,27.7n,,,,,,,,,,,,,,,,,,,,,,,,,,,,,,,,,,,,
Health: Physicians (per 1 000 pop.),3.2,3.4,0l,Education: Government expenditure (% of GDP),5.5,5.1,5m,Education: Primary gross enrol. ratio (f/m per 100 pop.),102.2 /      103.8,97.1 /       97.1,97.8 /       97.5l,Education: Secondary gross enrol. ratio (f/m per 100 pop.),105.3 /      105.2,110.8 /      111.3,118.3 /      115.0l,Education: Upper secondary gross enrol. ratio (f/m per 100 pop.),109.1 /      105.6,116.1 /      113.1,134.5 /      127.9l,Intentional homicide rate (per 100 000 pop.),5.3,3.4,2.1l,Seats held by women in national parliaments (%),22.8,19.8,27.7n,,,,,,,,,,,,,,,,,,,,,,,,,,,,,,,,,,,,,,,,
Education: Government expenditure (% of GDP),5.5,5.1,5m,Education: Primary gross enrol. ratio (f/m per 100 pop.),102.2 /      103.8,97.1 /       97.1,97.8 /       97.5l,Education: Secondary gross enrol. ratio (f/m per 100 pop.),105.3 /      105.2,110.8 /      111.3,118.3 /      115.0l,Education: Upper secondary gross enrol. ratio (f/m per 100 pop.),109.1 /      105.6,116.1 /      113.1,134.5 /      127.9l,Intentional homicide rate (per 100 000 pop.),5.3,3.4,2.1l,Seats held by women in national parliaments (%),22.8,19.8,27.7n,,,,,,,,,,,,,,,,,,,,,,,,,,,,,,,,,,,,,,,,,,,,
Education: Primary gross enrol. ratio (f/m per 100 pop.),102.2 /      103.8,97.1 /       97.1,97.8 /       97.5l,Education: Secondary gross enrol. ratio (f/m per 100 pop.),105.3 /      105.2,110.8 /      111.3,118.3 /      115.0l,Education: Upper secondary gross enrol. ratio (f/m per 100 pop.),109.1 /      105.6,116.1 /      113.1,134.5 /      127.9l,Intentional homicide rate (per 100 000 pop.),5.3,3.4,2.1l,Seats held by women in national parliaments (%),22.8,19.8,27.7n,,,,,,,,,,,,,,,,,,,,,,,,,,,,,,,,,,,,,,,,,,,,,,,,
Education: Secondary gross enrol. ratio (f/m per 100 pop.),105.3 /      105.2,110.8 /      111.3,118.3 /      115.0l,Education: Upper secondary gross enrol. ratio (f/m per 100 pop.),109.1 /      105.6,116.1 /      113.1,134.5 /      127.9l,Intentional homicide rate (per 100 000 pop.),5.3,3.4,2.1l,Seats held by women in national parliaments (%),22.8,19.8,27.7n,,,,,,,,,,,,,,,,,,,,,,,,,,,,,,,,,,,,,,,,,,,,,,,,,,,,
Education: Upper secondary gross enrol. ratio (f/m per 100 pop.),109.1 /      105.6,116.1 /      113.1,134.5 /      127.9l,Intentional homicide rate (per 100 000 pop.),5.3,3.4,2.1l,Seats held by women in national parliaments (%),22.8,19.8,27.7n,,,,,,,,,,,,,,,,,,,,,,,,,,,,,,,,,,,,,,,,,,,,,,,,,,,,,,,,
Intentional homicide rate (per 100 000 pop.),5.3,3.4,2.1l,Seats held by women in national parliaments (%),22.8,19.8,27.7n,,,,,,,,,,,,,,,,,,,,,,,,,,,,,,,,,,,,,,,,,,,,,,,,,,,,,,,,,,,,
Seats held by women in national parliaments (%),22.8,19.8,27.7n,,,,,,,,,,,,,,,,,,,,,,,,,,,,,,,,,,,,,,,,,,,,,,,,,,,,,,,,,,,,,,,,
