0,1,2,3,4,5,6,7,8,9,10,11,12,13,14,15,16,17,18,19,20,21,22,23,24,25,26,27,28,29,30,31,32,33,34,35,36,37,38,39
,2010,2015,2021,,,,,,,,,,,,,,,,,,,,,,,,,,,,,,,,,,,,
Individuals using the Internete (per 100 inhabitants),2.8,12.4,14.3l,Research & Development expenditure (% of GDP),...,...,"~0.0q,r,s,n",Threatened species (number),117,130,193,Forested area (% of land area),57.9,55.7,54.3j,CO2 emission estimates (million tons/tons per capita),15.2 /        0.6,21.5 /        0.8,18.8 /        0.6j,"Energy production, primary (Petajoules)",4 016,4 030,3 793j,Energy supply per capita (Gigajoules),20,20,17j,Tourist/visitor arrivals at national borders (000),425,592,218b,Important sites for terrestrial biodiversity protected (%),28.1,28.1,28.1d,Net Official Development Assist. received (% of GNI),0.31,0.35,0.03b
Research & Development expenditure (% of GDP),...,...,"~0.0q,r,s,n",Threatened species (number),117,130,193,Forested area (% of land area),57.9,55.7,54.3j,CO2 emission estimates (million tons/tons per capita),15.2 /        0.6,21.5 /        0.8,18.8 /        0.6j,"Energy production, primary (Petajoules)",4 016,4 030,3 793j,Energy supply per capita (Gigajoules),20,20,17j,Tourist/visitor arrivals at national borders (000),425,592,218b,Important sites for terrestrial biodiversity protected (%),28.1,28.1,28.1d,Net Official Development Assist. received (% of GNI),0.31,0.35,0.03b,,,,
Threatened species (number),117,130,193,Forested area (% of land area),57.9,55.7,54.3j,CO2 emission estimates (million tons/tons per capita),15.2 /        0.6,21.5 /        0.8,18.8 /        0.6j,"Energy production, primary (Petajoules)",4 016,4 030,3 793j,Energy supply per capita (Gigajoules),20,20,17j,Tourist/visitor arrivals at national borders (000),425,592,218b,Important sites for terrestrial biodiversity protected (%),28.1,28.1,28.1d,Net Official Development Assist. received (% of GNI),0.31,0.35,0.03b,,,,,,,,
Forested area (% of land area),57.9,55.7,54.3j,CO2 emission estimates (million tons/tons per capita),15.2 /        0.6,21.5 /        0.8,18.8 /        0.6j,"Energy production, primary (Petajoules)",4 016,4 030,3 793j,Energy supply per capita (Gigajoules),20,20,17j,Tourist/visitor arrivals at national borders (000),425,592,218b,Important sites for terrestrial biodiversity protected (%),28.1,28.1,28.1d,Net Official Development Assist. received (% of GNI),0.31,0.35,0.03b,,,,,,,,,,,,
CO2 emission estimates (million tons/tons per capita),15.2 /        0.6,21.5 /        0.8,18.8 /        0.6j,"Energy production, primary (Petajoules)",4 016,4 030,3 793j,Energy supply per capita (Gigajoules),20,20,17j,Tourist/visitor arrivals at national borders (000),425,592,218b,Important sites for terrestrial biodiversity protected (%),28.1,28.1,28.1d,Net Official Development Assist. received (% of GNI),0.31,0.35,0.03b,,,,,,,,,,,,,,,,
"Energy production, primary (Petajoules)",4 016,4 030,3 793j,Energy supply per capita (Gigajoules),20,20,17j,Tourist/visitor arrivals at national borders (000),425,592,218b,Important sites for terrestrial biodiversity protected (%),28.1,28.1,28.1d,Net Official Development Assist. received (% of GNI),0.31,0.35,0.03b,,,,,,,,,,,,,,,,,,,,
Energy supply per capita (Gigajoules),20,20,17j,Tourist/visitor arrivals at national borders (000),425,592,218b,Important sites for terrestrial biodiversity protected (%),28.1,28.1,28.1d,Net Official Development Assist. received (% of GNI),0.31,0.35,0.03b,,,,,,,,,,,,,,,,,,,,,,,,
Tourist/visitor arrivals at national borders (000),425,592,218b,Important sites for terrestrial biodiversity protected (%),28.1,28.1,28.1d,Net Official Development Assist. received (% of GNI),0.31,0.35,0.03b,,,,,,,,,,,,,,,,,,,,,,,,,,,,
Important sites for terrestrial biodiversity protected (%),28.1,28.1,28.1d,Net Official Development Assist. received (% of GNI),0.31,0.35,0.03b,,,,,,,,,,,,,,,,,,,,,,,,,,,,,,,,
Net Official Development Assist. received (% of GNI),0.31,0.35,0.03b,,,,,,,,,,,,,,,,,,,,,,,,,,,,,,,,,,,,
