0,1,2,3,4,5,6,7,8,9,10,11,12,13,14,15,16,17,18,19,20,21,22,23,24,25,26,27,28,29,30,31,32,33,34,35,36,37,38,39,40,41,42,43,44,45,46,47,48,49,50,51,52,53,54,55,56,57,58,59,60,61,62,63,64,65,66,67
,2010,2015,2021,,,,,,,,,,,,,,,,,,,,,,,,,,,,,,,,,,,,,,,,,,,,,,,,,,,,,,,,,,,,,,,,
Population growth rateg (average annual %),3.7,3.5,3.3d,Urban population (% of total population),59.8,63.4,66.2b,Urban population growth rateg (average annual %),4.9,4.7,...,"Fertility rate, totalg (live births per woman)",6.4,6,5.6d,"Life expectancy at birthg (females/males, years)",55.3 /       50.3,60.5 /       55.2,63.4 /       57.8d,"Population age distribution (0-14/60+ years old, %)",47.0 /        3.8,47.1 /        3.6,46.2 /        3.7a,International migrant stockh (000/% of total pop.),336.4 /        1.4,632.2 /        2.3,656.4 /        2.0d,Refugees and others of concern to UNHCR (000),19.4i,45.7i,55.9d,Infant mortality rateg (per 1 000 live births),104.2,78.2,61.5d,Health: Current expenditure (% of GDP),2.7,2.6,2.5j,Health: Physicians (per 1 000 pop.),0.1k,...,0.2l,Education: Government expenditure (% of GDP),3.4,...,...,Education: Primary gross enrol. ratio (f/m per 100 pop.),94.1 /      117.7,105.9 /      121.1,... / ...,Education: Secondary gross enrol. ratio (f/m per 100 pop.),21.3 /       31.3,20.7 /       32.3m,39.7 /       61.8n,Education: Upper secondary gross enrol. ratio (f/m per 100 pop.),13.2 /       23.7,13.7 /       24.6m,24.1 /       29.9n,Intentional homicide rate (per 100 000 pop.),...,4.8o,...,Seats held by women in national parliaments (%),38.6,36.8,29.6p
Urban population (% of total population),59.8,63.4,66.2b,Urban population growth rateg (average annual %),4.9,4.7,...,"Fertility rate, totalg (live births per woman)",6.4,6,5.6d,"Life expectancy at birthg (females/males, years)",55.3 /       50.3,60.5 /       55.2,63.4 /       57.8d,"Population age distribution (0-14/60+ years old, %)",47.0 /        3.8,47.1 /        3.6,46.2 /        3.7a,International migrant stockh (000/% of total pop.),336.4 /        1.4,632.2 /        2.3,656.4 /        2.0d,Refugees and others of concern to UNHCR (000),19.4i,45.7i,55.9d,Infant mortality rateg (per 1 000 live births),104.2,78.2,61.5d,Health: Current expenditure (% of GDP),2.7,2.6,2.5j,Health: Physicians (per 1 000 pop.),0.1k,...,0.2l,Education: Government expenditure (% of GDP),3.4,...,...,Education: Primary gross enrol. ratio (f/m per 100 pop.),94.1 /      117.7,105.9 /      121.1,... / ...,Education: Secondary gross enrol. ratio (f/m per 100 pop.),21.3 /       31.3,20.7 /       32.3m,39.7 /       61.8n,Education: Upper secondary gross enrol. ratio (f/m per 100 pop.),13.2 /       23.7,13.7 /       24.6m,24.1 /       29.9n,Intentional homicide rate (per 100 000 pop.),...,4.8o,...,Seats held by women in national parliaments (%),38.6,36.8,29.6p,,,,
Urban population growth rateg (average annual %),4.9,4.7,...,"Fertility rate, totalg (live births per woman)",6.4,6,5.6d,"Life expectancy at birthg (females/males, years)",55.3 /       50.3,60.5 /       55.2,63.4 /       57.8d,"Population age distribution (0-14/60+ years old, %)",47.0 /        3.8,47.1 /        3.6,46.2 /        3.7a,International migrant stockh (000/% of total pop.),336.4 /        1.4,632.2 /        2.3,656.4 /        2.0d,Refugees and others of concern to UNHCR (000),19.4i,45.7i,55.9d,Infant mortality rateg (per 1 000 live births),104.2,78.2,61.5d,Health: Current expenditure (% of GDP),2.7,2.6,2.5j,Health: Physicians (per 1 000 pop.),0.1k,...,0.2l,Education: Government expenditure (% of GDP),3.4,...,...,Education: Primary gross enrol. ratio (f/m per 100 pop.),94.1 /      117.7,105.9 /      121.1,... / ...,Education: Secondary gross enrol. ratio (f/m per 100 pop.),21.3 /       31.3,20.7 /       32.3m,39.7 /       61.8n,Education: Upper secondary gross enrol. ratio (f/m per 100 pop.),13.2 /       23.7,13.7 /       24.6m,24.1 /       29.9n,Intentional homicide rate (per 100 000 pop.),...,4.8o,...,Seats held by women in national parliaments (%),38.6,36.8,29.6p,,,,,,,,
"Fertility rate, totalg (live births per woman)",6.4,6,5.6d,"Life expectancy at birthg (females/males, years)",55.3 /       50.3,60.5 /       55.2,63.4 /       57.8d,"Population age distribution (0-14/60+ years old, %)",47.0 /        3.8,47.1 /        3.6,46.2 /        3.7a,International migrant stockh (000/% of total pop.),336.4 /        1.4,632.2 /        2.3,656.4 /        2.0d,Refugees and others of concern to UNHCR (000),19.4i,45.7i,55.9d,Infant mortality rateg (per 1 000 live births),104.2,78.2,61.5d,Health: Current expenditure (% of GDP),2.7,2.6,2.5j,Health: Physicians (per 1 000 pop.),0.1k,...,0.2l,Education: Government expenditure (% of GDP),3.4,...,...,Education: Primary gross enrol. ratio (f/m per 100 pop.),94.1 /      117.7,105.9 /      121.1,... / ...,Education: Secondary gross enrol. ratio (f/m per 100 pop.),21.3 /       31.3,20.7 /       32.3m,39.7 /       61.8n,Education: Upper secondary gross enrol. ratio (f/m per 100 pop.),13.2 /       23.7,13.7 /       24.6m,24.1 /       29.9n,Intentional homicide rate (per 100 000 pop.),...,4.8o,...,Seats held by women in national parliaments (%),38.6,36.8,29.6p,,,,,,,,,,,,
"Life expectancy at birthg (females/males, years)",55.3 /       50.3,60.5 /       55.2,63.4 /       57.8d,"Population age distribution (0-14/60+ years old, %)",47.0 /        3.8,47.1 /        3.6,46.2 /        3.7a,International migrant stockh (000/% of total pop.),336.4 /        1.4,632.2 /        2.3,656.4 /        2.0d,Refugees and others of concern to UNHCR (000),19.4i,45.7i,55.9d,Infant mortality rateg (per 1 000 live births),104.2,78.2,61.5d,Health: Current expenditure (% of GDP),2.7,2.6,2.5j,Health: Physicians (per 1 000 pop.),0.1k,...,0.2l,Education: Government expenditure (% of GDP),3.4,...,...,Education: Primary gross enrol. ratio (f/m per 100 pop.),94.1 /      117.7,105.9 /      121.1,... / ...,Education: Secondary gross enrol. ratio (f/m per 100 pop.),21.3 /       31.3,20.7 /       32.3m,39.7 /       61.8n,Education: Upper secondary gross enrol. ratio (f/m per 100 pop.),13.2 /       23.7,13.7 /       24.6m,24.1 /       29.9n,Intentional homicide rate (per 100 000 pop.),...,4.8o,...,Seats held by women in national parliaments (%),38.6,36.8,29.6p,,,,,,,,,,,,,,,,
"Population age distribution (0-14/60+ years old, %)",47.0 /        3.8,47.1 /        3.6,46.2 /        3.7a,International migrant stockh (000/% of total pop.),336.4 /        1.4,632.2 /        2.3,656.4 /        2.0d,Refugees and others of concern to UNHCR (000),19.4i,45.7i,55.9d,Infant mortality rateg (per 1 000 live births),104.2,78.2,61.5d,Health: Current expenditure (% of GDP),2.7,2.6,2.5j,Health: Physicians (per 1 000 pop.),0.1k,...,0.2l,Education: Government expenditure (% of GDP),3.4,...,...,Education: Primary gross enrol. ratio (f/m per 100 pop.),94.1 /      117.7,105.9 /      121.1,... / ...,Education: Secondary gross enrol. ratio (f/m per 100 pop.),21.3 /       31.3,20.7 /       32.3m,39.7 /       61.8n,Education: Upper secondary gross enrol. ratio (f/m per 100 pop.),13.2 /       23.7,13.7 /       24.6m,24.1 /       29.9n,Intentional homicide rate (per 100 000 pop.),...,4.8o,...,Seats held by women in national parliaments (%),38.6,36.8,29.6p,,,,,,,,,,,,,,,,,,,,
International migrant stockh (000/% of total pop.),336.4 /        1.4,632.2 /        2.3,656.4 /        2.0d,Refugees and others of concern to UNHCR (000),19.4i,45.7i,55.9d,Infant mortality rateg (per 1 000 live births),104.2,78.2,61.5d,Health: Current expenditure (% of GDP),2.7,2.6,2.5j,Health: Physicians (per 1 000 pop.),0.1k,...,0.2l,Education: Government expenditure (% of GDP),3.4,...,...,Education: Primary gross enrol. ratio (f/m per 100 pop.),94.1 /      117.7,105.9 /      121.1,... / ...,Education: Secondary gross enrol. ratio (f/m per 100 pop.),21.3 /       31.3,20.7 /       32.3m,39.7 /       61.8n,Education: Upper secondary gross enrol. ratio (f/m per 100 pop.),13.2 /       23.7,13.7 /       24.6m,24.1 /       29.9n,Intentional homicide rate (per 100 000 pop.),...,4.8o,...,Seats held by women in national parliaments (%),38.6,36.8,29.6p,,,,,,,,,,,,,,,,,,,,,,,,
Refugees and others of concern to UNHCR (000),19.4i,45.7i,55.9d,Infant mortality rateg (per 1 000 live births),104.2,78.2,61.5d,Health: Current expenditure (% of GDP),2.7,2.6,2.5j,Health: Physicians (per 1 000 pop.),0.1k,...,0.2l,Education: Government expenditure (% of GDP),3.4,...,...,Education: Primary gross enrol. ratio (f/m per 100 pop.),94.1 /      117.7,105.9 /      121.1,... / ...,Education: Secondary gross enrol. ratio (f/m per 100 pop.),21.3 /       31.3,20.7 /       32.3m,39.7 /       61.8n,Education: Upper secondary gross enrol. ratio (f/m per 100 pop.),13.2 /       23.7,13.7 /       24.6m,24.1 /       29.9n,Intentional homicide rate (per 100 000 pop.),...,4.8o,...,Seats held by women in national parliaments (%),38.6,36.8,29.6p,,,,,,,,,,,,,,,,,,,,,,,,,,,,
Infant mortality rateg (per 1 000 live births),104.2,78.2,61.5d,Health: Current expenditure (% of GDP),2.7,2.6,2.5j,Health: Physicians (per 1 000 pop.),0.1k,...,0.2l,Education: Government expenditure (% of GDP),3.4,...,...,Education: Primary gross enrol. ratio (f/m per 100 pop.),94.1 /      117.7,105.9 /      121.1,... / ...,Education: Secondary gross enrol. ratio (f/m per 100 pop.),21.3 /       31.3,20.7 /       32.3m,39.7 /       61.8n,Education: Upper secondary gross enrol. ratio (f/m per 100 pop.),13.2 /       23.7,13.7 /       24.6m,24.1 /       29.9n,Intentional homicide rate (per 100 000 pop.),...,4.8o,...,Seats held by women in national parliaments (%),38.6,36.8,29.6p,,,,,,,,,,,,,,,,,,,,,,,,,,,,,,,,
Health: Current expenditure (% of GDP),2.7,2.6,2.5j,Health: Physicians (per 1 000 pop.),0.1k,...,0.2l,Education: Government expenditure (% of GDP),3.4,...,...,Education: Primary gross enrol. ratio (f/m per 100 pop.),94.1 /      117.7,105.9 /      121.1,... / ...,Education: Secondary gross enrol. ratio (f/m per 100 pop.),21.3 /       31.3,20.7 /       32.3m,39.7 /       61.8n,Education: Upper secondary gross enrol. ratio (f/m per 100 pop.),13.2 /       23.7,13.7 /       24.6m,24.1 /       29.9n,Intentional homicide rate (per 100 000 pop.),...,4.8o,...,Seats held by women in national parliaments (%),38.6,36.8,29.6p,,,,,,,,,,,,,,,,,,,,,,,,,,,,,,,,,,,,
Health: Physicians (per 1 000 pop.),0.1k,...,0.2l,Education: Government expenditure (% of GDP),3.4,...,...,Education: Primary gross enrol. ratio (f/m per 100 pop.),94.1 /      117.7,105.9 /      121.1,... / ...,Education: Secondary gross enrol. ratio (f/m per 100 pop.),21.3 /       31.3,20.7 /       32.3m,39.7 /       61.8n,Education: Upper secondary gross enrol. ratio (f/m per 100 pop.),13.2 /       23.7,13.7 /       24.6m,24.1 /       29.9n,Intentional homicide rate (per 100 000 pop.),...,4.8o,...,Seats held by women in national parliaments (%),38.6,36.8,29.6p,,,,,,,,,,,,,,,,,,,,,,,,,,,,,,,,,,,,,,,,
Education: Government expenditure (% of GDP),3.4,...,...,Education: Primary gross enrol. ratio (f/m per 100 pop.),94.1 /      117.7,105.9 /      121.1,... / ...,Education: Secondary gross enrol. ratio (f/m per 100 pop.),21.3 /       31.3,20.7 /       32.3m,39.7 /       61.8n,Education: Upper secondary gross enrol. ratio (f/m per 100 pop.),13.2 /       23.7,13.7 /       24.6m,24.1 /       29.9n,Intentional homicide rate (per 100 000 pop.),...,4.8o,...,Seats held by women in national parliaments (%),38.6,36.8,29.6p,,,,,,,,,,,,,,,,,,,,,,,,,,,,,,,,,,,,,,,,,,,,
Education: Primary gross enrol. ratio (f/m per 100 pop.),94.1 /      117.7,105.9 /      121.1,... / ...,Education: Secondary gross enrol. ratio (f/m per 100 pop.),21.3 /       31.3,20.7 /       32.3m,39.7 /       61.8n,Education: Upper secondary gross enrol. ratio (f/m per 100 pop.),13.2 /       23.7,13.7 /       24.6m,24.1 /       29.9n,Intentional homicide rate (per 100 000 pop.),...,4.8o,...,Seats held by women in national parliaments (%),38.6,36.8,29.6p,,,,,,,,,,,,,,,,,,,,,,,,,,,,,,,,,,,,,,,,,,,,,,,,
Education: Secondary gross enrol. ratio (f/m per 100 pop.),21.3 /       31.3,20.7 /       32.3m,39.7 /       61.8n,Education: Upper secondary gross enrol. ratio (f/m per 100 pop.),13.2 /       23.7,13.7 /       24.6m,24.1 /       29.9n,Intentional homicide rate (per 100 000 pop.),...,4.8o,...,Seats held by women in national parliaments (%),38.6,36.8,29.6p,,,,,,,,,,,,,,,,,,,,,,,,,,,,,,,,,,,,,,,,,,,,,,,,,,,,
Education: Upper secondary gross enrol. ratio (f/m per 100 pop.),13.2 /       23.7,13.7 /       24.6m,24.1 /       29.9n,Intentional homicide rate (per 100 000 pop.),...,4.8o,...,Seats held by women in national parliaments (%),38.6,36.8,29.6p,,,,,,,,,,,,,,,,,,,,,,,,,,,,,,,,,,,,,,,,,,,,,,,,,,,,,,,,
Intentional homicide rate (per 100 000 pop.),...,4.8o,...,Seats held by women in national parliaments (%),38.6,36.8,29.6p,,,,,,,,,,,,,,,,,,,,,,,,,,,,,,,,,,,,,,,,,,,,,,,,,,,,,,,,,,,,
Seats held by women in national parliaments (%),38.6,36.8,29.6p,,,,,,,,,,,,,,,,,,,,,,,,,,,,,,,,,,,,,,,,,,,,,,,,,,,,,,,,,,,,,,,,
