0,1,2,3,4,5,6,7,8,9,10,11,12,13,14,15,16,17,18,19
,2010,2015,2021,,,,,,,,,,,,,,,,
Population growth rated (average annual %),7.5,3.2,1.3e,Urban population (% of total population),74.7,74.8,75f,Urban population growth rated (average annual %),7.5,3.2,...,International migrant stock (000/% of total pop.),20.9 /      100.0,24.6 /      100.0,26.2 /      100.0e,Refugees and others of concern to UNHCR (000),"~0.0g,h",...,...
Urban population (% of total population),74.7,74.8,75f,Urban population growth rated (average annual %),7.5,3.2,...,International migrant stock (000/% of total pop.),20.9 /      100.0,24.6 /      100.0,26.2 /      100.0e,Refugees and others of concern to UNHCR (000),"~0.0g,h",...,...,,,,
Urban population growth rated (average annual %),7.5,3.2,...,International migrant stock (000/% of total pop.),20.9 /      100.0,24.6 /      100.0,26.2 /      100.0e,Refugees and others of concern to UNHCR (000),"~0.0g,h",...,...,,,,,,,,
International migrant stock (000/% of total pop.),20.9 /      100.0,24.6 /      100.0,26.2 /      100.0e,Refugees and others of concern to UNHCR (000),"~0.0g,h",...,...,,,,,,,,,,,,
Refugees and others of concern to UNHCR (000),"~0.0g,h",...,...,,,,,,,,,,,,,,,,
