0,1,2,3,4,5,6,7,8,9,10,11,12,13,14,15,16,17,18,19,20,21,22,23,24,25,26,27,28,29,30,31,32,33,34,35,36,37,38,39,40,41,42,43,44,45,46,47
,2010,2015,2021,,,,,,,,,,,,,,,,,,,,,,,,,,,,,,,,,,,,,,,,,,,,
Individuals using the Internet (per 100 inhabitants),7.2,16.6,22.6b,Research & Development expenditure (% of GDP),0.8q,...,...,Threatened species (number),338,463,615,Forested areah (% of land area),6.4,6.2,6.3l,CO2 emission estimates (million tons/tons per capita),11.2 /        0.3,14.8 /        0.3,15.9 /        0.3l,"Energy production, primaryh (Petajoules)",650,761,754l,Energy supply per capita (Gigajoules),19h,20,"19h,l","Tourist/visitor arrivals at national bordersr,s (000)",1 470,1 114,1 364t,Important sites for terrestrial biodiversity protected (%),34,34.2,34.2c,"Pop. using safely managed drinking water (urban/rural, %)",59.3 / ...,58.3 / ...,57.7 / ...c,Pop. using safely managed sanitation (urban/rural %),... /       28.4,... /       29.0,... /       29.5c,Net Official Development Assist. received (% of GNI),4.09,3.9,3.39b
Research & Development expenditure (% of GDP),0.8q,...,...,Threatened species (number),338,463,615,Forested areah (% of land area),6.4,6.2,6.3l,CO2 emission estimates (million tons/tons per capita),11.2 /        0.3,14.8 /        0.3,15.9 /        0.3l,"Energy production, primaryh (Petajoules)",650,761,754l,Energy supply per capita (Gigajoules),19h,20,"19h,l","Tourist/visitor arrivals at national bordersr,s (000)",1 470,1 114,1 364t,Important sites for terrestrial biodiversity protected (%),34,34.2,34.2c,"Pop. using safely managed drinking water (urban/rural, %)",59.3 / ...,58.3 / ...,57.7 / ...c,Pop. using safely managed sanitation (urban/rural %),... /       28.4,... /       29.0,... /       29.5c,Net Official Development Assist. received (% of GNI),4.09,3.9,3.39b,,,,
Threatened species (number),338,463,615,Forested areah (% of land area),6.4,6.2,6.3l,CO2 emission estimates (million tons/tons per capita),11.2 /        0.3,14.8 /        0.3,15.9 /        0.3l,"Energy production, primaryh (Petajoules)",650,761,754l,Energy supply per capita (Gigajoules),19h,20,"19h,l","Tourist/visitor arrivals at national bordersr,s (000)",1 470,1 114,1 364t,Important sites for terrestrial biodiversity protected (%),34,34.2,34.2c,"Pop. using safely managed drinking water (urban/rural, %)",59.3 / ...,58.3 / ...,57.7 / ...c,Pop. using safely managed sanitation (urban/rural %),... /       28.4,... /       29.0,... /       29.5c,Net Official Development Assist. received (% of GNI),4.09,3.9,3.39b,,,,,,,,
Forested areah (% of land area),6.4,6.2,6.3l,CO2 emission estimates (million tons/tons per capita),11.2 /        0.3,14.8 /        0.3,15.9 /        0.3l,"Energy production, primaryh (Petajoules)",650,761,754l,Energy supply per capita (Gigajoules),19h,20,"19h,l","Tourist/visitor arrivals at national bordersr,s (000)",1 470,1 114,1 364t,Important sites for terrestrial biodiversity protected (%),34,34.2,34.2c,"Pop. using safely managed drinking water (urban/rural, %)",59.3 / ...,58.3 / ...,57.7 / ...c,Pop. using safely managed sanitation (urban/rural %),... /       28.4,... /       29.0,... /       29.5c,Net Official Development Assist. received (% of GNI),4.09,3.9,3.39b,,,,,,,,,,,,
CO2 emission estimates (million tons/tons per capita),11.2 /        0.3,14.8 /        0.3,15.9 /        0.3l,"Energy production, primaryh (Petajoules)",650,761,754l,Energy supply per capita (Gigajoules),19h,20,"19h,l","Tourist/visitor arrivals at national bordersr,s (000)",1 470,1 114,1 364t,Important sites for terrestrial biodiversity protected (%),34,34.2,34.2c,"Pop. using safely managed drinking water (urban/rural, %)",59.3 / ...,58.3 / ...,57.7 / ...c,Pop. using safely managed sanitation (urban/rural %),... /       28.4,... /       29.0,... /       29.5c,Net Official Development Assist. received (% of GNI),4.09,3.9,3.39b,,,,,,,,,,,,,,,,
"Energy production, primaryh (Petajoules)",650,761,754l,Energy supply per capita (Gigajoules),19h,20,"19h,l","Tourist/visitor arrivals at national bordersr,s (000)",1 470,1 114,1 364t,Important sites for terrestrial biodiversity protected (%),34,34.2,34.2c,"Pop. using safely managed drinking water (urban/rural, %)",59.3 / ...,58.3 / ...,57.7 / ...c,Pop. using safely managed sanitation (urban/rural %),... /       28.4,... /       29.0,... /       29.5c,Net Official Development Assist. received (% of GNI),4.09,3.9,3.39b,,,,,,,,,,,,,,,,,,,,
Energy supply per capita (Gigajoules),19h,20,"19h,l","Tourist/visitor arrivals at national bordersr,s (000)",1 470,1 114,1 364t,Important sites for terrestrial biodiversity protected (%),34,34.2,34.2c,"Pop. using safely managed drinking water (urban/rural, %)",59.3 / ...,58.3 / ...,57.7 / ...c,Pop. using safely managed sanitation (urban/rural %),... /       28.4,... /       29.0,... /       29.5c,Net Official Development Assist. received (% of GNI),4.09,3.9,3.39b,,,,,,,,,,,,,,,,,,,,,,,,
"Tourist/visitor arrivals at national bordersr,s (000)",1 470,1 114,1 364t,Important sites for terrestrial biodiversity protected (%),34,34.2,34.2c,"Pop. using safely managed drinking water (urban/rural, %)",59.3 / ...,58.3 / ...,57.7 / ...c,Pop. using safely managed sanitation (urban/rural %),... /       28.4,... /       29.0,... /       29.5c,Net Official Development Assist. received (% of GNI),4.09,3.9,3.39b,,,,,,,,,,,,,,,,,,,,,,,,,,,,
Important sites for terrestrial biodiversity protected (%),34,34.2,34.2c,"Pop. using safely managed drinking water (urban/rural, %)",59.3 / ...,58.3 / ...,57.7 / ...c,Pop. using safely managed sanitation (urban/rural %),... /       28.4,... /       29.0,... /       29.5c,Net Official Development Assist. received (% of GNI),4.09,3.9,3.39b,,,,,,,,,,,,,,,,,,,,,,,,,,,,,,,,
"Pop. using safely managed drinking water (urban/rural, %)",59.3 / ...,58.3 / ...,57.7 / ...c,Pop. using safely managed sanitation (urban/rural %),... /       28.4,... /       29.0,... /       29.5c,Net Official Development Assist. received (% of GNI),4.09,3.9,3.39b,,,,,,,,,,,,,,,,,,,,,,,,,,,,,,,,,,,,
Pop. using safely managed sanitation (urban/rural %),... /       28.4,... /       29.0,... /       29.5c,Net Official Development Assist. received (% of GNI),4.09,3.9,3.39b,,,,,,,,,,,,,,,,,,,,,,,,,,,,,,,,,,,,,,,,
Net Official Development Assist. received (% of GNI),4.09,3.9,3.39b,,,,,,,,,,,,,,,,,,,,,,,,,,,,,,,,,,,,,,,,,,,,
