0,1,2,3,4,5,6,7,8,9,10,11,12,13,14,15,16,17,18,19,20,21,22,23,24,25,26,27,28,29,30,31,32,33,34,35,36,37,38,39,40,41,42,43,44,45,46,47,48,49,50,51,52,53,54,55,56,57,58,59,60,61,62,63,64,65,66,67
,2010,2015,2021,,,,,,,,,,,,,,,,,,,,,,,,,,,,,,,,,,,,,,,,,,,,,,,,,,,,,,,,,,,,,,,,
GDP: Gross domestic product (million current US$),296 835,195 318,205 327b,"GDP growth rate (annual %, const. 2015 prices)",-5.5,-0.4,1.9b,GDP per capita (current US$),27 263.5,18 322.9,19 604.5b,Economy: Agriculturee (% of Gross Value Added),3.4,4.4,4.4b,"Economy: Industryf,g (% of Gross Value Added)",16.9,16.4,14.9b,Economy: Services and other activityh (% of GVA),79.7,79.2,80.8b,Employment in agriculture (% of employed),12.4,12.9,"11.7i,d",Employment in industry (% of employed),19.6,14.9,"15.2i,d",Employment in services (% employed),68,72.2,"73.1i,d",Unemploymenti (% of labour force),12.7,24.9,15.5d,Labour force participation ratei (female/male pop. %),44.1 /       63.2,44.8 /       59.9,43.9 /       59.3d,CPI: Consumer Price Indexj (2010=100),100,101,101d,Agricultural production index (2014-2016=100),102,104,74b,International trade: exports (million current US$),27 586,28 289,35 070d,International trade: imports (million current US$),66 453,47 264,55 534d,International trade: balance (million current US$),- 38 867,- 18 975,- 20 463d,"Balance of payments, current account (million US$)",- 30 263,- 1 611,- 12 618d
"GDP growth rate (annual %, const. 2015 prices)",-5.5,-0.4,1.9b,GDP per capita (current US$),27 263.5,18 322.9,19 604.5b,Economy: Agriculturee (% of Gross Value Added),3.4,4.4,4.4b,"Economy: Industryf,g (% of Gross Value Added)",16.9,16.4,14.9b,Economy: Services and other activityh (% of GVA),79.7,79.2,80.8b,Employment in agriculture (% of employed),12.4,12.9,"11.7i,d",Employment in industry (% of employed),19.6,14.9,"15.2i,d",Employment in services (% employed),68,72.2,"73.1i,d",Unemploymenti (% of labour force),12.7,24.9,15.5d,Labour force participation ratei (female/male pop. %),44.1 /       63.2,44.8 /       59.9,43.9 /       59.3d,CPI: Consumer Price Indexj (2010=100),100,101,101d,Agricultural production index (2014-2016=100),102,104,74b,International trade: exports (million current US$),27 586,28 289,35 070d,International trade: imports (million current US$),66 453,47 264,55 534d,International trade: balance (million current US$),- 38 867,- 18 975,- 20 463d,"Balance of payments, current account (million US$)",- 30 263,- 1 611,- 12 618d,,,,
GDP per capita (current US$),27 263.5,18 322.9,19 604.5b,Economy: Agriculturee (% of Gross Value Added),3.4,4.4,4.4b,"Economy: Industryf,g (% of Gross Value Added)",16.9,16.4,14.9b,Economy: Services and other activityh (% of GVA),79.7,79.2,80.8b,Employment in agriculture (% of employed),12.4,12.9,"11.7i,d",Employment in industry (% of employed),19.6,14.9,"15.2i,d",Employment in services (% employed),68,72.2,"73.1i,d",Unemploymenti (% of labour force),12.7,24.9,15.5d,Labour force participation ratei (female/male pop. %),44.1 /       63.2,44.8 /       59.9,43.9 /       59.3d,CPI: Consumer Price Indexj (2010=100),100,101,101d,Agricultural production index (2014-2016=100),102,104,74b,International trade: exports (million current US$),27 586,28 289,35 070d,International trade: imports (million current US$),66 453,47 264,55 534d,International trade: balance (million current US$),- 38 867,- 18 975,- 20 463d,"Balance of payments, current account (million US$)",- 30 263,- 1 611,- 12 618d,,,,,,,,
Economy: Agriculturee (% of Gross Value Added),3.4,4.4,4.4b,"Economy: Industryf,g (% of Gross Value Added)",16.9,16.4,14.9b,Economy: Services and other activityh (% of GVA),79.7,79.2,80.8b,Employment in agriculture (% of employed),12.4,12.9,"11.7i,d",Employment in industry (% of employed),19.6,14.9,"15.2i,d",Employment in services (% employed),68,72.2,"73.1i,d",Unemploymenti (% of labour force),12.7,24.9,15.5d,Labour force participation ratei (female/male pop. %),44.1 /       63.2,44.8 /       59.9,43.9 /       59.3d,CPI: Consumer Price Indexj (2010=100),100,101,101d,Agricultural production index (2014-2016=100),102,104,74b,International trade: exports (million current US$),27 586,28 289,35 070d,International trade: imports (million current US$),66 453,47 264,55 534d,International trade: balance (million current US$),- 38 867,- 18 975,- 20 463d,"Balance of payments, current account (million US$)",- 30 263,- 1 611,- 12 618d,,,,,,,,,,,,
"Economy: Industryf,g (% of Gross Value Added)",16.9,16.4,14.9b,Economy: Services and other activityh (% of GVA),79.7,79.2,80.8b,Employment in agriculture (% of employed),12.4,12.9,"11.7i,d",Employment in industry (% of employed),19.6,14.9,"15.2i,d",Employment in services (% employed),68,72.2,"73.1i,d",Unemploymenti (% of labour force),12.7,24.9,15.5d,Labour force participation ratei (female/male pop. %),44.1 /       63.2,44.8 /       59.9,43.9 /       59.3d,CPI: Consumer Price Indexj (2010=100),100,101,101d,Agricultural production index (2014-2016=100),102,104,74b,International trade: exports (million current US$),27 586,28 289,35 070d,International trade: imports (million current US$),66 453,47 264,55 534d,International trade: balance (million current US$),- 38 867,- 18 975,- 20 463d,"Balance of payments, current account (million US$)",- 30 263,- 1 611,- 12 618d,,,,,,,,,,,,,,,,
Economy: Services and other activityh (% of GVA),79.7,79.2,80.8b,Employment in agriculture (% of employed),12.4,12.9,"11.7i,d",Employment in industry (% of employed),19.6,14.9,"15.2i,d",Employment in services (% employed),68,72.2,"73.1i,d",Unemploymenti (% of labour force),12.7,24.9,15.5d,Labour force participation ratei (female/male pop. %),44.1 /       63.2,44.8 /       59.9,43.9 /       59.3d,CPI: Consumer Price Indexj (2010=100),100,101,101d,Agricultural production index (2014-2016=100),102,104,74b,International trade: exports (million current US$),27 586,28 289,35 070d,International trade: imports (million current US$),66 453,47 264,55 534d,International trade: balance (million current US$),- 38 867,- 18 975,- 20 463d,"Balance of payments, current account (million US$)",- 30 263,- 1 611,- 12 618d,,,,,,,,,,,,,,,,,,,,
Employment in agriculture (% of employed),12.4,12.9,"11.7i,d",Employment in industry (% of employed),19.6,14.9,"15.2i,d",Employment in services (% employed),68,72.2,"73.1i,d",Unemploymenti (% of labour force),12.7,24.9,15.5d,Labour force participation ratei (female/male pop. %),44.1 /       63.2,44.8 /       59.9,43.9 /       59.3d,CPI: Consumer Price Indexj (2010=100),100,101,101d,Agricultural production index (2014-2016=100),102,104,74b,International trade: exports (million current US$),27 586,28 289,35 070d,International trade: imports (million current US$),66 453,47 264,55 534d,International trade: balance (million current US$),- 38 867,- 18 975,- 20 463d,"Balance of payments, current account (million US$)",- 30 263,- 1 611,- 12 618d,,,,,,,,,,,,,,,,,,,,,,,,
Employment in industry (% of employed),19.6,14.9,"15.2i,d",Employment in services (% employed),68,72.2,"73.1i,d",Unemploymenti (% of labour force),12.7,24.9,15.5d,Labour force participation ratei (female/male pop. %),44.1 /       63.2,44.8 /       59.9,43.9 /       59.3d,CPI: Consumer Price Indexj (2010=100),100,101,101d,Agricultural production index (2014-2016=100),102,104,74b,International trade: exports (million current US$),27 586,28 289,35 070d,International trade: imports (million current US$),66 453,47 264,55 534d,International trade: balance (million current US$),- 38 867,- 18 975,- 20 463d,"Balance of payments, current account (million US$)",- 30 263,- 1 611,- 12 618d,,,,,,,,,,,,,,,,,,,,,,,,,,,,
Employment in services (% employed),68,72.2,"73.1i,d",Unemploymenti (% of labour force),12.7,24.9,15.5d,Labour force participation ratei (female/male pop. %),44.1 /       63.2,44.8 /       59.9,43.9 /       59.3d,CPI: Consumer Price Indexj (2010=100),100,101,101d,Agricultural production index (2014-2016=100),102,104,74b,International trade: exports (million current US$),27 586,28 289,35 070d,International trade: imports (million current US$),66 453,47 264,55 534d,International trade: balance (million current US$),- 38 867,- 18 975,- 20 463d,"Balance of payments, current account (million US$)",- 30 263,- 1 611,- 12 618d,,,,,,,,,,,,,,,,,,,,,,,,,,,,,,,,
Unemploymenti (% of labour force),12.7,24.9,15.5d,Labour force participation ratei (female/male pop. %),44.1 /       63.2,44.8 /       59.9,43.9 /       59.3d,CPI: Consumer Price Indexj (2010=100),100,101,101d,Agricultural production index (2014-2016=100),102,104,74b,International trade: exports (million current US$),27 586,28 289,35 070d,International trade: imports (million current US$),66 453,47 264,55 534d,International trade: balance (million current US$),- 38 867,- 18 975,- 20 463d,"Balance of payments, current account (million US$)",- 30 263,- 1 611,- 12 618d,,,,,,,,,,,,,,,,,,,,,,,,,,,,,,,,,,,,
Labour force participation ratei (female/male pop. %),44.1 /       63.2,44.8 /       59.9,43.9 /       59.3d,CPI: Consumer Price Indexj (2010=100),100,101,101d,Agricultural production index (2014-2016=100),102,104,74b,International trade: exports (million current US$),27 586,28 289,35 070d,International trade: imports (million current US$),66 453,47 264,55 534d,International trade: balance (million current US$),- 38 867,- 18 975,- 20 463d,"Balance of payments, current account (million US$)",- 30 263,- 1 611,- 12 618d,,,,,,,,,,,,,,,,,,,,,,,,,,,,,,,,,,,,,,,,
CPI: Consumer Price Indexj (2010=100),100,101,101d,Agricultural production index (2014-2016=100),102,104,74b,International trade: exports (million current US$),27 586,28 289,35 070d,International trade: imports (million current US$),66 453,47 264,55 534d,International trade: balance (million current US$),- 38 867,- 18 975,- 20 463d,"Balance of payments, current account (million US$)",- 30 263,- 1 611,- 12 618d,,,,,,,,,,,,,,,,,,,,,,,,,,,,,,,,,,,,,,,,,,,,
Agricultural production index (2014-2016=100),102,104,74b,International trade: exports (million current US$),27 586,28 289,35 070d,International trade: imports (million current US$),66 453,47 264,55 534d,International trade: balance (million current US$),- 38 867,- 18 975,- 20 463d,"Balance of payments, current account (million US$)",- 30 263,- 1 611,- 12 618d,,,,,,,,,,,,,,,,,,,,,,,,,,,,,,,,,,,,,,,,,,,,,,,,
International trade: exports (million current US$),27 586,28 289,35 070d,International trade: imports (million current US$),66 453,47 264,55 534d,International trade: balance (million current US$),- 38 867,- 18 975,- 20 463d,"Balance of payments, current account (million US$)",- 30 263,- 1 611,- 12 618d,,,,,,,,,,,,,,,,,,,,,,,,,,,,,,,,,,,,,,,,,,,,,,,,,,,,
International trade: imports (million current US$),66 453,47 264,55 534d,International trade: balance (million current US$),- 38 867,- 18 975,- 20 463d,"Balance of payments, current account (million US$)",- 30 263,- 1 611,- 12 618d,,,,,,,,,,,,,,,,,,,,,,,,,,,,,,,,,,,,,,,,,,,,,,,,,,,,,,,,
International trade: balance (million current US$),- 38 867,- 18 975,- 20 463d,"Balance of payments, current account (million US$)",- 30 263,- 1 611,- 12 618d,,,,,,,,,,,,,,,,,,,,,,,,,,,,,,,,,,,,,,,,,,,,,,,,,,,,,,,,,,,,
"Balance of payments, current account (million US$)",- 30 263,- 1 611,- 12 618d,,,,,,,,,,,,,,,,,,,,,,,,,,,,,,,,,,,,,,,,,,,,,,,,,,,,,,,,,,,,,,,,
