0,1,2,3,4,5,6,7,8,9,10,11,12,13,14,15,16,17,18,19,20,21,22,23,24,25,26,27,28,29,30,31,32,33,34,35,36,37,38,39,40,41,42,43
,2010,2015,2021,,,,,,,,,,,,,,,,,,,,,,,,,,,,,,,,,,,,,,,,
Individuals using the Internet (per 100 inhabitants),44.4q,66.8,75.7b,Research & Development expenditure (% of GDP),0.6i,1,"1.2r,n",Threatened species (number),156,291,527,Forested areai (% of land area),30.3,30.3,30.3n,CO2 emission estimates (million tons/tons per capita),83.4 /        7.5,64.5 /        6.0,56.8 /        5.3b,"Energy production, primary (Petajoules)",395,354,301n,Energy supply per capita (Gigajoules),106,91,89n,Tourist/visitor arrivals at national borderss (000),15 007,23 599,31 348b,Important sites for terrestrial biodiversity protected (%),86,86,86d,Pop. using safely managed sanitation (urban/rural %),90.7 / ...,94.0 / ...,97.3 / ...d,Net Official Development Assist. disbursedt (% of GNI),0.17,0.12,0.16u
Research & Development expenditure (% of GDP),0.6i,1,"1.2r,n",Threatened species (number),156,291,527,Forested areai (% of land area),30.3,30.3,30.3n,CO2 emission estimates (million tons/tons per capita),83.4 /        7.5,64.5 /        6.0,56.8 /        5.3b,"Energy production, primary (Petajoules)",395,354,301n,Energy supply per capita (Gigajoules),106,91,89n,Tourist/visitor arrivals at national borderss (000),15 007,23 599,31 348b,Important sites for terrestrial biodiversity protected (%),86,86,86d,Pop. using safely managed sanitation (urban/rural %),90.7 / ...,94.0 / ...,97.3 / ...d,Net Official Development Assist. disbursedt (% of GNI),0.17,0.12,0.16u,,,,
Threatened species (number),156,291,527,Forested areai (% of land area),30.3,30.3,30.3n,CO2 emission estimates (million tons/tons per capita),83.4 /        7.5,64.5 /        6.0,56.8 /        5.3b,"Energy production, primary (Petajoules)",395,354,301n,Energy supply per capita (Gigajoules),106,91,89n,Tourist/visitor arrivals at national borderss (000),15 007,23 599,31 348b,Important sites for terrestrial biodiversity protected (%),86,86,86d,Pop. using safely managed sanitation (urban/rural %),90.7 / ...,94.0 / ...,97.3 / ...d,Net Official Development Assist. disbursedt (% of GNI),0.17,0.12,0.16u,,,,,,,,
Forested areai (% of land area),30.3,30.3,30.3n,CO2 emission estimates (million tons/tons per capita),83.4 /        7.5,64.5 /        6.0,56.8 /        5.3b,"Energy production, primary (Petajoules)",395,354,301n,Energy supply per capita (Gigajoules),106,91,89n,Tourist/visitor arrivals at national borderss (000),15 007,23 599,31 348b,Important sites for terrestrial biodiversity protected (%),86,86,86d,Pop. using safely managed sanitation (urban/rural %),90.7 / ...,94.0 / ...,97.3 / ...d,Net Official Development Assist. disbursedt (% of GNI),0.17,0.12,0.16u,,,,,,,,,,,,
CO2 emission estimates (million tons/tons per capita),83.4 /        7.5,64.5 /        6.0,56.8 /        5.3b,"Energy production, primary (Petajoules)",395,354,301n,Energy supply per capita (Gigajoules),106,91,89n,Tourist/visitor arrivals at national borderss (000),15 007,23 599,31 348b,Important sites for terrestrial biodiversity protected (%),86,86,86d,Pop. using safely managed sanitation (urban/rural %),90.7 / ...,94.0 / ...,97.3 / ...d,Net Official Development Assist. disbursedt (% of GNI),0.17,0.12,0.16u,,,,,,,,,,,,,,,,
"Energy production, primary (Petajoules)",395,354,301n,Energy supply per capita (Gigajoules),106,91,89n,Tourist/visitor arrivals at national borderss (000),15 007,23 599,31 348b,Important sites for terrestrial biodiversity protected (%),86,86,86d,Pop. using safely managed sanitation (urban/rural %),90.7 / ...,94.0 / ...,97.3 / ...d,Net Official Development Assist. disbursedt (% of GNI),0.17,0.12,0.16u,,,,,,,,,,,,,,,,,,,,
Energy supply per capita (Gigajoules),106,91,89n,Tourist/visitor arrivals at national borderss (000),15 007,23 599,31 348b,Important sites for terrestrial biodiversity protected (%),86,86,86d,Pop. using safely managed sanitation (urban/rural %),90.7 / ...,94.0 / ...,97.3 / ...d,Net Official Development Assist. disbursedt (% of GNI),0.17,0.12,0.16u,,,,,,,,,,,,,,,,,,,,,,,,
Tourist/visitor arrivals at national borderss (000),15 007,23 599,31 348b,Important sites for terrestrial biodiversity protected (%),86,86,86d,Pop. using safely managed sanitation (urban/rural %),90.7 / ...,94.0 / ...,97.3 / ...d,Net Official Development Assist. disbursedt (% of GNI),0.17,0.12,0.16u,,,,,,,,,,,,,,,,,,,,,,,,,,,,
Important sites for terrestrial biodiversity protected (%),86,86,86d,Pop. using safely managed sanitation (urban/rural %),90.7 / ...,94.0 / ...,97.3 / ...d,Net Official Development Assist. disbursedt (% of GNI),0.17,0.12,0.16u,,,,,,,,,,,,,,,,,,,,,,,,,,,,,,,,
Pop. using safely managed sanitation (urban/rural %),90.7 / ...,94.0 / ...,97.3 / ...d,Net Official Development Assist. disbursedt (% of GNI),0.17,0.12,0.16u,,,,,,,,,,,,,,,,,,,,,,,,,,,,,,,,,,,,
Net Official Development Assist. disbursedt (% of GNI),0.17,0.12,0.16u,,,,,,,,,,,,,,,,,,,,,,,,,,,,,,,,,,,,,,,,
