0,1,2,3,4,5,6,7,8,9,10,11,12,13,14,15,16,17,18,19,20,21,22,23,24,25,26,27,28,29,30,31,32,33,34,35,36,37,38,39,40,41,42,43,44,45,46,47,48,49,50,51,52,53,54,55,56,57,58,59,60,61,62,63,64,65,66,67
,2010,2015,2021,,,,,,,,,,,,,,,,,,,,,,,,,,,,,,,,,,,,,,,,,,,,,,,,,,,,,,,,,,,,,,,,
Population growth ratek (average annual %),-0.6,-0.4,-0.4d,Urban population (% of total population),76.3,78,79.4b,Urban population growth ratek (average annual %),0.7,0.1,...,"Fertility rate, totalk (live births per woman)",1.4,1.3,1.3d,"Life expectancy at birthk (females/males, years)",82.8 /       77.3,83.7 /       78.5,84.5 /       79.5d,"Population age distribution (0-14/60+ years old, %)",15.1 /       24.8,14.6 /       26.5,13.4 /       29.2a,International migrant stock (000/% of total pop.),1 321.1 /       12.1,1 242.9 /       11.7,1 340.5 /       12.9d,Refugees and others of concern to UNHCR (000),57.4l,37.6,177.5d,Infant mortality ratek (per 1 000 live births),3.5,3.3,2.8d,Health: Current expenditure (% of GDP),9.5,8m,7.7n,Health: Physicians (per 1 000 pop.),5.9,6,6.2n,Education: Government expenditure (% of GDP),4o,...,...,Education: Primary gross enrol. ratio (f/m per 100 pop.),97.4 /       99.6,99.1 /      100.0,99.5 /       99.2n,Education: Secondary gross enrol. ratio (f/m per 100 pop.),104.4 /      108.1,98.4 /      105.8,102.1 /      107.6n,Education: Upper secondary gross enrol. ratio (f/m per 100 pop.),106.2 /      107.6,99.4 /      109.1,105.0 /      111.6n,Intentional homicide rate (per 100 000 pop.),1.6,0.9,0.9n,Seats held by women in national parliaments (%),17.3,23,21.7p
Urban population (% of total population),76.3,78,79.4b,Urban population growth ratek (average annual %),0.7,0.1,...,"Fertility rate, totalk (live births per woman)",1.4,1.3,1.3d,"Life expectancy at birthk (females/males, years)",82.8 /       77.3,83.7 /       78.5,84.5 /       79.5d,"Population age distribution (0-14/60+ years old, %)",15.1 /       24.8,14.6 /       26.5,13.4 /       29.2a,International migrant stock (000/% of total pop.),1 321.1 /       12.1,1 242.9 /       11.7,1 340.5 /       12.9d,Refugees and others of concern to UNHCR (000),57.4l,37.6,177.5d,Infant mortality ratek (per 1 000 live births),3.5,3.3,2.8d,Health: Current expenditure (% of GDP),9.5,8m,7.7n,Health: Physicians (per 1 000 pop.),5.9,6,6.2n,Education: Government expenditure (% of GDP),4o,...,...,Education: Primary gross enrol. ratio (f/m per 100 pop.),97.4 /       99.6,99.1 /      100.0,99.5 /       99.2n,Education: Secondary gross enrol. ratio (f/m per 100 pop.),104.4 /      108.1,98.4 /      105.8,102.1 /      107.6n,Education: Upper secondary gross enrol. ratio (f/m per 100 pop.),106.2 /      107.6,99.4 /      109.1,105.0 /      111.6n,Intentional homicide rate (per 100 000 pop.),1.6,0.9,0.9n,Seats held by women in national parliaments (%),17.3,23,21.7p,,,,
Urban population growth ratek (average annual %),0.7,0.1,...,"Fertility rate, totalk (live births per woman)",1.4,1.3,1.3d,"Life expectancy at birthk (females/males, years)",82.8 /       77.3,83.7 /       78.5,84.5 /       79.5d,"Population age distribution (0-14/60+ years old, %)",15.1 /       24.8,14.6 /       26.5,13.4 /       29.2a,International migrant stock (000/% of total pop.),1 321.1 /       12.1,1 242.9 /       11.7,1 340.5 /       12.9d,Refugees and others of concern to UNHCR (000),57.4l,37.6,177.5d,Infant mortality ratek (per 1 000 live births),3.5,3.3,2.8d,Health: Current expenditure (% of GDP),9.5,8m,7.7n,Health: Physicians (per 1 000 pop.),5.9,6,6.2n,Education: Government expenditure (% of GDP),4o,...,...,Education: Primary gross enrol. ratio (f/m per 100 pop.),97.4 /       99.6,99.1 /      100.0,99.5 /       99.2n,Education: Secondary gross enrol. ratio (f/m per 100 pop.),104.4 /      108.1,98.4 /      105.8,102.1 /      107.6n,Education: Upper secondary gross enrol. ratio (f/m per 100 pop.),106.2 /      107.6,99.4 /      109.1,105.0 /      111.6n,Intentional homicide rate (per 100 000 pop.),1.6,0.9,0.9n,Seats held by women in national parliaments (%),17.3,23,21.7p,,,,,,,,
"Fertility rate, totalk (live births per woman)",1.4,1.3,1.3d,"Life expectancy at birthk (females/males, years)",82.8 /       77.3,83.7 /       78.5,84.5 /       79.5d,"Population age distribution (0-14/60+ years old, %)",15.1 /       24.8,14.6 /       26.5,13.4 /       29.2a,International migrant stock (000/% of total pop.),1 321.1 /       12.1,1 242.9 /       11.7,1 340.5 /       12.9d,Refugees and others of concern to UNHCR (000),57.4l,37.6,177.5d,Infant mortality ratek (per 1 000 live births),3.5,3.3,2.8d,Health: Current expenditure (% of GDP),9.5,8m,7.7n,Health: Physicians (per 1 000 pop.),5.9,6,6.2n,Education: Government expenditure (% of GDP),4o,...,...,Education: Primary gross enrol. ratio (f/m per 100 pop.),97.4 /       99.6,99.1 /      100.0,99.5 /       99.2n,Education: Secondary gross enrol. ratio (f/m per 100 pop.),104.4 /      108.1,98.4 /      105.8,102.1 /      107.6n,Education: Upper secondary gross enrol. ratio (f/m per 100 pop.),106.2 /      107.6,99.4 /      109.1,105.0 /      111.6n,Intentional homicide rate (per 100 000 pop.),1.6,0.9,0.9n,Seats held by women in national parliaments (%),17.3,23,21.7p,,,,,,,,,,,,
"Life expectancy at birthk (females/males, years)",82.8 /       77.3,83.7 /       78.5,84.5 /       79.5d,"Population age distribution (0-14/60+ years old, %)",15.1 /       24.8,14.6 /       26.5,13.4 /       29.2a,International migrant stock (000/% of total pop.),1 321.1 /       12.1,1 242.9 /       11.7,1 340.5 /       12.9d,Refugees and others of concern to UNHCR (000),57.4l,37.6,177.5d,Infant mortality ratek (per 1 000 live births),3.5,3.3,2.8d,Health: Current expenditure (% of GDP),9.5,8m,7.7n,Health: Physicians (per 1 000 pop.),5.9,6,6.2n,Education: Government expenditure (% of GDP),4o,...,...,Education: Primary gross enrol. ratio (f/m per 100 pop.),97.4 /       99.6,99.1 /      100.0,99.5 /       99.2n,Education: Secondary gross enrol. ratio (f/m per 100 pop.),104.4 /      108.1,98.4 /      105.8,102.1 /      107.6n,Education: Upper secondary gross enrol. ratio (f/m per 100 pop.),106.2 /      107.6,99.4 /      109.1,105.0 /      111.6n,Intentional homicide rate (per 100 000 pop.),1.6,0.9,0.9n,Seats held by women in national parliaments (%),17.3,23,21.7p,,,,,,,,,,,,,,,,
"Population age distribution (0-14/60+ years old, %)",15.1 /       24.8,14.6 /       26.5,13.4 /       29.2a,International migrant stock (000/% of total pop.),1 321.1 /       12.1,1 242.9 /       11.7,1 340.5 /       12.9d,Refugees and others of concern to UNHCR (000),57.4l,37.6,177.5d,Infant mortality ratek (per 1 000 live births),3.5,3.3,2.8d,Health: Current expenditure (% of GDP),9.5,8m,7.7n,Health: Physicians (per 1 000 pop.),5.9,6,6.2n,Education: Government expenditure (% of GDP),4o,...,...,Education: Primary gross enrol. ratio (f/m per 100 pop.),97.4 /       99.6,99.1 /      100.0,99.5 /       99.2n,Education: Secondary gross enrol. ratio (f/m per 100 pop.),104.4 /      108.1,98.4 /      105.8,102.1 /      107.6n,Education: Upper secondary gross enrol. ratio (f/m per 100 pop.),106.2 /      107.6,99.4 /      109.1,105.0 /      111.6n,Intentional homicide rate (per 100 000 pop.),1.6,0.9,0.9n,Seats held by women in national parliaments (%),17.3,23,21.7p,,,,,,,,,,,,,,,,,,,,
International migrant stock (000/% of total pop.),1 321.1 /       12.1,1 242.9 /       11.7,1 340.5 /       12.9d,Refugees and others of concern to UNHCR (000),57.4l,37.6,177.5d,Infant mortality ratek (per 1 000 live births),3.5,3.3,2.8d,Health: Current expenditure (% of GDP),9.5,8m,7.7n,Health: Physicians (per 1 000 pop.),5.9,6,6.2n,Education: Government expenditure (% of GDP),4o,...,...,Education: Primary gross enrol. ratio (f/m per 100 pop.),97.4 /       99.6,99.1 /      100.0,99.5 /       99.2n,Education: Secondary gross enrol. ratio (f/m per 100 pop.),104.4 /      108.1,98.4 /      105.8,102.1 /      107.6n,Education: Upper secondary gross enrol. ratio (f/m per 100 pop.),106.2 /      107.6,99.4 /      109.1,105.0 /      111.6n,Intentional homicide rate (per 100 000 pop.),1.6,0.9,0.9n,Seats held by women in national parliaments (%),17.3,23,21.7p,,,,,,,,,,,,,,,,,,,,,,,,
Refugees and others of concern to UNHCR (000),57.4l,37.6,177.5d,Infant mortality ratek (per 1 000 live births),3.5,3.3,2.8d,Health: Current expenditure (% of GDP),9.5,8m,7.7n,Health: Physicians (per 1 000 pop.),5.9,6,6.2n,Education: Government expenditure (% of GDP),4o,...,...,Education: Primary gross enrol. ratio (f/m per 100 pop.),97.4 /       99.6,99.1 /      100.0,99.5 /       99.2n,Education: Secondary gross enrol. ratio (f/m per 100 pop.),104.4 /      108.1,98.4 /      105.8,102.1 /      107.6n,Education: Upper secondary gross enrol. ratio (f/m per 100 pop.),106.2 /      107.6,99.4 /      109.1,105.0 /      111.6n,Intentional homicide rate (per 100 000 pop.),1.6,0.9,0.9n,Seats held by women in national parliaments (%),17.3,23,21.7p,,,,,,,,,,,,,,,,,,,,,,,,,,,,
Infant mortality ratek (per 1 000 live births),3.5,3.3,2.8d,Health: Current expenditure (% of GDP),9.5,8m,7.7n,Health: Physicians (per 1 000 pop.),5.9,6,6.2n,Education: Government expenditure (% of GDP),4o,...,...,Education: Primary gross enrol. ratio (f/m per 100 pop.),97.4 /       99.6,99.1 /      100.0,99.5 /       99.2n,Education: Secondary gross enrol. ratio (f/m per 100 pop.),104.4 /      108.1,98.4 /      105.8,102.1 /      107.6n,Education: Upper secondary gross enrol. ratio (f/m per 100 pop.),106.2 /      107.6,99.4 /      109.1,105.0 /      111.6n,Intentional homicide rate (per 100 000 pop.),1.6,0.9,0.9n,Seats held by women in national parliaments (%),17.3,23,21.7p,,,,,,,,,,,,,,,,,,,,,,,,,,,,,,,,
Health: Current expenditure (% of GDP),9.5,8m,7.7n,Health: Physicians (per 1 000 pop.),5.9,6,6.2n,Education: Government expenditure (% of GDP),4o,...,...,Education: Primary gross enrol. ratio (f/m per 100 pop.),97.4 /       99.6,99.1 /      100.0,99.5 /       99.2n,Education: Secondary gross enrol. ratio (f/m per 100 pop.),104.4 /      108.1,98.4 /      105.8,102.1 /      107.6n,Education: Upper secondary gross enrol. ratio (f/m per 100 pop.),106.2 /      107.6,99.4 /      109.1,105.0 /      111.6n,Intentional homicide rate (per 100 000 pop.),1.6,0.9,0.9n,Seats held by women in national parliaments (%),17.3,23,21.7p,,,,,,,,,,,,,,,,,,,,,,,,,,,,,,,,,,,,
Health: Physicians (per 1 000 pop.),5.9,6,6.2n,Education: Government expenditure (% of GDP),4o,...,...,Education: Primary gross enrol. ratio (f/m per 100 pop.),97.4 /       99.6,99.1 /      100.0,99.5 /       99.2n,Education: Secondary gross enrol. ratio (f/m per 100 pop.),104.4 /      108.1,98.4 /      105.8,102.1 /      107.6n,Education: Upper secondary gross enrol. ratio (f/m per 100 pop.),106.2 /      107.6,99.4 /      109.1,105.0 /      111.6n,Intentional homicide rate (per 100 000 pop.),1.6,0.9,0.9n,Seats held by women in national parliaments (%),17.3,23,21.7p,,,,,,,,,,,,,,,,,,,,,,,,,,,,,,,,,,,,,,,,
Education: Government expenditure (% of GDP),4o,...,...,Education: Primary gross enrol. ratio (f/m per 100 pop.),97.4 /       99.6,99.1 /      100.0,99.5 /       99.2n,Education: Secondary gross enrol. ratio (f/m per 100 pop.),104.4 /      108.1,98.4 /      105.8,102.1 /      107.6n,Education: Upper secondary gross enrol. ratio (f/m per 100 pop.),106.2 /      107.6,99.4 /      109.1,105.0 /      111.6n,Intentional homicide rate (per 100 000 pop.),1.6,0.9,0.9n,Seats held by women in national parliaments (%),17.3,23,21.7p,,,,,,,,,,,,,,,,,,,,,,,,,,,,,,,,,,,,,,,,,,,,
Education: Primary gross enrol. ratio (f/m per 100 pop.),97.4 /       99.6,99.1 /      100.0,99.5 /       99.2n,Education: Secondary gross enrol. ratio (f/m per 100 pop.),104.4 /      108.1,98.4 /      105.8,102.1 /      107.6n,Education: Upper secondary gross enrol. ratio (f/m per 100 pop.),106.2 /      107.6,99.4 /      109.1,105.0 /      111.6n,Intentional homicide rate (per 100 000 pop.),1.6,0.9,0.9n,Seats held by women in national parliaments (%),17.3,23,21.7p,,,,,,,,,,,,,,,,,,,,,,,,,,,,,,,,,,,,,,,,,,,,,,,,
Education: Secondary gross enrol. ratio (f/m per 100 pop.),104.4 /      108.1,98.4 /      105.8,102.1 /      107.6n,Education: Upper secondary gross enrol. ratio (f/m per 100 pop.),106.2 /      107.6,99.4 /      109.1,105.0 /      111.6n,Intentional homicide rate (per 100 000 pop.),1.6,0.9,0.9n,Seats held by women in national parliaments (%),17.3,23,21.7p,,,,,,,,,,,,,,,,,,,,,,,,,,,,,,,,,,,,,,,,,,,,,,,,,,,,
Education: Upper secondary gross enrol. ratio (f/m per 100 pop.),106.2 /      107.6,99.4 /      109.1,105.0 /      111.6n,Intentional homicide rate (per 100 000 pop.),1.6,0.9,0.9n,Seats held by women in national parliaments (%),17.3,23,21.7p,,,,,,,,,,,,,,,,,,,,,,,,,,,,,,,,,,,,,,,,,,,,,,,,,,,,,,,,
Intentional homicide rate (per 100 000 pop.),1.6,0.9,0.9n,Seats held by women in national parliaments (%),17.3,23,21.7p,,,,,,,,,,,,,,,,,,,,,,,,,,,,,,,,,,,,,,,,,,,,,,,,,,,,,,,,,,,,
Seats held by women in national parliaments (%),17.3,23,21.7p,,,,,,,,,,,,,,,,,,,,,,,,,,,,,,,,,,,,,,,,,,,,,,,,,,,,,,,,,,,,,,,,
