0,1,2,3,4,5,6,7,8,9,10,11,12,13,14,15,16,17,18,19,20,21,22,23,24,25,26,27,28,29,30,31,32,33,34,35,36,37,38,39,40,41,42,43
,2010,2015,2021,,,,,,,,,,,,,,,,,,,,,,,,,,,,,,,,,,,,,,,,
Individuals using the Internet (per 100 inhabitants),25h,59.1,66.5b,Research & Development expenditure (% of GDP),0.2p,"0.2q,r","0.2q,r,m",Threatened species (number),36,111,116,Forested area (% of land area),11.6,11.6h,"11.6h,m",CO2 emission estimates (million tons/tons per capita),4.0 /        1.4,5.1 /        1.7,5.4 /        1.8m,"Energy production, primary (Petajoules)",39h,45,37m,Energy supply per capita (Gigajoules),37h,46,44m,Tourist/visitor arrivals at national borders (000),684,1 192,1 652m,Important sites for terrestrial biodiversity protected (%),21.6,22.6,22.6c,Pop. using safely managed sanitation (urban/rural %),52.6 / ...,62.0 / ...,71.4 / ...c,Net Official Development Assist. received (% of GNI),3.3,3.16,3b
Research & Development expenditure (% of GDP),0.2p,"0.2q,r","0.2q,r,m",Threatened species (number),36,111,116,Forested area (% of land area),11.6,11.6h,"11.6h,m",CO2 emission estimates (million tons/tons per capita),4.0 /        1.4,5.1 /        1.7,5.4 /        1.8m,"Energy production, primary (Petajoules)",39h,45,37m,Energy supply per capita (Gigajoules),37h,46,44m,Tourist/visitor arrivals at national borders (000),684,1 192,1 652m,Important sites for terrestrial biodiversity protected (%),21.6,22.6,22.6c,Pop. using safely managed sanitation (urban/rural %),52.6 / ...,62.0 / ...,71.4 / ...c,Net Official Development Assist. received (% of GNI),3.3,3.16,3b,,,,
Threatened species (number),36,111,116,Forested area (% of land area),11.6,11.6h,"11.6h,m",CO2 emission estimates (million tons/tons per capita),4.0 /        1.4,5.1 /        1.7,5.4 /        1.8m,"Energy production, primary (Petajoules)",39h,45,37m,Energy supply per capita (Gigajoules),37h,46,44m,Tourist/visitor arrivals at national borders (000),684,1 192,1 652m,Important sites for terrestrial biodiversity protected (%),21.6,22.6,22.6c,Pop. using safely managed sanitation (urban/rural %),52.6 / ...,62.0 / ...,71.4 / ...c,Net Official Development Assist. received (% of GNI),3.3,3.16,3b,,,,,,,,
Forested area (% of land area),11.6,11.6h,"11.6h,m",CO2 emission estimates (million tons/tons per capita),4.0 /        1.4,5.1 /        1.7,5.4 /        1.8m,"Energy production, primary (Petajoules)",39h,45,37m,Energy supply per capita (Gigajoules),37h,46,44m,Tourist/visitor arrivals at national borders (000),684,1 192,1 652m,Important sites for terrestrial biodiversity protected (%),21.6,22.6,22.6c,Pop. using safely managed sanitation (urban/rural %),52.6 / ...,62.0 / ...,71.4 / ...c,Net Official Development Assist. received (% of GNI),3.3,3.16,3b,,,,,,,,,,,,
CO2 emission estimates (million tons/tons per capita),4.0 /        1.4,5.1 /        1.7,5.4 /        1.8m,"Energy production, primary (Petajoules)",39h,45,37m,Energy supply per capita (Gigajoules),37h,46,44m,Tourist/visitor arrivals at national borders (000),684,1 192,1 652m,Important sites for terrestrial biodiversity protected (%),21.6,22.6,22.6c,Pop. using safely managed sanitation (urban/rural %),52.6 / ...,62.0 / ...,71.4 / ...c,Net Official Development Assist. received (% of GNI),3.3,3.16,3b,,,,,,,,,,,,,,,,
"Energy production, primary (Petajoules)",39h,45,37m,Energy supply per capita (Gigajoules),37h,46,44m,Tourist/visitor arrivals at national borders (000),684,1 192,1 652m,Important sites for terrestrial biodiversity protected (%),21.6,22.6,22.6c,Pop. using safely managed sanitation (urban/rural %),52.6 / ...,62.0 / ...,71.4 / ...c,Net Official Development Assist. received (% of GNI),3.3,3.16,3b,,,,,,,,,,,,,,,,,,,,
Energy supply per capita (Gigajoules),37h,46,44m,Tourist/visitor arrivals at national borders (000),684,1 192,1 652m,Important sites for terrestrial biodiversity protected (%),21.6,22.6,22.6c,Pop. using safely managed sanitation (urban/rural %),52.6 / ...,62.0 / ...,71.4 / ...c,Net Official Development Assist. received (% of GNI),3.3,3.16,3b,,,,,,,,,,,,,,,,,,,,,,,,
Tourist/visitor arrivals at national borders (000),684,1 192,1 652m,Important sites for terrestrial biodiversity protected (%),21.6,22.6,22.6c,Pop. using safely managed sanitation (urban/rural %),52.6 / ...,62.0 / ...,71.4 / ...c,Net Official Development Assist. received (% of GNI),3.3,3.16,3b,,,,,,,,,,,,,,,,,,,,,,,,,,,,
Important sites for terrestrial biodiversity protected (%),21.6,22.6,22.6c,Pop. using safely managed sanitation (urban/rural %),52.6 / ...,62.0 / ...,71.4 / ...c,Net Official Development Assist. received (% of GNI),3.3,3.16,3b,,,,,,,,,,,,,,,,,,,,,,,,,,,,,,,,
Pop. using safely managed sanitation (urban/rural %),52.6 / ...,62.0 / ...,71.4 / ...c,Net Official Development Assist. received (% of GNI),3.3,3.16,3b,,,,,,,,,,,,,,,,,,,,,,,,,,,,,,,,,,,,
Net Official Development Assist. received (% of GNI),3.3,3.16,3b,,,,,,,,,,,,,,,,,,,,,,,,,,,,,,,,,,,,,,,,
