0,1,2,3,4,5,6,7,8,9,10,11,12,13,14,15,16,17,18,19,20,21,22,23,24,25,26,27,28,29,30,31,32,33,34,35,36,37,38,39,40,41,42,43,44,45,46,47,48,49,50,51,52,53,54,55,56,57,58,59,60,61,62,63,64,65,66,67
,2010,2015,2021,,,,,,,,,,,,,,,,,,,,,,,,,,,,,,,,,,,,,,,,,,,,,,,,,,,,,,,,,,,,,,,,
Population growth ratej (average annual %),-0.7,0.3,0.3c,Urban population (% of total population),63.4,63.1,63.2b,Urban population growth ratej (average annual %),-0.9,0.2,...,"Fertility rate, totalj (live births per woman)",1.7,1.7,1.8c,"Life expectancy at birthj (females/males, years)",75.8 /       69.4,77.0 /       70.6,78.3 /       71.1c,"Population age distribution (0-14/60+ years old, %)",19.5 /       14.8,20.1 /       15.8,20.8 /       19.0a,International migrant stockk (000/% of total pop.),211.1 /        7.3,191.2 /        6.5,190.3 /        6.4c,Refugees and others of concern to UNHCR (000),85.8l,16,19.1c,Infant mortality ratej (per 1 000 live births),21,13.2,10.8c,Health: Current expenditure (% of GDP),9.2,10.1,10m,Health: Physicians (per 1 000 pop.),2.8,2.9,4.4n,Education: Government expenditure (% of GDP),3.2,2.8,2.7n,Education: Primary gross enrol. ratio (f/m per 100 pop.),100.7 /       97.7,95.8 /       94.3,92.1 /       91.6b,Education: Secondary gross enrol. ratio (f/m per 100 pop.),103.7 /      105.6,88.3 /       84.0,88.9 /       84.4b,Education: Upper secondary gross enrol. ratio (f/m per 100 pop.),97.7 /      101.7,95.0 /       85.3,85.2 /       76.0b,Intentional homicide rate (per 100 000 pop.),1.9,2.6,1.7m,Seats held by women in national parliaments (%),9.2,10.7,22.7o
Urban population (% of total population),63.4,63.1,63.2b,Urban population growth ratej (average annual %),-0.9,0.2,...,"Fertility rate, totalj (live births per woman)",1.7,1.7,1.8c,"Life expectancy at birthj (females/males, years)",75.8 /       69.4,77.0 /       70.6,78.3 /       71.1c,"Population age distribution (0-14/60+ years old, %)",19.5 /       14.8,20.1 /       15.8,20.8 /       19.0a,International migrant stockk (000/% of total pop.),211.1 /        7.3,191.2 /        6.5,190.3 /        6.4c,Refugees and others of concern to UNHCR (000),85.8l,16,19.1c,Infant mortality ratej (per 1 000 live births),21,13.2,10.8c,Health: Current expenditure (% of GDP),9.2,10.1,10m,Health: Physicians (per 1 000 pop.),2.8,2.9,4.4n,Education: Government expenditure (% of GDP),3.2,2.8,2.7n,Education: Primary gross enrol. ratio (f/m per 100 pop.),100.7 /       97.7,95.8 /       94.3,92.1 /       91.6b,Education: Secondary gross enrol. ratio (f/m per 100 pop.),103.7 /      105.6,88.3 /       84.0,88.9 /       84.4b,Education: Upper secondary gross enrol. ratio (f/m per 100 pop.),97.7 /      101.7,95.0 /       85.3,85.2 /       76.0b,Intentional homicide rate (per 100 000 pop.),1.9,2.6,1.7m,Seats held by women in national parliaments (%),9.2,10.7,22.7o,,,,
Urban population growth ratej (average annual %),-0.9,0.2,...,"Fertility rate, totalj (live births per woman)",1.7,1.7,1.8c,"Life expectancy at birthj (females/males, years)",75.8 /       69.4,77.0 /       70.6,78.3 /       71.1c,"Population age distribution (0-14/60+ years old, %)",19.5 /       14.8,20.1 /       15.8,20.8 /       19.0a,International migrant stockk (000/% of total pop.),211.1 /        7.3,191.2 /        6.5,190.3 /        6.4c,Refugees and others of concern to UNHCR (000),85.8l,16,19.1c,Infant mortality ratej (per 1 000 live births),21,13.2,10.8c,Health: Current expenditure (% of GDP),9.2,10.1,10m,Health: Physicians (per 1 000 pop.),2.8,2.9,4.4n,Education: Government expenditure (% of GDP),3.2,2.8,2.7n,Education: Primary gross enrol. ratio (f/m per 100 pop.),100.7 /       97.7,95.8 /       94.3,92.1 /       91.6b,Education: Secondary gross enrol. ratio (f/m per 100 pop.),103.7 /      105.6,88.3 /       84.0,88.9 /       84.4b,Education: Upper secondary gross enrol. ratio (f/m per 100 pop.),97.7 /      101.7,95.0 /       85.3,85.2 /       76.0b,Intentional homicide rate (per 100 000 pop.),1.9,2.6,1.7m,Seats held by women in national parliaments (%),9.2,10.7,22.7o,,,,,,,,
"Fertility rate, totalj (live births per woman)",1.7,1.7,1.8c,"Life expectancy at birthj (females/males, years)",75.8 /       69.4,77.0 /       70.6,78.3 /       71.1c,"Population age distribution (0-14/60+ years old, %)",19.5 /       14.8,20.1 /       15.8,20.8 /       19.0a,International migrant stockk (000/% of total pop.),211.1 /        7.3,191.2 /        6.5,190.3 /        6.4c,Refugees and others of concern to UNHCR (000),85.8l,16,19.1c,Infant mortality ratej (per 1 000 live births),21,13.2,10.8c,Health: Current expenditure (% of GDP),9.2,10.1,10m,Health: Physicians (per 1 000 pop.),2.8,2.9,4.4n,Education: Government expenditure (% of GDP),3.2,2.8,2.7n,Education: Primary gross enrol. ratio (f/m per 100 pop.),100.7 /       97.7,95.8 /       94.3,92.1 /       91.6b,Education: Secondary gross enrol. ratio (f/m per 100 pop.),103.7 /      105.6,88.3 /       84.0,88.9 /       84.4b,Education: Upper secondary gross enrol. ratio (f/m per 100 pop.),97.7 /      101.7,95.0 /       85.3,85.2 /       76.0b,Intentional homicide rate (per 100 000 pop.),1.9,2.6,1.7m,Seats held by women in national parliaments (%),9.2,10.7,22.7o,,,,,,,,,,,,
"Life expectancy at birthj (females/males, years)",75.8 /       69.4,77.0 /       70.6,78.3 /       71.1c,"Population age distribution (0-14/60+ years old, %)",19.5 /       14.8,20.1 /       15.8,20.8 /       19.0a,International migrant stockk (000/% of total pop.),211.1 /        7.3,191.2 /        6.5,190.3 /        6.4c,Refugees and others of concern to UNHCR (000),85.8l,16,19.1c,Infant mortality ratej (per 1 000 live births),21,13.2,10.8c,Health: Current expenditure (% of GDP),9.2,10.1,10m,Health: Physicians (per 1 000 pop.),2.8,2.9,4.4n,Education: Government expenditure (% of GDP),3.2,2.8,2.7n,Education: Primary gross enrol. ratio (f/m per 100 pop.),100.7 /       97.7,95.8 /       94.3,92.1 /       91.6b,Education: Secondary gross enrol. ratio (f/m per 100 pop.),103.7 /      105.6,88.3 /       84.0,88.9 /       84.4b,Education: Upper secondary gross enrol. ratio (f/m per 100 pop.),97.7 /      101.7,95.0 /       85.3,85.2 /       76.0b,Intentional homicide rate (per 100 000 pop.),1.9,2.6,1.7m,Seats held by women in national parliaments (%),9.2,10.7,22.7o,,,,,,,,,,,,,,,,
"Population age distribution (0-14/60+ years old, %)",19.5 /       14.8,20.1 /       15.8,20.8 /       19.0a,International migrant stockk (000/% of total pop.),211.1 /        7.3,191.2 /        6.5,190.3 /        6.4c,Refugees and others of concern to UNHCR (000),85.8l,16,19.1c,Infant mortality ratej (per 1 000 live births),21,13.2,10.8c,Health: Current expenditure (% of GDP),9.2,10.1,10m,Health: Physicians (per 1 000 pop.),2.8,2.9,4.4n,Education: Government expenditure (% of GDP),3.2,2.8,2.7n,Education: Primary gross enrol. ratio (f/m per 100 pop.),100.7 /       97.7,95.8 /       94.3,92.1 /       91.6b,Education: Secondary gross enrol. ratio (f/m per 100 pop.),103.7 /      105.6,88.3 /       84.0,88.9 /       84.4b,Education: Upper secondary gross enrol. ratio (f/m per 100 pop.),97.7 /      101.7,95.0 /       85.3,85.2 /       76.0b,Intentional homicide rate (per 100 000 pop.),1.9,2.6,1.7m,Seats held by women in national parliaments (%),9.2,10.7,22.7o,,,,,,,,,,,,,,,,,,,,
International migrant stockk (000/% of total pop.),211.1 /        7.3,191.2 /        6.5,190.3 /        6.4c,Refugees and others of concern to UNHCR (000),85.8l,16,19.1c,Infant mortality ratej (per 1 000 live births),21,13.2,10.8c,Health: Current expenditure (% of GDP),9.2,10.1,10m,Health: Physicians (per 1 000 pop.),2.8,2.9,4.4n,Education: Government expenditure (% of GDP),3.2,2.8,2.7n,Education: Primary gross enrol. ratio (f/m per 100 pop.),100.7 /       97.7,95.8 /       94.3,92.1 /       91.6b,Education: Secondary gross enrol. ratio (f/m per 100 pop.),103.7 /      105.6,88.3 /       84.0,88.9 /       84.4b,Education: Upper secondary gross enrol. ratio (f/m per 100 pop.),97.7 /      101.7,95.0 /       85.3,85.2 /       76.0b,Intentional homicide rate (per 100 000 pop.),1.9,2.6,1.7m,Seats held by women in national parliaments (%),9.2,10.7,22.7o,,,,,,,,,,,,,,,,,,,,,,,,
Refugees and others of concern to UNHCR (000),85.8l,16,19.1c,Infant mortality ratej (per 1 000 live births),21,13.2,10.8c,Health: Current expenditure (% of GDP),9.2,10.1,10m,Health: Physicians (per 1 000 pop.),2.8,2.9,4.4n,Education: Government expenditure (% of GDP),3.2,2.8,2.7n,Education: Primary gross enrol. ratio (f/m per 100 pop.),100.7 /       97.7,95.8 /       94.3,92.1 /       91.6b,Education: Secondary gross enrol. ratio (f/m per 100 pop.),103.7 /      105.6,88.3 /       84.0,88.9 /       84.4b,Education: Upper secondary gross enrol. ratio (f/m per 100 pop.),97.7 /      101.7,95.0 /       85.3,85.2 /       76.0b,Intentional homicide rate (per 100 000 pop.),1.9,2.6,1.7m,Seats held by women in national parliaments (%),9.2,10.7,22.7o,,,,,,,,,,,,,,,,,,,,,,,,,,,,
Infant mortality ratej (per 1 000 live births),21,13.2,10.8c,Health: Current expenditure (% of GDP),9.2,10.1,10m,Health: Physicians (per 1 000 pop.),2.8,2.9,4.4n,Education: Government expenditure (% of GDP),3.2,2.8,2.7n,Education: Primary gross enrol. ratio (f/m per 100 pop.),100.7 /       97.7,95.8 /       94.3,92.1 /       91.6b,Education: Secondary gross enrol. ratio (f/m per 100 pop.),103.7 /      105.6,88.3 /       84.0,88.9 /       84.4b,Education: Upper secondary gross enrol. ratio (f/m per 100 pop.),97.7 /      101.7,95.0 /       85.3,85.2 /       76.0b,Intentional homicide rate (per 100 000 pop.),1.9,2.6,1.7m,Seats held by women in national parliaments (%),9.2,10.7,22.7o,,,,,,,,,,,,,,,,,,,,,,,,,,,,,,,,
Health: Current expenditure (% of GDP),9.2,10.1,10m,Health: Physicians (per 1 000 pop.),2.8,2.9,4.4n,Education: Government expenditure (% of GDP),3.2,2.8,2.7n,Education: Primary gross enrol. ratio (f/m per 100 pop.),100.7 /       97.7,95.8 /       94.3,92.1 /       91.6b,Education: Secondary gross enrol. ratio (f/m per 100 pop.),103.7 /      105.6,88.3 /       84.0,88.9 /       84.4b,Education: Upper secondary gross enrol. ratio (f/m per 100 pop.),97.7 /      101.7,95.0 /       85.3,85.2 /       76.0b,Intentional homicide rate (per 100 000 pop.),1.9,2.6,1.7m,Seats held by women in national parliaments (%),9.2,10.7,22.7o,,,,,,,,,,,,,,,,,,,,,,,,,,,,,,,,,,,,
Health: Physicians (per 1 000 pop.),2.8,2.9,4.4n,Education: Government expenditure (% of GDP),3.2,2.8,2.7n,Education: Primary gross enrol. ratio (f/m per 100 pop.),100.7 /       97.7,95.8 /       94.3,92.1 /       91.6b,Education: Secondary gross enrol. ratio (f/m per 100 pop.),103.7 /      105.6,88.3 /       84.0,88.9 /       84.4b,Education: Upper secondary gross enrol. ratio (f/m per 100 pop.),97.7 /      101.7,95.0 /       85.3,85.2 /       76.0b,Intentional homicide rate (per 100 000 pop.),1.9,2.6,1.7m,Seats held by women in national parliaments (%),9.2,10.7,22.7o,,,,,,,,,,,,,,,,,,,,,,,,,,,,,,,,,,,,,,,,
Education: Government expenditure (% of GDP),3.2,2.8,2.7n,Education: Primary gross enrol. ratio (f/m per 100 pop.),100.7 /       97.7,95.8 /       94.3,92.1 /       91.6b,Education: Secondary gross enrol. ratio (f/m per 100 pop.),103.7 /      105.6,88.3 /       84.0,88.9 /       84.4b,Education: Upper secondary gross enrol. ratio (f/m per 100 pop.),97.7 /      101.7,95.0 /       85.3,85.2 /       76.0b,Intentional homicide rate (per 100 000 pop.),1.9,2.6,1.7m,Seats held by women in national parliaments (%),9.2,10.7,22.7o,,,,,,,,,,,,,,,,,,,,,,,,,,,,,,,,,,,,,,,,,,,,
Education: Primary gross enrol. ratio (f/m per 100 pop.),100.7 /       97.7,95.8 /       94.3,92.1 /       91.6b,Education: Secondary gross enrol. ratio (f/m per 100 pop.),103.7 /      105.6,88.3 /       84.0,88.9 /       84.4b,Education: Upper secondary gross enrol. ratio (f/m per 100 pop.),97.7 /      101.7,95.0 /       85.3,85.2 /       76.0b,Intentional homicide rate (per 100 000 pop.),1.9,2.6,1.7m,Seats held by women in national parliaments (%),9.2,10.7,22.7o,,,,,,,,,,,,,,,,,,,,,,,,,,,,,,,,,,,,,,,,,,,,,,,,
Education: Secondary gross enrol. ratio (f/m per 100 pop.),103.7 /      105.6,88.3 /       84.0,88.9 /       84.4b,Education: Upper secondary gross enrol. ratio (f/m per 100 pop.),97.7 /      101.7,95.0 /       85.3,85.2 /       76.0b,Intentional homicide rate (per 100 000 pop.),1.9,2.6,1.7m,Seats held by women in national parliaments (%),9.2,10.7,22.7o,,,,,,,,,,,,,,,,,,,,,,,,,,,,,,,,,,,,,,,,,,,,,,,,,,,,
Education: Upper secondary gross enrol. ratio (f/m per 100 pop.),97.7 /      101.7,95.0 /       85.3,85.2 /       76.0b,Intentional homicide rate (per 100 000 pop.),1.9,2.6,1.7m,Seats held by women in national parliaments (%),9.2,10.7,22.7o,,,,,,,,,,,,,,,,,,,,,,,,,,,,,,,,,,,,,,,,,,,,,,,,,,,,,,,,
Intentional homicide rate (per 100 000 pop.),1.9,2.6,1.7m,Seats held by women in national parliaments (%),9.2,10.7,22.7o,,,,,,,,,,,,,,,,,,,,,,,,,,,,,,,,,,,,,,,,,,,,,,,,,,,,,,,,,,,,
Seats held by women in national parliaments (%),9.2,10.7,22.7o,,,,,,,,,,,,,,,,,,,,,,,,,,,,,,,,,,,,,,,,,,,,,,,,,,,,,,,,,,,,,,,,
