0,1,2,3,4,5,6,7,8,9,10,11,12,13,14,15,16,17,18,19,20,21,22,23,24,25,26,27,28,29,30,31,32,33,34,35,36,37,38,39,40,41,42,43,44,45,46,47,48,49,50,51,52,53,54,55,56,57,58,59,60,61,62,63,64,65,66,67
,2010,2015,2021,,,,,,,,,,,,,,,,,,,,,,,,,,,,,,,,,,,,,,,,,,,,,,,,,,,,,,,,,,,,,,,,
GDP: Gross domestic product (million current US$),214 630,317 745,317 359b,"GDP growth rate (annual %, const. 2015 prices)",5.1,4.4,5.6b,GDP per capita (current US$),2 593.4,3 437.2,3 161.3b,Economy: Agriculturee (% of Gross Value Added),14,11.3,11.4b,Economy: Industrye (% of Gross Value Added),37.5,36.2,36.7b,Economy: Services and other activitye (% of GVA),48.5,52.5,51.9b,Employment in agriculture (% of employed),28.3,25.8,"23.3f,d",Employment in industry (% of employed),25.4,25.1,"28.2f,d",Employment in services (% employed),46.3,49.1,"48.6f,d",Unemploymentf (% of labour force),8.8,13,10.1d,Labour force participation ratef (female/male pop. %),22.6 /       75.6,22.4 /       73.3,22.1 /       70.9d,CPI: Consumer Price Indexg (2010=100),100,157,"303h,d",Agricultural production index (2014-2016=100),90,101,102b,International trade: exportsi (million current US$),26 332,21 852,26 815d,International trade: importsi (million current US$),53 003,73 975,60 280d,International trade: balancei (million current US$),- 26 672,- 52 123,- 33 464d,"Balance of payments, current account (million US$)",- 4 504,- 17 243,- 14 236d
"GDP growth rate (annual %, const. 2015 prices)",5.1,4.4,5.6b,GDP per capita (current US$),2 593.4,3 437.2,3 161.3b,Economy: Agriculturee (% of Gross Value Added),14,11.3,11.4b,Economy: Industrye (% of Gross Value Added),37.5,36.2,36.7b,Economy: Services and other activitye (% of GVA),48.5,52.5,51.9b,Employment in agriculture (% of employed),28.3,25.8,"23.3f,d",Employment in industry (% of employed),25.4,25.1,"28.2f,d",Employment in services (% employed),46.3,49.1,"48.6f,d",Unemploymentf (% of labour force),8.8,13,10.1d,Labour force participation ratef (female/male pop. %),22.6 /       75.6,22.4 /       73.3,22.1 /       70.9d,CPI: Consumer Price Indexg (2010=100),100,157,"303h,d",Agricultural production index (2014-2016=100),90,101,102b,International trade: exportsi (million current US$),26 332,21 852,26 815d,International trade: importsi (million current US$),53 003,73 975,60 280d,International trade: balancei (million current US$),- 26 672,- 52 123,- 33 464d,"Balance of payments, current account (million US$)",- 4 504,- 17 243,- 14 236d,,,,
GDP per capita (current US$),2 593.4,3 437.2,3 161.3b,Economy: Agriculturee (% of Gross Value Added),14,11.3,11.4b,Economy: Industrye (% of Gross Value Added),37.5,36.2,36.7b,Economy: Services and other activitye (% of GVA),48.5,52.5,51.9b,Employment in agriculture (% of employed),28.3,25.8,"23.3f,d",Employment in industry (% of employed),25.4,25.1,"28.2f,d",Employment in services (% employed),46.3,49.1,"48.6f,d",Unemploymentf (% of labour force),8.8,13,10.1d,Labour force participation ratef (female/male pop. %),22.6 /       75.6,22.4 /       73.3,22.1 /       70.9d,CPI: Consumer Price Indexg (2010=100),100,157,"303h,d",Agricultural production index (2014-2016=100),90,101,102b,International trade: exportsi (million current US$),26 332,21 852,26 815d,International trade: importsi (million current US$),53 003,73 975,60 280d,International trade: balancei (million current US$),- 26 672,- 52 123,- 33 464d,"Balance of payments, current account (million US$)",- 4 504,- 17 243,- 14 236d,,,,,,,,
Economy: Agriculturee (% of Gross Value Added),14,11.3,11.4b,Economy: Industrye (% of Gross Value Added),37.5,36.2,36.7b,Economy: Services and other activitye (% of GVA),48.5,52.5,51.9b,Employment in agriculture (% of employed),28.3,25.8,"23.3f,d",Employment in industry (% of employed),25.4,25.1,"28.2f,d",Employment in services (% employed),46.3,49.1,"48.6f,d",Unemploymentf (% of labour force),8.8,13,10.1d,Labour force participation ratef (female/male pop. %),22.6 /       75.6,22.4 /       73.3,22.1 /       70.9d,CPI: Consumer Price Indexg (2010=100),100,157,"303h,d",Agricultural production index (2014-2016=100),90,101,102b,International trade: exportsi (million current US$),26 332,21 852,26 815d,International trade: importsi (million current US$),53 003,73 975,60 280d,International trade: balancei (million current US$),- 26 672,- 52 123,- 33 464d,"Balance of payments, current account (million US$)",- 4 504,- 17 243,- 14 236d,,,,,,,,,,,,
Economy: Industrye (% of Gross Value Added),37.5,36.2,36.7b,Economy: Services and other activitye (% of GVA),48.5,52.5,51.9b,Employment in agriculture (% of employed),28.3,25.8,"23.3f,d",Employment in industry (% of employed),25.4,25.1,"28.2f,d",Employment in services (% employed),46.3,49.1,"48.6f,d",Unemploymentf (% of labour force),8.8,13,10.1d,Labour force participation ratef (female/male pop. %),22.6 /       75.6,22.4 /       73.3,22.1 /       70.9d,CPI: Consumer Price Indexg (2010=100),100,157,"303h,d",Agricultural production index (2014-2016=100),90,101,102b,International trade: exportsi (million current US$),26 332,21 852,26 815d,International trade: importsi (million current US$),53 003,73 975,60 280d,International trade: balancei (million current US$),- 26 672,- 52 123,- 33 464d,"Balance of payments, current account (million US$)",- 4 504,- 17 243,- 14 236d,,,,,,,,,,,,,,,,
Economy: Services and other activitye (% of GVA),48.5,52.5,51.9b,Employment in agriculture (% of employed),28.3,25.8,"23.3f,d",Employment in industry (% of employed),25.4,25.1,"28.2f,d",Employment in services (% employed),46.3,49.1,"48.6f,d",Unemploymentf (% of labour force),8.8,13,10.1d,Labour force participation ratef (female/male pop. %),22.6 /       75.6,22.4 /       73.3,22.1 /       70.9d,CPI: Consumer Price Indexg (2010=100),100,157,"303h,d",Agricultural production index (2014-2016=100),90,101,102b,International trade: exportsi (million current US$),26 332,21 852,26 815d,International trade: importsi (million current US$),53 003,73 975,60 280d,International trade: balancei (million current US$),- 26 672,- 52 123,- 33 464d,"Balance of payments, current account (million US$)",- 4 504,- 17 243,- 14 236d,,,,,,,,,,,,,,,,,,,,
Employment in agriculture (% of employed),28.3,25.8,"23.3f,d",Employment in industry (% of employed),25.4,25.1,"28.2f,d",Employment in services (% employed),46.3,49.1,"48.6f,d",Unemploymentf (% of labour force),8.8,13,10.1d,Labour force participation ratef (female/male pop. %),22.6 /       75.6,22.4 /       73.3,22.1 /       70.9d,CPI: Consumer Price Indexg (2010=100),100,157,"303h,d",Agricultural production index (2014-2016=100),90,101,102b,International trade: exportsi (million current US$),26 332,21 852,26 815d,International trade: importsi (million current US$),53 003,73 975,60 280d,International trade: balancei (million current US$),- 26 672,- 52 123,- 33 464d,"Balance of payments, current account (million US$)",- 4 504,- 17 243,- 14 236d,,,,,,,,,,,,,,,,,,,,,,,,
Employment in industry (% of employed),25.4,25.1,"28.2f,d",Employment in services (% employed),46.3,49.1,"48.6f,d",Unemploymentf (% of labour force),8.8,13,10.1d,Labour force participation ratef (female/male pop. %),22.6 /       75.6,22.4 /       73.3,22.1 /       70.9d,CPI: Consumer Price Indexg (2010=100),100,157,"303h,d",Agricultural production index (2014-2016=100),90,101,102b,International trade: exportsi (million current US$),26 332,21 852,26 815d,International trade: importsi (million current US$),53 003,73 975,60 280d,International trade: balancei (million current US$),- 26 672,- 52 123,- 33 464d,"Balance of payments, current account (million US$)",- 4 504,- 17 243,- 14 236d,,,,,,,,,,,,,,,,,,,,,,,,,,,,
Employment in services (% employed),46.3,49.1,"48.6f,d",Unemploymentf (% of labour force),8.8,13,10.1d,Labour force participation ratef (female/male pop. %),22.6 /       75.6,22.4 /       73.3,22.1 /       70.9d,CPI: Consumer Price Indexg (2010=100),100,157,"303h,d",Agricultural production index (2014-2016=100),90,101,102b,International trade: exportsi (million current US$),26 332,21 852,26 815d,International trade: importsi (million current US$),53 003,73 975,60 280d,International trade: balancei (million current US$),- 26 672,- 52 123,- 33 464d,"Balance of payments, current account (million US$)",- 4 504,- 17 243,- 14 236d,,,,,,,,,,,,,,,,,,,,,,,,,,,,,,,,
Unemploymentf (% of labour force),8.8,13,10.1d,Labour force participation ratef (female/male pop. %),22.6 /       75.6,22.4 /       73.3,22.1 /       70.9d,CPI: Consumer Price Indexg (2010=100),100,157,"303h,d",Agricultural production index (2014-2016=100),90,101,102b,International trade: exportsi (million current US$),26 332,21 852,26 815d,International trade: importsi (million current US$),53 003,73 975,60 280d,International trade: balancei (million current US$),- 26 672,- 52 123,- 33 464d,"Balance of payments, current account (million US$)",- 4 504,- 17 243,- 14 236d,,,,,,,,,,,,,,,,,,,,,,,,,,,,,,,,,,,,
Labour force participation ratef (female/male pop. %),22.6 /       75.6,22.4 /       73.3,22.1 /       70.9d,CPI: Consumer Price Indexg (2010=100),100,157,"303h,d",Agricultural production index (2014-2016=100),90,101,102b,International trade: exportsi (million current US$),26 332,21 852,26 815d,International trade: importsi (million current US$),53 003,73 975,60 280d,International trade: balancei (million current US$),- 26 672,- 52 123,- 33 464d,"Balance of payments, current account (million US$)",- 4 504,- 17 243,- 14 236d,,,,,,,,,,,,,,,,,,,,,,,,,,,,,,,,,,,,,,,,
CPI: Consumer Price Indexg (2010=100),100,157,"303h,d",Agricultural production index (2014-2016=100),90,101,102b,International trade: exportsi (million current US$),26 332,21 852,26 815d,International trade: importsi (million current US$),53 003,73 975,60 280d,International trade: balancei (million current US$),- 26 672,- 52 123,- 33 464d,"Balance of payments, current account (million US$)",- 4 504,- 17 243,- 14 236d,,,,,,,,,,,,,,,,,,,,,,,,,,,,,,,,,,,,,,,,,,,,
Agricultural production index (2014-2016=100),90,101,102b,International trade: exportsi (million current US$),26 332,21 852,26 815d,International trade: importsi (million current US$),53 003,73 975,60 280d,International trade: balancei (million current US$),- 26 672,- 52 123,- 33 464d,"Balance of payments, current account (million US$)",- 4 504,- 17 243,- 14 236d,,,,,,,,,,,,,,,,,,,,,,,,,,,,,,,,,,,,,,,,,,,,,,,,
International trade: exportsi (million current US$),26 332,21 852,26 815d,International trade: importsi (million current US$),53 003,73 975,60 280d,International trade: balancei (million current US$),- 26 672,- 52 123,- 33 464d,"Balance of payments, current account (million US$)",- 4 504,- 17 243,- 14 236d,,,,,,,,,,,,,,,,,,,,,,,,,,,,,,,,,,,,,,,,,,,,,,,,,,,,
International trade: importsi (million current US$),53 003,73 975,60 280d,International trade: balancei (million current US$),- 26 672,- 52 123,- 33 464d,"Balance of payments, current account (million US$)",- 4 504,- 17 243,- 14 236d,,,,,,,,,,,,,,,,,,,,,,,,,,,,,,,,,,,,,,,,,,,,,,,,,,,,,,,,
International trade: balancei (million current US$),- 26 672,- 52 123,- 33 464d,"Balance of payments, current account (million US$)",- 4 504,- 17 243,- 14 236d,,,,,,,,,,,,,,,,,,,,,,,,,,,,,,,,,,,,,,,,,,,,,,,,,,,,,,,,,,,,
"Balance of payments, current account (million US$)",- 4 504,- 17 243,- 14 236d,,,,,,,,,,,,,,,,,,,,,,,,,,,,,,,,,,,,,,,,,,,,,,,,,,,,,,,,,,,,,,,,
