0,1,2,3,4,5,6,7,8,9,10,11,12,13,14,15,16,17,18,19,20,21,22,23,24,25,26,27,28,29,30,31,32,33,34,35,36,37,38,39,40,41,42,43,44,45,46,47,48,49,50,51,52,53,54,55,56,57,58,59,60,61,62,63,64,65,66,67
,2010,2015,2021,,,,,,,,,,,,,,,,,,,,,,,,,,,,,,,,,,,,,,,,,,,,,,,,,,,,,,,,,,,,,,,,
Population growth ratej (average annual %),1.8,2.2,2d,Urban population (% of total population),43,42.8,42.7b,Urban population growth ratej (average annual %),1.8,2.1,...,"Fertility rate, totalj (live births per woman)",3,3.4,3.3d,"Life expectancy at birthj (females/males, years)",72.2 /       67.6,73.0 /       68.7,74.1 /       69.5d,"Population age distribution (0-14/60+ years old, %)",32.6 /        7.6,33.3 /        7.7,33.8 /        8.4a,International migrant stockk (000/% of total pop.),310.0 /        0.4,353.6 /        0.4,543.9 /        0.5d,Refugees and others of concern to UNHCR (000),109.9l,256.4,328.8d,Infant mortality ratej (per 1 000 live births),23.5,18.9,15.6d,Health: Current expenditure (% of GDP),4.2,5.3,4.9m,Health: Physicians (per 1 000 pop.),...,0.8,0.7b,Education: Government expenditure (% of GDP),3.8n,...,...,Education: Primary gross enrol. ratio (f/m per 100 pop.),100.7 /      103.7,103.7 /      104.0o,106.9 /      106.0b,Education: Secondary gross enrol. ratio (f/m per 100 pop.),67.9 /       69.8,80.6 /       81.0o,89.0 /       89.9b,Education: Upper secondary gross enrol. ratio (f/m per 100 pop.),46.6 /       49.7,66.5 /       68.0o,76.9 /       78.2b,Intentional homicide rate (per 100 000 pop.),2.2,2.6p,...,Seats held by women in national parliaments (%),...,...,27.4q
Urban population (% of total population),43,42.8,42.7b,Urban population growth ratej (average annual %),1.8,2.1,...,"Fertility rate, totalj (live births per woman)",3,3.4,3.3d,"Life expectancy at birthj (females/males, years)",72.2 /       67.6,73.0 /       68.7,74.1 /       69.5d,"Population age distribution (0-14/60+ years old, %)",32.6 /        7.6,33.3 /        7.7,33.8 /        8.4a,International migrant stockk (000/% of total pop.),310.0 /        0.4,353.6 /        0.4,543.9 /        0.5d,Refugees and others of concern to UNHCR (000),109.9l,256.4,328.8d,Infant mortality ratej (per 1 000 live births),23.5,18.9,15.6d,Health: Current expenditure (% of GDP),4.2,5.3,4.9m,Health: Physicians (per 1 000 pop.),...,0.8,0.7b,Education: Government expenditure (% of GDP),3.8n,...,...,Education: Primary gross enrol. ratio (f/m per 100 pop.),100.7 /      103.7,103.7 /      104.0o,106.9 /      106.0b,Education: Secondary gross enrol. ratio (f/m per 100 pop.),67.9 /       69.8,80.6 /       81.0o,89.0 /       89.9b,Education: Upper secondary gross enrol. ratio (f/m per 100 pop.),46.6 /       49.7,66.5 /       68.0o,76.9 /       78.2b,Intentional homicide rate (per 100 000 pop.),2.2,2.6p,...,Seats held by women in national parliaments (%),...,...,27.4q,,,,
Urban population growth ratej (average annual %),1.8,2.1,...,"Fertility rate, totalj (live births per woman)",3,3.4,3.3d,"Life expectancy at birthj (females/males, years)",72.2 /       67.6,73.0 /       68.7,74.1 /       69.5d,"Population age distribution (0-14/60+ years old, %)",32.6 /        7.6,33.3 /        7.7,33.8 /        8.4a,International migrant stockk (000/% of total pop.),310.0 /        0.4,353.6 /        0.4,543.9 /        0.5d,Refugees and others of concern to UNHCR (000),109.9l,256.4,328.8d,Infant mortality ratej (per 1 000 live births),23.5,18.9,15.6d,Health: Current expenditure (% of GDP),4.2,5.3,4.9m,Health: Physicians (per 1 000 pop.),...,0.8,0.7b,Education: Government expenditure (% of GDP),3.8n,...,...,Education: Primary gross enrol. ratio (f/m per 100 pop.),100.7 /      103.7,103.7 /      104.0o,106.9 /      106.0b,Education: Secondary gross enrol. ratio (f/m per 100 pop.),67.9 /       69.8,80.6 /       81.0o,89.0 /       89.9b,Education: Upper secondary gross enrol. ratio (f/m per 100 pop.),46.6 /       49.7,66.5 /       68.0o,76.9 /       78.2b,Intentional homicide rate (per 100 000 pop.),2.2,2.6p,...,Seats held by women in national parliaments (%),...,...,27.4q,,,,,,,,
"Fertility rate, totalj (live births per woman)",3,3.4,3.3d,"Life expectancy at birthj (females/males, years)",72.2 /       67.6,73.0 /       68.7,74.1 /       69.5d,"Population age distribution (0-14/60+ years old, %)",32.6 /        7.6,33.3 /        7.7,33.8 /        8.4a,International migrant stockk (000/% of total pop.),310.0 /        0.4,353.6 /        0.4,543.9 /        0.5d,Refugees and others of concern to UNHCR (000),109.9l,256.4,328.8d,Infant mortality ratej (per 1 000 live births),23.5,18.9,15.6d,Health: Current expenditure (% of GDP),4.2,5.3,4.9m,Health: Physicians (per 1 000 pop.),...,0.8,0.7b,Education: Government expenditure (% of GDP),3.8n,...,...,Education: Primary gross enrol. ratio (f/m per 100 pop.),100.7 /      103.7,103.7 /      104.0o,106.9 /      106.0b,Education: Secondary gross enrol. ratio (f/m per 100 pop.),67.9 /       69.8,80.6 /       81.0o,89.0 /       89.9b,Education: Upper secondary gross enrol. ratio (f/m per 100 pop.),46.6 /       49.7,66.5 /       68.0o,76.9 /       78.2b,Intentional homicide rate (per 100 000 pop.),2.2,2.6p,...,Seats held by women in national parliaments (%),...,...,27.4q,,,,,,,,,,,,
"Life expectancy at birthj (females/males, years)",72.2 /       67.6,73.0 /       68.7,74.1 /       69.5d,"Population age distribution (0-14/60+ years old, %)",32.6 /        7.6,33.3 /        7.7,33.8 /        8.4a,International migrant stockk (000/% of total pop.),310.0 /        0.4,353.6 /        0.4,543.9 /        0.5d,Refugees and others of concern to UNHCR (000),109.9l,256.4,328.8d,Infant mortality ratej (per 1 000 live births),23.5,18.9,15.6d,Health: Current expenditure (% of GDP),4.2,5.3,4.9m,Health: Physicians (per 1 000 pop.),...,0.8,0.7b,Education: Government expenditure (% of GDP),3.8n,...,...,Education: Primary gross enrol. ratio (f/m per 100 pop.),100.7 /      103.7,103.7 /      104.0o,106.9 /      106.0b,Education: Secondary gross enrol. ratio (f/m per 100 pop.),67.9 /       69.8,80.6 /       81.0o,89.0 /       89.9b,Education: Upper secondary gross enrol. ratio (f/m per 100 pop.),46.6 /       49.7,66.5 /       68.0o,76.9 /       78.2b,Intentional homicide rate (per 100 000 pop.),2.2,2.6p,...,Seats held by women in national parliaments (%),...,...,27.4q,,,,,,,,,,,,,,,,
"Population age distribution (0-14/60+ years old, %)",32.6 /        7.6,33.3 /        7.7,33.8 /        8.4a,International migrant stockk (000/% of total pop.),310.0 /        0.4,353.6 /        0.4,543.9 /        0.5d,Refugees and others of concern to UNHCR (000),109.9l,256.4,328.8d,Infant mortality ratej (per 1 000 live births),23.5,18.9,15.6d,Health: Current expenditure (% of GDP),4.2,5.3,4.9m,Health: Physicians (per 1 000 pop.),...,0.8,0.7b,Education: Government expenditure (% of GDP),3.8n,...,...,Education: Primary gross enrol. ratio (f/m per 100 pop.),100.7 /      103.7,103.7 /      104.0o,106.9 /      106.0b,Education: Secondary gross enrol. ratio (f/m per 100 pop.),67.9 /       69.8,80.6 /       81.0o,89.0 /       89.9b,Education: Upper secondary gross enrol. ratio (f/m per 100 pop.),46.6 /       49.7,66.5 /       68.0o,76.9 /       78.2b,Intentional homicide rate (per 100 000 pop.),2.2,2.6p,...,Seats held by women in national parliaments (%),...,...,27.4q,,,,,,,,,,,,,,,,,,,,
International migrant stockk (000/% of total pop.),310.0 /        0.4,353.6 /        0.4,543.9 /        0.5d,Refugees and others of concern to UNHCR (000),109.9l,256.4,328.8d,Infant mortality ratej (per 1 000 live births),23.5,18.9,15.6d,Health: Current expenditure (% of GDP),4.2,5.3,4.9m,Health: Physicians (per 1 000 pop.),...,0.8,0.7b,Education: Government expenditure (% of GDP),3.8n,...,...,Education: Primary gross enrol. ratio (f/m per 100 pop.),100.7 /      103.7,103.7 /      104.0o,106.9 /      106.0b,Education: Secondary gross enrol. ratio (f/m per 100 pop.),67.9 /       69.8,80.6 /       81.0o,89.0 /       89.9b,Education: Upper secondary gross enrol. ratio (f/m per 100 pop.),46.6 /       49.7,66.5 /       68.0o,76.9 /       78.2b,Intentional homicide rate (per 100 000 pop.),2.2,2.6p,...,Seats held by women in national parliaments (%),...,...,27.4q,,,,,,,,,,,,,,,,,,,,,,,,
Refugees and others of concern to UNHCR (000),109.9l,256.4,328.8d,Infant mortality ratej (per 1 000 live births),23.5,18.9,15.6d,Health: Current expenditure (% of GDP),4.2,5.3,4.9m,Health: Physicians (per 1 000 pop.),...,0.8,0.7b,Education: Government expenditure (% of GDP),3.8n,...,...,Education: Primary gross enrol. ratio (f/m per 100 pop.),100.7 /      103.7,103.7 /      104.0o,106.9 /      106.0b,Education: Secondary gross enrol. ratio (f/m per 100 pop.),67.9 /       69.8,80.6 /       81.0o,89.0 /       89.9b,Education: Upper secondary gross enrol. ratio (f/m per 100 pop.),46.6 /       49.7,66.5 /       68.0o,76.9 /       78.2b,Intentional homicide rate (per 100 000 pop.),2.2,2.6p,...,Seats held by women in national parliaments (%),...,...,27.4q,,,,,,,,,,,,,,,,,,,,,,,,,,,,
Infant mortality ratej (per 1 000 live births),23.5,18.9,15.6d,Health: Current expenditure (% of GDP),4.2,5.3,4.9m,Health: Physicians (per 1 000 pop.),...,0.8,0.7b,Education: Government expenditure (% of GDP),3.8n,...,...,Education: Primary gross enrol. ratio (f/m per 100 pop.),100.7 /      103.7,103.7 /      104.0o,106.9 /      106.0b,Education: Secondary gross enrol. ratio (f/m per 100 pop.),67.9 /       69.8,80.6 /       81.0o,89.0 /       89.9b,Education: Upper secondary gross enrol. ratio (f/m per 100 pop.),46.6 /       49.7,66.5 /       68.0o,76.9 /       78.2b,Intentional homicide rate (per 100 000 pop.),2.2,2.6p,...,Seats held by women in national parliaments (%),...,...,27.4q,,,,,,,,,,,,,,,,,,,,,,,,,,,,,,,,
Health: Current expenditure (% of GDP),4.2,5.3,4.9m,Health: Physicians (per 1 000 pop.),...,0.8,0.7b,Education: Government expenditure (% of GDP),3.8n,...,...,Education: Primary gross enrol. ratio (f/m per 100 pop.),100.7 /      103.7,103.7 /      104.0o,106.9 /      106.0b,Education: Secondary gross enrol. ratio (f/m per 100 pop.),67.9 /       69.8,80.6 /       81.0o,89.0 /       89.9b,Education: Upper secondary gross enrol. ratio (f/m per 100 pop.),46.6 /       49.7,66.5 /       68.0o,76.9 /       78.2b,Intentional homicide rate (per 100 000 pop.),2.2,2.6p,...,Seats held by women in national parliaments (%),...,...,27.4q,,,,,,,,,,,,,,,,,,,,,,,,,,,,,,,,,,,,
Health: Physicians (per 1 000 pop.),...,0.8,0.7b,Education: Government expenditure (% of GDP),3.8n,...,...,Education: Primary gross enrol. ratio (f/m per 100 pop.),100.7 /      103.7,103.7 /      104.0o,106.9 /      106.0b,Education: Secondary gross enrol. ratio (f/m per 100 pop.),67.9 /       69.8,80.6 /       81.0o,89.0 /       89.9b,Education: Upper secondary gross enrol. ratio (f/m per 100 pop.),46.6 /       49.7,66.5 /       68.0o,76.9 /       78.2b,Intentional homicide rate (per 100 000 pop.),2.2,2.6p,...,Seats held by women in national parliaments (%),...,...,27.4q,,,,,,,,,,,,,,,,,,,,,,,,,,,,,,,,,,,,,,,,
Education: Government expenditure (% of GDP),3.8n,...,...,Education: Primary gross enrol. ratio (f/m per 100 pop.),100.7 /      103.7,103.7 /      104.0o,106.9 /      106.0b,Education: Secondary gross enrol. ratio (f/m per 100 pop.),67.9 /       69.8,80.6 /       81.0o,89.0 /       89.9b,Education: Upper secondary gross enrol. ratio (f/m per 100 pop.),46.6 /       49.7,66.5 /       68.0o,76.9 /       78.2b,Intentional homicide rate (per 100 000 pop.),2.2,2.6p,...,Seats held by women in national parliaments (%),...,...,27.4q,,,,,,,,,,,,,,,,,,,,,,,,,,,,,,,,,,,,,,,,,,,,
Education: Primary gross enrol. ratio (f/m per 100 pop.),100.7 /      103.7,103.7 /      104.0o,106.9 /      106.0b,Education: Secondary gross enrol. ratio (f/m per 100 pop.),67.9 /       69.8,80.6 /       81.0o,89.0 /       89.9b,Education: Upper secondary gross enrol. ratio (f/m per 100 pop.),46.6 /       49.7,66.5 /       68.0o,76.9 /       78.2b,Intentional homicide rate (per 100 000 pop.),2.2,2.6p,...,Seats held by women in national parliaments (%),...,...,27.4q,,,,,,,,,,,,,,,,,,,,,,,,,,,,,,,,,,,,,,,,,,,,,,,,
Education: Secondary gross enrol. ratio (f/m per 100 pop.),67.9 /       69.8,80.6 /       81.0o,89.0 /       89.9b,Education: Upper secondary gross enrol. ratio (f/m per 100 pop.),46.6 /       49.7,66.5 /       68.0o,76.9 /       78.2b,Intentional homicide rate (per 100 000 pop.),2.2,2.6p,...,Seats held by women in national parliaments (%),...,...,27.4q,,,,,,,,,,,,,,,,,,,,,,,,,,,,,,,,,,,,,,,,,,,,,,,,,,,,
Education: Upper secondary gross enrol. ratio (f/m per 100 pop.),46.6 /       49.7,66.5 /       68.0o,76.9 /       78.2b,Intentional homicide rate (per 100 000 pop.),2.2,2.6p,...,Seats held by women in national parliaments (%),...,...,27.4q,,,,,,,,,,,,,,,,,,,,,,,,,,,,,,,,,,,,,,,,,,,,,,,,,,,,,,,,
Intentional homicide rate (per 100 000 pop.),2.2,2.6p,...,Seats held by women in national parliaments (%),...,...,27.4q,,,,,,,,,,,,,,,,,,,,,,,,,,,,,,,,,,,,,,,,,,,,,,,,,,,,,,,,,,,,
Seats held by women in national parliaments (%),...,...,27.4q,,,,,,,,,,,,,,,,,,,,,,,,,,,,,,,,,,,,,,,,,,,,,,,,,,,,,,,,,,,,,,,,
