0,1,2,3,4,5,6,7,8,9,10,11,12,13,14,15,16,17,18,19,20,21,22,23,24,25,26,27,28,29,30,31,32,33,34,35,36,37,38,39
,2010,2015,2021,,,,,,,,,,,,,,,,,,,,,,,,,,,,,,,,,,,,
Individuals using the Internete (per 100 inhabitants),13,45.8,50.3m,Research & Development expenditure (% of GDP),0.6q,...,...,Threatened species (number),204,231,459,Forested area (% of land area),91.8,91.6,91.4k,CO2 emission estimates (million tons/tons per capita),2.7 /        1.6,3.3 /        1.7,2.5 /        1.2k,"Energy production, primary (Petajoules)",589,561e,"476e,k",Energy supply per capita (Gigajoules),57,57,50k,Tourist/visitor arrivals at national borders (000),"269r,s",...,...,Important sites for terrestrial biodiversity protected (%),59.9,59.9,60.4d,Net Official Development Assist. received (% of GNI),0.85,0.75,0.75b
Research & Development expenditure (% of GDP),0.6q,...,...,Threatened species (number),204,231,459,Forested area (% of land area),91.8,91.6,91.4k,CO2 emission estimates (million tons/tons per capita),2.7 /        1.6,3.3 /        1.7,2.5 /        1.2k,"Energy production, primary (Petajoules)",589,561e,"476e,k",Energy supply per capita (Gigajoules),57,57,50k,Tourist/visitor arrivals at national borders (000),"269r,s",...,...,Important sites for terrestrial biodiversity protected (%),59.9,59.9,60.4d,Net Official Development Assist. received (% of GNI),0.85,0.75,0.75b,,,,
Threatened species (number),204,231,459,Forested area (% of land area),91.8,91.6,91.4k,CO2 emission estimates (million tons/tons per capita),2.7 /        1.6,3.3 /        1.7,2.5 /        1.2k,"Energy production, primary (Petajoules)",589,561e,"476e,k",Energy supply per capita (Gigajoules),57,57,50k,Tourist/visitor arrivals at national borders (000),"269r,s",...,...,Important sites for terrestrial biodiversity protected (%),59.9,59.9,60.4d,Net Official Development Assist. received (% of GNI),0.85,0.75,0.75b,,,,,,,,
Forested area (% of land area),91.8,91.6,91.4k,CO2 emission estimates (million tons/tons per capita),2.7 /        1.6,3.3 /        1.7,2.5 /        1.2k,"Energy production, primary (Petajoules)",589,561e,"476e,k",Energy supply per capita (Gigajoules),57,57,50k,Tourist/visitor arrivals at national borders (000),"269r,s",...,...,Important sites for terrestrial biodiversity protected (%),59.9,59.9,60.4d,Net Official Development Assist. received (% of GNI),0.85,0.75,0.75b,,,,,,,,,,,,
CO2 emission estimates (million tons/tons per capita),2.7 /        1.6,3.3 /        1.7,2.5 /        1.2k,"Energy production, primary (Petajoules)",589,561e,"476e,k",Energy supply per capita (Gigajoules),57,57,50k,Tourist/visitor arrivals at national borders (000),"269r,s",...,...,Important sites for terrestrial biodiversity protected (%),59.9,59.9,60.4d,Net Official Development Assist. received (% of GNI),0.85,0.75,0.75b,,,,,,,,,,,,,,,,
"Energy production, primary (Petajoules)",589,561e,"476e,k",Energy supply per capita (Gigajoules),57,57,50k,Tourist/visitor arrivals at national borders (000),"269r,s",...,...,Important sites for terrestrial biodiversity protected (%),59.9,59.9,60.4d,Net Official Development Assist. received (% of GNI),0.85,0.75,0.75b,,,,,,,,,,,,,,,,,,,,
Energy supply per capita (Gigajoules),57,57,50k,Tourist/visitor arrivals at national borders (000),"269r,s",...,...,Important sites for terrestrial biodiversity protected (%),59.9,59.9,60.4d,Net Official Development Assist. received (% of GNI),0.85,0.75,0.75b,,,,,,,,,,,,,,,,,,,,,,,,
Tourist/visitor arrivals at national borders (000),"269r,s",...,...,Important sites for terrestrial biodiversity protected (%),59.9,59.9,60.4d,Net Official Development Assist. received (% of GNI),0.85,0.75,0.75b,,,,,,,,,,,,,,,,,,,,,,,,,,,,
Important sites for terrestrial biodiversity protected (%),59.9,59.9,60.4d,Net Official Development Assist. received (% of GNI),0.85,0.75,0.75b,,,,,,,,,,,,,,,,,,,,,,,,,,,,,,,,
Net Official Development Assist. received (% of GNI),0.85,0.75,0.75b,,,,,,,,,,,,,,,,,,,,,,,,,,,,,,,,,,,,
