0,1,2,3,4,5,6,7,8,9,10,11,12,13,14,15,16,17,18,19,20,21,22,23,24,25,26,27,28,29,30,31,32,33,34,35,36,37,38,39,40,41,42,43,44,45,46,47,48,49,50,51,52,53,54,55
,2010,2015,2021,,,,,,,,,,,,,,,,,,,,,,,,,,,,,,,,,,,,,,,,,,,,,,,,,,,,
Population growth rateg (average annual %),3.1,3.6,2.7d,Urban population (% of total population),85.5,88.1,89.7b,Urban population growth rateg (average annual %),3.9,3.9,...,"Fertility rate, totalg (live births per woman)",4.2,4.1,4d,"Life expectancy at birthg (females/males, years)",61.0 /       58.2,64.8 /       61.9,68.2 /       64.0d,"Population age distribution (0-14/60+ years old, %)",37.4 /        6.0,36.3 /        5.4,37.4 /        5.4a,"International migrant stockh,i (000/% of total pop.)",270.8 /       16.7,378.7 /       19.4,416.7 /       18.7d,Refugees and others of concern to UNHCR (000),13.2j,2.9,0.6d,Infant mortality rateg (per 1 000 live births),49.9,41.9,35.3d,Health: Current expenditure (% of GDP),2.5,2.7,2.7k,Health: Physicians (per 1 000 pop.),0.1l,...,0.7m,Education: Government expenditure (% of GDP),3.1,2.7n,...,Education: Primary gross enrol. ratio (f/m per 100 pop.),... / ...,137.7 /      142.1o,... / ...,Seats held by women in national parliaments (%),14.7,14.2,16.2p
Urban population (% of total population),85.5,88.1,89.7b,Urban population growth rateg (average annual %),3.9,3.9,...,"Fertility rate, totalg (live births per woman)",4.2,4.1,4d,"Life expectancy at birthg (females/males, years)",61.0 /       58.2,64.8 /       61.9,68.2 /       64.0d,"Population age distribution (0-14/60+ years old, %)",37.4 /        6.0,36.3 /        5.4,37.4 /        5.4a,"International migrant stockh,i (000/% of total pop.)",270.8 /       16.7,378.7 /       19.4,416.7 /       18.7d,Refugees and others of concern to UNHCR (000),13.2j,2.9,0.6d,Infant mortality rateg (per 1 000 live births),49.9,41.9,35.3d,Health: Current expenditure (% of GDP),2.5,2.7,2.7k,Health: Physicians (per 1 000 pop.),0.1l,...,0.7m,Education: Government expenditure (% of GDP),3.1,2.7n,...,Education: Primary gross enrol. ratio (f/m per 100 pop.),... / ...,137.7 /      142.1o,... / ...,Seats held by women in national parliaments (%),14.7,14.2,16.2p,,,,
Urban population growth rateg (average annual %),3.9,3.9,...,"Fertility rate, totalg (live births per woman)",4.2,4.1,4d,"Life expectancy at birthg (females/males, years)",61.0 /       58.2,64.8 /       61.9,68.2 /       64.0d,"Population age distribution (0-14/60+ years old, %)",37.4 /        6.0,36.3 /        5.4,37.4 /        5.4a,"International migrant stockh,i (000/% of total pop.)",270.8 /       16.7,378.7 /       19.4,416.7 /       18.7d,Refugees and others of concern to UNHCR (000),13.2j,2.9,0.6d,Infant mortality rateg (per 1 000 live births),49.9,41.9,35.3d,Health: Current expenditure (% of GDP),2.5,2.7,2.7k,Health: Physicians (per 1 000 pop.),0.1l,...,0.7m,Education: Government expenditure (% of GDP),3.1,2.7n,...,Education: Primary gross enrol. ratio (f/m per 100 pop.),... / ...,137.7 /      142.1o,... / ...,Seats held by women in national parliaments (%),14.7,14.2,16.2p,,,,,,,,
"Fertility rate, totalg (live births per woman)",4.2,4.1,4d,"Life expectancy at birthg (females/males, years)",61.0 /       58.2,64.8 /       61.9,68.2 /       64.0d,"Population age distribution (0-14/60+ years old, %)",37.4 /        6.0,36.3 /        5.4,37.4 /        5.4a,"International migrant stockh,i (000/% of total pop.)",270.8 /       16.7,378.7 /       19.4,416.7 /       18.7d,Refugees and others of concern to UNHCR (000),13.2j,2.9,0.6d,Infant mortality rateg (per 1 000 live births),49.9,41.9,35.3d,Health: Current expenditure (% of GDP),2.5,2.7,2.7k,Health: Physicians (per 1 000 pop.),0.1l,...,0.7m,Education: Government expenditure (% of GDP),3.1,2.7n,...,Education: Primary gross enrol. ratio (f/m per 100 pop.),... / ...,137.7 /      142.1o,... / ...,Seats held by women in national parliaments (%),14.7,14.2,16.2p,,,,,,,,,,,,
"Life expectancy at birthg (females/males, years)",61.0 /       58.2,64.8 /       61.9,68.2 /       64.0d,"Population age distribution (0-14/60+ years old, %)",37.4 /        6.0,36.3 /        5.4,37.4 /        5.4a,"International migrant stockh,i (000/% of total pop.)",270.8 /       16.7,378.7 /       19.4,416.7 /       18.7d,Refugees and others of concern to UNHCR (000),13.2j,2.9,0.6d,Infant mortality rateg (per 1 000 live births),49.9,41.9,35.3d,Health: Current expenditure (% of GDP),2.5,2.7,2.7k,Health: Physicians (per 1 000 pop.),0.1l,...,0.7m,Education: Government expenditure (% of GDP),3.1,2.7n,...,Education: Primary gross enrol. ratio (f/m per 100 pop.),... / ...,137.7 /      142.1o,... / ...,Seats held by women in national parliaments (%),14.7,14.2,16.2p,,,,,,,,,,,,,,,,
"Population age distribution (0-14/60+ years old, %)",37.4 /        6.0,36.3 /        5.4,37.4 /        5.4a,"International migrant stockh,i (000/% of total pop.)",270.8 /       16.7,378.7 /       19.4,416.7 /       18.7d,Refugees and others of concern to UNHCR (000),13.2j,2.9,0.6d,Infant mortality rateg (per 1 000 live births),49.9,41.9,35.3d,Health: Current expenditure (% of GDP),2.5,2.7,2.7k,Health: Physicians (per 1 000 pop.),0.1l,...,0.7m,Education: Government expenditure (% of GDP),3.1,2.7n,...,Education: Primary gross enrol. ratio (f/m per 100 pop.),... / ...,137.7 /      142.1o,... / ...,Seats held by women in national parliaments (%),14.7,14.2,16.2p,,,,,,,,,,,,,,,,,,,,
"International migrant stockh,i (000/% of total pop.)",270.8 /       16.7,378.7 /       19.4,416.7 /       18.7d,Refugees and others of concern to UNHCR (000),13.2j,2.9,0.6d,Infant mortality rateg (per 1 000 live births),49.9,41.9,35.3d,Health: Current expenditure (% of GDP),2.5,2.7,2.7k,Health: Physicians (per 1 000 pop.),0.1l,...,0.7m,Education: Government expenditure (% of GDP),3.1,2.7n,...,Education: Primary gross enrol. ratio (f/m per 100 pop.),... / ...,137.7 /      142.1o,... / ...,Seats held by women in national parliaments (%),14.7,14.2,16.2p,,,,,,,,,,,,,,,,,,,,,,,,
Refugees and others of concern to UNHCR (000),13.2j,2.9,0.6d,Infant mortality rateg (per 1 000 live births),49.9,41.9,35.3d,Health: Current expenditure (% of GDP),2.5,2.7,2.7k,Health: Physicians (per 1 000 pop.),0.1l,...,0.7m,Education: Government expenditure (% of GDP),3.1,2.7n,...,Education: Primary gross enrol. ratio (f/m per 100 pop.),... / ...,137.7 /      142.1o,... / ...,Seats held by women in national parliaments (%),14.7,14.2,16.2p,,,,,,,,,,,,,,,,,,,,,,,,,,,,
Infant mortality rateg (per 1 000 live births),49.9,41.9,35.3d,Health: Current expenditure (% of GDP),2.5,2.7,2.7k,Health: Physicians (per 1 000 pop.),0.1l,...,0.7m,Education: Government expenditure (% of GDP),3.1,2.7n,...,Education: Primary gross enrol. ratio (f/m per 100 pop.),... / ...,137.7 /      142.1o,... / ...,Seats held by women in national parliaments (%),14.7,14.2,16.2p,,,,,,,,,,,,,,,,,,,,,,,,,,,,,,,,
Health: Current expenditure (% of GDP),2.5,2.7,2.7k,Health: Physicians (per 1 000 pop.),0.1l,...,0.7m,Education: Government expenditure (% of GDP),3.1,2.7n,...,Education: Primary gross enrol. ratio (f/m per 100 pop.),... / ...,137.7 /      142.1o,... / ...,Seats held by women in national parliaments (%),14.7,14.2,16.2p,,,,,,,,,,,,,,,,,,,,,,,,,,,,,,,,,,,,
Health: Physicians (per 1 000 pop.),0.1l,...,0.7m,Education: Government expenditure (% of GDP),3.1,2.7n,...,Education: Primary gross enrol. ratio (f/m per 100 pop.),... / ...,137.7 /      142.1o,... / ...,Seats held by women in national parliaments (%),14.7,14.2,16.2p,,,,,,,,,,,,,,,,,,,,,,,,,,,,,,,,,,,,,,,,
Education: Government expenditure (% of GDP),3.1,2.7n,...,Education: Primary gross enrol. ratio (f/m per 100 pop.),... / ...,137.7 /      142.1o,... / ...,Seats held by women in national parliaments (%),14.7,14.2,16.2p,,,,,,,,,,,,,,,,,,,,,,,,,,,,,,,,,,,,,,,,,,,,
Education: Primary gross enrol. ratio (f/m per 100 pop.),... / ...,137.7 /      142.1o,... / ...,Seats held by women in national parliaments (%),14.7,14.2,16.2p,,,,,,,,,,,,,,,,,,,,,,,,,,,,,,,,,,,,,,,,,,,,,,,,
Seats held by women in national parliaments (%),14.7,14.2,16.2p,,,,,,,,,,,,,,,,,,,,,,,,,,,,,,,,,,,,,,,,,,,,,,,,,,,,
