0,1,2,3,4,5,6,7,8,9,10,11,12,13,14,15,16,17,18,19
,2010,2015,2021,,,,,,,,,,,,,,,,
"Population growth ratea,g (average annual %)",~0.0,~0.0,0.1f,Urban population (% of total population),100,100,100d,Urban population growth rateg (average annual %),-0.1,0.2,...,"International migrant stocka,h (000/% of total pop.)",0.8 /      100.0,0.8 /      100.0,0.8 /      100.0f,Intentional homicide rate (per 100 000 pop.),0,0,...
Urban population (% of total population),100,100,100d,Urban population growth rateg (average annual %),-0.1,0.2,...,"International migrant stocka,h (000/% of total pop.)",0.8 /      100.0,0.8 /      100.0,0.8 /      100.0f,Intentional homicide rate (per 100 000 pop.),0,0,...,,,,
Urban population growth rateg (average annual %),-0.1,0.2,...,"International migrant stocka,h (000/% of total pop.)",0.8 /      100.0,0.8 /      100.0,0.8 /      100.0f,Intentional homicide rate (per 100 000 pop.),0,0,...,,,,,,,,
"International migrant stocka,h (000/% of total pop.)",0.8 /      100.0,0.8 /      100.0,0.8 /      100.0f,Intentional homicide rate (per 100 000 pop.),0,0,...,,,,,,,,,,,,
Intentional homicide rate (per 100 000 pop.),0,0,...,,,,,,,,,,,,,,,,
