0,1,2,3,4,5,6,7,8,9,10,11,12,13,14,15,16,17,18,19,20,21,22,23,24,25,26,27,28,29,30,31,32,33,34,35,36,37,38,39,40,41,42,43,44,45,46,47,48,49,50,51,52,53,54,55,56,57,58,59,60,61,62,63,64,65,66,67
,2010,2015,2021,,,,,,,,,,,,,,,,,,,,,,,,,,,,,,,,,,,,,,,,,,,,,,,,,,,,,,,,,,,,,,,,
GDP: Gross domestic product (million current US$),53 160,71 155,88 941b,"GDP growth rate (annual %, const. 2015 prices)",8.3,6.9,5.1b,GDP per capita (current US$),5 483.1,6 920.6,8 282.1b,Economy: Agriculturee (% of Gross Value Added),6.5,5.9,5.6b,"Economy: Industryf,g (% of Gross Value Added)",29.9,30.6,31.4b,Economy: Services and other activityh (% of GVA),63.6,63.5,63b,Employment in agriculture (% of employed),12.4,10,"8.8i,d",Employment in industry (% of employed),18.5,18.5,"19.9i,d",Employment in services (% employed),69.1,71.5,"71.3i,d",Unemploymenti (% of labour force),5.2,7.6,5.9d,Labour force participation ratei (female/male pop. %),42.4 /       73.8,49.6 /       78.0,51.6 /       77.4d,CPI: Consumer Price Indexj (2010=100),100,122,141d,Agricultural production index (2014-2016=100),79,100,118b,International trade: exportsk (million current US$),4 767,8 384,"10 297i,d",International trade: importsk (million current US$),15 138,17 348,"17 046i,d",International trade: balancek (million current US$),- 10 371,- 8 964,"- 6 749i,d","Balance of payments, current account (million US$)",- 4 024,- 1 280,- 1 541d
"GDP growth rate (annual %, const. 2015 prices)",8.3,6.9,5.1b,GDP per capita (current US$),5 483.1,6 920.6,8 282.1b,Economy: Agriculturee (% of Gross Value Added),6.5,5.9,5.6b,"Economy: Industryf,g (% of Gross Value Added)",29.9,30.6,31.4b,Economy: Services and other activityh (% of GVA),63.6,63.5,63b,Employment in agriculture (% of employed),12.4,10,"8.8i,d",Employment in industry (% of employed),18.5,18.5,"19.9i,d",Employment in services (% employed),69.1,71.5,"71.3i,d",Unemploymenti (% of labour force),5.2,7.6,5.9d,Labour force participation ratei (female/male pop. %),42.4 /       73.8,49.6 /       78.0,51.6 /       77.4d,CPI: Consumer Price Indexj (2010=100),100,122,141d,Agricultural production index (2014-2016=100),79,100,118b,International trade: exportsk (million current US$),4 767,8 384,"10 297i,d",International trade: importsk (million current US$),15 138,17 348,"17 046i,d",International trade: balancek (million current US$),- 10 371,- 8 964,"- 6 749i,d","Balance of payments, current account (million US$)",- 4 024,- 1 280,- 1 541d,,,,
GDP per capita (current US$),5 483.1,6 920.6,8 282.1b,Economy: Agriculturee (% of Gross Value Added),6.5,5.9,5.6b,"Economy: Industryf,g (% of Gross Value Added)",29.9,30.6,31.4b,Economy: Services and other activityh (% of GVA),63.6,63.5,63b,Employment in agriculture (% of employed),12.4,10,"8.8i,d",Employment in industry (% of employed),18.5,18.5,"19.9i,d",Employment in services (% employed),69.1,71.5,"71.3i,d",Unemploymenti (% of labour force),5.2,7.6,5.9d,Labour force participation ratei (female/male pop. %),42.4 /       73.8,49.6 /       78.0,51.6 /       77.4d,CPI: Consumer Price Indexj (2010=100),100,122,141d,Agricultural production index (2014-2016=100),79,100,118b,International trade: exportsk (million current US$),4 767,8 384,"10 297i,d",International trade: importsk (million current US$),15 138,17 348,"17 046i,d",International trade: balancek (million current US$),- 10 371,- 8 964,"- 6 749i,d","Balance of payments, current account (million US$)",- 4 024,- 1 280,- 1 541d,,,,,,,,
Economy: Agriculturee (% of Gross Value Added),6.5,5.9,5.6b,"Economy: Industryf,g (% of Gross Value Added)",29.9,30.6,31.4b,Economy: Services and other activityh (% of GVA),63.6,63.5,63b,Employment in agriculture (% of employed),12.4,10,"8.8i,d",Employment in industry (% of employed),18.5,18.5,"19.9i,d",Employment in services (% employed),69.1,71.5,"71.3i,d",Unemploymenti (% of labour force),5.2,7.6,5.9d,Labour force participation ratei (female/male pop. %),42.4 /       73.8,49.6 /       78.0,51.6 /       77.4d,CPI: Consumer Price Indexj (2010=100),100,122,141d,Agricultural production index (2014-2016=100),79,100,118b,International trade: exportsk (million current US$),4 767,8 384,"10 297i,d",International trade: importsk (million current US$),15 138,17 348,"17 046i,d",International trade: balancek (million current US$),- 10 371,- 8 964,"- 6 749i,d","Balance of payments, current account (million US$)",- 4 024,- 1 280,- 1 541d,,,,,,,,,,,,
"Economy: Industryf,g (% of Gross Value Added)",29.9,30.6,31.4b,Economy: Services and other activityh (% of GVA),63.6,63.5,63b,Employment in agriculture (% of employed),12.4,10,"8.8i,d",Employment in industry (% of employed),18.5,18.5,"19.9i,d",Employment in services (% employed),69.1,71.5,"71.3i,d",Unemploymenti (% of labour force),5.2,7.6,5.9d,Labour force participation ratei (female/male pop. %),42.4 /       73.8,49.6 /       78.0,51.6 /       77.4d,CPI: Consumer Price Indexj (2010=100),100,122,141d,Agricultural production index (2014-2016=100),79,100,118b,International trade: exportsk (million current US$),4 767,8 384,"10 297i,d",International trade: importsk (million current US$),15 138,17 348,"17 046i,d",International trade: balancek (million current US$),- 10 371,- 8 964,"- 6 749i,d","Balance of payments, current account (million US$)",- 4 024,- 1 280,- 1 541d,,,,,,,,,,,,,,,,
Economy: Services and other activityh (% of GVA),63.6,63.5,63b,Employment in agriculture (% of employed),12.4,10,"8.8i,d",Employment in industry (% of employed),18.5,18.5,"19.9i,d",Employment in services (% employed),69.1,71.5,"71.3i,d",Unemploymenti (% of labour force),5.2,7.6,5.9d,Labour force participation ratei (female/male pop. %),42.4 /       73.8,49.6 /       78.0,51.6 /       77.4d,CPI: Consumer Price Indexj (2010=100),100,122,141d,Agricultural production index (2014-2016=100),79,100,118b,International trade: exportsk (million current US$),4 767,8 384,"10 297i,d",International trade: importsk (million current US$),15 138,17 348,"17 046i,d",International trade: balancek (million current US$),- 10 371,- 8 964,"- 6 749i,d","Balance of payments, current account (million US$)",- 4 024,- 1 280,- 1 541d,,,,,,,,,,,,,,,,,,,,
Employment in agriculture (% of employed),12.4,10,"8.8i,d",Employment in industry (% of employed),18.5,18.5,"19.9i,d",Employment in services (% employed),69.1,71.5,"71.3i,d",Unemploymenti (% of labour force),5.2,7.6,5.9d,Labour force participation ratei (female/male pop. %),42.4 /       73.8,49.6 /       78.0,51.6 /       77.4d,CPI: Consumer Price Indexj (2010=100),100,122,141d,Agricultural production index (2014-2016=100),79,100,118b,International trade: exportsk (million current US$),4 767,8 384,"10 297i,d",International trade: importsk (million current US$),15 138,17 348,"17 046i,d",International trade: balancek (million current US$),- 10 371,- 8 964,"- 6 749i,d","Balance of payments, current account (million US$)",- 4 024,- 1 280,- 1 541d,,,,,,,,,,,,,,,,,,,,,,,,
Employment in industry (% of employed),18.5,18.5,"19.9i,d",Employment in services (% employed),69.1,71.5,"71.3i,d",Unemploymenti (% of labour force),5.2,7.6,5.9d,Labour force participation ratei (female/male pop. %),42.4 /       73.8,49.6 /       78.0,51.6 /       77.4d,CPI: Consumer Price Indexj (2010=100),100,122,141d,Agricultural production index (2014-2016=100),79,100,118b,International trade: exportsk (million current US$),4 767,8 384,"10 297i,d",International trade: importsk (million current US$),15 138,17 348,"17 046i,d",International trade: balancek (million current US$),- 10 371,- 8 964,"- 6 749i,d","Balance of payments, current account (million US$)",- 4 024,- 1 280,- 1 541d,,,,,,,,,,,,,,,,,,,,,,,,,,,,
Employment in services (% employed),69.1,71.5,"71.3i,d",Unemploymenti (% of labour force),5.2,7.6,5.9d,Labour force participation ratei (female/male pop. %),42.4 /       73.8,49.6 /       78.0,51.6 /       77.4d,CPI: Consumer Price Indexj (2010=100),100,122,141d,Agricultural production index (2014-2016=100),79,100,118b,International trade: exportsk (million current US$),4 767,8 384,"10 297i,d",International trade: importsk (million current US$),15 138,17 348,"17 046i,d",International trade: balancek (million current US$),- 10 371,- 8 964,"- 6 749i,d","Balance of payments, current account (million US$)",- 4 024,- 1 280,- 1 541d,,,,,,,,,,,,,,,,,,,,,,,,,,,,,,,,
Unemploymenti (% of labour force),5.2,7.6,5.9d,Labour force participation ratei (female/male pop. %),42.4 /       73.8,49.6 /       78.0,51.6 /       77.4d,CPI: Consumer Price Indexj (2010=100),100,122,141d,Agricultural production index (2014-2016=100),79,100,118b,International trade: exportsk (million current US$),4 767,8 384,"10 297i,d",International trade: importsk (million current US$),15 138,17 348,"17 046i,d",International trade: balancek (million current US$),- 10 371,- 8 964,"- 6 749i,d","Balance of payments, current account (million US$)",- 4 024,- 1 280,- 1 541d,,,,,,,,,,,,,,,,,,,,,,,,,,,,,,,,,,,,
Labour force participation ratei (female/male pop. %),42.4 /       73.8,49.6 /       78.0,51.6 /       77.4d,CPI: Consumer Price Indexj (2010=100),100,122,141d,Agricultural production index (2014-2016=100),79,100,118b,International trade: exportsk (million current US$),4 767,8 384,"10 297i,d",International trade: importsk (million current US$),15 138,17 348,"17 046i,d",International trade: balancek (million current US$),- 10 371,- 8 964,"- 6 749i,d","Balance of payments, current account (million US$)",- 4 024,- 1 280,- 1 541d,,,,,,,,,,,,,,,,,,,,,,,,,,,,,,,,,,,,,,,,
CPI: Consumer Price Indexj (2010=100),100,122,141d,Agricultural production index (2014-2016=100),79,100,118b,International trade: exportsk (million current US$),4 767,8 384,"10 297i,d",International trade: importsk (million current US$),15 138,17 348,"17 046i,d",International trade: balancek (million current US$),- 10 371,- 8 964,"- 6 749i,d","Balance of payments, current account (million US$)",- 4 024,- 1 280,- 1 541d,,,,,,,,,,,,,,,,,,,,,,,,,,,,,,,,,,,,,,,,,,,,
Agricultural production index (2014-2016=100),79,100,118b,International trade: exportsk (million current US$),4 767,8 384,"10 297i,d",International trade: importsk (million current US$),15 138,17 348,"17 046i,d",International trade: balancek (million current US$),- 10 371,- 8 964,"- 6 749i,d","Balance of payments, current account (million US$)",- 4 024,- 1 280,- 1 541d,,,,,,,,,,,,,,,,,,,,,,,,,,,,,,,,,,,,,,,,,,,,,,,,
International trade: exportsk (million current US$),4 767,8 384,"10 297i,d",International trade: importsk (million current US$),15 138,17 348,"17 046i,d",International trade: balancek (million current US$),- 10 371,- 8 964,"- 6 749i,d","Balance of payments, current account (million US$)",- 4 024,- 1 280,- 1 541d,,,,,,,,,,,,,,,,,,,,,,,,,,,,,,,,,,,,,,,,,,,,,,,,,,,,
International trade: importsk (million current US$),15 138,17 348,"17 046i,d",International trade: balancek (million current US$),- 10 371,- 8 964,"- 6 749i,d","Balance of payments, current account (million US$)",- 4 024,- 1 280,- 1 541d,,,,,,,,,,,,,,,,,,,,,,,,,,,,,,,,,,,,,,,,,,,,,,,,,,,,,,,,
International trade: balancek (million current US$),- 10 371,- 8 964,"- 6 749i,d","Balance of payments, current account (million US$)",- 4 024,- 1 280,- 1 541d,,,,,,,,,,,,,,,,,,,,,,,,,,,,,,,,,,,,,,,,,,,,,,,,,,,,,,,,,,,,
"Balance of payments, current account (million US$)",- 4 024,- 1 280,- 1 541d,,,,,,,,,,,,,,,,,,,,,,,,,,,,,,,,,,,,,,,,,,,,,,,,,,,,,,,,,,,,,,,,
