0,1,2,3,4,5,6,7,8,9,10,11,12,13,14,15,16,17,18,19,20,21,22,23,24,25,26,27,28,29,30,31,32,33,34,35
,2010,2015,2021,,,,,,,,,,,,,,,,,,,,,,,,,,,,,,,,
Individuals using the Internet (per 100 inhabitants),31.4i,54.2v,74.8p,Threatened species (number),126,153,251,Forested area (% of land area),42.9,43.5i,"44i,p",CO2 emission estimates (million tons/tons per capita),19.0 /        2.0,21.5 /        2.1,23.2 /        2.2p,"Energy production, primary (Petajoules)",28,23i,"32i,p",Energy supply per capita (Gigajoules),31,32,34p,Tourist/visitor arrivals at national bordersw (000),4 125,5 600,6 446b,Important sites for terrestrial biodiversity protected (%),74.1,76.9,76.9d,Net Official Development Assist. received (% of GNI),0.37,0.41,0.15b
Threatened species (number),126,153,251,Forested area (% of land area),42.9,43.5i,"44i,p",CO2 emission estimates (million tons/tons per capita),19.0 /        2.0,21.5 /        2.1,23.2 /        2.2p,"Energy production, primary (Petajoules)",28,23i,"32i,p",Energy supply per capita (Gigajoules),31,32,34p,Tourist/visitor arrivals at national bordersw (000),4 125,5 600,6 446b,Important sites for terrestrial biodiversity protected (%),74.1,76.9,76.9d,Net Official Development Assist. received (% of GNI),0.37,0.41,0.15b,,,,
Forested area (% of land area),42.9,43.5i,"44i,p",CO2 emission estimates (million tons/tons per capita),19.0 /        2.0,21.5 /        2.1,23.2 /        2.2p,"Energy production, primary (Petajoules)",28,23i,"32i,p",Energy supply per capita (Gigajoules),31,32,34p,Tourist/visitor arrivals at national bordersw (000),4 125,5 600,6 446b,Important sites for terrestrial biodiversity protected (%),74.1,76.9,76.9d,Net Official Development Assist. received (% of GNI),0.37,0.41,0.15b,,,,,,,,
CO2 emission estimates (million tons/tons per capita),19.0 /        2.0,21.5 /        2.1,23.2 /        2.2p,"Energy production, primary (Petajoules)",28,23i,"32i,p",Energy supply per capita (Gigajoules),31,32,34p,Tourist/visitor arrivals at national bordersw (000),4 125,5 600,6 446b,Important sites for terrestrial biodiversity protected (%),74.1,76.9,76.9d,Net Official Development Assist. received (% of GNI),0.37,0.41,0.15b,,,,,,,,,,,,
"Energy production, primary (Petajoules)",28,23i,"32i,p",Energy supply per capita (Gigajoules),31,32,34p,Tourist/visitor arrivals at national bordersw (000),4 125,5 600,6 446b,Important sites for terrestrial biodiversity protected (%),74.1,76.9,76.9d,Net Official Development Assist. received (% of GNI),0.37,0.41,0.15b,,,,,,,,,,,,,,,,
Energy supply per capita (Gigajoules),31,32,34p,Tourist/visitor arrivals at national bordersw (000),4 125,5 600,6 446b,Important sites for terrestrial biodiversity protected (%),74.1,76.9,76.9d,Net Official Development Assist. received (% of GNI),0.37,0.41,0.15b,,,,,,,,,,,,,,,,,,,,
Tourist/visitor arrivals at national bordersw (000),4 125,5 600,6 446b,Important sites for terrestrial biodiversity protected (%),74.1,76.9,76.9d,Net Official Development Assist. received (% of GNI),0.37,0.41,0.15b,,,,,,,,,,,,,,,,,,,,,,,,
Important sites for terrestrial biodiversity protected (%),74.1,76.9,76.9d,Net Official Development Assist. received (% of GNI),0.37,0.41,0.15b,,,,,,,,,,,,,,,,,,,,,,,,,,,,
Net Official Development Assist. received (% of GNI),0.37,0.41,0.15b,,,,,,,,,,,,,,,,,,,,,,,,,,,,,,,,
