0,1,2,3,4,5,6,7,8,9,10,11,12,13,14,15,16,17,18,19,20,21,22,23,24,25,26,27,28,29,30,31,32,33,34,35,36,37,38,39,40,41,42,43,44,45,46,47,48,49,50,51,52,53,54,55,56,57,58,59,60,61,62,63,64,65,66,67
,2010,2015,2021,,,,,,,,,,,,,,,,,,,,,,,,,,,,,,,,,,,,,,,,,,,,,,,,,,,,,,,,,,,,,,,,
GDP: Gross domestic product (million current US$),15 839,20 980,25 095b,"GDP growth rate (annual %, const. 2015 prices)",3.7,3.8,2.7b,GDP per capita (current US$),1 904.3,2 302.2,2 574.9b,Economy: Agriculture (% of Gross Value Added),11.9,12.6,11.2b,Economy: Industry (% of Gross Value Added),26.2,26.5,28.6b,Economy: Services and other activity (% of GVA),62,60.8,60.2b,Employment in agriculture (% of employed),36.5,28.7,"30.1d,c",Employment in industry (% of employed),19.1,21.8,"19.7d,c",Employment in services (% employed),44.5,49.5,"50.2d,c",Unemploymentd (% of labour force),4.1,6.2,5.2c,Labour force participation rated (female/male pop. %),44.5 /       84.8,48.3 /       85.3,52.1 /       85.8c,CPI: Consumer Price Indexd (2010=100),100,129,156c,Agricultural production index (2014-2016=100),94,100,116b,International trade: exports (million current US$),3 104,4 201,"3 110d,c",International trade: imports (million current US$),6 895,8 381,"7 921d,c",International trade: balance (million current US$),- 3 791,- 4 179,"- 4 811d,c","Balance of payments, current account (million US$)",-804,-980,694c
"GDP growth rate (annual %, const. 2015 prices)",3.7,3.8,2.7b,GDP per capita (current US$),1 904.3,2 302.2,2 574.9b,Economy: Agriculture (% of Gross Value Added),11.9,12.6,11.2b,Economy: Industry (% of Gross Value Added),26.2,26.5,28.6b,Economy: Services and other activity (% of GVA),62,60.8,60.2b,Employment in agriculture (% of employed),36.5,28.7,"30.1d,c",Employment in industry (% of employed),19.1,21.8,"19.7d,c",Employment in services (% employed),44.5,49.5,"50.2d,c",Unemploymentd (% of labour force),4.1,6.2,5.2c,Labour force participation rated (female/male pop. %),44.5 /       84.8,48.3 /       85.3,52.1 /       85.8c,CPI: Consumer Price Indexd (2010=100),100,129,156c,Agricultural production index (2014-2016=100),94,100,116b,International trade: exports (million current US$),3 104,4 201,"3 110d,c",International trade: imports (million current US$),6 895,8 381,"7 921d,c",International trade: balance (million current US$),- 3 791,- 4 179,"- 4 811d,c","Balance of payments, current account (million US$)",-804,-980,694c,,,,
GDP per capita (current US$),1 904.3,2 302.2,2 574.9b,Economy: Agriculture (% of Gross Value Added),11.9,12.6,11.2b,Economy: Industry (% of Gross Value Added),26.2,26.5,28.6b,Economy: Services and other activity (% of GVA),62,60.8,60.2b,Employment in agriculture (% of employed),36.5,28.7,"30.1d,c",Employment in industry (% of employed),19.1,21.8,"19.7d,c",Employment in services (% employed),44.5,49.5,"50.2d,c",Unemploymentd (% of labour force),4.1,6.2,5.2c,Labour force participation rated (female/male pop. %),44.5 /       84.8,48.3 /       85.3,52.1 /       85.8c,CPI: Consumer Price Indexd (2010=100),100,129,156c,Agricultural production index (2014-2016=100),94,100,116b,International trade: exports (million current US$),3 104,4 201,"3 110d,c",International trade: imports (million current US$),6 895,8 381,"7 921d,c",International trade: balance (million current US$),- 3 791,- 4 179,"- 4 811d,c","Balance of payments, current account (million US$)",-804,-980,694c,,,,,,,,
Economy: Agriculture (% of Gross Value Added),11.9,12.6,11.2b,Economy: Industry (% of Gross Value Added),26.2,26.5,28.6b,Economy: Services and other activity (% of GVA),62,60.8,60.2b,Employment in agriculture (% of employed),36.5,28.7,"30.1d,c",Employment in industry (% of employed),19.1,21.8,"19.7d,c",Employment in services (% employed),44.5,49.5,"50.2d,c",Unemploymentd (% of labour force),4.1,6.2,5.2c,Labour force participation rated (female/male pop. %),44.5 /       84.8,48.3 /       85.3,52.1 /       85.8c,CPI: Consumer Price Indexd (2010=100),100,129,156c,Agricultural production index (2014-2016=100),94,100,116b,International trade: exports (million current US$),3 104,4 201,"3 110d,c",International trade: imports (million current US$),6 895,8 381,"7 921d,c",International trade: balance (million current US$),- 3 791,- 4 179,"- 4 811d,c","Balance of payments, current account (million US$)",-804,-980,694c,,,,,,,,,,,,
Economy: Industry (% of Gross Value Added),26.2,26.5,28.6b,Economy: Services and other activity (% of GVA),62,60.8,60.2b,Employment in agriculture (% of employed),36.5,28.7,"30.1d,c",Employment in industry (% of employed),19.1,21.8,"19.7d,c",Employment in services (% employed),44.5,49.5,"50.2d,c",Unemploymentd (% of labour force),4.1,6.2,5.2c,Labour force participation rated (female/male pop. %),44.5 /       84.8,48.3 /       85.3,52.1 /       85.8c,CPI: Consumer Price Indexd (2010=100),100,129,156c,Agricultural production index (2014-2016=100),94,100,116b,International trade: exports (million current US$),3 104,4 201,"3 110d,c",International trade: imports (million current US$),6 895,8 381,"7 921d,c",International trade: balance (million current US$),- 3 791,- 4 179,"- 4 811d,c","Balance of payments, current account (million US$)",-804,-980,694c,,,,,,,,,,,,,,,,
Economy: Services and other activity (% of GVA),62,60.8,60.2b,Employment in agriculture (% of employed),36.5,28.7,"30.1d,c",Employment in industry (% of employed),19.1,21.8,"19.7d,c",Employment in services (% employed),44.5,49.5,"50.2d,c",Unemploymentd (% of labour force),4.1,6.2,5.2c,Labour force participation rated (female/male pop. %),44.5 /       84.8,48.3 /       85.3,52.1 /       85.8c,CPI: Consumer Price Indexd (2010=100),100,129,156c,Agricultural production index (2014-2016=100),94,100,116b,International trade: exports (million current US$),3 104,4 201,"3 110d,c",International trade: imports (million current US$),6 895,8 381,"7 921d,c",International trade: balance (million current US$),- 3 791,- 4 179,"- 4 811d,c","Balance of payments, current account (million US$)",-804,-980,694c,,,,,,,,,,,,,,,,,,,,
Employment in agriculture (% of employed),36.5,28.7,"30.1d,c",Employment in industry (% of employed),19.1,21.8,"19.7d,c",Employment in services (% employed),44.5,49.5,"50.2d,c",Unemploymentd (% of labour force),4.1,6.2,5.2c,Labour force participation rated (female/male pop. %),44.5 /       84.8,48.3 /       85.3,52.1 /       85.8c,CPI: Consumer Price Indexd (2010=100),100,129,156c,Agricultural production index (2014-2016=100),94,100,116b,International trade: exports (million current US$),3 104,4 201,"3 110d,c",International trade: imports (million current US$),6 895,8 381,"7 921d,c",International trade: balance (million current US$),- 3 791,- 4 179,"- 4 811d,c","Balance of payments, current account (million US$)",-804,-980,694c,,,,,,,,,,,,,,,,,,,,,,,,
Employment in industry (% of employed),19.1,21.8,"19.7d,c",Employment in services (% employed),44.5,49.5,"50.2d,c",Unemploymentd (% of labour force),4.1,6.2,5.2c,Labour force participation rated (female/male pop. %),44.5 /       84.8,48.3 /       85.3,52.1 /       85.8c,CPI: Consumer Price Indexd (2010=100),100,129,156c,Agricultural production index (2014-2016=100),94,100,116b,International trade: exports (million current US$),3 104,4 201,"3 110d,c",International trade: imports (million current US$),6 895,8 381,"7 921d,c",International trade: balance (million current US$),- 3 791,- 4 179,"- 4 811d,c","Balance of payments, current account (million US$)",-804,-980,694c,,,,,,,,,,,,,,,,,,,,,,,,,,,,
Employment in services (% employed),44.5,49.5,"50.2d,c",Unemploymentd (% of labour force),4.1,6.2,5.2c,Labour force participation rated (female/male pop. %),44.5 /       84.8,48.3 /       85.3,52.1 /       85.8c,CPI: Consumer Price Indexd (2010=100),100,129,156c,Agricultural production index (2014-2016=100),94,100,116b,International trade: exports (million current US$),3 104,4 201,"3 110d,c",International trade: imports (million current US$),6 895,8 381,"7 921d,c",International trade: balance (million current US$),- 3 791,- 4 179,"- 4 811d,c","Balance of payments, current account (million US$)",-804,-980,694c,,,,,,,,,,,,,,,,,,,,,,,,,,,,,,,,
Unemploymentd (% of labour force),4.1,6.2,5.2c,Labour force participation rated (female/male pop. %),44.5 /       84.8,48.3 /       85.3,52.1 /       85.8c,CPI: Consumer Price Indexd (2010=100),100,129,156c,Agricultural production index (2014-2016=100),94,100,116b,International trade: exports (million current US$),3 104,4 201,"3 110d,c",International trade: imports (million current US$),6 895,8 381,"7 921d,c",International trade: balance (million current US$),- 3 791,- 4 179,"- 4 811d,c","Balance of payments, current account (million US$)",-804,-980,694c,,,,,,,,,,,,,,,,,,,,,,,,,,,,,,,,,,,,
Labour force participation rated (female/male pop. %),44.5 /       84.8,48.3 /       85.3,52.1 /       85.8c,CPI: Consumer Price Indexd (2010=100),100,129,156c,Agricultural production index (2014-2016=100),94,100,116b,International trade: exports (million current US$),3 104,4 201,"3 110d,c",International trade: imports (million current US$),6 895,8 381,"7 921d,c",International trade: balance (million current US$),- 3 791,- 4 179,"- 4 811d,c","Balance of payments, current account (million US$)",-804,-980,694c,,,,,,,,,,,,,,,,,,,,,,,,,,,,,,,,,,,,,,,,
CPI: Consumer Price Indexd (2010=100),100,129,156c,Agricultural production index (2014-2016=100),94,100,116b,International trade: exports (million current US$),3 104,4 201,"3 110d,c",International trade: imports (million current US$),6 895,8 381,"7 921d,c",International trade: balance (million current US$),- 3 791,- 4 179,"- 4 811d,c","Balance of payments, current account (million US$)",-804,-980,694c,,,,,,,,,,,,,,,,,,,,,,,,,,,,,,,,,,,,,,,,,,,,
Agricultural production index (2014-2016=100),94,100,116b,International trade: exports (million current US$),3 104,4 201,"3 110d,c",International trade: imports (million current US$),6 895,8 381,"7 921d,c",International trade: balance (million current US$),- 3 791,- 4 179,"- 4 811d,c","Balance of payments, current account (million US$)",-804,-980,694c,,,,,,,,,,,,,,,,,,,,,,,,,,,,,,,,,,,,,,,,,,,,,,,,
International trade: exports (million current US$),3 104,4 201,"3 110d,c",International trade: imports (million current US$),6 895,8 381,"7 921d,c",International trade: balance (million current US$),- 3 791,- 4 179,"- 4 811d,c","Balance of payments, current account (million US$)",-804,-980,694c,,,,,,,,,,,,,,,,,,,,,,,,,,,,,,,,,,,,,,,,,,,,,,,,,,,,
International trade: imports (million current US$),6 895,8 381,"7 921d,c",International trade: balance (million current US$),- 3 791,- 4 179,"- 4 811d,c","Balance of payments, current account (million US$)",-804,-980,694c,,,,,,,,,,,,,,,,,,,,,,,,,,,,,,,,,,,,,,,,,,,,,,,,,,,,,,,,
International trade: balance (million current US$),- 3 791,- 4 179,"- 4 811d,c","Balance of payments, current account (million US$)",-804,-980,694c,,,,,,,,,,,,,,,,,,,,,,,,,,,,,,,,,,,,,,,,,,,,,,,,,,,,,,,,,,,,
"Balance of payments, current account (million US$)",-804,-980,694c,,,,,,,,,,,,,,,,,,,,,,,,,,,,,,,,,,,,,,,,,,,,,,,,,,,,,,,,,,,,,,,,
