0,1,2,3,4,5,6,7,8,9,10,11,12,13,14,15,16,17,18,19,20,21,22,23,24,25,26,27,28,29,30,31,32,33,34,35,36,37,38,39,40,41,42,43,44,45,46,47
,2010,2015,2021,,,,,,,,,,,,,,,,,,,,,,,,,,,,,,,,,,,,,,,,,,,,
Individuals using the Internet (per 100 inhabitants),11.1,"27.1d,l","32.1d,j",Research & Development expenditure (% of GDP),...,"~0.0m,n",~0.0j,Threatened species (number),240,294,409,Forested aread (% of land area),58.8,57.8,57.2i,CO2 emission estimates (million tons/tons per capita),7.6 /        0.9,9.2 /        1.0,9.1 /        1.0i,"Energy production, primary (Petajoules)",99,117,130i,Energy supply per capita (Gigajoules),24,26,27i,Tourist/visitor arrivals at national borders (000),863,880,865i,Important sites for terrestrial biodiversity protected (%),72.1,72.1,72.3c,"Pop. using safely managed drinking water (urban/rural, %)",... /       17.3,... /       18.0,... /       18.7c,Pop. using safely managed sanitation (urban/rural %),34.0 /       58.3,34.5 /       64.0,34.7 /       70.6c,Net Official Development Assist. received (% of GNI),3.14,2.77,1.95b
Research & Development expenditure (% of GDP),...,"~0.0m,n",~0.0j,Threatened species (number),240,294,409,Forested aread (% of land area),58.8,57.8,57.2i,CO2 emission estimates (million tons/tons per capita),7.6 /        0.9,9.2 /        1.0,9.1 /        1.0i,"Energy production, primary (Petajoules)",99,117,130i,Energy supply per capita (Gigajoules),24,26,27i,Tourist/visitor arrivals at national borders (000),863,880,865i,Important sites for terrestrial biodiversity protected (%),72.1,72.1,72.3c,"Pop. using safely managed drinking water (urban/rural, %)",... /       17.3,... /       18.0,... /       18.7c,Pop. using safely managed sanitation (urban/rural %),34.0 /       58.3,34.5 /       64.0,34.7 /       70.6c,Net Official Development Assist. received (% of GNI),3.14,2.77,1.95b,,,,
Threatened species (number),240,294,409,Forested aread (% of land area),58.8,57.8,57.2i,CO2 emission estimates (million tons/tons per capita),7.6 /        0.9,9.2 /        1.0,9.1 /        1.0i,"Energy production, primary (Petajoules)",99,117,130i,Energy supply per capita (Gigajoules),24,26,27i,Tourist/visitor arrivals at national borders (000),863,880,865i,Important sites for terrestrial biodiversity protected (%),72.1,72.1,72.3c,"Pop. using safely managed drinking water (urban/rural, %)",... /       17.3,... /       18.0,... /       18.7c,Pop. using safely managed sanitation (urban/rural %),34.0 /       58.3,34.5 /       64.0,34.7 /       70.6c,Net Official Development Assist. received (% of GNI),3.14,2.77,1.95b,,,,,,,,
Forested aread (% of land area),58.8,57.8,57.2i,CO2 emission estimates (million tons/tons per capita),7.6 /        0.9,9.2 /        1.0,9.1 /        1.0i,"Energy production, primary (Petajoules)",99,117,130i,Energy supply per capita (Gigajoules),24,26,27i,Tourist/visitor arrivals at national borders (000),863,880,865i,Important sites for terrestrial biodiversity protected (%),72.1,72.1,72.3c,"Pop. using safely managed drinking water (urban/rural, %)",... /       17.3,... /       18.0,... /       18.7c,Pop. using safely managed sanitation (urban/rural %),34.0 /       58.3,34.5 /       64.0,34.7 /       70.6c,Net Official Development Assist. received (% of GNI),3.14,2.77,1.95b,,,,,,,,,,,,
CO2 emission estimates (million tons/tons per capita),7.6 /        0.9,9.2 /        1.0,9.1 /        1.0i,"Energy production, primary (Petajoules)",99,117,130i,Energy supply per capita (Gigajoules),24,26,27i,Tourist/visitor arrivals at national borders (000),863,880,865i,Important sites for terrestrial biodiversity protected (%),72.1,72.1,72.3c,"Pop. using safely managed drinking water (urban/rural, %)",... /       17.3,... /       18.0,... /       18.7c,Pop. using safely managed sanitation (urban/rural %),34.0 /       58.3,34.5 /       64.0,34.7 /       70.6c,Net Official Development Assist. received (% of GNI),3.14,2.77,1.95b,,,,,,,,,,,,,,,,
"Energy production, primary (Petajoules)",99,117,130i,Energy supply per capita (Gigajoules),24,26,27i,Tourist/visitor arrivals at national borders (000),863,880,865i,Important sites for terrestrial biodiversity protected (%),72.1,72.1,72.3c,"Pop. using safely managed drinking water (urban/rural, %)",... /       17.3,... /       18.0,... /       18.7c,Pop. using safely managed sanitation (urban/rural %),34.0 /       58.3,34.5 /       64.0,34.7 /       70.6c,Net Official Development Assist. received (% of GNI),3.14,2.77,1.95b,,,,,,,,,,,,,,,,,,,,
Energy supply per capita (Gigajoules),24,26,27i,Tourist/visitor arrivals at national borders (000),863,880,865i,Important sites for terrestrial biodiversity protected (%),72.1,72.1,72.3c,"Pop. using safely managed drinking water (urban/rural, %)",... /       17.3,... /       18.0,... /       18.7c,Pop. using safely managed sanitation (urban/rural %),34.0 /       58.3,34.5 /       64.0,34.7 /       70.6c,Net Official Development Assist. received (% of GNI),3.14,2.77,1.95b,,,,,,,,,,,,,,,,,,,,,,,,
Tourist/visitor arrivals at national borders (000),863,880,865i,Important sites for terrestrial biodiversity protected (%),72.1,72.1,72.3c,"Pop. using safely managed drinking water (urban/rural, %)",... /       17.3,... /       18.0,... /       18.7c,Pop. using safely managed sanitation (urban/rural %),34.0 /       58.3,34.5 /       64.0,34.7 /       70.6c,Net Official Development Assist. received (% of GNI),3.14,2.77,1.95b,,,,,,,,,,,,,,,,,,,,,,,,,,,,
Important sites for terrestrial biodiversity protected (%),72.1,72.1,72.3c,"Pop. using safely managed drinking water (urban/rural, %)",... /       17.3,... /       18.0,... /       18.7c,Pop. using safely managed sanitation (urban/rural %),34.0 /       58.3,34.5 /       64.0,34.7 /       70.6c,Net Official Development Assist. received (% of GNI),3.14,2.77,1.95b,,,,,,,,,,,,,,,,,,,,,,,,,,,,,,,,
"Pop. using safely managed drinking water (urban/rural, %)",... /       17.3,... /       18.0,... /       18.7c,Pop. using safely managed sanitation (urban/rural %),34.0 /       58.3,34.5 /       64.0,34.7 /       70.6c,Net Official Development Assist. received (% of GNI),3.14,2.77,1.95b,,,,,,,,,,,,,,,,,,,,,,,,,,,,,,,,,,,,
Pop. using safely managed sanitation (urban/rural %),34.0 /       58.3,34.5 /       64.0,34.7 /       70.6c,Net Official Development Assist. received (% of GNI),3.14,2.77,1.95b,,,,,,,,,,,,,,,,,,,,,,,,,,,,,,,,,,,,,,,,
Net Official Development Assist. received (% of GNI),3.14,2.77,1.95b,,,,,,,,,,,,,,,,,,,,,,,,,,,,,,,,,,,,,,,,,,,,
