0,1,2,3,4,5,6,7,8,9,10,11,12,13,14,15,16,17,18,19,20,21,22,23,24,25,26,27,28,29,30,31,32,33,34,35,36,37,38,39,40,41,42,43,44,45,46,47,48,49,50,51,52,53,54,55,56,57,58,59,60,61,62,63,64,65,66,67
,2010,2015,2021,,,,,,,,,,,,,,,,,,,,,,,,,,,,,,,,,,,,,,,,,,,,,,,,,,,,,,,,,,,,,,,,
Population growth ratef (average annual %),2.2,1.8,1.7c,Urban population (% of total population),51.9,55.2,57.7b,Urban population growth ratef (average annual %),3.4,3,...,"Fertility rate, totalf (live births per woman)",3.2,2.7,2.5c,"Life expectancy at birthf (females/males, years)",75.0 /       70.3,76.3 /       71.6,77.3 /       72.7c,"Population age distribution (0-14/60+ years old, %)",37.6 /        5.8,33.7 /        6.5,30.1 /        7.6a,International migrant stockg (000/% of total pop.),27.3 /        0.3,38.3 /        0.4,39.2 /        0.4c,Refugees and others of concern to UNHCR (000),~0.0h,~0.0,249.2c,Infant mortality ratef (per 1 000 live births),23.3,18.4,15c,Health: Current expenditure (% of GDP),8.7,7.5,7i,Health: Physicians (per 1 000 pop.),0.3,...,0.3j,Education: Government expenditure (% of GDP),...,6.4,6.1i,Education: Primary gross enrol. ratio (f/m per 100 pop.),100.7 /      100.6,92.5 /       93.0,91.5 /       91.4b,Education: Secondary gross enrol. ratio (f/m per 100 pop.),72.8 /       59.1,55.4 /       46.2,70.2 /       62.4b,Education: Upper secondary gross enrol. ratio (f/m per 100 pop.),76.7 /       55.0,43.9 /       32.5,63.9 /       50.6b,Intentional homicide rate (per 100 000 pop.),75,56.5,38.9i,Seats held by women in national parliaments (%),18,25.8,21.1k
Urban population (% of total population),51.9,55.2,57.7b,Urban population growth ratef (average annual %),3.4,3,...,"Fertility rate, totalf (live births per woman)",3.2,2.7,2.5c,"Life expectancy at birthf (females/males, years)",75.0 /       70.3,76.3 /       71.6,77.3 /       72.7c,"Population age distribution (0-14/60+ years old, %)",37.6 /        5.8,33.7 /        6.5,30.1 /        7.6a,International migrant stockg (000/% of total pop.),27.3 /        0.3,38.3 /        0.4,39.2 /        0.4c,Refugees and others of concern to UNHCR (000),~0.0h,~0.0,249.2c,Infant mortality ratef (per 1 000 live births),23.3,18.4,15c,Health: Current expenditure (% of GDP),8.7,7.5,7i,Health: Physicians (per 1 000 pop.),0.3,...,0.3j,Education: Government expenditure (% of GDP),...,6.4,6.1i,Education: Primary gross enrol. ratio (f/m per 100 pop.),100.7 /      100.6,92.5 /       93.0,91.5 /       91.4b,Education: Secondary gross enrol. ratio (f/m per 100 pop.),72.8 /       59.1,55.4 /       46.2,70.2 /       62.4b,Education: Upper secondary gross enrol. ratio (f/m per 100 pop.),76.7 /       55.0,43.9 /       32.5,63.9 /       50.6b,Intentional homicide rate (per 100 000 pop.),75,56.5,38.9i,Seats held by women in national parliaments (%),18,25.8,21.1k,,,,
Urban population growth ratef (average annual %),3.4,3,...,"Fertility rate, totalf (live births per woman)",3.2,2.7,2.5c,"Life expectancy at birthf (females/males, years)",75.0 /       70.3,76.3 /       71.6,77.3 /       72.7c,"Population age distribution (0-14/60+ years old, %)",37.6 /        5.8,33.7 /        6.5,30.1 /        7.6a,International migrant stockg (000/% of total pop.),27.3 /        0.3,38.3 /        0.4,39.2 /        0.4c,Refugees and others of concern to UNHCR (000),~0.0h,~0.0,249.2c,Infant mortality ratef (per 1 000 live births),23.3,18.4,15c,Health: Current expenditure (% of GDP),8.7,7.5,7i,Health: Physicians (per 1 000 pop.),0.3,...,0.3j,Education: Government expenditure (% of GDP),...,6.4,6.1i,Education: Primary gross enrol. ratio (f/m per 100 pop.),100.7 /      100.6,92.5 /       93.0,91.5 /       91.4b,Education: Secondary gross enrol. ratio (f/m per 100 pop.),72.8 /       59.1,55.4 /       46.2,70.2 /       62.4b,Education: Upper secondary gross enrol. ratio (f/m per 100 pop.),76.7 /       55.0,43.9 /       32.5,63.9 /       50.6b,Intentional homicide rate (per 100 000 pop.),75,56.5,38.9i,Seats held by women in national parliaments (%),18,25.8,21.1k,,,,,,,,
"Fertility rate, totalf (live births per woman)",3.2,2.7,2.5c,"Life expectancy at birthf (females/males, years)",75.0 /       70.3,76.3 /       71.6,77.3 /       72.7c,"Population age distribution (0-14/60+ years old, %)",37.6 /        5.8,33.7 /        6.5,30.1 /        7.6a,International migrant stockg (000/% of total pop.),27.3 /        0.3,38.3 /        0.4,39.2 /        0.4c,Refugees and others of concern to UNHCR (000),~0.0h,~0.0,249.2c,Infant mortality ratef (per 1 000 live births),23.3,18.4,15c,Health: Current expenditure (% of GDP),8.7,7.5,7i,Health: Physicians (per 1 000 pop.),0.3,...,0.3j,Education: Government expenditure (% of GDP),...,6.4,6.1i,Education: Primary gross enrol. ratio (f/m per 100 pop.),100.7 /      100.6,92.5 /       93.0,91.5 /       91.4b,Education: Secondary gross enrol. ratio (f/m per 100 pop.),72.8 /       59.1,55.4 /       46.2,70.2 /       62.4b,Education: Upper secondary gross enrol. ratio (f/m per 100 pop.),76.7 /       55.0,43.9 /       32.5,63.9 /       50.6b,Intentional homicide rate (per 100 000 pop.),75,56.5,38.9i,Seats held by women in national parliaments (%),18,25.8,21.1k,,,,,,,,,,,,
"Life expectancy at birthf (females/males, years)",75.0 /       70.3,76.3 /       71.6,77.3 /       72.7c,"Population age distribution (0-14/60+ years old, %)",37.6 /        5.8,33.7 /        6.5,30.1 /        7.6a,International migrant stockg (000/% of total pop.),27.3 /        0.3,38.3 /        0.4,39.2 /        0.4c,Refugees and others of concern to UNHCR (000),~0.0h,~0.0,249.2c,Infant mortality ratef (per 1 000 live births),23.3,18.4,15c,Health: Current expenditure (% of GDP),8.7,7.5,7i,Health: Physicians (per 1 000 pop.),0.3,...,0.3j,Education: Government expenditure (% of GDP),...,6.4,6.1i,Education: Primary gross enrol. ratio (f/m per 100 pop.),100.7 /      100.6,92.5 /       93.0,91.5 /       91.4b,Education: Secondary gross enrol. ratio (f/m per 100 pop.),72.8 /       59.1,55.4 /       46.2,70.2 /       62.4b,Education: Upper secondary gross enrol. ratio (f/m per 100 pop.),76.7 /       55.0,43.9 /       32.5,63.9 /       50.6b,Intentional homicide rate (per 100 000 pop.),75,56.5,38.9i,Seats held by women in national parliaments (%),18,25.8,21.1k,,,,,,,,,,,,,,,,
"Population age distribution (0-14/60+ years old, %)",37.6 /        5.8,33.7 /        6.5,30.1 /        7.6a,International migrant stockg (000/% of total pop.),27.3 /        0.3,38.3 /        0.4,39.2 /        0.4c,Refugees and others of concern to UNHCR (000),~0.0h,~0.0,249.2c,Infant mortality ratef (per 1 000 live births),23.3,18.4,15c,Health: Current expenditure (% of GDP),8.7,7.5,7i,Health: Physicians (per 1 000 pop.),0.3,...,0.3j,Education: Government expenditure (% of GDP),...,6.4,6.1i,Education: Primary gross enrol. ratio (f/m per 100 pop.),100.7 /      100.6,92.5 /       93.0,91.5 /       91.4b,Education: Secondary gross enrol. ratio (f/m per 100 pop.),72.8 /       59.1,55.4 /       46.2,70.2 /       62.4b,Education: Upper secondary gross enrol. ratio (f/m per 100 pop.),76.7 /       55.0,43.9 /       32.5,63.9 /       50.6b,Intentional homicide rate (per 100 000 pop.),75,56.5,38.9i,Seats held by women in national parliaments (%),18,25.8,21.1k,,,,,,,,,,,,,,,,,,,,
International migrant stockg (000/% of total pop.),27.3 /        0.3,38.3 /        0.4,39.2 /        0.4c,Refugees and others of concern to UNHCR (000),~0.0h,~0.0,249.2c,Infant mortality ratef (per 1 000 live births),23.3,18.4,15c,Health: Current expenditure (% of GDP),8.7,7.5,7i,Health: Physicians (per 1 000 pop.),0.3,...,0.3j,Education: Government expenditure (% of GDP),...,6.4,6.1i,Education: Primary gross enrol. ratio (f/m per 100 pop.),100.7 /      100.6,92.5 /       93.0,91.5 /       91.4b,Education: Secondary gross enrol. ratio (f/m per 100 pop.),72.8 /       59.1,55.4 /       46.2,70.2 /       62.4b,Education: Upper secondary gross enrol. ratio (f/m per 100 pop.),76.7 /       55.0,43.9 /       32.5,63.9 /       50.6b,Intentional homicide rate (per 100 000 pop.),75,56.5,38.9i,Seats held by women in national parliaments (%),18,25.8,21.1k,,,,,,,,,,,,,,,,,,,,,,,,
Refugees and others of concern to UNHCR (000),~0.0h,~0.0,249.2c,Infant mortality ratef (per 1 000 live births),23.3,18.4,15c,Health: Current expenditure (% of GDP),8.7,7.5,7i,Health: Physicians (per 1 000 pop.),0.3,...,0.3j,Education: Government expenditure (% of GDP),...,6.4,6.1i,Education: Primary gross enrol. ratio (f/m per 100 pop.),100.7 /      100.6,92.5 /       93.0,91.5 /       91.4b,Education: Secondary gross enrol. ratio (f/m per 100 pop.),72.8 /       59.1,55.4 /       46.2,70.2 /       62.4b,Education: Upper secondary gross enrol. ratio (f/m per 100 pop.),76.7 /       55.0,43.9 /       32.5,63.9 /       50.6b,Intentional homicide rate (per 100 000 pop.),75,56.5,38.9i,Seats held by women in national parliaments (%),18,25.8,21.1k,,,,,,,,,,,,,,,,,,,,,,,,,,,,
Infant mortality ratef (per 1 000 live births),23.3,18.4,15c,Health: Current expenditure (% of GDP),8.7,7.5,7i,Health: Physicians (per 1 000 pop.),0.3,...,0.3j,Education: Government expenditure (% of GDP),...,6.4,6.1i,Education: Primary gross enrol. ratio (f/m per 100 pop.),100.7 /      100.6,92.5 /       93.0,91.5 /       91.4b,Education: Secondary gross enrol. ratio (f/m per 100 pop.),72.8 /       59.1,55.4 /       46.2,70.2 /       62.4b,Education: Upper secondary gross enrol. ratio (f/m per 100 pop.),76.7 /       55.0,43.9 /       32.5,63.9 /       50.6b,Intentional homicide rate (per 100 000 pop.),75,56.5,38.9i,Seats held by women in national parliaments (%),18,25.8,21.1k,,,,,,,,,,,,,,,,,,,,,,,,,,,,,,,,
Health: Current expenditure (% of GDP),8.7,7.5,7i,Health: Physicians (per 1 000 pop.),0.3,...,0.3j,Education: Government expenditure (% of GDP),...,6.4,6.1i,Education: Primary gross enrol. ratio (f/m per 100 pop.),100.7 /      100.6,92.5 /       93.0,91.5 /       91.4b,Education: Secondary gross enrol. ratio (f/m per 100 pop.),72.8 /       59.1,55.4 /       46.2,70.2 /       62.4b,Education: Upper secondary gross enrol. ratio (f/m per 100 pop.),76.7 /       55.0,43.9 /       32.5,63.9 /       50.6b,Intentional homicide rate (per 100 000 pop.),75,56.5,38.9i,Seats held by women in national parliaments (%),18,25.8,21.1k,,,,,,,,,,,,,,,,,,,,,,,,,,,,,,,,,,,,
Health: Physicians (per 1 000 pop.),0.3,...,0.3j,Education: Government expenditure (% of GDP),...,6.4,6.1i,Education: Primary gross enrol. ratio (f/m per 100 pop.),100.7 /      100.6,92.5 /       93.0,91.5 /       91.4b,Education: Secondary gross enrol. ratio (f/m per 100 pop.),72.8 /       59.1,55.4 /       46.2,70.2 /       62.4b,Education: Upper secondary gross enrol. ratio (f/m per 100 pop.),76.7 /       55.0,43.9 /       32.5,63.9 /       50.6b,Intentional homicide rate (per 100 000 pop.),75,56.5,38.9i,Seats held by women in national parliaments (%),18,25.8,21.1k,,,,,,,,,,,,,,,,,,,,,,,,,,,,,,,,,,,,,,,,
Education: Government expenditure (% of GDP),...,6.4,6.1i,Education: Primary gross enrol. ratio (f/m per 100 pop.),100.7 /      100.6,92.5 /       93.0,91.5 /       91.4b,Education: Secondary gross enrol. ratio (f/m per 100 pop.),72.8 /       59.1,55.4 /       46.2,70.2 /       62.4b,Education: Upper secondary gross enrol. ratio (f/m per 100 pop.),76.7 /       55.0,43.9 /       32.5,63.9 /       50.6b,Intentional homicide rate (per 100 000 pop.),75,56.5,38.9i,Seats held by women in national parliaments (%),18,25.8,21.1k,,,,,,,,,,,,,,,,,,,,,,,,,,,,,,,,,,,,,,,,,,,,
Education: Primary gross enrol. ratio (f/m per 100 pop.),100.7 /      100.6,92.5 /       93.0,91.5 /       91.4b,Education: Secondary gross enrol. ratio (f/m per 100 pop.),72.8 /       59.1,55.4 /       46.2,70.2 /       62.4b,Education: Upper secondary gross enrol. ratio (f/m per 100 pop.),76.7 /       55.0,43.9 /       32.5,63.9 /       50.6b,Intentional homicide rate (per 100 000 pop.),75,56.5,38.9i,Seats held by women in national parliaments (%),18,25.8,21.1k,,,,,,,,,,,,,,,,,,,,,,,,,,,,,,,,,,,,,,,,,,,,,,,,
Education: Secondary gross enrol. ratio (f/m per 100 pop.),72.8 /       59.1,55.4 /       46.2,70.2 /       62.4b,Education: Upper secondary gross enrol. ratio (f/m per 100 pop.),76.7 /       55.0,43.9 /       32.5,63.9 /       50.6b,Intentional homicide rate (per 100 000 pop.),75,56.5,38.9i,Seats held by women in national parliaments (%),18,25.8,21.1k,,,,,,,,,,,,,,,,,,,,,,,,,,,,,,,,,,,,,,,,,,,,,,,,,,,,
Education: Upper secondary gross enrol. ratio (f/m per 100 pop.),76.7 /       55.0,43.9 /       32.5,63.9 /       50.6b,Intentional homicide rate (per 100 000 pop.),75,56.5,38.9i,Seats held by women in national parliaments (%),18,25.8,21.1k,,,,,,,,,,,,,,,,,,,,,,,,,,,,,,,,,,,,,,,,,,,,,,,,,,,,,,,,
Intentional homicide rate (per 100 000 pop.),75,56.5,38.9i,Seats held by women in national parliaments (%),18,25.8,21.1k,,,,,,,,,,,,,,,,,,,,,,,,,,,,,,,,,,,,,,,,,,,,,,,,,,,,,,,,,,,,
Seats held by women in national parliaments (%),18,25.8,21.1k,,,,,,,,,,,,,,,,,,,,,,,,,,,,,,,,,,,,,,,,,,,,,,,,,,,,,,,,,,,,,,,,
