0,1,2,3,4,5,6,7,8,9,10,11,12,13,14,15,16,17,18,19,20,21,22,23,24,25,26,27,28,29,30,31,32,33,34,35,36,37,38,39
,2010,2015,2021,,,,,,,,,,,,,,,,,,,,,,,,,,,,,,,,,,,,
Individuals using the Internet (per 100 inhabitants),9.1,13i,"14.6i,p",Threatened species (number),90,100,113,Forested areai (% of land area),1.5,1.5,1.5m,"Energy production, primaryi (Petajoules)",1,1,1m,Energy supply per capita (Gigajoules),13,12,"14i,m",Tourist/visitor arrivals at national borderst (000),5,4,7m,Important sites for terrestrial biodiversity protected (%),40,40,40e,"Pop. using safely managed drinking water (urban/rural, %)",18.8 /        5.9,19.9 /        6.3,21.1 /        6.7e,Pop. using safely managed sanitation (urban/rural %),25.5 /       20.2,25.9 /       23.8,26.1 /       27.4e,Net Official Development Assist. received (% of GNI),10.38,18.45,14.83c
Threatened species (number),90,100,113,Forested areai (% of land area),1.5,1.5,1.5m,"Energy production, primaryi (Petajoules)",1,1,1m,Energy supply per capita (Gigajoules),13,12,"14i,m",Tourist/visitor arrivals at national borderst (000),5,4,7m,Important sites for terrestrial biodiversity protected (%),40,40,40e,"Pop. using safely managed drinking water (urban/rural, %)",18.8 /        5.9,19.9 /        6.3,21.1 /        6.7e,Pop. using safely managed sanitation (urban/rural %),25.5 /       20.2,25.9 /       23.8,26.1 /       27.4e,Net Official Development Assist. received (% of GNI),10.38,18.45,14.83c,,,,
Forested areai (% of land area),1.5,1.5,1.5m,"Energy production, primaryi (Petajoules)",1,1,1m,Energy supply per capita (Gigajoules),13,12,"14i,m",Tourist/visitor arrivals at national borderst (000),5,4,7m,Important sites for terrestrial biodiversity protected (%),40,40,40e,"Pop. using safely managed drinking water (urban/rural, %)",18.8 /        5.9,19.9 /        6.3,21.1 /        6.7e,Pop. using safely managed sanitation (urban/rural %),25.5 /       20.2,25.9 /       23.8,26.1 /       27.4e,Net Official Development Assist. received (% of GNI),10.38,18.45,14.83c,,,,,,,,
"Energy production, primaryi (Petajoules)",1,1,1m,Energy supply per capita (Gigajoules),13,12,"14i,m",Tourist/visitor arrivals at national borderst (000),5,4,7m,Important sites for terrestrial biodiversity protected (%),40,40,40e,"Pop. using safely managed drinking water (urban/rural, %)",18.8 /        5.9,19.9 /        6.3,21.1 /        6.7e,Pop. using safely managed sanitation (urban/rural %),25.5 /       20.2,25.9 /       23.8,26.1 /       27.4e,Net Official Development Assist. received (% of GNI),10.38,18.45,14.83c,,,,,,,,,,,,
Energy supply per capita (Gigajoules),13,12,"14i,m",Tourist/visitor arrivals at national borderst (000),5,4,7m,Important sites for terrestrial biodiversity protected (%),40,40,40e,"Pop. using safely managed drinking water (urban/rural, %)",18.8 /        5.9,19.9 /        6.3,21.1 /        6.7e,Pop. using safely managed sanitation (urban/rural %),25.5 /       20.2,25.9 /       23.8,26.1 /       27.4e,Net Official Development Assist. received (% of GNI),10.38,18.45,14.83c,,,,,,,,,,,,,,,,
Tourist/visitor arrivals at national borderst (000),5,4,7m,Important sites for terrestrial biodiversity protected (%),40,40,40e,"Pop. using safely managed drinking water (urban/rural, %)",18.8 /        5.9,19.9 /        6.3,21.1 /        6.7e,Pop. using safely managed sanitation (urban/rural %),25.5 /       20.2,25.9 /       23.8,26.1 /       27.4e,Net Official Development Assist. received (% of GNI),10.38,18.45,14.83c,,,,,,,,,,,,,,,,,,,,
Important sites for terrestrial biodiversity protected (%),40,40,40e,"Pop. using safely managed drinking water (urban/rural, %)",18.8 /        5.9,19.9 /        6.3,21.1 /        6.7e,Pop. using safely managed sanitation (urban/rural %),25.5 /       20.2,25.9 /       23.8,26.1 /       27.4e,Net Official Development Assist. received (% of GNI),10.38,18.45,14.83c,,,,,,,,,,,,,,,,,,,,,,,,
"Pop. using safely managed drinking water (urban/rural, %)",18.8 /        5.9,19.9 /        6.3,21.1 /        6.7e,Pop. using safely managed sanitation (urban/rural %),25.5 /       20.2,25.9 /       23.8,26.1 /       27.4e,Net Official Development Assist. received (% of GNI),10.38,18.45,14.83c,,,,,,,,,,,,,,,,,,,,,,,,,,,,
Pop. using safely managed sanitation (urban/rural %),25.5 /       20.2,25.9 /       23.8,26.1 /       27.4e,Net Official Development Assist. received (% of GNI),10.38,18.45,14.83c,,,,,,,,,,,,,,,,,,,,,,,,,,,,,,,,
Net Official Development Assist. received (% of GNI),10.38,18.45,14.83c,,,,,,,,,,,,,,,,,,,,,,,,,,,,,,,,,,,,
