0,1,2,3,4,5,6,7,8,9,10,11,12,13,14,15,16,17,18,19,20,21,22,23,24,25,26,27,28,29,30,31,32,33,34,35,36,37,38,39,40,41,42,43,44,45,46,47,48,49,50,51,52,53,54,55,56,57,58,59,60,61,62,63,64,65,66,67
,2010,2015,2021,,,,,,,,,,,,,,,,,,,,,,,,,,,,,,,,,,,,,,,,,,,,,,,,,,,,,,,,,,,,,,,,
GDP: Gross domestic productf (million current US$),25 707,19 771,24 565c,"GDP growth ratef (annual %, const. 2015 prices)",2,3.4,3.2c,GDP per capitaf (current US$),30 993.1,23 323.4,28 284.9c,Economy: Agricultureg (% of Gross Value Added),2.3,2.1,2.3c,"Economy: Industryh,i (% of Gross Value Added)",16.4,11.6,15c,Economy: Services and other activityj (% of GVA),81.2,86.3,82.7c,Employment in agriculture (% of employed),3.8,4,"2k,e",Employment in industry (% of employed),20.4,16.2,"16.3k,e",Employment in services (% employed),75.8,79.8,"81.7k,e",Unemploymentk (% of labour force),6.3,14.9,7.2e,Labour force participation ratek (female/male pop. %),57.6 /       70.6,57.9 /       67.4,57.8 /       68.0e,"CPI: Consumer Price Indexl,m (2010=100)",100,102,102e,Agricultural production index (2014-2016=100),107,103,106c,International trade: exports (million current US$),1 506,3 367,2 741e,International trade: imports (million current US$),8 645,7 133,7 504e,International trade: balance (million current US$),- 7 138,- 3 766,- 4 763e,"Balance of payments, current account (million US$)",- 2 799,-84,- 2 850e
"GDP growth ratef (annual %, const. 2015 prices)",2,3.4,3.2c,GDP per capitaf (current US$),30 993.1,23 323.4,28 284.9c,Economy: Agricultureg (% of Gross Value Added),2.3,2.1,2.3c,"Economy: Industryh,i (% of Gross Value Added)",16.4,11.6,15c,Economy: Services and other activityj (% of GVA),81.2,86.3,82.7c,Employment in agriculture (% of employed),3.8,4,"2k,e",Employment in industry (% of employed),20.4,16.2,"16.3k,e",Employment in services (% employed),75.8,79.8,"81.7k,e",Unemploymentk (% of labour force),6.3,14.9,7.2e,Labour force participation ratek (female/male pop. %),57.6 /       70.6,57.9 /       67.4,57.8 /       68.0e,"CPI: Consumer Price Indexl,m (2010=100)",100,102,102e,Agricultural production index (2014-2016=100),107,103,106c,International trade: exports (million current US$),1 506,3 367,2 741e,International trade: imports (million current US$),8 645,7 133,7 504e,International trade: balance (million current US$),- 7 138,- 3 766,- 4 763e,"Balance of payments, current account (million US$)",- 2 799,-84,- 2 850e,,,,
GDP per capitaf (current US$),30 993.1,23 323.4,28 284.9c,Economy: Agricultureg (% of Gross Value Added),2.3,2.1,2.3c,"Economy: Industryh,i (% of Gross Value Added)",16.4,11.6,15c,Economy: Services and other activityj (% of GVA),81.2,86.3,82.7c,Employment in agriculture (% of employed),3.8,4,"2k,e",Employment in industry (% of employed),20.4,16.2,"16.3k,e",Employment in services (% employed),75.8,79.8,"81.7k,e",Unemploymentk (% of labour force),6.3,14.9,7.2e,Labour force participation ratek (female/male pop. %),57.6 /       70.6,57.9 /       67.4,57.8 /       68.0e,"CPI: Consumer Price Indexl,m (2010=100)",100,102,102e,Agricultural production index (2014-2016=100),107,103,106c,International trade: exports (million current US$),1 506,3 367,2 741e,International trade: imports (million current US$),8 645,7 133,7 504e,International trade: balance (million current US$),- 7 138,- 3 766,- 4 763e,"Balance of payments, current account (million US$)",- 2 799,-84,- 2 850e,,,,,,,,
Economy: Agricultureg (% of Gross Value Added),2.3,2.1,2.3c,"Economy: Industryh,i (% of Gross Value Added)",16.4,11.6,15c,Economy: Services and other activityj (% of GVA),81.2,86.3,82.7c,Employment in agriculture (% of employed),3.8,4,"2k,e",Employment in industry (% of employed),20.4,16.2,"16.3k,e",Employment in services (% employed),75.8,79.8,"81.7k,e",Unemploymentk (% of labour force),6.3,14.9,7.2e,Labour force participation ratek (female/male pop. %),57.6 /       70.6,57.9 /       67.4,57.8 /       68.0e,"CPI: Consumer Price Indexl,m (2010=100)",100,102,102e,Agricultural production index (2014-2016=100),107,103,106c,International trade: exports (million current US$),1 506,3 367,2 741e,International trade: imports (million current US$),8 645,7 133,7 504e,International trade: balance (million current US$),- 7 138,- 3 766,- 4 763e,"Balance of payments, current account (million US$)",- 2 799,-84,- 2 850e,,,,,,,,,,,,
"Economy: Industryh,i (% of Gross Value Added)",16.4,11.6,15c,Economy: Services and other activityj (% of GVA),81.2,86.3,82.7c,Employment in agriculture (% of employed),3.8,4,"2k,e",Employment in industry (% of employed),20.4,16.2,"16.3k,e",Employment in services (% employed),75.8,79.8,"81.7k,e",Unemploymentk (% of labour force),6.3,14.9,7.2e,Labour force participation ratek (female/male pop. %),57.6 /       70.6,57.9 /       67.4,57.8 /       68.0e,"CPI: Consumer Price Indexl,m (2010=100)",100,102,102e,Agricultural production index (2014-2016=100),107,103,106c,International trade: exports (million current US$),1 506,3 367,2 741e,International trade: imports (million current US$),8 645,7 133,7 504e,International trade: balance (million current US$),- 7 138,- 3 766,- 4 763e,"Balance of payments, current account (million US$)",- 2 799,-84,- 2 850e,,,,,,,,,,,,,,,,
Economy: Services and other activityj (% of GVA),81.2,86.3,82.7c,Employment in agriculture (% of employed),3.8,4,"2k,e",Employment in industry (% of employed),20.4,16.2,"16.3k,e",Employment in services (% employed),75.8,79.8,"81.7k,e",Unemploymentk (% of labour force),6.3,14.9,7.2e,Labour force participation ratek (female/male pop. %),57.6 /       70.6,57.9 /       67.4,57.8 /       68.0e,"CPI: Consumer Price Indexl,m (2010=100)",100,102,102e,Agricultural production index (2014-2016=100),107,103,106c,International trade: exports (million current US$),1 506,3 367,2 741e,International trade: imports (million current US$),8 645,7 133,7 504e,International trade: balance (million current US$),- 7 138,- 3 766,- 4 763e,"Balance of payments, current account (million US$)",- 2 799,-84,- 2 850e,,,,,,,,,,,,,,,,,,,,
Employment in agriculture (% of employed),3.8,4,"2k,e",Employment in industry (% of employed),20.4,16.2,"16.3k,e",Employment in services (% employed),75.8,79.8,"81.7k,e",Unemploymentk (% of labour force),6.3,14.9,7.2e,Labour force participation ratek (female/male pop. %),57.6 /       70.6,57.9 /       67.4,57.8 /       68.0e,"CPI: Consumer Price Indexl,m (2010=100)",100,102,102e,Agricultural production index (2014-2016=100),107,103,106c,International trade: exports (million current US$),1 506,3 367,2 741e,International trade: imports (million current US$),8 645,7 133,7 504e,International trade: balance (million current US$),- 7 138,- 3 766,- 4 763e,"Balance of payments, current account (million US$)",- 2 799,-84,- 2 850e,,,,,,,,,,,,,,,,,,,,,,,,
Employment in industry (% of employed),20.4,16.2,"16.3k,e",Employment in services (% employed),75.8,79.8,"81.7k,e",Unemploymentk (% of labour force),6.3,14.9,7.2e,Labour force participation ratek (female/male pop. %),57.6 /       70.6,57.9 /       67.4,57.8 /       68.0e,"CPI: Consumer Price Indexl,m (2010=100)",100,102,102e,Agricultural production index (2014-2016=100),107,103,106c,International trade: exports (million current US$),1 506,3 367,2 741e,International trade: imports (million current US$),8 645,7 133,7 504e,International trade: balance (million current US$),- 7 138,- 3 766,- 4 763e,"Balance of payments, current account (million US$)",- 2 799,-84,- 2 850e,,,,,,,,,,,,,,,,,,,,,,,,,,,,
Employment in services (% employed),75.8,79.8,"81.7k,e",Unemploymentk (% of labour force),6.3,14.9,7.2e,Labour force participation ratek (female/male pop. %),57.6 /       70.6,57.9 /       67.4,57.8 /       68.0e,"CPI: Consumer Price Indexl,m (2010=100)",100,102,102e,Agricultural production index (2014-2016=100),107,103,106c,International trade: exports (million current US$),1 506,3 367,2 741e,International trade: imports (million current US$),8 645,7 133,7 504e,International trade: balance (million current US$),- 7 138,- 3 766,- 4 763e,"Balance of payments, current account (million US$)",- 2 799,-84,- 2 850e,,,,,,,,,,,,,,,,,,,,,,,,,,,,,,,,
Unemploymentk (% of labour force),6.3,14.9,7.2e,Labour force participation ratek (female/male pop. %),57.6 /       70.6,57.9 /       67.4,57.8 /       68.0e,"CPI: Consumer Price Indexl,m (2010=100)",100,102,102e,Agricultural production index (2014-2016=100),107,103,106c,International trade: exports (million current US$),1 506,3 367,2 741e,International trade: imports (million current US$),8 645,7 133,7 504e,International trade: balance (million current US$),- 7 138,- 3 766,- 4 763e,"Balance of payments, current account (million US$)",- 2 799,-84,- 2 850e,,,,,,,,,,,,,,,,,,,,,,,,,,,,,,,,,,,,
Labour force participation ratek (female/male pop. %),57.6 /       70.6,57.9 /       67.4,57.8 /       68.0e,"CPI: Consumer Price Indexl,m (2010=100)",100,102,102e,Agricultural production index (2014-2016=100),107,103,106c,International trade: exports (million current US$),1 506,3 367,2 741e,International trade: imports (million current US$),8 645,7 133,7 504e,International trade: balance (million current US$),- 7 138,- 3 766,- 4 763e,"Balance of payments, current account (million US$)",- 2 799,-84,- 2 850e,,,,,,,,,,,,,,,,,,,,,,,,,,,,,,,,,,,,,,,,
"CPI: Consumer Price Indexl,m (2010=100)",100,102,102e,Agricultural production index (2014-2016=100),107,103,106c,International trade: exports (million current US$),1 506,3 367,2 741e,International trade: imports (million current US$),8 645,7 133,7 504e,International trade: balance (million current US$),- 7 138,- 3 766,- 4 763e,"Balance of payments, current account (million US$)",- 2 799,-84,- 2 850e,,,,,,,,,,,,,,,,,,,,,,,,,,,,,,,,,,,,,,,,,,,,
Agricultural production index (2014-2016=100),107,103,106c,International trade: exports (million current US$),1 506,3 367,2 741e,International trade: imports (million current US$),8 645,7 133,7 504e,International trade: balance (million current US$),- 7 138,- 3 766,- 4 763e,"Balance of payments, current account (million US$)",- 2 799,-84,- 2 850e,,,,,,,,,,,,,,,,,,,,,,,,,,,,,,,,,,,,,,,,,,,,,,,,
International trade: exports (million current US$),1 506,3 367,2 741e,International trade: imports (million current US$),8 645,7 133,7 504e,International trade: balance (million current US$),- 7 138,- 3 766,- 4 763e,"Balance of payments, current account (million US$)",- 2 799,-84,- 2 850e,,,,,,,,,,,,,,,,,,,,,,,,,,,,,,,,,,,,,,,,,,,,,,,,,,,,
International trade: imports (million current US$),8 645,7 133,7 504e,International trade: balance (million current US$),- 7 138,- 3 766,- 4 763e,"Balance of payments, current account (million US$)",- 2 799,-84,- 2 850e,,,,,,,,,,,,,,,,,,,,,,,,,,,,,,,,,,,,,,,,,,,,,,,,,,,,,,,,
International trade: balance (million current US$),- 7 138,- 3 766,- 4 763e,"Balance of payments, current account (million US$)",- 2 799,-84,- 2 850e,,,,,,,,,,,,,,,,,,,,,,,,,,,,,,,,,,,,,,,,,,,,,,,,,,,,,,,,,,,,
"Balance of payments, current account (million US$)",- 2 799,-84,- 2 850e,,,,,,,,,,,,,,,,,,,,,,,,,,,,,,,,,,,,,,,,,,,,,,,,,,,,,,,,,,,,,,,,
