0,1,2,3,4,5,6,7,8,9,10,11,12,13,14,15,16,17,18,19,20,21,22,23,24,25,26,27,28,29,30,31,32,33,34,35,36,37,38,39,40,41,42,43
,2010,2015,2021,,,,,,,,,,,,,,,,,,,,,,,,,,,,,,,,,,,,,,,,
Individuals using the Internet (per 100 inhabitants),53t,71.7,86.1c,Research & Development expenditure (% of GDP),0.4,0.5,"0.5u,d",Threatened species (number),43,60,92,Forested area (% of land area),18.7,18.7,18.7d,CO2 emission estimatesf (million tons/tons per capita),7.3 /        8.9,5.9 /        7.0,6.3 /        7.3d,"Energy production, primary (Petajoules)",4,5,6d,Energy supply per capita (Gigajoules),93,74,80d,Tourist/visitor arrivals at national borders (000),2 173,2 659,3 939d,Important sites for terrestrial biodiversity protected (%),60.2,67.3,72.3e,Pop. using safely managed sanitation (urban/rural %),86.3 / ...,86.3 / ...,86.3 / ...e,Net Official Development Assist. disbursedl (% of GNI),0.23,0.09,...
Research & Development expenditure (% of GDP),0.4,0.5,"0.5u,d",Threatened species (number),43,60,92,Forested area (% of land area),18.7,18.7,18.7d,CO2 emission estimatesf (million tons/tons per capita),7.3 /        8.9,5.9 /        7.0,6.3 /        7.3d,"Energy production, primary (Petajoules)",4,5,6d,Energy supply per capita (Gigajoules),93,74,80d,Tourist/visitor arrivals at national borders (000),2 173,2 659,3 939d,Important sites for terrestrial biodiversity protected (%),60.2,67.3,72.3e,Pop. using safely managed sanitation (urban/rural %),86.3 / ...,86.3 / ...,86.3 / ...e,Net Official Development Assist. disbursedl (% of GNI),0.23,0.09,...,,,,
Threatened species (number),43,60,92,Forested area (% of land area),18.7,18.7,18.7d,CO2 emission estimatesf (million tons/tons per capita),7.3 /        8.9,5.9 /        7.0,6.3 /        7.3d,"Energy production, primary (Petajoules)",4,5,6d,Energy supply per capita (Gigajoules),93,74,80d,Tourist/visitor arrivals at national borders (000),2 173,2 659,3 939d,Important sites for terrestrial biodiversity protected (%),60.2,67.3,72.3e,Pop. using safely managed sanitation (urban/rural %),86.3 / ...,86.3 / ...,86.3 / ...e,Net Official Development Assist. disbursedl (% of GNI),0.23,0.09,...,,,,,,,,
Forested area (% of land area),18.7,18.7,18.7d,CO2 emission estimatesf (million tons/tons per capita),7.3 /        8.9,5.9 /        7.0,6.3 /        7.3d,"Energy production, primary (Petajoules)",4,5,6d,Energy supply per capita (Gigajoules),93,74,80d,Tourist/visitor arrivals at national borders (000),2 173,2 659,3 939d,Important sites for terrestrial biodiversity protected (%),60.2,67.3,72.3e,Pop. using safely managed sanitation (urban/rural %),86.3 / ...,86.3 / ...,86.3 / ...e,Net Official Development Assist. disbursedl (% of GNI),0.23,0.09,...,,,,,,,,,,,,
CO2 emission estimatesf (million tons/tons per capita),7.3 /        8.9,5.9 /        7.0,6.3 /        7.3d,"Energy production, primary (Petajoules)",4,5,6d,Energy supply per capita (Gigajoules),93,74,80d,Tourist/visitor arrivals at national borders (000),2 173,2 659,3 939d,Important sites for terrestrial biodiversity protected (%),60.2,67.3,72.3e,Pop. using safely managed sanitation (urban/rural %),86.3 / ...,86.3 / ...,86.3 / ...e,Net Official Development Assist. disbursedl (% of GNI),0.23,0.09,...,,,,,,,,,,,,,,,,
"Energy production, primary (Petajoules)",4,5,6d,Energy supply per capita (Gigajoules),93,74,80d,Tourist/visitor arrivals at national borders (000),2 173,2 659,3 939d,Important sites for terrestrial biodiversity protected (%),60.2,67.3,72.3e,Pop. using safely managed sanitation (urban/rural %),86.3 / ...,86.3 / ...,86.3 / ...e,Net Official Development Assist. disbursedl (% of GNI),0.23,0.09,...,,,,,,,,,,,,,,,,,,,,
Energy supply per capita (Gigajoules),93,74,80d,Tourist/visitor arrivals at national borders (000),2 173,2 659,3 939d,Important sites for terrestrial biodiversity protected (%),60.2,67.3,72.3e,Pop. using safely managed sanitation (urban/rural %),86.3 / ...,86.3 / ...,86.3 / ...e,Net Official Development Assist. disbursedl (% of GNI),0.23,0.09,...,,,,,,,,,,,,,,,,,,,,,,,,
Tourist/visitor arrivals at national borders (000),2 173,2 659,3 939d,Important sites for terrestrial biodiversity protected (%),60.2,67.3,72.3e,Pop. using safely managed sanitation (urban/rural %),86.3 / ...,86.3 / ...,86.3 / ...e,Net Official Development Assist. disbursedl (% of GNI),0.23,0.09,...,,,,,,,,,,,,,,,,,,,,,,,,,,,,
Important sites for terrestrial biodiversity protected (%),60.2,67.3,72.3e,Pop. using safely managed sanitation (urban/rural %),86.3 / ...,86.3 / ...,86.3 / ...e,Net Official Development Assist. disbursedl (% of GNI),0.23,0.09,...,,,,,,,,,,,,,,,,,,,,,,,,,,,,,,,,
Pop. using safely managed sanitation (urban/rural %),86.3 / ...,86.3 / ...,86.3 / ...e,Net Official Development Assist. disbursedl (% of GNI),0.23,0.09,...,,,,,,,,,,,,,,,,,,,,,,,,,,,,,,,,,,,,
Net Official Development Assist. disbursedl (% of GNI),0.23,0.09,...,,,,,,,,,,,,,,,,,,,,,,,,,,,,,,,,,,,,,,,,
