0,1,2,3,4,5,6,7,8,9,10,11,12,13,14,15,16,17,18,19,20,21,22,23,24,25,26,27,28,29,30,31,32,33,34,35,36,37,38,39,40,41,42,43,44,45,46,47,48,49,50,51,52,53,54,55,56,57,58,59,60,61,62,63,64,65,66,67
,2010,2015,2021,,,,,,,,,,,,,,,,,,,,,,,,,,,,,,,,,,,,,,,,,,,,,,,,,,,,,,,,,,,,,,,,
"Population growth ratea,n (average annual %)",1.6,0.9,0.8e,Urban populationa (% of total population),67.6,66.9,66.8c,"Urban population growth ratea,n (average annual %)",1.4,0.7,...,"Fertility rate, totala,n (live births per woman)",1.5,1.4,1.3e,"Life expectancy at birtha,n (females/males, years)",81.1 /       76.8,82.2 /       77.7,82.8 /       78.6e,"Population age distributiona (0-14/60+ years old, %)",17.8 /       16.1,16.9 /       17.7,16.5 /       20.2b,International migrant stocka (000/% of total pop.),188.5 /       16.9,176.7 /       15.2,190.4 /       15.8e,Refugees and others of concern to UNHCR (000),8.8o,14.1,36.6e,"Infant mortality ratea,n (per 1 000 live births)",4.3,4.2,3.5e,Health: Current expenditure (% of GDP),6.5,6.9,"6.8p,d",Health: Physicians (per 1 000 pop.),2.2,2.6,2q,Education: Government expenditure (% of GDP),6.5,6.3,5.8r,Education: Primary gross enrol. ratiok (f/m per 100 pop.),101.6 /      101.6,99.3 /       99.3,99.3 /      100.2d,Education: Secondary gross enrol. ratiok (f/m per 100 pop.),92.0 /       90.9,99.4 /      100.1,99.0 /      101.5d,Education: Upper secondary gross enrol. ratiok (f/m per 100 pop.),88.1 /       86.0,99.6 /      100.3,97.4 /      101.5d,Intentional homicide rate (per 100 000 pop.),0.7,1.3,1.3d,Seats held by women in national parliaments (%),12.5,12.5,21.4s
Urban populationa (% of total population),67.6,66.9,66.8c,"Urban population growth ratea,n (average annual %)",1.4,0.7,...,"Fertility rate, totala,n (live births per woman)",1.5,1.4,1.3e,"Life expectancy at birtha,n (females/males, years)",81.1 /       76.8,82.2 /       77.7,82.8 /       78.6e,"Population age distributiona (0-14/60+ years old, %)",17.8 /       16.1,16.9 /       17.7,16.5 /       20.2b,International migrant stocka (000/% of total pop.),188.5 /       16.9,176.7 /       15.2,190.4 /       15.8e,Refugees and others of concern to UNHCR (000),8.8o,14.1,36.6e,"Infant mortality ratea,n (per 1 000 live births)",4.3,4.2,3.5e,Health: Current expenditure (% of GDP),6.5,6.9,"6.8p,d",Health: Physicians (per 1 000 pop.),2.2,2.6,2q,Education: Government expenditure (% of GDP),6.5,6.3,5.8r,Education: Primary gross enrol. ratiok (f/m per 100 pop.),101.6 /      101.6,99.3 /       99.3,99.3 /      100.2d,Education: Secondary gross enrol. ratiok (f/m per 100 pop.),92.0 /       90.9,99.4 /      100.1,99.0 /      101.5d,Education: Upper secondary gross enrol. ratiok (f/m per 100 pop.),88.1 /       86.0,99.6 /      100.3,97.4 /      101.5d,Intentional homicide rate (per 100 000 pop.),0.7,1.3,1.3d,Seats held by women in national parliaments (%),12.5,12.5,21.4s,,,,
"Urban population growth ratea,n (average annual %)",1.4,0.7,...,"Fertility rate, totala,n (live births per woman)",1.5,1.4,1.3e,"Life expectancy at birtha,n (females/males, years)",81.1 /       76.8,82.2 /       77.7,82.8 /       78.6e,"Population age distributiona (0-14/60+ years old, %)",17.8 /       16.1,16.9 /       17.7,16.5 /       20.2b,International migrant stocka (000/% of total pop.),188.5 /       16.9,176.7 /       15.2,190.4 /       15.8e,Refugees and others of concern to UNHCR (000),8.8o,14.1,36.6e,"Infant mortality ratea,n (per 1 000 live births)",4.3,4.2,3.5e,Health: Current expenditure (% of GDP),6.5,6.9,"6.8p,d",Health: Physicians (per 1 000 pop.),2.2,2.6,2q,Education: Government expenditure (% of GDP),6.5,6.3,5.8r,Education: Primary gross enrol. ratiok (f/m per 100 pop.),101.6 /      101.6,99.3 /       99.3,99.3 /      100.2d,Education: Secondary gross enrol. ratiok (f/m per 100 pop.),92.0 /       90.9,99.4 /      100.1,99.0 /      101.5d,Education: Upper secondary gross enrol. ratiok (f/m per 100 pop.),88.1 /       86.0,99.6 /      100.3,97.4 /      101.5d,Intentional homicide rate (per 100 000 pop.),0.7,1.3,1.3d,Seats held by women in national parliaments (%),12.5,12.5,21.4s,,,,,,,,
"Fertility rate, totala,n (live births per woman)",1.5,1.4,1.3e,"Life expectancy at birtha,n (females/males, years)",81.1 /       76.8,82.2 /       77.7,82.8 /       78.6e,"Population age distributiona (0-14/60+ years old, %)",17.8 /       16.1,16.9 /       17.7,16.5 /       20.2b,International migrant stocka (000/% of total pop.),188.5 /       16.9,176.7 /       15.2,190.4 /       15.8e,Refugees and others of concern to UNHCR (000),8.8o,14.1,36.6e,"Infant mortality ratea,n (per 1 000 live births)",4.3,4.2,3.5e,Health: Current expenditure (% of GDP),6.5,6.9,"6.8p,d",Health: Physicians (per 1 000 pop.),2.2,2.6,2q,Education: Government expenditure (% of GDP),6.5,6.3,5.8r,Education: Primary gross enrol. ratiok (f/m per 100 pop.),101.6 /      101.6,99.3 /       99.3,99.3 /      100.2d,Education: Secondary gross enrol. ratiok (f/m per 100 pop.),92.0 /       90.9,99.4 /      100.1,99.0 /      101.5d,Education: Upper secondary gross enrol. ratiok (f/m per 100 pop.),88.1 /       86.0,99.6 /      100.3,97.4 /      101.5d,Intentional homicide rate (per 100 000 pop.),0.7,1.3,1.3d,Seats held by women in national parliaments (%),12.5,12.5,21.4s,,,,,,,,,,,,
"Life expectancy at birtha,n (females/males, years)",81.1 /       76.8,82.2 /       77.7,82.8 /       78.6e,"Population age distributiona (0-14/60+ years old, %)",17.8 /       16.1,16.9 /       17.7,16.5 /       20.2b,International migrant stocka (000/% of total pop.),188.5 /       16.9,176.7 /       15.2,190.4 /       15.8e,Refugees and others of concern to UNHCR (000),8.8o,14.1,36.6e,"Infant mortality ratea,n (per 1 000 live births)",4.3,4.2,3.5e,Health: Current expenditure (% of GDP),6.5,6.9,"6.8p,d",Health: Physicians (per 1 000 pop.),2.2,2.6,2q,Education: Government expenditure (% of GDP),6.5,6.3,5.8r,Education: Primary gross enrol. ratiok (f/m per 100 pop.),101.6 /      101.6,99.3 /       99.3,99.3 /      100.2d,Education: Secondary gross enrol. ratiok (f/m per 100 pop.),92.0 /       90.9,99.4 /      100.1,99.0 /      101.5d,Education: Upper secondary gross enrol. ratiok (f/m per 100 pop.),88.1 /       86.0,99.6 /      100.3,97.4 /      101.5d,Intentional homicide rate (per 100 000 pop.),0.7,1.3,1.3d,Seats held by women in national parliaments (%),12.5,12.5,21.4s,,,,,,,,,,,,,,,,
"Population age distributiona (0-14/60+ years old, %)",17.8 /       16.1,16.9 /       17.7,16.5 /       20.2b,International migrant stocka (000/% of total pop.),188.5 /       16.9,176.7 /       15.2,190.4 /       15.8e,Refugees and others of concern to UNHCR (000),8.8o,14.1,36.6e,"Infant mortality ratea,n (per 1 000 live births)",4.3,4.2,3.5e,Health: Current expenditure (% of GDP),6.5,6.9,"6.8p,d",Health: Physicians (per 1 000 pop.),2.2,2.6,2q,Education: Government expenditure (% of GDP),6.5,6.3,5.8r,Education: Primary gross enrol. ratiok (f/m per 100 pop.),101.6 /      101.6,99.3 /       99.3,99.3 /      100.2d,Education: Secondary gross enrol. ratiok (f/m per 100 pop.),92.0 /       90.9,99.4 /      100.1,99.0 /      101.5d,Education: Upper secondary gross enrol. ratiok (f/m per 100 pop.),88.1 /       86.0,99.6 /      100.3,97.4 /      101.5d,Intentional homicide rate (per 100 000 pop.),0.7,1.3,1.3d,Seats held by women in national parliaments (%),12.5,12.5,21.4s,,,,,,,,,,,,,,,,,,,,
International migrant stocka (000/% of total pop.),188.5 /       16.9,176.7 /       15.2,190.4 /       15.8e,Refugees and others of concern to UNHCR (000),8.8o,14.1,36.6e,"Infant mortality ratea,n (per 1 000 live births)",4.3,4.2,3.5e,Health: Current expenditure (% of GDP),6.5,6.9,"6.8p,d",Health: Physicians (per 1 000 pop.),2.2,2.6,2q,Education: Government expenditure (% of GDP),6.5,6.3,5.8r,Education: Primary gross enrol. ratiok (f/m per 100 pop.),101.6 /      101.6,99.3 /       99.3,99.3 /      100.2d,Education: Secondary gross enrol. ratiok (f/m per 100 pop.),92.0 /       90.9,99.4 /      100.1,99.0 /      101.5d,Education: Upper secondary gross enrol. ratiok (f/m per 100 pop.),88.1 /       86.0,99.6 /      100.3,97.4 /      101.5d,Intentional homicide rate (per 100 000 pop.),0.7,1.3,1.3d,Seats held by women in national parliaments (%),12.5,12.5,21.4s,,,,,,,,,,,,,,,,,,,,,,,,
Refugees and others of concern to UNHCR (000),8.8o,14.1,36.6e,"Infant mortality ratea,n (per 1 000 live births)",4.3,4.2,3.5e,Health: Current expenditure (% of GDP),6.5,6.9,"6.8p,d",Health: Physicians (per 1 000 pop.),2.2,2.6,2q,Education: Government expenditure (% of GDP),6.5,6.3,5.8r,Education: Primary gross enrol. ratiok (f/m per 100 pop.),101.6 /      101.6,99.3 /       99.3,99.3 /      100.2d,Education: Secondary gross enrol. ratiok (f/m per 100 pop.),92.0 /       90.9,99.4 /      100.1,99.0 /      101.5d,Education: Upper secondary gross enrol. ratiok (f/m per 100 pop.),88.1 /       86.0,99.6 /      100.3,97.4 /      101.5d,Intentional homicide rate (per 100 000 pop.),0.7,1.3,1.3d,Seats held by women in national parliaments (%),12.5,12.5,21.4s,,,,,,,,,,,,,,,,,,,,,,,,,,,,
"Infant mortality ratea,n (per 1 000 live births)",4.3,4.2,3.5e,Health: Current expenditure (% of GDP),6.5,6.9,"6.8p,d",Health: Physicians (per 1 000 pop.),2.2,2.6,2q,Education: Government expenditure (% of GDP),6.5,6.3,5.8r,Education: Primary gross enrol. ratiok (f/m per 100 pop.),101.6 /      101.6,99.3 /       99.3,99.3 /      100.2d,Education: Secondary gross enrol. ratiok (f/m per 100 pop.),92.0 /       90.9,99.4 /      100.1,99.0 /      101.5d,Education: Upper secondary gross enrol. ratiok (f/m per 100 pop.),88.1 /       86.0,99.6 /      100.3,97.4 /      101.5d,Intentional homicide rate (per 100 000 pop.),0.7,1.3,1.3d,Seats held by women in national parliaments (%),12.5,12.5,21.4s,,,,,,,,,,,,,,,,,,,,,,,,,,,,,,,,
Health: Current expenditure (% of GDP),6.5,6.9,"6.8p,d",Health: Physicians (per 1 000 pop.),2.2,2.6,2q,Education: Government expenditure (% of GDP),6.5,6.3,5.8r,Education: Primary gross enrol. ratiok (f/m per 100 pop.),101.6 /      101.6,99.3 /       99.3,99.3 /      100.2d,Education: Secondary gross enrol. ratiok (f/m per 100 pop.),92.0 /       90.9,99.4 /      100.1,99.0 /      101.5d,Education: Upper secondary gross enrol. ratiok (f/m per 100 pop.),88.1 /       86.0,99.6 /      100.3,97.4 /      101.5d,Intentional homicide rate (per 100 000 pop.),0.7,1.3,1.3d,Seats held by women in national parliaments (%),12.5,12.5,21.4s,,,,,,,,,,,,,,,,,,,,,,,,,,,,,,,,,,,,
Health: Physicians (per 1 000 pop.),2.2,2.6,2q,Education: Government expenditure (% of GDP),6.5,6.3,5.8r,Education: Primary gross enrol. ratiok (f/m per 100 pop.),101.6 /      101.6,99.3 /       99.3,99.3 /      100.2d,Education: Secondary gross enrol. ratiok (f/m per 100 pop.),92.0 /       90.9,99.4 /      100.1,99.0 /      101.5d,Education: Upper secondary gross enrol. ratiok (f/m per 100 pop.),88.1 /       86.0,99.6 /      100.3,97.4 /      101.5d,Intentional homicide rate (per 100 000 pop.),0.7,1.3,1.3d,Seats held by women in national parliaments (%),12.5,12.5,21.4s,,,,,,,,,,,,,,,,,,,,,,,,,,,,,,,,,,,,,,,,
Education: Government expenditure (% of GDP),6.5,6.3,5.8r,Education: Primary gross enrol. ratiok (f/m per 100 pop.),101.6 /      101.6,99.3 /       99.3,99.3 /      100.2d,Education: Secondary gross enrol. ratiok (f/m per 100 pop.),92.0 /       90.9,99.4 /      100.1,99.0 /      101.5d,Education: Upper secondary gross enrol. ratiok (f/m per 100 pop.),88.1 /       86.0,99.6 /      100.3,97.4 /      101.5d,Intentional homicide rate (per 100 000 pop.),0.7,1.3,1.3d,Seats held by women in national parliaments (%),12.5,12.5,21.4s,,,,,,,,,,,,,,,,,,,,,,,,,,,,,,,,,,,,,,,,,,,,
Education: Primary gross enrol. ratiok (f/m per 100 pop.),101.6 /      101.6,99.3 /       99.3,99.3 /      100.2d,Education: Secondary gross enrol. ratiok (f/m per 100 pop.),92.0 /       90.9,99.4 /      100.1,99.0 /      101.5d,Education: Upper secondary gross enrol. ratiok (f/m per 100 pop.),88.1 /       86.0,99.6 /      100.3,97.4 /      101.5d,Intentional homicide rate (per 100 000 pop.),0.7,1.3,1.3d,Seats held by women in national parliaments (%),12.5,12.5,21.4s,,,,,,,,,,,,,,,,,,,,,,,,,,,,,,,,,,,,,,,,,,,,,,,,
Education: Secondary gross enrol. ratiok (f/m per 100 pop.),92.0 /       90.9,99.4 /      100.1,99.0 /      101.5d,Education: Upper secondary gross enrol. ratiok (f/m per 100 pop.),88.1 /       86.0,99.6 /      100.3,97.4 /      101.5d,Intentional homicide rate (per 100 000 pop.),0.7,1.3,1.3d,Seats held by women in national parliaments (%),12.5,12.5,21.4s,,,,,,,,,,,,,,,,,,,,,,,,,,,,,,,,,,,,,,,,,,,,,,,,,,,,
Education: Upper secondary gross enrol. ratiok (f/m per 100 pop.),88.1 /       86.0,99.6 /      100.3,97.4 /      101.5d,Intentional homicide rate (per 100 000 pop.),0.7,1.3,1.3d,Seats held by women in national parliaments (%),12.5,12.5,21.4s,,,,,,,,,,,,,,,,,,,,,,,,,,,,,,,,,,,,,,,,,,,,,,,,,,,,,,,,
Intentional homicide rate (per 100 000 pop.),0.7,1.3,1.3d,Seats held by women in national parliaments (%),12.5,12.5,21.4s,,,,,,,,,,,,,,,,,,,,,,,,,,,,,,,,,,,,,,,,,,,,,,,,,,,,,,,,,,,,
Seats held by women in national parliaments (%),12.5,12.5,21.4s,,,,,,,,,,,,,,,,,,,,,,,,,,,,,,,,,,,,,,,,,,,,,,,,,,,,,,,,,,,,,,,,
