0,1,2,3,4,5,6,7,8,9,10,11,12,13,14,15,16,17,18,19,20,21,22,23,24,25,26,27,28,29,30,31,32,33,34,35,36,37,38,39,40,41,42,43,44,45,46,47,48,49,50,51,52,53,54,55,56,57,58,59,60,61,62,63
,2010,2015,2021,,,,,,,,,,,,,,,,,,,,,,,,,,,,,,,,,,,,,,,,,,,,,,,,,,,,,,,,,,,,
GDP: Gross domestic product (million current US$),28 124,45 362,53 859c,"GDP growth rate (annual %, const. 2015 prices)",25.3,-21.6,-4.7c,GDP per capita (current US$),52 253.0,75 341.4,84 096.7c,Economy: Industry (% of Gross Value Added),7.4,10.5,7.3c,Economy: Services and other activity (% of GVA),92.6,89.5,92.7c,Employment in agriculture (% of employed),0.4,0.4,"0.4e,d",Employment in industry (% of employed),13.7,15.8,"9.5e,d",Employment in services (% employed),85.9,83.8,"90.1e,d",Unemploymente (% of labour force),2.8,1.8,2.5d,Labour force participation ratee (female/male pop. %),65.3 /       76.9,66.6 /       77.2,64.6 /       76.2d,CPI: Consumer Price Index (2010=100),100,131f,"145f,d",Agricultural production index (2014-2016=100),106,86,82c,International trade: exports (million current US$),870,1 339,1 025d,International trade: imports (million current US$),5 629,10 603,11 950d,International trade: balance (million current US$),- 4 760,- 9 264,- 10 926d,"Balance of payments, current account (million US$)",10 992,10 513,18 556c
"GDP growth rate (annual %, const. 2015 prices)",25.3,-21.6,-4.7c,GDP per capita (current US$),52 253.0,75 341.4,84 096.7c,Economy: Industry (% of Gross Value Added),7.4,10.5,7.3c,Economy: Services and other activity (% of GVA),92.6,89.5,92.7c,Employment in agriculture (% of employed),0.4,0.4,"0.4e,d",Employment in industry (% of employed),13.7,15.8,"9.5e,d",Employment in services (% employed),85.9,83.8,"90.1e,d",Unemploymente (% of labour force),2.8,1.8,2.5d,Labour force participation ratee (female/male pop. %),65.3 /       76.9,66.6 /       77.2,64.6 /       76.2d,CPI: Consumer Price Index (2010=100),100,131f,"145f,d",Agricultural production index (2014-2016=100),106,86,82c,International trade: exports (million current US$),870,1 339,1 025d,International trade: imports (million current US$),5 629,10 603,11 950d,International trade: balance (million current US$),- 4 760,- 9 264,- 10 926d,"Balance of payments, current account (million US$)",10 992,10 513,18 556c,,,,
GDP per capita (current US$),52 253.0,75 341.4,84 096.7c,Economy: Industry (% of Gross Value Added),7.4,10.5,7.3c,Economy: Services and other activity (% of GVA),92.6,89.5,92.7c,Employment in agriculture (% of employed),0.4,0.4,"0.4e,d",Employment in industry (% of employed),13.7,15.8,"9.5e,d",Employment in services (% employed),85.9,83.8,"90.1e,d",Unemploymente (% of labour force),2.8,1.8,2.5d,Labour force participation ratee (female/male pop. %),65.3 /       76.9,66.6 /       77.2,64.6 /       76.2d,CPI: Consumer Price Index (2010=100),100,131f,"145f,d",Agricultural production index (2014-2016=100),106,86,82c,International trade: exports (million current US$),870,1 339,1 025d,International trade: imports (million current US$),5 629,10 603,11 950d,International trade: balance (million current US$),- 4 760,- 9 264,- 10 926d,"Balance of payments, current account (million US$)",10 992,10 513,18 556c,,,,,,,,
Economy: Industry (% of Gross Value Added),7.4,10.5,7.3c,Economy: Services and other activity (% of GVA),92.6,89.5,92.7c,Employment in agriculture (% of employed),0.4,0.4,"0.4e,d",Employment in industry (% of employed),13.7,15.8,"9.5e,d",Employment in services (% employed),85.9,83.8,"90.1e,d",Unemploymente (% of labour force),2.8,1.8,2.5d,Labour force participation ratee (female/male pop. %),65.3 /       76.9,66.6 /       77.2,64.6 /       76.2d,CPI: Consumer Price Index (2010=100),100,131f,"145f,d",Agricultural production index (2014-2016=100),106,86,82c,International trade: exports (million current US$),870,1 339,1 025d,International trade: imports (million current US$),5 629,10 603,11 950d,International trade: balance (million current US$),- 4 760,- 9 264,- 10 926d,"Balance of payments, current account (million US$)",10 992,10 513,18 556c,,,,,,,,,,,,
Economy: Services and other activity (% of GVA),92.6,89.5,92.7c,Employment in agriculture (% of employed),0.4,0.4,"0.4e,d",Employment in industry (% of employed),13.7,15.8,"9.5e,d",Employment in services (% employed),85.9,83.8,"90.1e,d",Unemploymente (% of labour force),2.8,1.8,2.5d,Labour force participation ratee (female/male pop. %),65.3 /       76.9,66.6 /       77.2,64.6 /       76.2d,CPI: Consumer Price Index (2010=100),100,131f,"145f,d",Agricultural production index (2014-2016=100),106,86,82c,International trade: exports (million current US$),870,1 339,1 025d,International trade: imports (million current US$),5 629,10 603,11 950d,International trade: balance (million current US$),- 4 760,- 9 264,- 10 926d,"Balance of payments, current account (million US$)",10 992,10 513,18 556c,,,,,,,,,,,,,,,,
Employment in agriculture (% of employed),0.4,0.4,"0.4e,d",Employment in industry (% of employed),13.7,15.8,"9.5e,d",Employment in services (% employed),85.9,83.8,"90.1e,d",Unemploymente (% of labour force),2.8,1.8,2.5d,Labour force participation ratee (female/male pop. %),65.3 /       76.9,66.6 /       77.2,64.6 /       76.2d,CPI: Consumer Price Index (2010=100),100,131f,"145f,d",Agricultural production index (2014-2016=100),106,86,82c,International trade: exports (million current US$),870,1 339,1 025d,International trade: imports (million current US$),5 629,10 603,11 950d,International trade: balance (million current US$),- 4 760,- 9 264,- 10 926d,"Balance of payments, current account (million US$)",10 992,10 513,18 556c,,,,,,,,,,,,,,,,,,,,
Employment in industry (% of employed),13.7,15.8,"9.5e,d",Employment in services (% employed),85.9,83.8,"90.1e,d",Unemploymente (% of labour force),2.8,1.8,2.5d,Labour force participation ratee (female/male pop. %),65.3 /       76.9,66.6 /       77.2,64.6 /       76.2d,CPI: Consumer Price Index (2010=100),100,131f,"145f,d",Agricultural production index (2014-2016=100),106,86,82c,International trade: exports (million current US$),870,1 339,1 025d,International trade: imports (million current US$),5 629,10 603,11 950d,International trade: balance (million current US$),- 4 760,- 9 264,- 10 926d,"Balance of payments, current account (million US$)",10 992,10 513,18 556c,,,,,,,,,,,,,,,,,,,,,,,,
Employment in services (% employed),85.9,83.8,"90.1e,d",Unemploymente (% of labour force),2.8,1.8,2.5d,Labour force participation ratee (female/male pop. %),65.3 /       76.9,66.6 /       77.2,64.6 /       76.2d,CPI: Consumer Price Index (2010=100),100,131f,"145f,d",Agricultural production index (2014-2016=100),106,86,82c,International trade: exports (million current US$),870,1 339,1 025d,International trade: imports (million current US$),5 629,10 603,11 950d,International trade: balance (million current US$),- 4 760,- 9 264,- 10 926d,"Balance of payments, current account (million US$)",10 992,10 513,18 556c,,,,,,,,,,,,,,,,,,,,,,,,,,,,
Unemploymente (% of labour force),2.8,1.8,2.5d,Labour force participation ratee (female/male pop. %),65.3 /       76.9,66.6 /       77.2,64.6 /       76.2d,CPI: Consumer Price Index (2010=100),100,131f,"145f,d",Agricultural production index (2014-2016=100),106,86,82c,International trade: exports (million current US$),870,1 339,1 025d,International trade: imports (million current US$),5 629,10 603,11 950d,International trade: balance (million current US$),- 4 760,- 9 264,- 10 926d,"Balance of payments, current account (million US$)",10 992,10 513,18 556c,,,,,,,,,,,,,,,,,,,,,,,,,,,,,,,,
Labour force participation ratee (female/male pop. %),65.3 /       76.9,66.6 /       77.2,64.6 /       76.2d,CPI: Consumer Price Index (2010=100),100,131f,"145f,d",Agricultural production index (2014-2016=100),106,86,82c,International trade: exports (million current US$),870,1 339,1 025d,International trade: imports (million current US$),5 629,10 603,11 950d,International trade: balance (million current US$),- 4 760,- 9 264,- 10 926d,"Balance of payments, current account (million US$)",10 992,10 513,18 556c,,,,,,,,,,,,,,,,,,,,,,,,,,,,,,,,,,,,
CPI: Consumer Price Index (2010=100),100,131f,"145f,d",Agricultural production index (2014-2016=100),106,86,82c,International trade: exports (million current US$),870,1 339,1 025d,International trade: imports (million current US$),5 629,10 603,11 950d,International trade: balance (million current US$),- 4 760,- 9 264,- 10 926d,"Balance of payments, current account (million US$)",10 992,10 513,18 556c,,,,,,,,,,,,,,,,,,,,,,,,,,,,,,,,,,,,,,,,
Agricultural production index (2014-2016=100),106,86,82c,International trade: exports (million current US$),870,1 339,1 025d,International trade: imports (million current US$),5 629,10 603,11 950d,International trade: balance (million current US$),- 4 760,- 9 264,- 10 926d,"Balance of payments, current account (million US$)",10 992,10 513,18 556c,,,,,,,,,,,,,,,,,,,,,,,,,,,,,,,,,,,,,,,,,,,,
International trade: exports (million current US$),870,1 339,1 025d,International trade: imports (million current US$),5 629,10 603,11 950d,International trade: balance (million current US$),- 4 760,- 9 264,- 10 926d,"Balance of payments, current account (million US$)",10 992,10 513,18 556c,,,,,,,,,,,,,,,,,,,,,,,,,,,,,,,,,,,,,,,,,,,,,,,,
International trade: imports (million current US$),5 629,10 603,11 950d,International trade: balance (million current US$),- 4 760,- 9 264,- 10 926d,"Balance of payments, current account (million US$)",10 992,10 513,18 556c,,,,,,,,,,,,,,,,,,,,,,,,,,,,,,,,,,,,,,,,,,,,,,,,,,,,
International trade: balance (million current US$),- 4 760,- 9 264,- 10 926d,"Balance of payments, current account (million US$)",10 992,10 513,18 556c,,,,,,,,,,,,,,,,,,,,,,,,,,,,,,,,,,,,,,,,,,,,,,,,,,,,,,,,
"Balance of payments, current account (million US$)",10 992,10 513,18 556c,,,,,,,,,,,,,,,,,,,,,,,,,,,,,,,,,,,,,,,,,,,,,,,,,,,,,,,,,,,,
