0,1,2,3,4,5,6,7,8,9,10,11,12,13,14,15,16,17,18,19,20,21,22,23,24,25,26,27,28,29,30,31,32,33,34,35
,2010,2015,2021,,,,,,,,,,,,,,,,,,,,,,,,,,,,,,,,
Individuals using the Internet (per 100 inhabitants),55.2j,"77.6j,k",86.5c,Research & Development expenditurel (% of GDP),0.1,0.1,0.2i,Threatened species (number),9,11,26,"Energy production, primary (Petajoules)",4e,5e,6i,Energy supply per capita (Gigajoules),60,74,66i,Tourist/visitor arrivals at national bordersm (000),11 926,14 308,18 633c,Important sites for terrestrial biodiversity protected (%),0,0,0d,"Pop. using safely managed drinking water (urban/rural, %)",100.0 / ...,100.0 / ...,100.0 / ...d,Pop. using safely managed sanitation (urban/rural %),55.8 / ...,61.2 / ...,66.6 / ...d
Research & Development expenditurel (% of GDP),0.1,0.1,0.2i,Threatened species (number),9,11,26,"Energy production, primary (Petajoules)",4e,5e,6i,Energy supply per capita (Gigajoules),60,74,66i,Tourist/visitor arrivals at national bordersm (000),11 926,14 308,18 633c,Important sites for terrestrial biodiversity protected (%),0,0,0d,"Pop. using safely managed drinking water (urban/rural, %)",100.0 / ...,100.0 / ...,100.0 / ...d,Pop. using safely managed sanitation (urban/rural %),55.8 / ...,61.2 / ...,66.6 / ...d,,,,
Threatened species (number),9,11,26,"Energy production, primary (Petajoules)",4e,5e,6i,Energy supply per capita (Gigajoules),60,74,66i,Tourist/visitor arrivals at national bordersm (000),11 926,14 308,18 633c,Important sites for terrestrial biodiversity protected (%),0,0,0d,"Pop. using safely managed drinking water (urban/rural, %)",100.0 / ...,100.0 / ...,100.0 / ...d,Pop. using safely managed sanitation (urban/rural %),55.8 / ...,61.2 / ...,66.6 / ...d,,,,,,,,
"Energy production, primary (Petajoules)",4e,5e,6i,Energy supply per capita (Gigajoules),60,74,66i,Tourist/visitor arrivals at national bordersm (000),11 926,14 308,18 633c,Important sites for terrestrial biodiversity protected (%),0,0,0d,"Pop. using safely managed drinking water (urban/rural, %)",100.0 / ...,100.0 / ...,100.0 / ...d,Pop. using safely managed sanitation (urban/rural %),55.8 / ...,61.2 / ...,66.6 / ...d,,,,,,,,,,,,
Energy supply per capita (Gigajoules),60,74,66i,Tourist/visitor arrivals at national bordersm (000),11 926,14 308,18 633c,Important sites for terrestrial biodiversity protected (%),0,0,0d,"Pop. using safely managed drinking water (urban/rural, %)",100.0 / ...,100.0 / ...,100.0 / ...d,Pop. using safely managed sanitation (urban/rural %),55.8 / ...,61.2 / ...,66.6 / ...d,,,,,,,,,,,,,,,,
Tourist/visitor arrivals at national bordersm (000),11 926,14 308,18 633c,Important sites for terrestrial biodiversity protected (%),0,0,0d,"Pop. using safely managed drinking water (urban/rural, %)",100.0 / ...,100.0 / ...,100.0 / ...d,Pop. using safely managed sanitation (urban/rural %),55.8 / ...,61.2 / ...,66.6 / ...d,,,,,,,,,,,,,,,,,,,,
Important sites for terrestrial biodiversity protected (%),0,0,0d,"Pop. using safely managed drinking water (urban/rural, %)",100.0 / ...,100.0 / ...,100.0 / ...d,Pop. using safely managed sanitation (urban/rural %),55.8 / ...,61.2 / ...,66.6 / ...d,,,,,,,,,,,,,,,,,,,,,,,,
"Pop. using safely managed drinking water (urban/rural, %)",100.0 / ...,100.0 / ...,100.0 / ...d,Pop. using safely managed sanitation (urban/rural %),55.8 / ...,61.2 / ...,66.6 / ...d,,,,,,,,,,,,,,,,,,,,,,,,,,,,
Pop. using safely managed sanitation (urban/rural %),55.8 / ...,61.2 / ...,66.6 / ...d,,,,,,,,,,,,,,,,,,,,,,,,,,,,,,,,
