0,1,2,3,4,5,6,7,8,9,10,11,12,13,14,15,16,17,18,19,20,21,22,23,24,25,26,27,28,29,30,31
,2010,2015,2021,,,,,,,,,,,,,,,,,,,,,,,,,,,,
Individuals using the Internetd (per 100 inhabitants),54,73.1,80.5i,Research & Development expenditure (% of GDP),0.3j,...,...,Threatened species (number),34,95,111,Forested area (% of land area),44.4,46.3,51.9c,"Energy production, primary (Petajoules)",...,0,0c,Energy supply per capita (Gigajoules),...,0,1c,Tourist/visitor arrivals at national bordersk (000),1 197,1 409,1 667b,Important sites for terrestrial biodiversity protected (%),2.4,2.4,2.4e
Research & Development expenditure (% of GDP),0.3j,...,...,Threatened species (number),34,95,111,Forested area (% of land area),44.4,46.3,51.9c,"Energy production, primary (Petajoules)",...,0,0c,Energy supply per capita (Gigajoules),...,0,1c,Tourist/visitor arrivals at national bordersk (000),1 197,1 409,1 667b,Important sites for terrestrial biodiversity protected (%),2.4,2.4,2.4e,,,,
Threatened species (number),34,95,111,Forested area (% of land area),44.4,46.3,51.9c,"Energy production, primary (Petajoules)",...,0,0c,Energy supply per capita (Gigajoules),...,0,1c,Tourist/visitor arrivals at national bordersk (000),1 197,1 409,1 667b,Important sites for terrestrial biodiversity protected (%),2.4,2.4,2.4e,,,,,,,,
Forested area (% of land area),44.4,46.3,51.9c,"Energy production, primary (Petajoules)",...,0,0c,Energy supply per capita (Gigajoules),...,0,1c,Tourist/visitor arrivals at national bordersk (000),1 197,1 409,1 667b,Important sites for terrestrial biodiversity protected (%),2.4,2.4,2.4e,,,,,,,,,,,,
"Energy production, primary (Petajoules)",...,0,0c,Energy supply per capita (Gigajoules),...,0,1c,Tourist/visitor arrivals at national bordersk (000),1 197,1 409,1 667b,Important sites for terrestrial biodiversity protected (%),2.4,2.4,2.4e,,,,,,,,,,,,,,,,
Energy supply per capita (Gigajoules),...,0,1c,Tourist/visitor arrivals at national bordersk (000),1 197,1 409,1 667b,Important sites for terrestrial biodiversity protected (%),2.4,2.4,2.4e,,,,,,,,,,,,,,,,,,,,
Tourist/visitor arrivals at national bordersk (000),1 197,1 409,1 667b,Important sites for terrestrial biodiversity protected (%),2.4,2.4,2.4e,,,,,,,,,,,,,,,,,,,,,,,,
Important sites for terrestrial biodiversity protected (%),2.4,2.4,2.4e,,,,,,,,,,,,,,,,,,,,,,,,,,,,
