0,1,2,3,4,5,6,7,8,9,10,11,12,13,14,15,16,17,18,19,20,21,22,23,24,25,26,27,28,29,30,31,32,33,34,35
,2010,2015,2021,,,,,,,,,,,,,,,,,,,,,,,,,,,,,,,,
Population growth rateg (average annual %),0.1,0.3,0.8e,Urban population (% of total population),94.1,94.5,94.9b,Urban population growth rateg (average annual %),0.2,0.4,...,"Fertility rate, totalg (live births per woman)",2.5,2.4,2.3e,"Life expectancy at birthg (females/males, years)",80.3 /       74.7,81.8 /       75.5,83.3 /       76.5e,"Population age distribution (0-14/60+ years old, %)",27.5 /       11.1,25.5 /       13.1,23.6 /       15.7a,International migrant stock (000/% of total pop.),75.4 /       47.3,76.1 /       47.0,80.5 /       47.7e,Infant mortality rateg (per 1 000 live births),11.4,10.1,8.7e,Intentional homicide rate (per 100 000 pop.),1.9,2.5h,...
Urban population (% of total population),94.1,94.5,94.9b,Urban population growth rateg (average annual %),0.2,0.4,...,"Fertility rate, totalg (live births per woman)",2.5,2.4,2.3e,"Life expectancy at birthg (females/males, years)",80.3 /       74.7,81.8 /       75.5,83.3 /       76.5e,"Population age distribution (0-14/60+ years old, %)",27.5 /       11.1,25.5 /       13.1,23.6 /       15.7a,International migrant stock (000/% of total pop.),75.4 /       47.3,76.1 /       47.0,80.5 /       47.7e,Infant mortality rateg (per 1 000 live births),11.4,10.1,8.7e,Intentional homicide rate (per 100 000 pop.),1.9,2.5h,...,,,,
Urban population growth rateg (average annual %),0.2,0.4,...,"Fertility rate, totalg (live births per woman)",2.5,2.4,2.3e,"Life expectancy at birthg (females/males, years)",80.3 /       74.7,81.8 /       75.5,83.3 /       76.5e,"Population age distribution (0-14/60+ years old, %)",27.5 /       11.1,25.5 /       13.1,23.6 /       15.7a,International migrant stock (000/% of total pop.),75.4 /       47.3,76.1 /       47.0,80.5 /       47.7e,Infant mortality rateg (per 1 000 live births),11.4,10.1,8.7e,Intentional homicide rate (per 100 000 pop.),1.9,2.5h,...,,,,,,,,
"Fertility rate, totalg (live births per woman)",2.5,2.4,2.3e,"Life expectancy at birthg (females/males, years)",80.3 /       74.7,81.8 /       75.5,83.3 /       76.5e,"Population age distribution (0-14/60+ years old, %)",27.5 /       11.1,25.5 /       13.1,23.6 /       15.7a,International migrant stock (000/% of total pop.),75.4 /       47.3,76.1 /       47.0,80.5 /       47.7e,Infant mortality rateg (per 1 000 live births),11.4,10.1,8.7e,Intentional homicide rate (per 100 000 pop.),1.9,2.5h,...,,,,,,,,,,,,
"Life expectancy at birthg (females/males, years)",80.3 /       74.7,81.8 /       75.5,83.3 /       76.5e,"Population age distribution (0-14/60+ years old, %)",27.5 /       11.1,25.5 /       13.1,23.6 /       15.7a,International migrant stock (000/% of total pop.),75.4 /       47.3,76.1 /       47.0,80.5 /       47.7e,Infant mortality rateg (per 1 000 live births),11.4,10.1,8.7e,Intentional homicide rate (per 100 000 pop.),1.9,2.5h,...,,,,,,,,,,,,,,,,
"Population age distribution (0-14/60+ years old, %)",27.5 /       11.1,25.5 /       13.1,23.6 /       15.7a,International migrant stock (000/% of total pop.),75.4 /       47.3,76.1 /       47.0,80.5 /       47.7e,Infant mortality rateg (per 1 000 live births),11.4,10.1,8.7e,Intentional homicide rate (per 100 000 pop.),1.9,2.5h,...,,,,,,,,,,,,,,,,,,,,
International migrant stock (000/% of total pop.),75.4 /       47.3,76.1 /       47.0,80.5 /       47.7e,Infant mortality rateg (per 1 000 live births),11.4,10.1,8.7e,Intentional homicide rate (per 100 000 pop.),1.9,2.5h,...,,,,,,,,,,,,,,,,,,,,,,,,
Infant mortality rateg (per 1 000 live births),11.4,10.1,8.7e,Intentional homicide rate (per 100 000 pop.),1.9,2.5h,...,,,,,,,,,,,,,,,,,,,,,,,,,,,,
Intentional homicide rate (per 100 000 pop.),1.9,2.5h,...,,,,,,,,,,,,,,,,,,,,,,,,,,,,,,,,
