0,1,2,3,4,5,6,7,8,9,10,11,12,13,14,15,16,17,18,19,20,21,22,23,24,25,26,27,28,29,30,31,32,33,34,35,36,37,38,39,40,41,42,43,44,45,46,47,48,49,50,51,52,53,54,55,56,57,58,59,60,61,62,63,64,65,66,67
,2010,2015,2021,,,,,,,,,,,,,,,,,,,,,,,,,,,,,,,,,,,,,,,,,,,,,,,,,,,,,,,,,,,,,,,,
GDP: Gross domestic product (million current US$),26 264,45 780,58 540b,"GDP growth rate (annual %, const. 2015 prices)",7.7,14.9,6.2b,GDP per capita (current US$),1 279.1,1 971.1,2 276.3b,Economy: Agriculture (% of Gross Value Added),25.2,19.8,22.1b,Economy: Industry (% of Gross Value Added),22.6,21.1,22.7b,Economy: Services and other activity (% of GVA),52.2,59.1,55.2b,Employment in agricultureg (% of employed),47.3,43.6,39.3f,Employment in industryg (% of employed),11.4,12.1,13.4f,Employment in servicesg (% employed),41.4,44.4,47.3f,Unemploymentg (% of labour force),6.7,3.1,3.4f,Labour force participation rateg (female/male pop. %),47.8 /       72.1,47.8 /       67.2,48.3 /       65.4f,"CPI: Consumer Price Indexg,h (2010=100)",100,111,114f,Agricultural production index (2014-2016=100),75,104,114b,International trade: exports (million current US$),10 284,12 560,"12 181g,f",International trade: imports (million current US$),7 849,10 406,"10 482g,f",International trade: balance (million current US$),2 434,2 154,"1 699g,f","Balance of payments, current account (million US$)",465,-201,- 1 349b
"GDP growth rate (annual %, const. 2015 prices)",7.7,14.9,6.2b,GDP per capita (current US$),1 279.1,1 971.1,2 276.3b,Economy: Agriculture (% of Gross Value Added),25.2,19.8,22.1b,Economy: Industry (% of Gross Value Added),22.6,21.1,22.7b,Economy: Services and other activity (% of GVA),52.2,59.1,55.2b,Employment in agricultureg (% of employed),47.3,43.6,39.3f,Employment in industryg (% of employed),11.4,12.1,13.4f,Employment in servicesg (% employed),41.4,44.4,47.3f,Unemploymentg (% of labour force),6.7,3.1,3.4f,Labour force participation rateg (female/male pop. %),47.8 /       72.1,47.8 /       67.2,48.3 /       65.4f,"CPI: Consumer Price Indexg,h (2010=100)",100,111,114f,Agricultural production index (2014-2016=100),75,104,114b,International trade: exports (million current US$),10 284,12 560,"12 181g,f",International trade: imports (million current US$),7 849,10 406,"10 482g,f",International trade: balance (million current US$),2 434,2 154,"1 699g,f","Balance of payments, current account (million US$)",465,-201,- 1 349b,,,,
GDP per capita (current US$),1 279.1,1 971.1,2 276.3b,Economy: Agriculture (% of Gross Value Added),25.2,19.8,22.1b,Economy: Industry (% of Gross Value Added),22.6,21.1,22.7b,Economy: Services and other activity (% of GVA),52.2,59.1,55.2b,Employment in agricultureg (% of employed),47.3,43.6,39.3f,Employment in industryg (% of employed),11.4,12.1,13.4f,Employment in servicesg (% employed),41.4,44.4,47.3f,Unemploymentg (% of labour force),6.7,3.1,3.4f,Labour force participation rateg (female/male pop. %),47.8 /       72.1,47.8 /       67.2,48.3 /       65.4f,"CPI: Consumer Price Indexg,h (2010=100)",100,111,114f,Agricultural production index (2014-2016=100),75,104,114b,International trade: exports (million current US$),10 284,12 560,"12 181g,f",International trade: imports (million current US$),7 849,10 406,"10 482g,f",International trade: balance (million current US$),2 434,2 154,"1 699g,f","Balance of payments, current account (million US$)",465,-201,- 1 349b,,,,,,,,
Economy: Agriculture (% of Gross Value Added),25.2,19.8,22.1b,Economy: Industry (% of Gross Value Added),22.6,21.1,22.7b,Economy: Services and other activity (% of GVA),52.2,59.1,55.2b,Employment in agricultureg (% of employed),47.3,43.6,39.3f,Employment in industryg (% of employed),11.4,12.1,13.4f,Employment in servicesg (% employed),41.4,44.4,47.3f,Unemploymentg (% of labour force),6.7,3.1,3.4f,Labour force participation rateg (female/male pop. %),47.8 /       72.1,47.8 /       67.2,48.3 /       65.4f,"CPI: Consumer Price Indexg,h (2010=100)",100,111,114f,Agricultural production index (2014-2016=100),75,104,114b,International trade: exports (million current US$),10 284,12 560,"12 181g,f",International trade: imports (million current US$),7 849,10 406,"10 482g,f",International trade: balance (million current US$),2 434,2 154,"1 699g,f","Balance of payments, current account (million US$)",465,-201,- 1 349b,,,,,,,,,,,,
Economy: Industry (% of Gross Value Added),22.6,21.1,22.7b,Economy: Services and other activity (% of GVA),52.2,59.1,55.2b,Employment in agricultureg (% of employed),47.3,43.6,39.3f,Employment in industryg (% of employed),11.4,12.1,13.4f,Employment in servicesg (% employed),41.4,44.4,47.3f,Unemploymentg (% of labour force),6.7,3.1,3.4f,Labour force participation rateg (female/male pop. %),47.8 /       72.1,47.8 /       67.2,48.3 /       65.4f,"CPI: Consumer Price Indexg,h (2010=100)",100,111,114f,Agricultural production index (2014-2016=100),75,104,114b,International trade: exports (million current US$),10 284,12 560,"12 181g,f",International trade: imports (million current US$),7 849,10 406,"10 482g,f",International trade: balance (million current US$),2 434,2 154,"1 699g,f","Balance of payments, current account (million US$)",465,-201,- 1 349b,,,,,,,,,,,,,,,,
Economy: Services and other activity (% of GVA),52.2,59.1,55.2b,Employment in agricultureg (% of employed),47.3,43.6,39.3f,Employment in industryg (% of employed),11.4,12.1,13.4f,Employment in servicesg (% employed),41.4,44.4,47.3f,Unemploymentg (% of labour force),6.7,3.1,3.4f,Labour force participation rateg (female/male pop. %),47.8 /       72.1,47.8 /       67.2,48.3 /       65.4f,"CPI: Consumer Price Indexg,h (2010=100)",100,111,114f,Agricultural production index (2014-2016=100),75,104,114b,International trade: exports (million current US$),10 284,12 560,"12 181g,f",International trade: imports (million current US$),7 849,10 406,"10 482g,f",International trade: balance (million current US$),2 434,2 154,"1 699g,f","Balance of payments, current account (million US$)",465,-201,- 1 349b,,,,,,,,,,,,,,,,,,,,
Employment in agricultureg (% of employed),47.3,43.6,39.3f,Employment in industryg (% of employed),11.4,12.1,13.4f,Employment in servicesg (% employed),41.4,44.4,47.3f,Unemploymentg (% of labour force),6.7,3.1,3.4f,Labour force participation rateg (female/male pop. %),47.8 /       72.1,47.8 /       67.2,48.3 /       65.4f,"CPI: Consumer Price Indexg,h (2010=100)",100,111,114f,Agricultural production index (2014-2016=100),75,104,114b,International trade: exports (million current US$),10 284,12 560,"12 181g,f",International trade: imports (million current US$),7 849,10 406,"10 482g,f",International trade: balance (million current US$),2 434,2 154,"1 699g,f","Balance of payments, current account (million US$)",465,-201,- 1 349b,,,,,,,,,,,,,,,,,,,,,,,,
Employment in industryg (% of employed),11.4,12.1,13.4f,Employment in servicesg (% employed),41.4,44.4,47.3f,Unemploymentg (% of labour force),6.7,3.1,3.4f,Labour force participation rateg (female/male pop. %),47.8 /       72.1,47.8 /       67.2,48.3 /       65.4f,"CPI: Consumer Price Indexg,h (2010=100)",100,111,114f,Agricultural production index (2014-2016=100),75,104,114b,International trade: exports (million current US$),10 284,12 560,"12 181g,f",International trade: imports (million current US$),7 849,10 406,"10 482g,f",International trade: balance (million current US$),2 434,2 154,"1 699g,f","Balance of payments, current account (million US$)",465,-201,- 1 349b,,,,,,,,,,,,,,,,,,,,,,,,,,,,
Employment in servicesg (% employed),41.4,44.4,47.3f,Unemploymentg (% of labour force),6.7,3.1,3.4f,Labour force participation rateg (female/male pop. %),47.8 /       72.1,47.8 /       67.2,48.3 /       65.4f,"CPI: Consumer Price Indexg,h (2010=100)",100,111,114f,Agricultural production index (2014-2016=100),75,104,114b,International trade: exports (million current US$),10 284,12 560,"12 181g,f",International trade: imports (million current US$),7 849,10 406,"10 482g,f",International trade: balance (million current US$),2 434,2 154,"1 699g,f","Balance of payments, current account (million US$)",465,-201,- 1 349b,,,,,,,,,,,,,,,,,,,,,,,,,,,,,,,,
Unemploymentg (% of labour force),6.7,3.1,3.4f,Labour force participation rateg (female/male pop. %),47.8 /       72.1,47.8 /       67.2,48.3 /       65.4f,"CPI: Consumer Price Indexg,h (2010=100)",100,111,114f,Agricultural production index (2014-2016=100),75,104,114b,International trade: exports (million current US$),10 284,12 560,"12 181g,f",International trade: imports (million current US$),7 849,10 406,"10 482g,f",International trade: balance (million current US$),2 434,2 154,"1 699g,f","Balance of payments, current account (million US$)",465,-201,- 1 349b,,,,,,,,,,,,,,,,,,,,,,,,,,,,,,,,,,,,
Labour force participation rateg (female/male pop. %),47.8 /       72.1,47.8 /       67.2,48.3 /       65.4f,"CPI: Consumer Price Indexg,h (2010=100)",100,111,114f,Agricultural production index (2014-2016=100),75,104,114b,International trade: exports (million current US$),10 284,12 560,"12 181g,f",International trade: imports (million current US$),7 849,10 406,"10 482g,f",International trade: balance (million current US$),2 434,2 154,"1 699g,f","Balance of payments, current account (million US$)",465,-201,- 1 349b,,,,,,,,,,,,,,,,,,,,,,,,,,,,,,,,,,,,,,,,
"CPI: Consumer Price Indexg,h (2010=100)",100,111,114f,Agricultural production index (2014-2016=100),75,104,114b,International trade: exports (million current US$),10 284,12 560,"12 181g,f",International trade: imports (million current US$),7 849,10 406,"10 482g,f",International trade: balance (million current US$),2 434,2 154,"1 699g,f","Balance of payments, current account (million US$)",465,-201,- 1 349b,,,,,,,,,,,,,,,,,,,,,,,,,,,,,,,,,,,,,,,,,,,,
Agricultural production index (2014-2016=100),75,104,114b,International trade: exports (million current US$),10 284,12 560,"12 181g,f",International trade: imports (million current US$),7 849,10 406,"10 482g,f",International trade: balance (million current US$),2 434,2 154,"1 699g,f","Balance of payments, current account (million US$)",465,-201,- 1 349b,,,,,,,,,,,,,,,,,,,,,,,,,,,,,,,,,,,,,,,,,,,,,,,,
International trade: exports (million current US$),10 284,12 560,"12 181g,f",International trade: imports (million current US$),7 849,10 406,"10 482g,f",International trade: balance (million current US$),2 434,2 154,"1 699g,f","Balance of payments, current account (million US$)",465,-201,- 1 349b,,,,,,,,,,,,,,,,,,,,,,,,,,,,,,,,,,,,,,,,,,,,,,,,,,,,
International trade: imports (million current US$),7 849,10 406,"10 482g,f",International trade: balance (million current US$),2 434,2 154,"1 699g,f","Balance of payments, current account (million US$)",465,-201,- 1 349b,,,,,,,,,,,,,,,,,,,,,,,,,,,,,,,,,,,,,,,,,,,,,,,,,,,,,,,,
International trade: balance (million current US$),2 434,2 154,"1 699g,f","Balance of payments, current account (million US$)",465,-201,- 1 349b,,,,,,,,,,,,,,,,,,,,,,,,,,,,,,,,,,,,,,,,,,,,,,,,,,,,,,,,,,,,
"Balance of payments, current account (million US$)",465,-201,- 1 349b,,,,,,,,,,,,,,,,,,,,,,,,,,,,,,,,,,,,,,,,,,,,,,,,,,,,,,,,,,,,,,,,
