0,1,2,3,4,5,6,7,8,9,10,11,12,13,14,15,16,17,18,19,20,21,22,23,24,25,26,27,28,29,30,31,32,33,34,35,36,37,38,39,40,41,42,43
,2010,2015,2021,,,,,,,,,,,,,,,,,,,,,,,,,,,,,,,,,,,,,,,,
Individuals using the Internet (per 100 inhabitants),2.7g,38.4,36.3b,Research & Development expenditure (% of GDP),...,...,"0.1q,r,s",Threatened species (number),210,226,298,Forested areag (% of land area),12.5,10.7,9.6e,CO2 emission estimates (million tons/tons per capita),6.2 /        0.3,9.6 /        0.4,9.9 /        0.4e,"Energy production, primary (Petajoules)",467,526,415e,Energy supply per capita (Gigajoules),21,23,17e,Tourist/visitor arrivals at national borders (000),252t,"1 441u,v",1 965e,Important sites for terrestrial biodiversity protected (%),73.8,73.8,73.8f,"Pop. using safely managed drinking water (urban/rural, %)",55.7 /       15.8,55.1 /       15.2,54.5 /       14.6f,Net Official Development Assist. received (% of GNI),3.52,1.45,2.06b
Research & Development expenditure (% of GDP),...,...,"0.1q,r,s",Threatened species (number),210,226,298,Forested areag (% of land area),12.5,10.7,9.6e,CO2 emission estimates (million tons/tons per capita),6.2 /        0.3,9.6 /        0.4,9.9 /        0.4e,"Energy production, primary (Petajoules)",467,526,415e,Energy supply per capita (Gigajoules),21,23,17e,Tourist/visitor arrivals at national borders (000),252t,"1 441u,v",1 965e,Important sites for terrestrial biodiversity protected (%),73.8,73.8,73.8f,"Pop. using safely managed drinking water (urban/rural, %)",55.7 /       15.8,55.1 /       15.2,54.5 /       14.6f,Net Official Development Assist. received (% of GNI),3.52,1.45,2.06b,,,,
Threatened species (number),210,226,298,Forested areag (% of land area),12.5,10.7,9.6e,CO2 emission estimates (million tons/tons per capita),6.2 /        0.3,9.6 /        0.4,9.9 /        0.4e,"Energy production, primary (Petajoules)",467,526,415e,Energy supply per capita (Gigajoules),21,23,17e,Tourist/visitor arrivals at national borders (000),252t,"1 441u,v",1 965e,Important sites for terrestrial biodiversity protected (%),73.8,73.8,73.8f,"Pop. using safely managed drinking water (urban/rural, %)",55.7 /       15.8,55.1 /       15.2,54.5 /       14.6f,Net Official Development Assist. received (% of GNI),3.52,1.45,2.06b,,,,,,,,
Forested areag (% of land area),12.5,10.7,9.6e,CO2 emission estimates (million tons/tons per capita),6.2 /        0.3,9.6 /        0.4,9.9 /        0.4e,"Energy production, primary (Petajoules)",467,526,415e,Energy supply per capita (Gigajoules),21,23,17e,Tourist/visitor arrivals at national borders (000),252t,"1 441u,v",1 965e,Important sites for terrestrial biodiversity protected (%),73.8,73.8,73.8f,"Pop. using safely managed drinking water (urban/rural, %)",55.7 /       15.8,55.1 /       15.2,54.5 /       14.6f,Net Official Development Assist. received (% of GNI),3.52,1.45,2.06b,,,,,,,,,,,,
CO2 emission estimates (million tons/tons per capita),6.2 /        0.3,9.6 /        0.4,9.9 /        0.4e,"Energy production, primary (Petajoules)",467,526,415e,Energy supply per capita (Gigajoules),21,23,17e,Tourist/visitor arrivals at national borders (000),252t,"1 441u,v",1 965e,Important sites for terrestrial biodiversity protected (%),73.8,73.8,73.8f,"Pop. using safely managed drinking water (urban/rural, %)",55.7 /       15.8,55.1 /       15.2,54.5 /       14.6f,Net Official Development Assist. received (% of GNI),3.52,1.45,2.06b,,,,,,,,,,,,,,,,
"Energy production, primary (Petajoules)",467,526,415e,Energy supply per capita (Gigajoules),21,23,17e,Tourist/visitor arrivals at national borders (000),252t,"1 441u,v",1 965e,Important sites for terrestrial biodiversity protected (%),73.8,73.8,73.8f,"Pop. using safely managed drinking water (urban/rural, %)",55.7 /       15.8,55.1 /       15.2,54.5 /       14.6f,Net Official Development Assist. received (% of GNI),3.52,1.45,2.06b,,,,,,,,,,,,,,,,,,,,
Energy supply per capita (Gigajoules),21,23,17e,Tourist/visitor arrivals at national borders (000),252t,"1 441u,v",1 965e,Important sites for terrestrial biodiversity protected (%),73.8,73.8,73.8f,"Pop. using safely managed drinking water (urban/rural, %)",55.7 /       15.8,55.1 /       15.2,54.5 /       14.6f,Net Official Development Assist. received (% of GNI),3.52,1.45,2.06b,,,,,,,,,,,,,,,,,,,,,,,,
Tourist/visitor arrivals at national borders (000),252t,"1 441u,v",1 965e,Important sites for terrestrial biodiversity protected (%),73.8,73.8,73.8f,"Pop. using safely managed drinking water (urban/rural, %)",55.7 /       15.8,55.1 /       15.2,54.5 /       14.6f,Net Official Development Assist. received (% of GNI),3.52,1.45,2.06b,,,,,,,,,,,,,,,,,,,,,,,,,,,,
Important sites for terrestrial biodiversity protected (%),73.8,73.8,73.8f,"Pop. using safely managed drinking water (urban/rural, %)",55.7 /       15.8,55.1 /       15.2,54.5 /       14.6f,Net Official Development Assist. received (% of GNI),3.52,1.45,2.06b,,,,,,,,,,,,,,,,,,,,,,,,,,,,,,,,
"Pop. using safely managed drinking water (urban/rural, %)",55.7 /       15.8,55.1 /       15.2,54.5 /       14.6f,Net Official Development Assist. received (% of GNI),3.52,1.45,2.06b,,,,,,,,,,,,,,,,,,,,,,,,,,,,,,,,,,,,
Net Official Development Assist. received (% of GNI),3.52,1.45,2.06b,,,,,,,,,,,,,,,,,,,,,,,,,,,,,,,,,,,,,,,,
