0,1,2,3,4,5,6,7,8,9,10,11,12,13,14,15,16,17,18,19,20,21,22,23,24,25,26,27,28,29,30,31,32,33,34,35,36,37,38,39,40,41,42,43,44,45,46,47,48,49,50,51,52,53,54,55,56,57,58,59,60,61,62,63,64,65,66,67
,2010,2015,2021,,,,,,,,,,,,,,,,,,,,,,,,,,,,,,,,,,,,,,,,,,,,,,,,,,,,,,,,,,,,,,,,
GDP: Gross domestic product (million current US$),249 181,234 440,269 296d,"GDP growth rate (annual %, const. 2015 prices)",3.2,0.5,1.1d,GDP per capita (current US$),46 438.9,42 772.3,48 678.4d,Economy: Agriculturef (% of Gross Value Added),2.8,2.6,2.7d,"Economy: Industryg,h (% of Gross Value Added)",29.9,27,28d,Economy: Services and other activityi (% of GVA),67.3,70.4,69.4d,Employment in agriculture (% of employed),4.4,4.2,"3.5j,e",Employment in industry (% of employed),23.3,21.7,"22j,e",Employment in services (% employed),72.3,74.1,"74.5j,e",Unemploymentj (% of labour force),8.4,9.4,6.7e,Labour force participation ratej (female/male pop. %),56.0 /       63.9,55.5 /       62.3,55.3 /       62.5e,CPI: Consumer Price Index (2010=100),100k,109k,113e,Agricultural production index (2014-2016=100),94,100,102d,International trade: exports (million current US$),70 117,59 682,65 600e,International trade: imports (million current US$),68 767,60 174,67 878e,International trade: balance (million current US$),1 349,-492,- 2 279e,"Balance of payments, current account (million US$)",2 792,- 2 209,2 342e
"GDP growth rate (annual %, const. 2015 prices)",3.2,0.5,1.1d,GDP per capita (current US$),46 438.9,42 772.3,48 678.4d,Economy: Agriculturef (% of Gross Value Added),2.8,2.6,2.7d,"Economy: Industryg,h (% of Gross Value Added)",29.9,27,28d,Economy: Services and other activityi (% of GVA),67.3,70.4,69.4d,Employment in agriculture (% of employed),4.4,4.2,"3.5j,e",Employment in industry (% of employed),23.3,21.7,"22j,e",Employment in services (% employed),72.3,74.1,"74.5j,e",Unemploymentj (% of labour force),8.4,9.4,6.7e,Labour force participation ratej (female/male pop. %),56.0 /       63.9,55.5 /       62.3,55.3 /       62.5e,CPI: Consumer Price Index (2010=100),100k,109k,113e,Agricultural production index (2014-2016=100),94,100,102d,International trade: exports (million current US$),70 117,59 682,65 600e,International trade: imports (million current US$),68 767,60 174,67 878e,International trade: balance (million current US$),1 349,-492,- 2 279e,"Balance of payments, current account (million US$)",2 792,- 2 209,2 342e,,,,
GDP per capita (current US$),46 438.9,42 772.3,48 678.4d,Economy: Agriculturef (% of Gross Value Added),2.8,2.6,2.7d,"Economy: Industryg,h (% of Gross Value Added)",29.9,27,28d,Economy: Services and other activityi (% of GVA),67.3,70.4,69.4d,Employment in agriculture (% of employed),4.4,4.2,"3.5j,e",Employment in industry (% of employed),23.3,21.7,"22j,e",Employment in services (% employed),72.3,74.1,"74.5j,e",Unemploymentj (% of labour force),8.4,9.4,6.7e,Labour force participation ratej (female/male pop. %),56.0 /       63.9,55.5 /       62.3,55.3 /       62.5e,CPI: Consumer Price Index (2010=100),100k,109k,113e,Agricultural production index (2014-2016=100),94,100,102d,International trade: exports (million current US$),70 117,59 682,65 600e,International trade: imports (million current US$),68 767,60 174,67 878e,International trade: balance (million current US$),1 349,-492,- 2 279e,"Balance of payments, current account (million US$)",2 792,- 2 209,2 342e,,,,,,,,
Economy: Agriculturef (% of Gross Value Added),2.8,2.6,2.7d,"Economy: Industryg,h (% of Gross Value Added)",29.9,27,28d,Economy: Services and other activityi (% of GVA),67.3,70.4,69.4d,Employment in agriculture (% of employed),4.4,4.2,"3.5j,e",Employment in industry (% of employed),23.3,21.7,"22j,e",Employment in services (% employed),72.3,74.1,"74.5j,e",Unemploymentj (% of labour force),8.4,9.4,6.7e,Labour force participation ratej (female/male pop. %),56.0 /       63.9,55.5 /       62.3,55.3 /       62.5e,CPI: Consumer Price Index (2010=100),100k,109k,113e,Agricultural production index (2014-2016=100),94,100,102d,International trade: exports (million current US$),70 117,59 682,65 600e,International trade: imports (million current US$),68 767,60 174,67 878e,International trade: balance (million current US$),1 349,-492,- 2 279e,"Balance of payments, current account (million US$)",2 792,- 2 209,2 342e,,,,,,,,,,,,
"Economy: Industryg,h (% of Gross Value Added)",29.9,27,28d,Economy: Services and other activityi (% of GVA),67.3,70.4,69.4d,Employment in agriculture (% of employed),4.4,4.2,"3.5j,e",Employment in industry (% of employed),23.3,21.7,"22j,e",Employment in services (% employed),72.3,74.1,"74.5j,e",Unemploymentj (% of labour force),8.4,9.4,6.7e,Labour force participation ratej (female/male pop. %),56.0 /       63.9,55.5 /       62.3,55.3 /       62.5e,CPI: Consumer Price Index (2010=100),100k,109k,113e,Agricultural production index (2014-2016=100),94,100,102d,International trade: exports (million current US$),70 117,59 682,65 600e,International trade: imports (million current US$),68 767,60 174,67 878e,International trade: balance (million current US$),1 349,-492,- 2 279e,"Balance of payments, current account (million US$)",2 792,- 2 209,2 342e,,,,,,,,,,,,,,,,
Economy: Services and other activityi (% of GVA),67.3,70.4,69.4d,Employment in agriculture (% of employed),4.4,4.2,"3.5j,e",Employment in industry (% of employed),23.3,21.7,"22j,e",Employment in services (% employed),72.3,74.1,"74.5j,e",Unemploymentj (% of labour force),8.4,9.4,6.7e,Labour force participation ratej (female/male pop. %),56.0 /       63.9,55.5 /       62.3,55.3 /       62.5e,CPI: Consumer Price Index (2010=100),100k,109k,113e,Agricultural production index (2014-2016=100),94,100,102d,International trade: exports (million current US$),70 117,59 682,65 600e,International trade: imports (million current US$),68 767,60 174,67 878e,International trade: balance (million current US$),1 349,-492,- 2 279e,"Balance of payments, current account (million US$)",2 792,- 2 209,2 342e,,,,,,,,,,,,,,,,,,,,
Employment in agriculture (% of employed),4.4,4.2,"3.5j,e",Employment in industry (% of employed),23.3,21.7,"22j,e",Employment in services (% employed),72.3,74.1,"74.5j,e",Unemploymentj (% of labour force),8.4,9.4,6.7e,Labour force participation ratej (female/male pop. %),56.0 /       63.9,55.5 /       62.3,55.3 /       62.5e,CPI: Consumer Price Index (2010=100),100k,109k,113e,Agricultural production index (2014-2016=100),94,100,102d,International trade: exports (million current US$),70 117,59 682,65 600e,International trade: imports (million current US$),68 767,60 174,67 878e,International trade: balance (million current US$),1 349,-492,- 2 279e,"Balance of payments, current account (million US$)",2 792,- 2 209,2 342e,,,,,,,,,,,,,,,,,,,,,,,,
Employment in industry (% of employed),23.3,21.7,"22j,e",Employment in services (% employed),72.3,74.1,"74.5j,e",Unemploymentj (% of labour force),8.4,9.4,6.7e,Labour force participation ratej (female/male pop. %),56.0 /       63.9,55.5 /       62.3,55.3 /       62.5e,CPI: Consumer Price Index (2010=100),100k,109k,113e,Agricultural production index (2014-2016=100),94,100,102d,International trade: exports (million current US$),70 117,59 682,65 600e,International trade: imports (million current US$),68 767,60 174,67 878e,International trade: balance (million current US$),1 349,-492,- 2 279e,"Balance of payments, current account (million US$)",2 792,- 2 209,2 342e,,,,,,,,,,,,,,,,,,,,,,,,,,,,
Employment in services (% employed),72.3,74.1,"74.5j,e",Unemploymentj (% of labour force),8.4,9.4,6.7e,Labour force participation ratej (female/male pop. %),56.0 /       63.9,55.5 /       62.3,55.3 /       62.5e,CPI: Consumer Price Index (2010=100),100k,109k,113e,Agricultural production index (2014-2016=100),94,100,102d,International trade: exports (million current US$),70 117,59 682,65 600e,International trade: imports (million current US$),68 767,60 174,67 878e,International trade: balance (million current US$),1 349,-492,- 2 279e,"Balance of payments, current account (million US$)",2 792,- 2 209,2 342e,,,,,,,,,,,,,,,,,,,,,,,,,,,,,,,,
Unemploymentj (% of labour force),8.4,9.4,6.7e,Labour force participation ratej (female/male pop. %),56.0 /       63.9,55.5 /       62.3,55.3 /       62.5e,CPI: Consumer Price Index (2010=100),100k,109k,113e,Agricultural production index (2014-2016=100),94,100,102d,International trade: exports (million current US$),70 117,59 682,65 600e,International trade: imports (million current US$),68 767,60 174,67 878e,International trade: balance (million current US$),1 349,-492,- 2 279e,"Balance of payments, current account (million US$)",2 792,- 2 209,2 342e,,,,,,,,,,,,,,,,,,,,,,,,,,,,,,,,,,,,
Labour force participation ratej (female/male pop. %),56.0 /       63.9,55.5 /       62.3,55.3 /       62.5e,CPI: Consumer Price Index (2010=100),100k,109k,113e,Agricultural production index (2014-2016=100),94,100,102d,International trade: exports (million current US$),70 117,59 682,65 600e,International trade: imports (million current US$),68 767,60 174,67 878e,International trade: balance (million current US$),1 349,-492,- 2 279e,"Balance of payments, current account (million US$)",2 792,- 2 209,2 342e,,,,,,,,,,,,,,,,,,,,,,,,,,,,,,,,,,,,,,,,
CPI: Consumer Price Index (2010=100),100k,109k,113e,Agricultural production index (2014-2016=100),94,100,102d,International trade: exports (million current US$),70 117,59 682,65 600e,International trade: imports (million current US$),68 767,60 174,67 878e,International trade: balance (million current US$),1 349,-492,- 2 279e,"Balance of payments, current account (million US$)",2 792,- 2 209,2 342e,,,,,,,,,,,,,,,,,,,,,,,,,,,,,,,,,,,,,,,,,,,,
Agricultural production index (2014-2016=100),94,100,102d,International trade: exports (million current US$),70 117,59 682,65 600e,International trade: imports (million current US$),68 767,60 174,67 878e,International trade: balance (million current US$),1 349,-492,- 2 279e,"Balance of payments, current account (million US$)",2 792,- 2 209,2 342e,,,,,,,,,,,,,,,,,,,,,,,,,,,,,,,,,,,,,,,,,,,,,,,,
International trade: exports (million current US$),70 117,59 682,65 600e,International trade: imports (million current US$),68 767,60 174,67 878e,International trade: balance (million current US$),1 349,-492,- 2 279e,"Balance of payments, current account (million US$)",2 792,- 2 209,2 342e,,,,,,,,,,,,,,,,,,,,,,,,,,,,,,,,,,,,,,,,,,,,,,,,,,,,
International trade: imports (million current US$),68 767,60 174,67 878e,International trade: balance (million current US$),1 349,-492,- 2 279e,"Balance of payments, current account (million US$)",2 792,- 2 209,2 342e,,,,,,,,,,,,,,,,,,,,,,,,,,,,,,,,,,,,,,,,,,,,,,,,,,,,,,,,
International trade: balance (million current US$),1 349,-492,- 2 279e,"Balance of payments, current account (million US$)",2 792,- 2 209,2 342e,,,,,,,,,,,,,,,,,,,,,,,,,,,,,,,,,,,,,,,,,,,,,,,,,,,,,,,,,,,,
"Balance of payments, current account (million US$)",2 792,- 2 209,2 342e,,,,,,,,,,,,,,,,,,,,,,,,,,,,,,,,,,,,,,,,,,,,,,,,,,,,,,,,,,,,,,,,
