0,1,2,3,4,5,6,7,8,9,10,11,12,13,14,15,16,17,18,19,20,21,22,23,24,25,26,27,28,29,30,31,32,33,34,35,36,37,38,39,40,41,42,43,44,45,46,47,48,49,50,51,52,53,54,55,56,57,58,59,60,61,62,63,64,65,66,67
,2010,2015,2021,,,,,,,,,,,,,,,,,,,,,,,,,,,,,,,,,,,,,,,,,,,,,,,,,,,,,,,,,,,,,,,,
"Population growth rateb,l (average annual %)",0.4,0.4,0.2e,Urban populationb (% of total population),83.8,85.2,85.4d,"Urban population growth rateb,l (average annual %)",0.6,0.8,...,"Fertility rate, totalb,l (live births per woman)",1.8,1.8,1.5e,"Life expectancy at birthb,l (females/males, years)",82.9 /       76.1,83.7 /       77.7,84.5 /       78.8e,"Population age distributionb (0-14/60+ years old, %)",16.5 /       24.8,16.4 /       27.0,15.6 /       29.4a,International migrant stockb (000/% of total pop.),228.5 /        4.3,314.9 /        5.7,386.1 /        7.0e,Refugees and others of concern to UNHCR (000),14m,16.3,33.3e,"Infant mortality rateb,l (per 1 000 live births)",2.7,2.1,1.7e,Health: Current expenditure (% of GDP),9.1,9.6,9n,Health: Physicians (per 1 000 pop.),3.3,3.3,4.6n,Education: Government expenditure (% of GDP),6.5,7,6.4o,Education: Primary gross enrol. ratio (f/m per 100 pop.),99.1 /       99.8,100.3 /      100.8,99.9 /      100.5n,Education: Secondary gross enrol. ratio (f/m per 100 pop.),110.1 /      105.2,157.5 /      142.9,162.6 /      147.4n,Education: Upper secondary gross enrol. ratio (f/m per 100 pop.),120.5 /      110.2,210.2 /      181.8,222.0 /      189.7n,Intentional homicide rate (per 100 000 pop.),2.2,1.5,1.6n,Seats held by women in national parliaments (%),40,42.5,46p
Urban populationb (% of total population),83.8,85.2,85.4d,"Urban population growth rateb,l (average annual %)",0.6,0.8,...,"Fertility rate, totalb,l (live births per woman)",1.8,1.8,1.5e,"Life expectancy at birthb,l (females/males, years)",82.9 /       76.1,83.7 /       77.7,84.5 /       78.8e,"Population age distributionb (0-14/60+ years old, %)",16.5 /       24.8,16.4 /       27.0,15.6 /       29.4a,International migrant stockb (000/% of total pop.),228.5 /        4.3,314.9 /        5.7,386.1 /        7.0e,Refugees and others of concern to UNHCR (000),14m,16.3,33.3e,"Infant mortality rateb,l (per 1 000 live births)",2.7,2.1,1.7e,Health: Current expenditure (% of GDP),9.1,9.6,9n,Health: Physicians (per 1 000 pop.),3.3,3.3,4.6n,Education: Government expenditure (% of GDP),6.5,7,6.4o,Education: Primary gross enrol. ratio (f/m per 100 pop.),99.1 /       99.8,100.3 /      100.8,99.9 /      100.5n,Education: Secondary gross enrol. ratio (f/m per 100 pop.),110.1 /      105.2,157.5 /      142.9,162.6 /      147.4n,Education: Upper secondary gross enrol. ratio (f/m per 100 pop.),120.5 /      110.2,210.2 /      181.8,222.0 /      189.7n,Intentional homicide rate (per 100 000 pop.),2.2,1.5,1.6n,Seats held by women in national parliaments (%),40,42.5,46p,,,,
"Urban population growth rateb,l (average annual %)",0.6,0.8,...,"Fertility rate, totalb,l (live births per woman)",1.8,1.8,1.5e,"Life expectancy at birthb,l (females/males, years)",82.9 /       76.1,83.7 /       77.7,84.5 /       78.8e,"Population age distributionb (0-14/60+ years old, %)",16.5 /       24.8,16.4 /       27.0,15.6 /       29.4a,International migrant stockb (000/% of total pop.),228.5 /        4.3,314.9 /        5.7,386.1 /        7.0e,Refugees and others of concern to UNHCR (000),14m,16.3,33.3e,"Infant mortality rateb,l (per 1 000 live births)",2.7,2.1,1.7e,Health: Current expenditure (% of GDP),9.1,9.6,9n,Health: Physicians (per 1 000 pop.),3.3,3.3,4.6n,Education: Government expenditure (% of GDP),6.5,7,6.4o,Education: Primary gross enrol. ratio (f/m per 100 pop.),99.1 /       99.8,100.3 /      100.8,99.9 /      100.5n,Education: Secondary gross enrol. ratio (f/m per 100 pop.),110.1 /      105.2,157.5 /      142.9,162.6 /      147.4n,Education: Upper secondary gross enrol. ratio (f/m per 100 pop.),120.5 /      110.2,210.2 /      181.8,222.0 /      189.7n,Intentional homicide rate (per 100 000 pop.),2.2,1.5,1.6n,Seats held by women in national parliaments (%),40,42.5,46p,,,,,,,,
"Fertility rate, totalb,l (live births per woman)",1.8,1.8,1.5e,"Life expectancy at birthb,l (females/males, years)",82.9 /       76.1,83.7 /       77.7,84.5 /       78.8e,"Population age distributionb (0-14/60+ years old, %)",16.5 /       24.8,16.4 /       27.0,15.6 /       29.4a,International migrant stockb (000/% of total pop.),228.5 /        4.3,314.9 /        5.7,386.1 /        7.0e,Refugees and others of concern to UNHCR (000),14m,16.3,33.3e,"Infant mortality rateb,l (per 1 000 live births)",2.7,2.1,1.7e,Health: Current expenditure (% of GDP),9.1,9.6,9n,Health: Physicians (per 1 000 pop.),3.3,3.3,4.6n,Education: Government expenditure (% of GDP),6.5,7,6.4o,Education: Primary gross enrol. ratio (f/m per 100 pop.),99.1 /       99.8,100.3 /      100.8,99.9 /      100.5n,Education: Secondary gross enrol. ratio (f/m per 100 pop.),110.1 /      105.2,157.5 /      142.9,162.6 /      147.4n,Education: Upper secondary gross enrol. ratio (f/m per 100 pop.),120.5 /      110.2,210.2 /      181.8,222.0 /      189.7n,Intentional homicide rate (per 100 000 pop.),2.2,1.5,1.6n,Seats held by women in national parliaments (%),40,42.5,46p,,,,,,,,,,,,
"Life expectancy at birthb,l (females/males, years)",82.9 /       76.1,83.7 /       77.7,84.5 /       78.8e,"Population age distributionb (0-14/60+ years old, %)",16.5 /       24.8,16.4 /       27.0,15.6 /       29.4a,International migrant stockb (000/% of total pop.),228.5 /        4.3,314.9 /        5.7,386.1 /        7.0e,Refugees and others of concern to UNHCR (000),14m,16.3,33.3e,"Infant mortality rateb,l (per 1 000 live births)",2.7,2.1,1.7e,Health: Current expenditure (% of GDP),9.1,9.6,9n,Health: Physicians (per 1 000 pop.),3.3,3.3,4.6n,Education: Government expenditure (% of GDP),6.5,7,6.4o,Education: Primary gross enrol. ratio (f/m per 100 pop.),99.1 /       99.8,100.3 /      100.8,99.9 /      100.5n,Education: Secondary gross enrol. ratio (f/m per 100 pop.),110.1 /      105.2,157.5 /      142.9,162.6 /      147.4n,Education: Upper secondary gross enrol. ratio (f/m per 100 pop.),120.5 /      110.2,210.2 /      181.8,222.0 /      189.7n,Intentional homicide rate (per 100 000 pop.),2.2,1.5,1.6n,Seats held by women in national parliaments (%),40,42.5,46p,,,,,,,,,,,,,,,,
"Population age distributionb (0-14/60+ years old, %)",16.5 /       24.8,16.4 /       27.0,15.6 /       29.4a,International migrant stockb (000/% of total pop.),228.5 /        4.3,314.9 /        5.7,386.1 /        7.0e,Refugees and others of concern to UNHCR (000),14m,16.3,33.3e,"Infant mortality rateb,l (per 1 000 live births)",2.7,2.1,1.7e,Health: Current expenditure (% of GDP),9.1,9.6,9n,Health: Physicians (per 1 000 pop.),3.3,3.3,4.6n,Education: Government expenditure (% of GDP),6.5,7,6.4o,Education: Primary gross enrol. ratio (f/m per 100 pop.),99.1 /       99.8,100.3 /      100.8,99.9 /      100.5n,Education: Secondary gross enrol. ratio (f/m per 100 pop.),110.1 /      105.2,157.5 /      142.9,162.6 /      147.4n,Education: Upper secondary gross enrol. ratio (f/m per 100 pop.),120.5 /      110.2,210.2 /      181.8,222.0 /      189.7n,Intentional homicide rate (per 100 000 pop.),2.2,1.5,1.6n,Seats held by women in national parliaments (%),40,42.5,46p,,,,,,,,,,,,,,,,,,,,
International migrant stockb (000/% of total pop.),228.5 /        4.3,314.9 /        5.7,386.1 /        7.0e,Refugees and others of concern to UNHCR (000),14m,16.3,33.3e,"Infant mortality rateb,l (per 1 000 live births)",2.7,2.1,1.7e,Health: Current expenditure (% of GDP),9.1,9.6,9n,Health: Physicians (per 1 000 pop.),3.3,3.3,4.6n,Education: Government expenditure (% of GDP),6.5,7,6.4o,Education: Primary gross enrol. ratio (f/m per 100 pop.),99.1 /       99.8,100.3 /      100.8,99.9 /      100.5n,Education: Secondary gross enrol. ratio (f/m per 100 pop.),110.1 /      105.2,157.5 /      142.9,162.6 /      147.4n,Education: Upper secondary gross enrol. ratio (f/m per 100 pop.),120.5 /      110.2,210.2 /      181.8,222.0 /      189.7n,Intentional homicide rate (per 100 000 pop.),2.2,1.5,1.6n,Seats held by women in national parliaments (%),40,42.5,46p,,,,,,,,,,,,,,,,,,,,,,,,
Refugees and others of concern to UNHCR (000),14m,16.3,33.3e,"Infant mortality rateb,l (per 1 000 live births)",2.7,2.1,1.7e,Health: Current expenditure (% of GDP),9.1,9.6,9n,Health: Physicians (per 1 000 pop.),3.3,3.3,4.6n,Education: Government expenditure (% of GDP),6.5,7,6.4o,Education: Primary gross enrol. ratio (f/m per 100 pop.),99.1 /       99.8,100.3 /      100.8,99.9 /      100.5n,Education: Secondary gross enrol. ratio (f/m per 100 pop.),110.1 /      105.2,157.5 /      142.9,162.6 /      147.4n,Education: Upper secondary gross enrol. ratio (f/m per 100 pop.),120.5 /      110.2,210.2 /      181.8,222.0 /      189.7n,Intentional homicide rate (per 100 000 pop.),2.2,1.5,1.6n,Seats held by women in national parliaments (%),40,42.5,46p,,,,,,,,,,,,,,,,,,,,,,,,,,,,
"Infant mortality rateb,l (per 1 000 live births)",2.7,2.1,1.7e,Health: Current expenditure (% of GDP),9.1,9.6,9n,Health: Physicians (per 1 000 pop.),3.3,3.3,4.6n,Education: Government expenditure (% of GDP),6.5,7,6.4o,Education: Primary gross enrol. ratio (f/m per 100 pop.),99.1 /       99.8,100.3 /      100.8,99.9 /      100.5n,Education: Secondary gross enrol. ratio (f/m per 100 pop.),110.1 /      105.2,157.5 /      142.9,162.6 /      147.4n,Education: Upper secondary gross enrol. ratio (f/m per 100 pop.),120.5 /      110.2,210.2 /      181.8,222.0 /      189.7n,Intentional homicide rate (per 100 000 pop.),2.2,1.5,1.6n,Seats held by women in national parliaments (%),40,42.5,46p,,,,,,,,,,,,,,,,,,,,,,,,,,,,,,,,
Health: Current expenditure (% of GDP),9.1,9.6,9n,Health: Physicians (per 1 000 pop.),3.3,3.3,4.6n,Education: Government expenditure (% of GDP),6.5,7,6.4o,Education: Primary gross enrol. ratio (f/m per 100 pop.),99.1 /       99.8,100.3 /      100.8,99.9 /      100.5n,Education: Secondary gross enrol. ratio (f/m per 100 pop.),110.1 /      105.2,157.5 /      142.9,162.6 /      147.4n,Education: Upper secondary gross enrol. ratio (f/m per 100 pop.),120.5 /      110.2,210.2 /      181.8,222.0 /      189.7n,Intentional homicide rate (per 100 000 pop.),2.2,1.5,1.6n,Seats held by women in national parliaments (%),40,42.5,46p,,,,,,,,,,,,,,,,,,,,,,,,,,,,,,,,,,,,
Health: Physicians (per 1 000 pop.),3.3,3.3,4.6n,Education: Government expenditure (% of GDP),6.5,7,6.4o,Education: Primary gross enrol. ratio (f/m per 100 pop.),99.1 /       99.8,100.3 /      100.8,99.9 /      100.5n,Education: Secondary gross enrol. ratio (f/m per 100 pop.),110.1 /      105.2,157.5 /      142.9,162.6 /      147.4n,Education: Upper secondary gross enrol. ratio (f/m per 100 pop.),120.5 /      110.2,210.2 /      181.8,222.0 /      189.7n,Intentional homicide rate (per 100 000 pop.),2.2,1.5,1.6n,Seats held by women in national parliaments (%),40,42.5,46p,,,,,,,,,,,,,,,,,,,,,,,,,,,,,,,,,,,,,,,,
Education: Government expenditure (% of GDP),6.5,7,6.4o,Education: Primary gross enrol. ratio (f/m per 100 pop.),99.1 /       99.8,100.3 /      100.8,99.9 /      100.5n,Education: Secondary gross enrol. ratio (f/m per 100 pop.),110.1 /      105.2,157.5 /      142.9,162.6 /      147.4n,Education: Upper secondary gross enrol. ratio (f/m per 100 pop.),120.5 /      110.2,210.2 /      181.8,222.0 /      189.7n,Intentional homicide rate (per 100 000 pop.),2.2,1.5,1.6n,Seats held by women in national parliaments (%),40,42.5,46p,,,,,,,,,,,,,,,,,,,,,,,,,,,,,,,,,,,,,,,,,,,,
Education: Primary gross enrol. ratio (f/m per 100 pop.),99.1 /       99.8,100.3 /      100.8,99.9 /      100.5n,Education: Secondary gross enrol. ratio (f/m per 100 pop.),110.1 /      105.2,157.5 /      142.9,162.6 /      147.4n,Education: Upper secondary gross enrol. ratio (f/m per 100 pop.),120.5 /      110.2,210.2 /      181.8,222.0 /      189.7n,Intentional homicide rate (per 100 000 pop.),2.2,1.5,1.6n,Seats held by women in national parliaments (%),40,42.5,46p,,,,,,,,,,,,,,,,,,,,,,,,,,,,,,,,,,,,,,,,,,,,,,,,
Education: Secondary gross enrol. ratio (f/m per 100 pop.),110.1 /      105.2,157.5 /      142.9,162.6 /      147.4n,Education: Upper secondary gross enrol. ratio (f/m per 100 pop.),120.5 /      110.2,210.2 /      181.8,222.0 /      189.7n,Intentional homicide rate (per 100 000 pop.),2.2,1.5,1.6n,Seats held by women in national parliaments (%),40,42.5,46p,,,,,,,,,,,,,,,,,,,,,,,,,,,,,,,,,,,,,,,,,,,,,,,,,,,,
Education: Upper secondary gross enrol. ratio (f/m per 100 pop.),120.5 /      110.2,210.2 /      181.8,222.0 /      189.7n,Intentional homicide rate (per 100 000 pop.),2.2,1.5,1.6n,Seats held by women in national parliaments (%),40,42.5,46p,,,,,,,,,,,,,,,,,,,,,,,,,,,,,,,,,,,,,,,,,,,,,,,,,,,,,,,,
Intentional homicide rate (per 100 000 pop.),2.2,1.5,1.6n,Seats held by women in national parliaments (%),40,42.5,46p,,,,,,,,,,,,,,,,,,,,,,,,,,,,,,,,,,,,,,,,,,,,,,,,,,,,,,,,,,,,
Seats held by women in national parliaments (%),40,42.5,46p,,,,,,,,,,,,,,,,,,,,,,,,,,,,,,,,,,,,,,,,,,,,,,,,,,,,,,,,,,,,,,,,
