0,1,2,3,4,5,6,7,8,9,10,11,12,13,14,15,16,17,18,19
,2010,2015,2021,,,,,,,,,,,,,,,,
"Employment in industrye,f (% of employed)",14.1,14.9g,...,"Employment in servicese,f (% employed)",51.5,58.3g,...,Unemploymentf (% of labour force),21,"21.3h,i",...,Labour force participation rate (female/male pop. %),43.2 /       54.9f,"48.4 /       58.8f,h,i",... / ...,CPI: Consumer Price Indexj (2010=100),100,105,"108k,d"
"Employment in servicese,f (% employed)",51.5,58.3g,...,Unemploymentf (% of labour force),21,"21.3h,i",...,Labour force participation rate (female/male pop. %),43.2 /       54.9f,"48.4 /       58.8f,h,i",... / ...,CPI: Consumer Price Indexj (2010=100),100,105,"108k,d",,,,
Unemploymentf (% of labour force),21,"21.3h,i",...,Labour force participation rate (female/male pop. %),43.2 /       54.9f,"48.4 /       58.8f,h,i",... / ...,CPI: Consumer Price Indexj (2010=100),100,105,"108k,d",,,,,,,,
Labour force participation rate (female/male pop. %),43.2 /       54.9f,"48.4 /       58.8f,h,i",... / ...,CPI: Consumer Price Indexj (2010=100),100,105,"108k,d",,,,,,,,,,,,
CPI: Consumer Price Indexj (2010=100),100,105,"108k,d",,,,,,,,,,,,,,,,
