0,1,2,3,4,5,6,7,8,9,10,11,12,13,14,15,16,17,18,19,20,21,22,23
,2010,2015,2021,,,,,,,,,,,,,,,,,,,,
Individuals using the Internet (per 100 inhabitants),"25.7o,n",...,...,Threatened species (number),56,67,108,Forested area (% of land area),97.1o,96.8,"96.7o,c","Energy production, primary (Petajoules)",3o,...,...,Tourist/visitor arrivals at national bordersp (000),83n,87,111q,Important sites for terrestrial biodiversity protected (%),81,81.3,83.1d
Threatened species (number),56,67,108,Forested area (% of land area),97.1o,96.8,"96.7o,c","Energy production, primary (Petajoules)",3o,...,...,Tourist/visitor arrivals at national bordersp (000),83n,87,111q,Important sites for terrestrial biodiversity protected (%),81,81.3,83.1d,,,,
Forested area (% of land area),97.1o,96.8,"96.7o,c","Energy production, primary (Petajoules)",3o,...,...,Tourist/visitor arrivals at national bordersp (000),83n,87,111q,Important sites for terrestrial biodiversity protected (%),81,81.3,83.1d,,,,,,,,
"Energy production, primary (Petajoules)",3o,...,...,Tourist/visitor arrivals at national bordersp (000),83n,87,111q,Important sites for terrestrial biodiversity protected (%),81,81.3,83.1d,,,,,,,,,,,,
Tourist/visitor arrivals at national bordersp (000),83n,87,111q,Important sites for terrestrial biodiversity protected (%),81,81.3,83.1d,,,,,,,,,,,,,,,,
Important sites for terrestrial biodiversity protected (%),81,81.3,83.1d,,,,,,,,,,,,,,,,,,,,
