0,1,2,3,4,5,6,7,8,9,10,11,12,13,14,15,16,17,18,19,20,21,22,23,24,25,26,27,28,29,30,31,32,33,34,35
,2010,2015,2021,,,,,,,,,,,,,,,,,,,,,,,,,,,,,,,,
Population growth ratel (average annual %),2.8,2.3,2.7d,Urban population (% of total population),82.9,84.5,85.6b,Urban population growth ratel (average annual %),3.2,3.1,...,"Fertility rate, totall (live births per woman)",3.6,3.4,3.4d,"Life expectancy at birthl (females/males, years)",81.5 /       75.0,82.8 /       76.2,83.0 /       76.7d,"Population age distribution (0-14/60+ years old, %)",34.9 /        6.6,33.5 /        7.3,31.7 /        9.1a,International migrant stockm (000/% of total pop.),96.3 /       41.3,106.1 /       40.7,119.2 /       39.9d,Infant mortality ratel (per 1 000 live births),10.5,9.1,8.7d,Intentional homicide rate (per 100 000 pop.),13.2n,...,...
Urban population (% of total population),82.9,84.5,85.6b,Urban population growth ratel (average annual %),3.2,3.1,...,"Fertility rate, totall (live births per woman)",3.6,3.4,3.4d,"Life expectancy at birthl (females/males, years)",81.5 /       75.0,82.8 /       76.2,83.0 /       76.7d,"Population age distribution (0-14/60+ years old, %)",34.9 /        6.6,33.5 /        7.3,31.7 /        9.1a,International migrant stockm (000/% of total pop.),96.3 /       41.3,106.1 /       40.7,119.2 /       39.9d,Infant mortality ratel (per 1 000 live births),10.5,9.1,8.7d,Intentional homicide rate (per 100 000 pop.),13.2n,...,...,,,,
Urban population growth ratel (average annual %),3.2,3.1,...,"Fertility rate, totall (live births per woman)",3.6,3.4,3.4d,"Life expectancy at birthl (females/males, years)",81.5 /       75.0,82.8 /       76.2,83.0 /       76.7d,"Population age distribution (0-14/60+ years old, %)",34.9 /        6.6,33.5 /        7.3,31.7 /        9.1a,International migrant stockm (000/% of total pop.),96.3 /       41.3,106.1 /       40.7,119.2 /       39.9d,Infant mortality ratel (per 1 000 live births),10.5,9.1,8.7d,Intentional homicide rate (per 100 000 pop.),13.2n,...,...,,,,,,,,
"Fertility rate, totall (live births per woman)",3.6,3.4,3.4d,"Life expectancy at birthl (females/males, years)",81.5 /       75.0,82.8 /       76.2,83.0 /       76.7d,"Population age distribution (0-14/60+ years old, %)",34.9 /        6.6,33.5 /        7.3,31.7 /        9.1a,International migrant stockm (000/% of total pop.),96.3 /       41.3,106.1 /       40.7,119.2 /       39.9d,Infant mortality ratel (per 1 000 live births),10.5,9.1,8.7d,Intentional homicide rate (per 100 000 pop.),13.2n,...,...,,,,,,,,,,,,
"Life expectancy at birthl (females/males, years)",81.5 /       75.0,82.8 /       76.2,83.0 /       76.7d,"Population age distribution (0-14/60+ years old, %)",34.9 /        6.6,33.5 /        7.3,31.7 /        9.1a,International migrant stockm (000/% of total pop.),96.3 /       41.3,106.1 /       40.7,119.2 /       39.9d,Infant mortality ratel (per 1 000 live births),10.5,9.1,8.7d,Intentional homicide rate (per 100 000 pop.),13.2n,...,...,,,,,,,,,,,,,,,,
"Population age distribution (0-14/60+ years old, %)",34.9 /        6.6,33.5 /        7.3,31.7 /        9.1a,International migrant stockm (000/% of total pop.),96.3 /       41.3,106.1 /       40.7,119.2 /       39.9d,Infant mortality ratel (per 1 000 live births),10.5,9.1,8.7d,Intentional homicide rate (per 100 000 pop.),13.2n,...,...,,,,,,,,,,,,,,,,,,,,
International migrant stockm (000/% of total pop.),96.3 /       41.3,106.1 /       40.7,119.2 /       39.9d,Infant mortality ratel (per 1 000 live births),10.5,9.1,8.7d,Intentional homicide rate (per 100 000 pop.),13.2n,...,...,,,,,,,,,,,,,,,,,,,,,,,,
Infant mortality ratel (per 1 000 live births),10.5,9.1,8.7d,Intentional homicide rate (per 100 000 pop.),13.2n,...,...,,,,,,,,,,,,,,,,,,,,,,,,,,,,
Intentional homicide rate (per 100 000 pop.),13.2n,...,...,,,,,,,,,,,,,,,,,,,,,,,,,,,,,,,,
