0,1,2,3,4,5,6,7,8,9,10,11,12,13,14,15,16,17,18,19,20,21,22,23,24,25,26,27,28,29,30,31,32,33,34,35,36,37,38,39,40,41,42,43,44,45,46,47,48,49,50,51,52,53,54,55,56,57,58,59
,2010,2015,2021,,,,,,,,,,,,,,,,,,,,,,,,,,,,,,,,,,,,,,,,,,,,,,,,,,,,,,,,
GDP: Gross domestic product (million current US$),64 328,87 206,105 355b,"GDP growth rate (annual %, const. 2015 prices)",2.4,4.4,2b,GDP per capita (current US$),5 730.4,7 700.4,9 295.9b,Economy: Agriculture (% of Gross Value Added),3.7,3.9,3.9b,Economy: Industry (% of Gross Value Added),23.1,22.6,24.3b,Economy: Services and other activity (% of GVA),73.2,73.5,71.8b,Employment in agriculture (% of employed),18.6,18.6f,"17.3f,e",Employment in industry (% of employed),17.1,17.1f,"16.8f,e",Employment in services (% employed),64.3,64.3f,"65.9f,e",Unemploymentf (% of labour force),2.5,2.4,1.6e,Labour force participation ratef (female/male pop. %),42.0 /       68.4,41.6 /       67.1,40.5 /       66.7e,Agricultural production index (2014-2016=100),86,100,88b,International trade: exportsf (million current US$),4 914,3 618,573e,International trade: importsf (million current US$),11 488,12 638,6 580e,International trade: balancef (million current US$),- 6 574,- 9 020,- 6 008e
"GDP growth rate (annual %, const. 2015 prices)",2.4,4.4,2b,GDP per capita (current US$),5 730.4,7 700.4,9 295.9b,Economy: Agriculture (% of Gross Value Added),3.7,3.9,3.9b,Economy: Industry (% of Gross Value Added),23.1,22.6,24.3b,Economy: Services and other activity (% of GVA),73.2,73.5,71.8b,Employment in agriculture (% of employed),18.6,18.6f,"17.3f,e",Employment in industry (% of employed),17.1,17.1f,"16.8f,e",Employment in services (% employed),64.3,64.3f,"65.9f,e",Unemploymentf (% of labour force),2.5,2.4,1.6e,Labour force participation ratef (female/male pop. %),42.0 /       68.4,41.6 /       67.1,40.5 /       66.7e,Agricultural production index (2014-2016=100),86,100,88b,International trade: exportsf (million current US$),4 914,3 618,573e,International trade: importsf (million current US$),11 488,12 638,6 580e,International trade: balancef (million current US$),- 6 574,- 9 020,- 6 008e,,,,
GDP per capita (current US$),5 730.4,7 700.4,9 295.9b,Economy: Agriculture (% of Gross Value Added),3.7,3.9,3.9b,Economy: Industry (% of Gross Value Added),23.1,22.6,24.3b,Economy: Services and other activity (% of GVA),73.2,73.5,71.8b,Employment in agriculture (% of employed),18.6,18.6f,"17.3f,e",Employment in industry (% of employed),17.1,17.1f,"16.8f,e",Employment in services (% employed),64.3,64.3f,"65.9f,e",Unemploymentf (% of labour force),2.5,2.4,1.6e,Labour force participation ratef (female/male pop. %),42.0 /       68.4,41.6 /       67.1,40.5 /       66.7e,Agricultural production index (2014-2016=100),86,100,88b,International trade: exportsf (million current US$),4 914,3 618,573e,International trade: importsf (million current US$),11 488,12 638,6 580e,International trade: balancef (million current US$),- 6 574,- 9 020,- 6 008e,,,,,,,,
Economy: Agriculture (% of Gross Value Added),3.7,3.9,3.9b,Economy: Industry (% of Gross Value Added),23.1,22.6,24.3b,Economy: Services and other activity (% of GVA),73.2,73.5,71.8b,Employment in agriculture (% of employed),18.6,18.6f,"17.3f,e",Employment in industry (% of employed),17.1,17.1f,"16.8f,e",Employment in services (% employed),64.3,64.3f,"65.9f,e",Unemploymentf (% of labour force),2.5,2.4,1.6e,Labour force participation ratef (female/male pop. %),42.0 /       68.4,41.6 /       67.1,40.5 /       66.7e,Agricultural production index (2014-2016=100),86,100,88b,International trade: exportsf (million current US$),4 914,3 618,573e,International trade: importsf (million current US$),11 488,12 638,6 580e,International trade: balancef (million current US$),- 6 574,- 9 020,- 6 008e,,,,,,,,,,,,
Economy: Industry (% of Gross Value Added),23.1,22.6,24.3b,Economy: Services and other activity (% of GVA),73.2,73.5,71.8b,Employment in agriculture (% of employed),18.6,18.6f,"17.3f,e",Employment in industry (% of employed),17.1,17.1f,"16.8f,e",Employment in services (% employed),64.3,64.3f,"65.9f,e",Unemploymentf (% of labour force),2.5,2.4,1.6e,Labour force participation ratef (female/male pop. %),42.0 /       68.4,41.6 /       67.1,40.5 /       66.7e,Agricultural production index (2014-2016=100),86,100,88b,International trade: exportsf (million current US$),4 914,3 618,573e,International trade: importsf (million current US$),11 488,12 638,6 580e,International trade: balancef (million current US$),- 6 574,- 9 020,- 6 008e,,,,,,,,,,,,,,,,
Economy: Services and other activity (% of GVA),73.2,73.5,71.8b,Employment in agriculture (% of employed),18.6,18.6f,"17.3f,e",Employment in industry (% of employed),17.1,17.1f,"16.8f,e",Employment in services (% employed),64.3,64.3f,"65.9f,e",Unemploymentf (% of labour force),2.5,2.4,1.6e,Labour force participation ratef (female/male pop. %),42.0 /       68.4,41.6 /       67.1,40.5 /       66.7e,Agricultural production index (2014-2016=100),86,100,88b,International trade: exportsf (million current US$),4 914,3 618,573e,International trade: importsf (million current US$),11 488,12 638,6 580e,International trade: balancef (million current US$),- 6 574,- 9 020,- 6 008e,,,,,,,,,,,,,,,,,,,,
Employment in agriculture (% of employed),18.6,18.6f,"17.3f,e",Employment in industry (% of employed),17.1,17.1f,"16.8f,e",Employment in services (% employed),64.3,64.3f,"65.9f,e",Unemploymentf (% of labour force),2.5,2.4,1.6e,Labour force participation ratef (female/male pop. %),42.0 /       68.4,41.6 /       67.1,40.5 /       66.7e,Agricultural production index (2014-2016=100),86,100,88b,International trade: exportsf (million current US$),4 914,3 618,573e,International trade: importsf (million current US$),11 488,12 638,6 580e,International trade: balancef (million current US$),- 6 574,- 9 020,- 6 008e,,,,,,,,,,,,,,,,,,,,,,,,
Employment in industry (% of employed),17.1,17.1f,"16.8f,e",Employment in services (% employed),64.3,64.3f,"65.9f,e",Unemploymentf (% of labour force),2.5,2.4,1.6e,Labour force participation ratef (female/male pop. %),42.0 /       68.4,41.6 /       67.1,40.5 /       66.7e,Agricultural production index (2014-2016=100),86,100,88b,International trade: exportsf (million current US$),4 914,3 618,573e,International trade: importsf (million current US$),11 488,12 638,6 580e,International trade: balancef (million current US$),- 6 574,- 9 020,- 6 008e,,,,,,,,,,,,,,,,,,,,,,,,,,,,
Employment in services (% employed),64.3,64.3f,"65.9f,e",Unemploymentf (% of labour force),2.5,2.4,1.6e,Labour force participation ratef (female/male pop. %),42.0 /       68.4,41.6 /       67.1,40.5 /       66.7e,Agricultural production index (2014-2016=100),86,100,88b,International trade: exportsf (million current US$),4 914,3 618,573e,International trade: importsf (million current US$),11 488,12 638,6 580e,International trade: balancef (million current US$),- 6 574,- 9 020,- 6 008e,,,,,,,,,,,,,,,,,,,,,,,,,,,,,,,,
Unemploymentf (% of labour force),2.5,2.4,1.6e,Labour force participation ratef (female/male pop. %),42.0 /       68.4,41.6 /       67.1,40.5 /       66.7e,Agricultural production index (2014-2016=100),86,100,88b,International trade: exportsf (million current US$),4 914,3 618,573e,International trade: importsf (million current US$),11 488,12 638,6 580e,International trade: balancef (million current US$),- 6 574,- 9 020,- 6 008e,,,,,,,,,,,,,,,,,,,,,,,,,,,,,,,,,,,,
Labour force participation ratef (female/male pop. %),42.0 /       68.4,41.6 /       67.1,40.5 /       66.7e,Agricultural production index (2014-2016=100),86,100,88b,International trade: exportsf (million current US$),4 914,3 618,573e,International trade: importsf (million current US$),11 488,12 638,6 580e,International trade: balancef (million current US$),- 6 574,- 9 020,- 6 008e,,,,,,,,,,,,,,,,,,,,,,,,,,,,,,,,,,,,,,,,
Agricultural production index (2014-2016=100),86,100,88b,International trade: exportsf (million current US$),4 914,3 618,573e,International trade: importsf (million current US$),11 488,12 638,6 580e,International trade: balancef (million current US$),- 6 574,- 9 020,- 6 008e,,,,,,,,,,,,,,,,,,,,,,,,,,,,,,,,,,,,,,,,,,,,
International trade: exportsf (million current US$),4 914,3 618,573e,International trade: importsf (million current US$),11 488,12 638,6 580e,International trade: balancef (million current US$),- 6 574,- 9 020,- 6 008e,,,,,,,,,,,,,,,,,,,,,,,,,,,,,,,,,,,,,,,,,,,,,,,,
International trade: importsf (million current US$),11 488,12 638,6 580e,International trade: balancef (million current US$),- 6 574,- 9 020,- 6 008e,,,,,,,,,,,,,,,,,,,,,,,,,,,,,,,,,,,,,,,,,,,,,,,,,,,,
International trade: balancef (million current US$),- 6 574,- 9 020,- 6 008e,,,,,,,,,,,,,,,,,,,,,,,,,,,,,,,,,,,,,,,,,,,,,,,,,,,,,,,,
