0,1,2,3,4,5,6,7,8,9,10,11,12,13,14,15,16,17,18,19,20,21,22,23,24,25,26,27,28,29,30,31,32,33,34,35,36,37,38,39,40,41,42,43
,2010,2015,2021,,,,,,,,,,,,,,,,,,,,,,,,,,,,,,,,,,,,,,,,
Individuals using the Internet (per 100 inhabitants),15.9l,37.3,68b,Research & Development expenditure (% of GDP),0.6,0.4,0.5i,Threatened species (number),304,337,388,Forested area (% of land area),27.5f,30.6,"31.2f,i",CO2 emission estimates (million tons/tons per capita),29.5 /        2.6,26.8 /        2.4,24.4 /        2.2i,"Energy production, primary (Petajoules)",200,212f,"197f,i",Energy supply per capita (Gigajoules),45,41,33i,Tourist/visitor arrivals at national bordersm (000),2 507,3 506,4 684i,Important sites for terrestrial biodiversity protected (%),51.2,54.5,54.5e,Pop. using safely managed sanitation (urban/rural %),32.9 /       54.6,32.6 /       52.8,32.4 /       51.0e,Net Official Development Assist. received (% of GNI),0.21,0.65,...
Research & Development expenditure (% of GDP),0.6,0.4,0.5i,Threatened species (number),304,337,388,Forested area (% of land area),27.5f,30.6,"31.2f,i",CO2 emission estimates (million tons/tons per capita),29.5 /        2.6,26.8 /        2.4,24.4 /        2.2i,"Energy production, primary (Petajoules)",200,212f,"197f,i",Energy supply per capita (Gigajoules),45,41,33i,Tourist/visitor arrivals at national bordersm (000),2 507,3 506,4 684i,Important sites for terrestrial biodiversity protected (%),51.2,54.5,54.5e,Pop. using safely managed sanitation (urban/rural %),32.9 /       54.6,32.6 /       52.8,32.4 /       51.0e,Net Official Development Assist. received (% of GNI),0.21,0.65,...,,,,
Threatened species (number),304,337,388,Forested area (% of land area),27.5f,30.6,"31.2f,i",CO2 emission estimates (million tons/tons per capita),29.5 /        2.6,26.8 /        2.4,24.4 /        2.2i,"Energy production, primary (Petajoules)",200,212f,"197f,i",Energy supply per capita (Gigajoules),45,41,33i,Tourist/visitor arrivals at national bordersm (000),2 507,3 506,4 684i,Important sites for terrestrial biodiversity protected (%),51.2,54.5,54.5e,Pop. using safely managed sanitation (urban/rural %),32.9 /       54.6,32.6 /       52.8,32.4 /       51.0e,Net Official Development Assist. received (% of GNI),0.21,0.65,...,,,,,,,,
Forested area (% of land area),27.5f,30.6,"31.2f,i",CO2 emission estimates (million tons/tons per capita),29.5 /        2.6,26.8 /        2.4,24.4 /        2.2i,"Energy production, primary (Petajoules)",200,212f,"197f,i",Energy supply per capita (Gigajoules),45,41,33i,Tourist/visitor arrivals at national bordersm (000),2 507,3 506,4 684i,Important sites for terrestrial biodiversity protected (%),51.2,54.5,54.5e,Pop. using safely managed sanitation (urban/rural %),32.9 /       54.6,32.6 /       52.8,32.4 /       51.0e,Net Official Development Assist. received (% of GNI),0.21,0.65,...,,,,,,,,,,,,
CO2 emission estimates (million tons/tons per capita),29.5 /        2.6,26.8 /        2.4,24.4 /        2.2i,"Energy production, primary (Petajoules)",200,212f,"197f,i",Energy supply per capita (Gigajoules),45,41,33i,Tourist/visitor arrivals at national bordersm (000),2 507,3 506,4 684i,Important sites for terrestrial biodiversity protected (%),51.2,54.5,54.5e,Pop. using safely managed sanitation (urban/rural %),32.9 /       54.6,32.6 /       52.8,32.4 /       51.0e,Net Official Development Assist. received (% of GNI),0.21,0.65,...,,,,,,,,,,,,,,,,
"Energy production, primary (Petajoules)",200,212f,"197f,i",Energy supply per capita (Gigajoules),45,41,33i,Tourist/visitor arrivals at national bordersm (000),2 507,3 506,4 684i,Important sites for terrestrial biodiversity protected (%),51.2,54.5,54.5e,Pop. using safely managed sanitation (urban/rural %),32.9 /       54.6,32.6 /       52.8,32.4 /       51.0e,Net Official Development Assist. received (% of GNI),0.21,0.65,...,,,,,,,,,,,,,,,,,,,,
Energy supply per capita (Gigajoules),45,41,33i,Tourist/visitor arrivals at national bordersm (000),2 507,3 506,4 684i,Important sites for terrestrial biodiversity protected (%),51.2,54.5,54.5e,Pop. using safely managed sanitation (urban/rural %),32.9 /       54.6,32.6 /       52.8,32.4 /       51.0e,Net Official Development Assist. received (% of GNI),0.21,0.65,...,,,,,,,,,,,,,,,,,,,,,,,,
Tourist/visitor arrivals at national bordersm (000),2 507,3 506,4 684i,Important sites for terrestrial biodiversity protected (%),51.2,54.5,54.5e,Pop. using safely managed sanitation (urban/rural %),32.9 /       54.6,32.6 /       52.8,32.4 /       51.0e,Net Official Development Assist. received (% of GNI),0.21,0.65,...,,,,,,,,,,,,,,,,,,,,,,,,,,,,
Important sites for terrestrial biodiversity protected (%),51.2,54.5,54.5e,Pop. using safely managed sanitation (urban/rural %),32.9 /       54.6,32.6 /       52.8,32.4 /       51.0e,Net Official Development Assist. received (% of GNI),0.21,0.65,...,,,,,,,,,,,,,,,,,,,,,,,,,,,,,,,,
Pop. using safely managed sanitation (urban/rural %),32.9 /       54.6,32.6 /       52.8,32.4 /       51.0e,Net Official Development Assist. received (% of GNI),0.21,0.65,...,,,,,,,,,,,,,,,,,,,,,,,,,,,,,,,,,,,,
Net Official Development Assist. received (% of GNI),0.21,0.65,...,,,,,,,,,,,,,,,,,,,,,,,,,,,,,,,,,,,,,,,,
