0,1,2,3,4,5,6,7,8,9,10,11,12,13,14,15,16,17,18,19,20,21,22,23,24,25,26,27,28,29,30,31,32,33,34,35,36,37,38,39,40,41,42,43,44,45,46,47,48,49,50,51,52,53,54,55,56,57,58,59,60,61,62,63,64,65,66,67
,2010,2015,2021,,,,,,,,,,,,,,,,,,,,,,,,,,,,,,,,,,,,,,,,,,,,,,,,,,,,,,,,,,,,,,,,
GDP: Gross domestic product (million current US$),2 134 018,1 835 899,2 003 576b,"GDP growth rate (annual %, const. 2015 prices)",1.7,0.8,0.3b,GDP per capita (current US$),35 971.5,30 306.1,33 089.6b,Economy: Agriculturee (% of Gross Value Added),2,2.3,2.1b,"Economy: Industryf,g (% of Gross Value Added)",24.3,23.2,23.9b,Economy: Services and other activityh (% of GVA),73.7,74.5,74b,Employment in agriculture (% of employed),3.8,3.8,"3.6i,d",Employment in industry (% of employed),28.6,26.6,"25.6i,d",Employment in services (% employed),67.6,69.6,"70.8i,d",Unemploymenti (% of labour force),8.4,11.9,9.8d,Labour force participation ratei (female/male pop. %),37.9 /       59.0,39.5 /       58.7,40.7 /       58.7d,CPI: Consumer Price Index (2010=100),100,107,"110j,d",Agricultural production index (2014-2016=100),109,103,98b,International trade: exports (million current US$),446 840,456 989,495 977d,International trade: imports (million current US$),486 984,410 933,422 648d,International trade: balance (million current US$),- 40 145,46 055,73 329d,"Balance of payments, current account (million US$)",- 70 819,25 379,69 735d
"GDP growth rate (annual %, const. 2015 prices)",1.7,0.8,0.3b,GDP per capita (current US$),35 971.5,30 306.1,33 089.6b,Economy: Agriculturee (% of Gross Value Added),2,2.3,2.1b,"Economy: Industryf,g (% of Gross Value Added)",24.3,23.2,23.9b,Economy: Services and other activityh (% of GVA),73.7,74.5,74b,Employment in agriculture (% of employed),3.8,3.8,"3.6i,d",Employment in industry (% of employed),28.6,26.6,"25.6i,d",Employment in services (% employed),67.6,69.6,"70.8i,d",Unemploymenti (% of labour force),8.4,11.9,9.8d,Labour force participation ratei (female/male pop. %),37.9 /       59.0,39.5 /       58.7,40.7 /       58.7d,CPI: Consumer Price Index (2010=100),100,107,"110j,d",Agricultural production index (2014-2016=100),109,103,98b,International trade: exports (million current US$),446 840,456 989,495 977d,International trade: imports (million current US$),486 984,410 933,422 648d,International trade: balance (million current US$),- 40 145,46 055,73 329d,"Balance of payments, current account (million US$)",- 70 819,25 379,69 735d,,,,
GDP per capita (current US$),35 971.5,30 306.1,33 089.6b,Economy: Agriculturee (% of Gross Value Added),2,2.3,2.1b,"Economy: Industryf,g (% of Gross Value Added)",24.3,23.2,23.9b,Economy: Services and other activityh (% of GVA),73.7,74.5,74b,Employment in agriculture (% of employed),3.8,3.8,"3.6i,d",Employment in industry (% of employed),28.6,26.6,"25.6i,d",Employment in services (% employed),67.6,69.6,"70.8i,d",Unemploymenti (% of labour force),8.4,11.9,9.8d,Labour force participation ratei (female/male pop. %),37.9 /       59.0,39.5 /       58.7,40.7 /       58.7d,CPI: Consumer Price Index (2010=100),100,107,"110j,d",Agricultural production index (2014-2016=100),109,103,98b,International trade: exports (million current US$),446 840,456 989,495 977d,International trade: imports (million current US$),486 984,410 933,422 648d,International trade: balance (million current US$),- 40 145,46 055,73 329d,"Balance of payments, current account (million US$)",- 70 819,25 379,69 735d,,,,,,,,
Economy: Agriculturee (% of Gross Value Added),2,2.3,2.1b,"Economy: Industryf,g (% of Gross Value Added)",24.3,23.2,23.9b,Economy: Services and other activityh (% of GVA),73.7,74.5,74b,Employment in agriculture (% of employed),3.8,3.8,"3.6i,d",Employment in industry (% of employed),28.6,26.6,"25.6i,d",Employment in services (% employed),67.6,69.6,"70.8i,d",Unemploymenti (% of labour force),8.4,11.9,9.8d,Labour force participation ratei (female/male pop. %),37.9 /       59.0,39.5 /       58.7,40.7 /       58.7d,CPI: Consumer Price Index (2010=100),100,107,"110j,d",Agricultural production index (2014-2016=100),109,103,98b,International trade: exports (million current US$),446 840,456 989,495 977d,International trade: imports (million current US$),486 984,410 933,422 648d,International trade: balance (million current US$),- 40 145,46 055,73 329d,"Balance of payments, current account (million US$)",- 70 819,25 379,69 735d,,,,,,,,,,,,
"Economy: Industryf,g (% of Gross Value Added)",24.3,23.2,23.9b,Economy: Services and other activityh (% of GVA),73.7,74.5,74b,Employment in agriculture (% of employed),3.8,3.8,"3.6i,d",Employment in industry (% of employed),28.6,26.6,"25.6i,d",Employment in services (% employed),67.6,69.6,"70.8i,d",Unemploymenti (% of labour force),8.4,11.9,9.8d,Labour force participation ratei (female/male pop. %),37.9 /       59.0,39.5 /       58.7,40.7 /       58.7d,CPI: Consumer Price Index (2010=100),100,107,"110j,d",Agricultural production index (2014-2016=100),109,103,98b,International trade: exports (million current US$),446 840,456 989,495 977d,International trade: imports (million current US$),486 984,410 933,422 648d,International trade: balance (million current US$),- 40 145,46 055,73 329d,"Balance of payments, current account (million US$)",- 70 819,25 379,69 735d,,,,,,,,,,,,,,,,
Economy: Services and other activityh (% of GVA),73.7,74.5,74b,Employment in agriculture (% of employed),3.8,3.8,"3.6i,d",Employment in industry (% of employed),28.6,26.6,"25.6i,d",Employment in services (% employed),67.6,69.6,"70.8i,d",Unemploymenti (% of labour force),8.4,11.9,9.8d,Labour force participation ratei (female/male pop. %),37.9 /       59.0,39.5 /       58.7,40.7 /       58.7d,CPI: Consumer Price Index (2010=100),100,107,"110j,d",Agricultural production index (2014-2016=100),109,103,98b,International trade: exports (million current US$),446 840,456 989,495 977d,International trade: imports (million current US$),486 984,410 933,422 648d,International trade: balance (million current US$),- 40 145,46 055,73 329d,"Balance of payments, current account (million US$)",- 70 819,25 379,69 735d,,,,,,,,,,,,,,,,,,,,
Employment in agriculture (% of employed),3.8,3.8,"3.6i,d",Employment in industry (% of employed),28.6,26.6,"25.6i,d",Employment in services (% employed),67.6,69.6,"70.8i,d",Unemploymenti (% of labour force),8.4,11.9,9.8d,Labour force participation ratei (female/male pop. %),37.9 /       59.0,39.5 /       58.7,40.7 /       58.7d,CPI: Consumer Price Index (2010=100),100,107,"110j,d",Agricultural production index (2014-2016=100),109,103,98b,International trade: exports (million current US$),446 840,456 989,495 977d,International trade: imports (million current US$),486 984,410 933,422 648d,International trade: balance (million current US$),- 40 145,46 055,73 329d,"Balance of payments, current account (million US$)",- 70 819,25 379,69 735d,,,,,,,,,,,,,,,,,,,,,,,,
Employment in industry (% of employed),28.6,26.6,"25.6i,d",Employment in services (% employed),67.6,69.6,"70.8i,d",Unemploymenti (% of labour force),8.4,11.9,9.8d,Labour force participation ratei (female/male pop. %),37.9 /       59.0,39.5 /       58.7,40.7 /       58.7d,CPI: Consumer Price Index (2010=100),100,107,"110j,d",Agricultural production index (2014-2016=100),109,103,98b,International trade: exports (million current US$),446 840,456 989,495 977d,International trade: imports (million current US$),486 984,410 933,422 648d,International trade: balance (million current US$),- 40 145,46 055,73 329d,"Balance of payments, current account (million US$)",- 70 819,25 379,69 735d,,,,,,,,,,,,,,,,,,,,,,,,,,,,
Employment in services (% employed),67.6,69.6,"70.8i,d",Unemploymenti (% of labour force),8.4,11.9,9.8d,Labour force participation ratei (female/male pop. %),37.9 /       59.0,39.5 /       58.7,40.7 /       58.7d,CPI: Consumer Price Index (2010=100),100,107,"110j,d",Agricultural production index (2014-2016=100),109,103,98b,International trade: exports (million current US$),446 840,456 989,495 977d,International trade: imports (million current US$),486 984,410 933,422 648d,International trade: balance (million current US$),- 40 145,46 055,73 329d,"Balance of payments, current account (million US$)",- 70 819,25 379,69 735d,,,,,,,,,,,,,,,,,,,,,,,,,,,,,,,,
Unemploymenti (% of labour force),8.4,11.9,9.8d,Labour force participation ratei (female/male pop. %),37.9 /       59.0,39.5 /       58.7,40.7 /       58.7d,CPI: Consumer Price Index (2010=100),100,107,"110j,d",Agricultural production index (2014-2016=100),109,103,98b,International trade: exports (million current US$),446 840,456 989,495 977d,International trade: imports (million current US$),486 984,410 933,422 648d,International trade: balance (million current US$),- 40 145,46 055,73 329d,"Balance of payments, current account (million US$)",- 70 819,25 379,69 735d,,,,,,,,,,,,,,,,,,,,,,,,,,,,,,,,,,,,
Labour force participation ratei (female/male pop. %),37.9 /       59.0,39.5 /       58.7,40.7 /       58.7d,CPI: Consumer Price Index (2010=100),100,107,"110j,d",Agricultural production index (2014-2016=100),109,103,98b,International trade: exports (million current US$),446 840,456 989,495 977d,International trade: imports (million current US$),486 984,410 933,422 648d,International trade: balance (million current US$),- 40 145,46 055,73 329d,"Balance of payments, current account (million US$)",- 70 819,25 379,69 735d,,,,,,,,,,,,,,,,,,,,,,,,,,,,,,,,,,,,,,,,
CPI: Consumer Price Index (2010=100),100,107,"110j,d",Agricultural production index (2014-2016=100),109,103,98b,International trade: exports (million current US$),446 840,456 989,495 977d,International trade: imports (million current US$),486 984,410 933,422 648d,International trade: balance (million current US$),- 40 145,46 055,73 329d,"Balance of payments, current account (million US$)",- 70 819,25 379,69 735d,,,,,,,,,,,,,,,,,,,,,,,,,,,,,,,,,,,,,,,,,,,,
Agricultural production index (2014-2016=100),109,103,98b,International trade: exports (million current US$),446 840,456 989,495 977d,International trade: imports (million current US$),486 984,410 933,422 648d,International trade: balance (million current US$),- 40 145,46 055,73 329d,"Balance of payments, current account (million US$)",- 70 819,25 379,69 735d,,,,,,,,,,,,,,,,,,,,,,,,,,,,,,,,,,,,,,,,,,,,,,,,
International trade: exports (million current US$),446 840,456 989,495 977d,International trade: imports (million current US$),486 984,410 933,422 648d,International trade: balance (million current US$),- 40 145,46 055,73 329d,"Balance of payments, current account (million US$)",- 70 819,25 379,69 735d,,,,,,,,,,,,,,,,,,,,,,,,,,,,,,,,,,,,,,,,,,,,,,,,,,,,
International trade: imports (million current US$),486 984,410 933,422 648d,International trade: balance (million current US$),- 40 145,46 055,73 329d,"Balance of payments, current account (million US$)",- 70 819,25 379,69 735d,,,,,,,,,,,,,,,,,,,,,,,,,,,,,,,,,,,,,,,,,,,,,,,,,,,,,,,,
International trade: balance (million current US$),- 40 145,46 055,73 329d,"Balance of payments, current account (million US$)",- 70 819,25 379,69 735d,,,,,,,,,,,,,,,,,,,,,,,,,,,,,,,,,,,,,,,,,,,,,,,,,,,,,,,,,,,,
"Balance of payments, current account (million US$)",- 70 819,25 379,69 735d,,,,,,,,,,,,,,,,,,,,,,,,,,,,,,,,,,,,,,,,,,,,,,,,,,,,,,,,,,,,,,,,
