0,1,2,3,4,5,6,7,8,9,10,11,12,13,14,15,16,17,18,19,20,21,22,23,24,25,26,27,28,29,30,31,32,33,34,35,36,37,38,39,40,41,42,43
,2010,2015,2021,,,,,,,,,,,,,,,,,,,,,,,,,,,,,,,,,,,,,,,,
Individuals using the Internet (per 100 inhabitants),53.7p,58.1,74.4m,Research & Development expenditure (% of GDP),1.2,1.3,"1.4q,m",Threatened species (number),174,279,495,Forested area (% of land area),30.7i,31.6i,31.8m,CO2 emission estimatesr (million tons/tons per capita),392.0 /        6.6,329.7 /        5.4,302.8 /        5.0b,"Energy production, primarys (Petajoules)",1 378,1 509,1 452m,Energy supply per capitas (Gigajoules),123,105,104m,Tourist/visitor arrivals at national borderst (000),43 626,50 732,64 513b,Important sites for terrestrial biodiversity protected (%),72,72.9,75.7d,Pop. using safely managed sanitation (urban/rural %),96.4 /       94.3,96.4 /       94.3,96.4 /       94.3d,Net Official Development Assist. disbursedu (% of GNI),0.15,0.22,0.3n
Research & Development expenditure (% of GDP),1.2,1.3,"1.4q,m",Threatened species (number),174,279,495,Forested area (% of land area),30.7i,31.6i,31.8m,CO2 emission estimatesr (million tons/tons per capita),392.0 /        6.6,329.7 /        5.4,302.8 /        5.0b,"Energy production, primarys (Petajoules)",1 378,1 509,1 452m,Energy supply per capitas (Gigajoules),123,105,104m,Tourist/visitor arrivals at national borderst (000),43 626,50 732,64 513b,Important sites for terrestrial biodiversity protected (%),72,72.9,75.7d,Pop. using safely managed sanitation (urban/rural %),96.4 /       94.3,96.4 /       94.3,96.4 /       94.3d,Net Official Development Assist. disbursedu (% of GNI),0.15,0.22,0.3n,,,,
Threatened species (number),174,279,495,Forested area (% of land area),30.7i,31.6i,31.8m,CO2 emission estimatesr (million tons/tons per capita),392.0 /        6.6,329.7 /        5.4,302.8 /        5.0b,"Energy production, primarys (Petajoules)",1 378,1 509,1 452m,Energy supply per capitas (Gigajoules),123,105,104m,Tourist/visitor arrivals at national borderst (000),43 626,50 732,64 513b,Important sites for terrestrial biodiversity protected (%),72,72.9,75.7d,Pop. using safely managed sanitation (urban/rural %),96.4 /       94.3,96.4 /       94.3,96.4 /       94.3d,Net Official Development Assist. disbursedu (% of GNI),0.15,0.22,0.3n,,,,,,,,
Forested area (% of land area),30.7i,31.6i,31.8m,CO2 emission estimatesr (million tons/tons per capita),392.0 /        6.6,329.7 /        5.4,302.8 /        5.0b,"Energy production, primarys (Petajoules)",1 378,1 509,1 452m,Energy supply per capitas (Gigajoules),123,105,104m,Tourist/visitor arrivals at national borderst (000),43 626,50 732,64 513b,Important sites for terrestrial biodiversity protected (%),72,72.9,75.7d,Pop. using safely managed sanitation (urban/rural %),96.4 /       94.3,96.4 /       94.3,96.4 /       94.3d,Net Official Development Assist. disbursedu (% of GNI),0.15,0.22,0.3n,,,,,,,,,,,,
CO2 emission estimatesr (million tons/tons per capita),392.0 /        6.6,329.7 /        5.4,302.8 /        5.0b,"Energy production, primarys (Petajoules)",1 378,1 509,1 452m,Energy supply per capitas (Gigajoules),123,105,104m,Tourist/visitor arrivals at national borderst (000),43 626,50 732,64 513b,Important sites for terrestrial biodiversity protected (%),72,72.9,75.7d,Pop. using safely managed sanitation (urban/rural %),96.4 /       94.3,96.4 /       94.3,96.4 /       94.3d,Net Official Development Assist. disbursedu (% of GNI),0.15,0.22,0.3n,,,,,,,,,,,,,,,,
"Energy production, primarys (Petajoules)",1 378,1 509,1 452m,Energy supply per capitas (Gigajoules),123,105,104m,Tourist/visitor arrivals at national borderst (000),43 626,50 732,64 513b,Important sites for terrestrial biodiversity protected (%),72,72.9,75.7d,Pop. using safely managed sanitation (urban/rural %),96.4 /       94.3,96.4 /       94.3,96.4 /       94.3d,Net Official Development Assist. disbursedu (% of GNI),0.15,0.22,0.3n,,,,,,,,,,,,,,,,,,,,
Energy supply per capitas (Gigajoules),123,105,104m,Tourist/visitor arrivals at national borderst (000),43 626,50 732,64 513b,Important sites for terrestrial biodiversity protected (%),72,72.9,75.7d,Pop. using safely managed sanitation (urban/rural %),96.4 /       94.3,96.4 /       94.3,96.4 /       94.3d,Net Official Development Assist. disbursedu (% of GNI),0.15,0.22,0.3n,,,,,,,,,,,,,,,,,,,,,,,,
Tourist/visitor arrivals at national borderst (000),43 626,50 732,64 513b,Important sites for terrestrial biodiversity protected (%),72,72.9,75.7d,Pop. using safely managed sanitation (urban/rural %),96.4 /       94.3,96.4 /       94.3,96.4 /       94.3d,Net Official Development Assist. disbursedu (% of GNI),0.15,0.22,0.3n,,,,,,,,,,,,,,,,,,,,,,,,,,,,
Important sites for terrestrial biodiversity protected (%),72,72.9,75.7d,Pop. using safely managed sanitation (urban/rural %),96.4 /       94.3,96.4 /       94.3,96.4 /       94.3d,Net Official Development Assist. disbursedu (% of GNI),0.15,0.22,0.3n,,,,,,,,,,,,,,,,,,,,,,,,,,,,,,,,
Pop. using safely managed sanitation (urban/rural %),96.4 /       94.3,96.4 /       94.3,96.4 /       94.3d,Net Official Development Assist. disbursedu (% of GNI),0.15,0.22,0.3n,,,,,,,,,,,,,,,,,,,,,,,,,,,,,,,,,,,,
Net Official Development Assist. disbursedu (% of GNI),0.15,0.22,0.3n,,,,,,,,,,,,,,,,,,,,,,,,,,,,,,,,,,,,,,,,
