0,1,2,3,4,5,6,7,8,9,10,11,12,13,14,15,16,17,18,19,20,21,22,23,24,25,26,27,28,29,30,31,32,33,34,35,36,37,38,39,40,41,42,43,44,45,46,47,48,49,50,51,52,53,54,55,56,57,58,59,60,61,62,63,64,65,66,67
,2010,2015,2021,,,,,,,,,,,,,,,,,,,,,,,,,,,,,,,,,,,,,,,,,,,,,,,,,,,,,,,,,,,,,,,,
Population growth ratek (average annual %),0.4,0.4,-~0.0d,Urban population (% of total population),68.3,69.6,70.7b,Urban population growth ratek (average annual %),0.5,0.3,...,"Fertility rate, totalk (live births per woman)",1.4,1.4,1.3d,"Life expectancy at birthk (females/males, years)",84.1 /       78.8,84.7 /       79.9,85.4 /       81.0d,"Population age distribution (0-14/60+ years old, %)",14.1 /       26.7,13.7 /       28.0,12.8 /       30.3a,International migrant stock (000/% of total pop.),5 787.9 /        9.8,5 805.3 /        9.6,6 387.0 /       10.6d,Refugees and others of concern to UNHCR (000),61.3l,142.6,284.3d,Infant mortality ratek (per 1 000 live births),3.4,3,2.6d,Health: Current expenditure (% of GDP),8.9,8.9,8.7m,Health: Physicians (per 1 000 pop.),7.6,7.7,8b,Education: Government expenditure (% of GDP),4.3,4.1,4n,Education: Primary gross enrol. ratio (f/m per 100 pop.),102.5 /      103.5,100.2 /      100.6,99.5 /      102.9m,Education: Secondary gross enrol. ratio (f/m per 100 pop.),102.4 /      103.4,102.1 /      102.4,100.6 /      102.0m,Education: Upper secondary gross enrol. ratio (f/m per 100 pop.),99.9 /       99.9,100.9 /      100.2,100.1 /      100.2m,Intentional homicide rate (per 100 000 pop.),0.9,0.8,0.6m,Seats held by women in national parliaments (%),21.3,31,35.7o
Urban population (% of total population),68.3,69.6,70.7b,Urban population growth ratek (average annual %),0.5,0.3,...,"Fertility rate, totalk (live births per woman)",1.4,1.4,1.3d,"Life expectancy at birthk (females/males, years)",84.1 /       78.8,84.7 /       79.9,85.4 /       81.0d,"Population age distribution (0-14/60+ years old, %)",14.1 /       26.7,13.7 /       28.0,12.8 /       30.3a,International migrant stock (000/% of total pop.),5 787.9 /        9.8,5 805.3 /        9.6,6 387.0 /       10.6d,Refugees and others of concern to UNHCR (000),61.3l,142.6,284.3d,Infant mortality ratek (per 1 000 live births),3.4,3,2.6d,Health: Current expenditure (% of GDP),8.9,8.9,8.7m,Health: Physicians (per 1 000 pop.),7.6,7.7,8b,Education: Government expenditure (% of GDP),4.3,4.1,4n,Education: Primary gross enrol. ratio (f/m per 100 pop.),102.5 /      103.5,100.2 /      100.6,99.5 /      102.9m,Education: Secondary gross enrol. ratio (f/m per 100 pop.),102.4 /      103.4,102.1 /      102.4,100.6 /      102.0m,Education: Upper secondary gross enrol. ratio (f/m per 100 pop.),99.9 /       99.9,100.9 /      100.2,100.1 /      100.2m,Intentional homicide rate (per 100 000 pop.),0.9,0.8,0.6m,Seats held by women in national parliaments (%),21.3,31,35.7o,,,,
Urban population growth ratek (average annual %),0.5,0.3,...,"Fertility rate, totalk (live births per woman)",1.4,1.4,1.3d,"Life expectancy at birthk (females/males, years)",84.1 /       78.8,84.7 /       79.9,85.4 /       81.0d,"Population age distribution (0-14/60+ years old, %)",14.1 /       26.7,13.7 /       28.0,12.8 /       30.3a,International migrant stock (000/% of total pop.),5 787.9 /        9.8,5 805.3 /        9.6,6 387.0 /       10.6d,Refugees and others of concern to UNHCR (000),61.3l,142.6,284.3d,Infant mortality ratek (per 1 000 live births),3.4,3,2.6d,Health: Current expenditure (% of GDP),8.9,8.9,8.7m,Health: Physicians (per 1 000 pop.),7.6,7.7,8b,Education: Government expenditure (% of GDP),4.3,4.1,4n,Education: Primary gross enrol. ratio (f/m per 100 pop.),102.5 /      103.5,100.2 /      100.6,99.5 /      102.9m,Education: Secondary gross enrol. ratio (f/m per 100 pop.),102.4 /      103.4,102.1 /      102.4,100.6 /      102.0m,Education: Upper secondary gross enrol. ratio (f/m per 100 pop.),99.9 /       99.9,100.9 /      100.2,100.1 /      100.2m,Intentional homicide rate (per 100 000 pop.),0.9,0.8,0.6m,Seats held by women in national parliaments (%),21.3,31,35.7o,,,,,,,,
"Fertility rate, totalk (live births per woman)",1.4,1.4,1.3d,"Life expectancy at birthk (females/males, years)",84.1 /       78.8,84.7 /       79.9,85.4 /       81.0d,"Population age distribution (0-14/60+ years old, %)",14.1 /       26.7,13.7 /       28.0,12.8 /       30.3a,International migrant stock (000/% of total pop.),5 787.9 /        9.8,5 805.3 /        9.6,6 387.0 /       10.6d,Refugees and others of concern to UNHCR (000),61.3l,142.6,284.3d,Infant mortality ratek (per 1 000 live births),3.4,3,2.6d,Health: Current expenditure (% of GDP),8.9,8.9,8.7m,Health: Physicians (per 1 000 pop.),7.6,7.7,8b,Education: Government expenditure (% of GDP),4.3,4.1,4n,Education: Primary gross enrol. ratio (f/m per 100 pop.),102.5 /      103.5,100.2 /      100.6,99.5 /      102.9m,Education: Secondary gross enrol. ratio (f/m per 100 pop.),102.4 /      103.4,102.1 /      102.4,100.6 /      102.0m,Education: Upper secondary gross enrol. ratio (f/m per 100 pop.),99.9 /       99.9,100.9 /      100.2,100.1 /      100.2m,Intentional homicide rate (per 100 000 pop.),0.9,0.8,0.6m,Seats held by women in national parliaments (%),21.3,31,35.7o,,,,,,,,,,,,
"Life expectancy at birthk (females/males, years)",84.1 /       78.8,84.7 /       79.9,85.4 /       81.0d,"Population age distribution (0-14/60+ years old, %)",14.1 /       26.7,13.7 /       28.0,12.8 /       30.3a,International migrant stock (000/% of total pop.),5 787.9 /        9.8,5 805.3 /        9.6,6 387.0 /       10.6d,Refugees and others of concern to UNHCR (000),61.3l,142.6,284.3d,Infant mortality ratek (per 1 000 live births),3.4,3,2.6d,Health: Current expenditure (% of GDP),8.9,8.9,8.7m,Health: Physicians (per 1 000 pop.),7.6,7.7,8b,Education: Government expenditure (% of GDP),4.3,4.1,4n,Education: Primary gross enrol. ratio (f/m per 100 pop.),102.5 /      103.5,100.2 /      100.6,99.5 /      102.9m,Education: Secondary gross enrol. ratio (f/m per 100 pop.),102.4 /      103.4,102.1 /      102.4,100.6 /      102.0m,Education: Upper secondary gross enrol. ratio (f/m per 100 pop.),99.9 /       99.9,100.9 /      100.2,100.1 /      100.2m,Intentional homicide rate (per 100 000 pop.),0.9,0.8,0.6m,Seats held by women in national parliaments (%),21.3,31,35.7o,,,,,,,,,,,,,,,,
"Population age distribution (0-14/60+ years old, %)",14.1 /       26.7,13.7 /       28.0,12.8 /       30.3a,International migrant stock (000/% of total pop.),5 787.9 /        9.8,5 805.3 /        9.6,6 387.0 /       10.6d,Refugees and others of concern to UNHCR (000),61.3l,142.6,284.3d,Infant mortality ratek (per 1 000 live births),3.4,3,2.6d,Health: Current expenditure (% of GDP),8.9,8.9,8.7m,Health: Physicians (per 1 000 pop.),7.6,7.7,8b,Education: Government expenditure (% of GDP),4.3,4.1,4n,Education: Primary gross enrol. ratio (f/m per 100 pop.),102.5 /      103.5,100.2 /      100.6,99.5 /      102.9m,Education: Secondary gross enrol. ratio (f/m per 100 pop.),102.4 /      103.4,102.1 /      102.4,100.6 /      102.0m,Education: Upper secondary gross enrol. ratio (f/m per 100 pop.),99.9 /       99.9,100.9 /      100.2,100.1 /      100.2m,Intentional homicide rate (per 100 000 pop.),0.9,0.8,0.6m,Seats held by women in national parliaments (%),21.3,31,35.7o,,,,,,,,,,,,,,,,,,,,
International migrant stock (000/% of total pop.),5 787.9 /        9.8,5 805.3 /        9.6,6 387.0 /       10.6d,Refugees and others of concern to UNHCR (000),61.3l,142.6,284.3d,Infant mortality ratek (per 1 000 live births),3.4,3,2.6d,Health: Current expenditure (% of GDP),8.9,8.9,8.7m,Health: Physicians (per 1 000 pop.),7.6,7.7,8b,Education: Government expenditure (% of GDP),4.3,4.1,4n,Education: Primary gross enrol. ratio (f/m per 100 pop.),102.5 /      103.5,100.2 /      100.6,99.5 /      102.9m,Education: Secondary gross enrol. ratio (f/m per 100 pop.),102.4 /      103.4,102.1 /      102.4,100.6 /      102.0m,Education: Upper secondary gross enrol. ratio (f/m per 100 pop.),99.9 /       99.9,100.9 /      100.2,100.1 /      100.2m,Intentional homicide rate (per 100 000 pop.),0.9,0.8,0.6m,Seats held by women in national parliaments (%),21.3,31,35.7o,,,,,,,,,,,,,,,,,,,,,,,,
Refugees and others of concern to UNHCR (000),61.3l,142.6,284.3d,Infant mortality ratek (per 1 000 live births),3.4,3,2.6d,Health: Current expenditure (% of GDP),8.9,8.9,8.7m,Health: Physicians (per 1 000 pop.),7.6,7.7,8b,Education: Government expenditure (% of GDP),4.3,4.1,4n,Education: Primary gross enrol. ratio (f/m per 100 pop.),102.5 /      103.5,100.2 /      100.6,99.5 /      102.9m,Education: Secondary gross enrol. ratio (f/m per 100 pop.),102.4 /      103.4,102.1 /      102.4,100.6 /      102.0m,Education: Upper secondary gross enrol. ratio (f/m per 100 pop.),99.9 /       99.9,100.9 /      100.2,100.1 /      100.2m,Intentional homicide rate (per 100 000 pop.),0.9,0.8,0.6m,Seats held by women in national parliaments (%),21.3,31,35.7o,,,,,,,,,,,,,,,,,,,,,,,,,,,,
Infant mortality ratek (per 1 000 live births),3.4,3,2.6d,Health: Current expenditure (% of GDP),8.9,8.9,8.7m,Health: Physicians (per 1 000 pop.),7.6,7.7,8b,Education: Government expenditure (% of GDP),4.3,4.1,4n,Education: Primary gross enrol. ratio (f/m per 100 pop.),102.5 /      103.5,100.2 /      100.6,99.5 /      102.9m,Education: Secondary gross enrol. ratio (f/m per 100 pop.),102.4 /      103.4,102.1 /      102.4,100.6 /      102.0m,Education: Upper secondary gross enrol. ratio (f/m per 100 pop.),99.9 /       99.9,100.9 /      100.2,100.1 /      100.2m,Intentional homicide rate (per 100 000 pop.),0.9,0.8,0.6m,Seats held by women in national parliaments (%),21.3,31,35.7o,,,,,,,,,,,,,,,,,,,,,,,,,,,,,,,,
Health: Current expenditure (% of GDP),8.9,8.9,8.7m,Health: Physicians (per 1 000 pop.),7.6,7.7,8b,Education: Government expenditure (% of GDP),4.3,4.1,4n,Education: Primary gross enrol. ratio (f/m per 100 pop.),102.5 /      103.5,100.2 /      100.6,99.5 /      102.9m,Education: Secondary gross enrol. ratio (f/m per 100 pop.),102.4 /      103.4,102.1 /      102.4,100.6 /      102.0m,Education: Upper secondary gross enrol. ratio (f/m per 100 pop.),99.9 /       99.9,100.9 /      100.2,100.1 /      100.2m,Intentional homicide rate (per 100 000 pop.),0.9,0.8,0.6m,Seats held by women in national parliaments (%),21.3,31,35.7o,,,,,,,,,,,,,,,,,,,,,,,,,,,,,,,,,,,,
Health: Physicians (per 1 000 pop.),7.6,7.7,8b,Education: Government expenditure (% of GDP),4.3,4.1,4n,Education: Primary gross enrol. ratio (f/m per 100 pop.),102.5 /      103.5,100.2 /      100.6,99.5 /      102.9m,Education: Secondary gross enrol. ratio (f/m per 100 pop.),102.4 /      103.4,102.1 /      102.4,100.6 /      102.0m,Education: Upper secondary gross enrol. ratio (f/m per 100 pop.),99.9 /       99.9,100.9 /      100.2,100.1 /      100.2m,Intentional homicide rate (per 100 000 pop.),0.9,0.8,0.6m,Seats held by women in national parliaments (%),21.3,31,35.7o,,,,,,,,,,,,,,,,,,,,,,,,,,,,,,,,,,,,,,,,
Education: Government expenditure (% of GDP),4.3,4.1,4n,Education: Primary gross enrol. ratio (f/m per 100 pop.),102.5 /      103.5,100.2 /      100.6,99.5 /      102.9m,Education: Secondary gross enrol. ratio (f/m per 100 pop.),102.4 /      103.4,102.1 /      102.4,100.6 /      102.0m,Education: Upper secondary gross enrol. ratio (f/m per 100 pop.),99.9 /       99.9,100.9 /      100.2,100.1 /      100.2m,Intentional homicide rate (per 100 000 pop.),0.9,0.8,0.6m,Seats held by women in national parliaments (%),21.3,31,35.7o,,,,,,,,,,,,,,,,,,,,,,,,,,,,,,,,,,,,,,,,,,,,
Education: Primary gross enrol. ratio (f/m per 100 pop.),102.5 /      103.5,100.2 /      100.6,99.5 /      102.9m,Education: Secondary gross enrol. ratio (f/m per 100 pop.),102.4 /      103.4,102.1 /      102.4,100.6 /      102.0m,Education: Upper secondary gross enrol. ratio (f/m per 100 pop.),99.9 /       99.9,100.9 /      100.2,100.1 /      100.2m,Intentional homicide rate (per 100 000 pop.),0.9,0.8,0.6m,Seats held by women in national parliaments (%),21.3,31,35.7o,,,,,,,,,,,,,,,,,,,,,,,,,,,,,,,,,,,,,,,,,,,,,,,,
Education: Secondary gross enrol. ratio (f/m per 100 pop.),102.4 /      103.4,102.1 /      102.4,100.6 /      102.0m,Education: Upper secondary gross enrol. ratio (f/m per 100 pop.),99.9 /       99.9,100.9 /      100.2,100.1 /      100.2m,Intentional homicide rate (per 100 000 pop.),0.9,0.8,0.6m,Seats held by women in national parliaments (%),21.3,31,35.7o,,,,,,,,,,,,,,,,,,,,,,,,,,,,,,,,,,,,,,,,,,,,,,,,,,,,
Education: Upper secondary gross enrol. ratio (f/m per 100 pop.),99.9 /       99.9,100.9 /      100.2,100.1 /      100.2m,Intentional homicide rate (per 100 000 pop.),0.9,0.8,0.6m,Seats held by women in national parliaments (%),21.3,31,35.7o,,,,,,,,,,,,,,,,,,,,,,,,,,,,,,,,,,,,,,,,,,,,,,,,,,,,,,,,
Intentional homicide rate (per 100 000 pop.),0.9,0.8,0.6m,Seats held by women in national parliaments (%),21.3,31,35.7o,,,,,,,,,,,,,,,,,,,,,,,,,,,,,,,,,,,,,,,,,,,,,,,,,,,,,,,,,,,,
Seats held by women in national parliaments (%),21.3,31,35.7o,,,,,,,,,,,,,,,,,,,,,,,,,,,,,,,,,,,,,,,,,,,,,,,,,,,,,,,,,,,,,,,,
