0,1,2,3,4,5,6,7,8,9,10,11,12,13,14,15,16,17,18,19,20,21,22,23,24,25,26,27,28,29,30,31,32,33,34,35,36,37,38,39,40,41,42,43,44,45,46,47,48,49,50,51,52,53,54,55,56,57,58,59,60,61,62,63,64,65,66,67
,2010,2015,2021,,,,,,,,,,,,,,,,,,,,,,,,,,,,,,,,,,,,,,,,,,,,,,,,,,,,,,,,,,,,,,,,
GDP: Gross domestic product (million current US$),80 942,17 666,32 600b,"GDP growth rate (annual %, const. 2015 prices)",4.3,-45.5,9.9b,GDP per capita (current US$),13 060.2,2 752.4,4 810.1b,Economy: Agriculture (% of Gross Value Added),2.5,0.9,0.9b,Economy: Industry (% of Gross Value Added),74,67.1,67.1b,Economy: Services and other activity (% of GVA),23.5,32,32b,Employment in agriculturec (% of employed),19.1,20.3,18.8d,Employment in industryc (% of employed),27.5,22.3,21.7d,Employment in servicesc (% employed),53.4,57.4,59.5d,Unemploymentc (% of labour force),19,18.9,18.6d,Labour force participation ratec (female/male pop. %),33.6 /       62.9,34.0 /       64.8,33.8 /       65.2d,CPI: Consumer Price Index (2010=100),100,126e,...,Agricultural production index (2014-2016=100),105,100,102b,International trade: exports (million current US$),36 440,10 200c,"66 843c,d",International trade: imports (million current US$),17 674,13 000c,"28 468c,d",International trade: balance (million current US$),18 766,- 2 800c,"38 375c,d","Balance of payments, current account (million US$)",16 801,- 9 346,11 276f
"GDP growth rate (annual %, const. 2015 prices)",4.3,-45.5,9.9b,GDP per capita (current US$),13 060.2,2 752.4,4 810.1b,Economy: Agriculture (% of Gross Value Added),2.5,0.9,0.9b,Economy: Industry (% of Gross Value Added),74,67.1,67.1b,Economy: Services and other activity (% of GVA),23.5,32,32b,Employment in agriculturec (% of employed),19.1,20.3,18.8d,Employment in industryc (% of employed),27.5,22.3,21.7d,Employment in servicesc (% employed),53.4,57.4,59.5d,Unemploymentc (% of labour force),19,18.9,18.6d,Labour force participation ratec (female/male pop. %),33.6 /       62.9,34.0 /       64.8,33.8 /       65.2d,CPI: Consumer Price Index (2010=100),100,126e,...,Agricultural production index (2014-2016=100),105,100,102b,International trade: exports (million current US$),36 440,10 200c,"66 843c,d",International trade: imports (million current US$),17 674,13 000c,"28 468c,d",International trade: balance (million current US$),18 766,- 2 800c,"38 375c,d","Balance of payments, current account (million US$)",16 801,- 9 346,11 276f,,,,
GDP per capita (current US$),13 060.2,2 752.4,4 810.1b,Economy: Agriculture (% of Gross Value Added),2.5,0.9,0.9b,Economy: Industry (% of Gross Value Added),74,67.1,67.1b,Economy: Services and other activity (% of GVA),23.5,32,32b,Employment in agriculturec (% of employed),19.1,20.3,18.8d,Employment in industryc (% of employed),27.5,22.3,21.7d,Employment in servicesc (% employed),53.4,57.4,59.5d,Unemploymentc (% of labour force),19,18.9,18.6d,Labour force participation ratec (female/male pop. %),33.6 /       62.9,34.0 /       64.8,33.8 /       65.2d,CPI: Consumer Price Index (2010=100),100,126e,...,Agricultural production index (2014-2016=100),105,100,102b,International trade: exports (million current US$),36 440,10 200c,"66 843c,d",International trade: imports (million current US$),17 674,13 000c,"28 468c,d",International trade: balance (million current US$),18 766,- 2 800c,"38 375c,d","Balance of payments, current account (million US$)",16 801,- 9 346,11 276f,,,,,,,,
Economy: Agriculture (% of Gross Value Added),2.5,0.9,0.9b,Economy: Industry (% of Gross Value Added),74,67.1,67.1b,Economy: Services and other activity (% of GVA),23.5,32,32b,Employment in agriculturec (% of employed),19.1,20.3,18.8d,Employment in industryc (% of employed),27.5,22.3,21.7d,Employment in servicesc (% employed),53.4,57.4,59.5d,Unemploymentc (% of labour force),19,18.9,18.6d,Labour force participation ratec (female/male pop. %),33.6 /       62.9,34.0 /       64.8,33.8 /       65.2d,CPI: Consumer Price Index (2010=100),100,126e,...,Agricultural production index (2014-2016=100),105,100,102b,International trade: exports (million current US$),36 440,10 200c,"66 843c,d",International trade: imports (million current US$),17 674,13 000c,"28 468c,d",International trade: balance (million current US$),18 766,- 2 800c,"38 375c,d","Balance of payments, current account (million US$)",16 801,- 9 346,11 276f,,,,,,,,,,,,
Economy: Industry (% of Gross Value Added),74,67.1,67.1b,Economy: Services and other activity (% of GVA),23.5,32,32b,Employment in agriculturec (% of employed),19.1,20.3,18.8d,Employment in industryc (% of employed),27.5,22.3,21.7d,Employment in servicesc (% employed),53.4,57.4,59.5d,Unemploymentc (% of labour force),19,18.9,18.6d,Labour force participation ratec (female/male pop. %),33.6 /       62.9,34.0 /       64.8,33.8 /       65.2d,CPI: Consumer Price Index (2010=100),100,126e,...,Agricultural production index (2014-2016=100),105,100,102b,International trade: exports (million current US$),36 440,10 200c,"66 843c,d",International trade: imports (million current US$),17 674,13 000c,"28 468c,d",International trade: balance (million current US$),18 766,- 2 800c,"38 375c,d","Balance of payments, current account (million US$)",16 801,- 9 346,11 276f,,,,,,,,,,,,,,,,
Economy: Services and other activity (% of GVA),23.5,32,32b,Employment in agriculturec (% of employed),19.1,20.3,18.8d,Employment in industryc (% of employed),27.5,22.3,21.7d,Employment in servicesc (% employed),53.4,57.4,59.5d,Unemploymentc (% of labour force),19,18.9,18.6d,Labour force participation ratec (female/male pop. %),33.6 /       62.9,34.0 /       64.8,33.8 /       65.2d,CPI: Consumer Price Index (2010=100),100,126e,...,Agricultural production index (2014-2016=100),105,100,102b,International trade: exports (million current US$),36 440,10 200c,"66 843c,d",International trade: imports (million current US$),17 674,13 000c,"28 468c,d",International trade: balance (million current US$),18 766,- 2 800c,"38 375c,d","Balance of payments, current account (million US$)",16 801,- 9 346,11 276f,,,,,,,,,,,,,,,,,,,,
Employment in agriculturec (% of employed),19.1,20.3,18.8d,Employment in industryc (% of employed),27.5,22.3,21.7d,Employment in servicesc (% employed),53.4,57.4,59.5d,Unemploymentc (% of labour force),19,18.9,18.6d,Labour force participation ratec (female/male pop. %),33.6 /       62.9,34.0 /       64.8,33.8 /       65.2d,CPI: Consumer Price Index (2010=100),100,126e,...,Agricultural production index (2014-2016=100),105,100,102b,International trade: exports (million current US$),36 440,10 200c,"66 843c,d",International trade: imports (million current US$),17 674,13 000c,"28 468c,d",International trade: balance (million current US$),18 766,- 2 800c,"38 375c,d","Balance of payments, current account (million US$)",16 801,- 9 346,11 276f,,,,,,,,,,,,,,,,,,,,,,,,
Employment in industryc (% of employed),27.5,22.3,21.7d,Employment in servicesc (% employed),53.4,57.4,59.5d,Unemploymentc (% of labour force),19,18.9,18.6d,Labour force participation ratec (female/male pop. %),33.6 /       62.9,34.0 /       64.8,33.8 /       65.2d,CPI: Consumer Price Index (2010=100),100,126e,...,Agricultural production index (2014-2016=100),105,100,102b,International trade: exports (million current US$),36 440,10 200c,"66 843c,d",International trade: imports (million current US$),17 674,13 000c,"28 468c,d",International trade: balance (million current US$),18 766,- 2 800c,"38 375c,d","Balance of payments, current account (million US$)",16 801,- 9 346,11 276f,,,,,,,,,,,,,,,,,,,,,,,,,,,,
Employment in servicesc (% employed),53.4,57.4,59.5d,Unemploymentc (% of labour force),19,18.9,18.6d,Labour force participation ratec (female/male pop. %),33.6 /       62.9,34.0 /       64.8,33.8 /       65.2d,CPI: Consumer Price Index (2010=100),100,126e,...,Agricultural production index (2014-2016=100),105,100,102b,International trade: exports (million current US$),36 440,10 200c,"66 843c,d",International trade: imports (million current US$),17 674,13 000c,"28 468c,d",International trade: balance (million current US$),18 766,- 2 800c,"38 375c,d","Balance of payments, current account (million US$)",16 801,- 9 346,11 276f,,,,,,,,,,,,,,,,,,,,,,,,,,,,,,,,
Unemploymentc (% of labour force),19,18.9,18.6d,Labour force participation ratec (female/male pop. %),33.6 /       62.9,34.0 /       64.8,33.8 /       65.2d,CPI: Consumer Price Index (2010=100),100,126e,...,Agricultural production index (2014-2016=100),105,100,102b,International trade: exports (million current US$),36 440,10 200c,"66 843c,d",International trade: imports (million current US$),17 674,13 000c,"28 468c,d",International trade: balance (million current US$),18 766,- 2 800c,"38 375c,d","Balance of payments, current account (million US$)",16 801,- 9 346,11 276f,,,,,,,,,,,,,,,,,,,,,,,,,,,,,,,,,,,,
Labour force participation ratec (female/male pop. %),33.6 /       62.9,34.0 /       64.8,33.8 /       65.2d,CPI: Consumer Price Index (2010=100),100,126e,...,Agricultural production index (2014-2016=100),105,100,102b,International trade: exports (million current US$),36 440,10 200c,"66 843c,d",International trade: imports (million current US$),17 674,13 000c,"28 468c,d",International trade: balance (million current US$),18 766,- 2 800c,"38 375c,d","Balance of payments, current account (million US$)",16 801,- 9 346,11 276f,,,,,,,,,,,,,,,,,,,,,,,,,,,,,,,,,,,,,,,,
CPI: Consumer Price Index (2010=100),100,126e,...,Agricultural production index (2014-2016=100),105,100,102b,International trade: exports (million current US$),36 440,10 200c,"66 843c,d",International trade: imports (million current US$),17 674,13 000c,"28 468c,d",International trade: balance (million current US$),18 766,- 2 800c,"38 375c,d","Balance of payments, current account (million US$)",16 801,- 9 346,11 276f,,,,,,,,,,,,,,,,,,,,,,,,,,,,,,,,,,,,,,,,,,,,
Agricultural production index (2014-2016=100),105,100,102b,International trade: exports (million current US$),36 440,10 200c,"66 843c,d",International trade: imports (million current US$),17 674,13 000c,"28 468c,d",International trade: balance (million current US$),18 766,- 2 800c,"38 375c,d","Balance of payments, current account (million US$)",16 801,- 9 346,11 276f,,,,,,,,,,,,,,,,,,,,,,,,,,,,,,,,,,,,,,,,,,,,,,,,
International trade: exports (million current US$),36 440,10 200c,"66 843c,d",International trade: imports (million current US$),17 674,13 000c,"28 468c,d",International trade: balance (million current US$),18 766,- 2 800c,"38 375c,d","Balance of payments, current account (million US$)",16 801,- 9 346,11 276f,,,,,,,,,,,,,,,,,,,,,,,,,,,,,,,,,,,,,,,,,,,,,,,,,,,,
International trade: imports (million current US$),17 674,13 000c,"28 468c,d",International trade: balance (million current US$),18 766,- 2 800c,"38 375c,d","Balance of payments, current account (million US$)",16 801,- 9 346,11 276f,,,,,,,,,,,,,,,,,,,,,,,,,,,,,,,,,,,,,,,,,,,,,,,,,,,,,,,,
International trade: balance (million current US$),18 766,- 2 800c,"38 375c,d","Balance of payments, current account (million US$)",16 801,- 9 346,11 276f,,,,,,,,,,,,,,,,,,,,,,,,,,,,,,,,,,,,,,,,,,,,,,,,,,,,,,,,,,,,
"Balance of payments, current account (million US$)",16 801,- 9 346,11 276f,,,,,,,,,,,,,,,,,,,,,,,,,,,,,,,,,,,,,,,,,,,,,,,,,,,,,,,,,,,,,,,,
