0,1,2,3,4,5,6,7,8,9,10,11,12,13,14,15,16,17,18,19,20,21,22,23,24,25,26,27,28,29,30,31,32,33,34,35,36,37,38,39,40,41,42,43,44,45,46,47,48,49,50,51,52,53,54,55,56,57,58,59
,2010,2015,2021,,,,,,,,,,,,,,,,,,,,,,,,,,,,,,,,,,,,,,,,,,,,,,,,,,,,,,,,
Population growth rateg (average annual %),1.3,0.7,1.4d,Urban population (% of total population),78.1,79.3,80.4b,Urban population growth rateg (average annual %),1.5,0.5,...,"Fertility rate, totalg (live births per woman)",2.5,2.4,2.2d,"Life expectancy at birthg (females/males, years)",74.9 /       70.1,74.9 /       68.9,75.7 /       69.9d,"Population age distribution (0-14/60+ years old, %)",28.8 /        5.9,28.9 /        6.3,27.4 /        7.1a,"International migrant stockh,i (000/% of total pop.)",687.2 /       11.1,771.1 /       12.0,826.5 /       12.0d,Refugees and others of concern to UNHCR (000),11.2j,471.7,460.9d,Infant mortality rateg (per 1 000 live births),17.6,13,10.5d,Health: Current expenditurec (% of GDP),3.6,6.1k,...,Health: Physicians (per 1 000 pop.),2l,1.9,2.1m,Education: Primary gross enrol. ratio (f/m per 100 pop.),106.6 /      111.3n,... / ...,... / ...,Education: Secondary gross enrol. ratio (f/m per 100 pop.),106.0 /       90.2n,... / ...,... / ...,Education: Upper secondary gross enrol. ratio (f/m per 100 pop.),108.8 /       77.3n,... / ...,... / ...,Seats held by women in national parliaments (%),7.7,16,16o
Urban population (% of total population),78.1,79.3,80.4b,Urban population growth rateg (average annual %),1.5,0.5,...,"Fertility rate, totalg (live births per woman)",2.5,2.4,2.2d,"Life expectancy at birthg (females/males, years)",74.9 /       70.1,74.9 /       68.9,75.7 /       69.9d,"Population age distribution (0-14/60+ years old, %)",28.8 /        5.9,28.9 /        6.3,27.4 /        7.1a,"International migrant stockh,i (000/% of total pop.)",687.2 /       11.1,771.1 /       12.0,826.5 /       12.0d,Refugees and others of concern to UNHCR (000),11.2j,471.7,460.9d,Infant mortality rateg (per 1 000 live births),17.6,13,10.5d,Health: Current expenditurec (% of GDP),3.6,6.1k,...,Health: Physicians (per 1 000 pop.),2l,1.9,2.1m,Education: Primary gross enrol. ratio (f/m per 100 pop.),106.6 /      111.3n,... / ...,... / ...,Education: Secondary gross enrol. ratio (f/m per 100 pop.),106.0 /       90.2n,... / ...,... / ...,Education: Upper secondary gross enrol. ratio (f/m per 100 pop.),108.8 /       77.3n,... / ...,... / ...,Seats held by women in national parliaments (%),7.7,16,16o,,,,
Urban population growth rateg (average annual %),1.5,0.5,...,"Fertility rate, totalg (live births per woman)",2.5,2.4,2.2d,"Life expectancy at birthg (females/males, years)",74.9 /       70.1,74.9 /       68.9,75.7 /       69.9d,"Population age distribution (0-14/60+ years old, %)",28.8 /        5.9,28.9 /        6.3,27.4 /        7.1a,"International migrant stockh,i (000/% of total pop.)",687.2 /       11.1,771.1 /       12.0,826.5 /       12.0d,Refugees and others of concern to UNHCR (000),11.2j,471.7,460.9d,Infant mortality rateg (per 1 000 live births),17.6,13,10.5d,Health: Current expenditurec (% of GDP),3.6,6.1k,...,Health: Physicians (per 1 000 pop.),2l,1.9,2.1m,Education: Primary gross enrol. ratio (f/m per 100 pop.),106.6 /      111.3n,... / ...,... / ...,Education: Secondary gross enrol. ratio (f/m per 100 pop.),106.0 /       90.2n,... / ...,... / ...,Education: Upper secondary gross enrol. ratio (f/m per 100 pop.),108.8 /       77.3n,... / ...,... / ...,Seats held by women in national parliaments (%),7.7,16,16o,,,,,,,,
"Fertility rate, totalg (live births per woman)",2.5,2.4,2.2d,"Life expectancy at birthg (females/males, years)",74.9 /       70.1,74.9 /       68.9,75.7 /       69.9d,"Population age distribution (0-14/60+ years old, %)",28.8 /        5.9,28.9 /        6.3,27.4 /        7.1a,"International migrant stockh,i (000/% of total pop.)",687.2 /       11.1,771.1 /       12.0,826.5 /       12.0d,Refugees and others of concern to UNHCR (000),11.2j,471.7,460.9d,Infant mortality rateg (per 1 000 live births),17.6,13,10.5d,Health: Current expenditurec (% of GDP),3.6,6.1k,...,Health: Physicians (per 1 000 pop.),2l,1.9,2.1m,Education: Primary gross enrol. ratio (f/m per 100 pop.),106.6 /      111.3n,... / ...,... / ...,Education: Secondary gross enrol. ratio (f/m per 100 pop.),106.0 /       90.2n,... / ...,... / ...,Education: Upper secondary gross enrol. ratio (f/m per 100 pop.),108.8 /       77.3n,... / ...,... / ...,Seats held by women in national parliaments (%),7.7,16,16o,,,,,,,,,,,,
"Life expectancy at birthg (females/males, years)",74.9 /       70.1,74.9 /       68.9,75.7 /       69.9d,"Population age distribution (0-14/60+ years old, %)",28.8 /        5.9,28.9 /        6.3,27.4 /        7.1a,"International migrant stockh,i (000/% of total pop.)",687.2 /       11.1,771.1 /       12.0,826.5 /       12.0d,Refugees and others of concern to UNHCR (000),11.2j,471.7,460.9d,Infant mortality rateg (per 1 000 live births),17.6,13,10.5d,Health: Current expenditurec (% of GDP),3.6,6.1k,...,Health: Physicians (per 1 000 pop.),2l,1.9,2.1m,Education: Primary gross enrol. ratio (f/m per 100 pop.),106.6 /      111.3n,... / ...,... / ...,Education: Secondary gross enrol. ratio (f/m per 100 pop.),106.0 /       90.2n,... / ...,... / ...,Education: Upper secondary gross enrol. ratio (f/m per 100 pop.),108.8 /       77.3n,... / ...,... / ...,Seats held by women in national parliaments (%),7.7,16,16o,,,,,,,,,,,,,,,,
"Population age distribution (0-14/60+ years old, %)",28.8 /        5.9,28.9 /        6.3,27.4 /        7.1a,"International migrant stockh,i (000/% of total pop.)",687.2 /       11.1,771.1 /       12.0,826.5 /       12.0d,Refugees and others of concern to UNHCR (000),11.2j,471.7,460.9d,Infant mortality rateg (per 1 000 live births),17.6,13,10.5d,Health: Current expenditurec (% of GDP),3.6,6.1k,...,Health: Physicians (per 1 000 pop.),2l,1.9,2.1m,Education: Primary gross enrol. ratio (f/m per 100 pop.),106.6 /      111.3n,... / ...,... / ...,Education: Secondary gross enrol. ratio (f/m per 100 pop.),106.0 /       90.2n,... / ...,... / ...,Education: Upper secondary gross enrol. ratio (f/m per 100 pop.),108.8 /       77.3n,... / ...,... / ...,Seats held by women in national parliaments (%),7.7,16,16o,,,,,,,,,,,,,,,,,,,,
"International migrant stockh,i (000/% of total pop.)",687.2 /       11.1,771.1 /       12.0,826.5 /       12.0d,Refugees and others of concern to UNHCR (000),11.2j,471.7,460.9d,Infant mortality rateg (per 1 000 live births),17.6,13,10.5d,Health: Current expenditurec (% of GDP),3.6,6.1k,...,Health: Physicians (per 1 000 pop.),2l,1.9,2.1m,Education: Primary gross enrol. ratio (f/m per 100 pop.),106.6 /      111.3n,... / ...,... / ...,Education: Secondary gross enrol. ratio (f/m per 100 pop.),106.0 /       90.2n,... / ...,... / ...,Education: Upper secondary gross enrol. ratio (f/m per 100 pop.),108.8 /       77.3n,... / ...,... / ...,Seats held by women in national parliaments (%),7.7,16,16o,,,,,,,,,,,,,,,,,,,,,,,,
Refugees and others of concern to UNHCR (000),11.2j,471.7,460.9d,Infant mortality rateg (per 1 000 live births),17.6,13,10.5d,Health: Current expenditurec (% of GDP),3.6,6.1k,...,Health: Physicians (per 1 000 pop.),2l,1.9,2.1m,Education: Primary gross enrol. ratio (f/m per 100 pop.),106.6 /      111.3n,... / ...,... / ...,Education: Secondary gross enrol. ratio (f/m per 100 pop.),106.0 /       90.2n,... / ...,... / ...,Education: Upper secondary gross enrol. ratio (f/m per 100 pop.),108.8 /       77.3n,... / ...,... / ...,Seats held by women in national parliaments (%),7.7,16,16o,,,,,,,,,,,,,,,,,,,,,,,,,,,,
Infant mortality rateg (per 1 000 live births),17.6,13,10.5d,Health: Current expenditurec (% of GDP),3.6,6.1k,...,Health: Physicians (per 1 000 pop.),2l,1.9,2.1m,Education: Primary gross enrol. ratio (f/m per 100 pop.),106.6 /      111.3n,... / ...,... / ...,Education: Secondary gross enrol. ratio (f/m per 100 pop.),106.0 /       90.2n,... / ...,... / ...,Education: Upper secondary gross enrol. ratio (f/m per 100 pop.),108.8 /       77.3n,... / ...,... / ...,Seats held by women in national parliaments (%),7.7,16,16o,,,,,,,,,,,,,,,,,,,,,,,,,,,,,,,,
Health: Current expenditurec (% of GDP),3.6,6.1k,...,Health: Physicians (per 1 000 pop.),2l,1.9,2.1m,Education: Primary gross enrol. ratio (f/m per 100 pop.),106.6 /      111.3n,... / ...,... / ...,Education: Secondary gross enrol. ratio (f/m per 100 pop.),106.0 /       90.2n,... / ...,... / ...,Education: Upper secondary gross enrol. ratio (f/m per 100 pop.),108.8 /       77.3n,... / ...,... / ...,Seats held by women in national parliaments (%),7.7,16,16o,,,,,,,,,,,,,,,,,,,,,,,,,,,,,,,,,,,,
Health: Physicians (per 1 000 pop.),2l,1.9,2.1m,Education: Primary gross enrol. ratio (f/m per 100 pop.),106.6 /      111.3n,... / ...,... / ...,Education: Secondary gross enrol. ratio (f/m per 100 pop.),106.0 /       90.2n,... / ...,... / ...,Education: Upper secondary gross enrol. ratio (f/m per 100 pop.),108.8 /       77.3n,... / ...,... / ...,Seats held by women in national parliaments (%),7.7,16,16o,,,,,,,,,,,,,,,,,,,,,,,,,,,,,,,,,,,,,,,,
Education: Primary gross enrol. ratio (f/m per 100 pop.),106.6 /      111.3n,... / ...,... / ...,Education: Secondary gross enrol. ratio (f/m per 100 pop.),106.0 /       90.2n,... / ...,... / ...,Education: Upper secondary gross enrol. ratio (f/m per 100 pop.),108.8 /       77.3n,... / ...,... / ...,Seats held by women in national parliaments (%),7.7,16,16o,,,,,,,,,,,,,,,,,,,,,,,,,,,,,,,,,,,,,,,,,,,,
Education: Secondary gross enrol. ratio (f/m per 100 pop.),106.0 /       90.2n,... / ...,... / ...,Education: Upper secondary gross enrol. ratio (f/m per 100 pop.),108.8 /       77.3n,... / ...,... / ...,Seats held by women in national parliaments (%),7.7,16,16o,,,,,,,,,,,,,,,,,,,,,,,,,,,,,,,,,,,,,,,,,,,,,,,,
Education: Upper secondary gross enrol. ratio (f/m per 100 pop.),108.8 /       77.3n,... / ...,... / ...,Seats held by women in national parliaments (%),7.7,16,16o,,,,,,,,,,,,,,,,,,,,,,,,,,,,,,,,,,,,,,,,,,,,,,,,,,,,
Seats held by women in national parliaments (%),7.7,16,16o,,,,,,,,,,,,,,,,,,,,,,,,,,,,,,,,,,,,,,,,,,,,,,,,,,,,,,,,
