0,1,2,3,4,5,6,7,8,9,10,11,12,13,14,15,16,17,18,19,20,21,22,23,24,25,26,27,28,29,30,31,32,33,34,35,36,37,38,39,40,41,42,43,44,45,46,47
,2010,2015,2021,,,,,,,,,,,,,,,,,,,,,,,,,,,,,,,,,,,,,,,,,,,,
Individuals using the Internet (per 100 inhabitants),"45i,p",76.6,"82.3q,n",Research & Development expenditure (% of GDP),0.3,0.4,"0.4r,n",Threatened species (number),145,182,275,Forested area (% of land area),22.5,23.7i,"24.2i,m",CO2 emission estimates (million tons/tons per capita),68.6 /        4.0,81.1 /        4.5,94.2 /        4.9b,"Energy production, primary (Petajoules)",386,541,571m,Energy supply per capita (Gigajoules),75,84,87m,Tourist/visitor arrivals at national borderss (000),2 801,4 478,4 518b,Important sites for terrestrial biodiversity protected (%),30.9,33.4,36.4d,"Pop. using safely managed drinking water (urban/rural, %)",98.6 / ...,98.7 / ...,98.8 / ...d,Pop. using safely managed sanitation (urban/rural %),64.8 / ...,73.3 / ...,81.4 / ...d,Net Official Development Assist. received (% of GNI),0.09,0.02,0.03n
Research & Development expenditure (% of GDP),0.3,0.4,"0.4r,n",Threatened species (number),145,182,275,Forested area (% of land area),22.5,23.7i,"24.2i,m",CO2 emission estimates (million tons/tons per capita),68.6 /        4.0,81.1 /        4.5,94.2 /        4.9b,"Energy production, primary (Petajoules)",386,541,571m,Energy supply per capita (Gigajoules),75,84,87m,Tourist/visitor arrivals at national borderss (000),2 801,4 478,4 518b,Important sites for terrestrial biodiversity protected (%),30.9,33.4,36.4d,"Pop. using safely managed drinking water (urban/rural, %)",98.6 / ...,98.7 / ...,98.8 / ...d,Pop. using safely managed sanitation (urban/rural %),64.8 / ...,73.3 / ...,81.4 / ...d,Net Official Development Assist. received (% of GNI),0.09,0.02,0.03n,,,,
Threatened species (number),145,182,275,Forested area (% of land area),22.5,23.7i,"24.2i,m",CO2 emission estimates (million tons/tons per capita),68.6 /        4.0,81.1 /        4.5,94.2 /        4.9b,"Energy production, primary (Petajoules)",386,541,571m,Energy supply per capita (Gigajoules),75,84,87m,Tourist/visitor arrivals at national borderss (000),2 801,4 478,4 518b,Important sites for terrestrial biodiversity protected (%),30.9,33.4,36.4d,"Pop. using safely managed drinking water (urban/rural, %)",98.6 / ...,98.7 / ...,98.8 / ...d,Pop. using safely managed sanitation (urban/rural %),64.8 / ...,73.3 / ...,81.4 / ...d,Net Official Development Assist. received (% of GNI),0.09,0.02,0.03n,,,,,,,,
Forested area (% of land area),22.5,23.7i,"24.2i,m",CO2 emission estimates (million tons/tons per capita),68.6 /        4.0,81.1 /        4.5,94.2 /        4.9b,"Energy production, primary (Petajoules)",386,541,571m,Energy supply per capita (Gigajoules),75,84,87m,Tourist/visitor arrivals at national borderss (000),2 801,4 478,4 518b,Important sites for terrestrial biodiversity protected (%),30.9,33.4,36.4d,"Pop. using safely managed drinking water (urban/rural, %)",98.6 / ...,98.7 / ...,98.8 / ...d,Pop. using safely managed sanitation (urban/rural %),64.8 / ...,73.3 / ...,81.4 / ...d,Net Official Development Assist. received (% of GNI),0.09,0.02,0.03n,,,,,,,,,,,,
CO2 emission estimates (million tons/tons per capita),68.6 /        4.0,81.1 /        4.5,94.2 /        4.9b,"Energy production, primary (Petajoules)",386,541,571m,Energy supply per capita (Gigajoules),75,84,87m,Tourist/visitor arrivals at national borderss (000),2 801,4 478,4 518b,Important sites for terrestrial biodiversity protected (%),30.9,33.4,36.4d,"Pop. using safely managed drinking water (urban/rural, %)",98.6 / ...,98.7 / ...,98.8 / ...d,Pop. using safely managed sanitation (urban/rural %),64.8 / ...,73.3 / ...,81.4 / ...d,Net Official Development Assist. received (% of GNI),0.09,0.02,0.03n,,,,,,,,,,,,,,,,
"Energy production, primary (Petajoules)",386,541,571m,Energy supply per capita (Gigajoules),75,84,87m,Tourist/visitor arrivals at national borderss (000),2 801,4 478,4 518b,Important sites for terrestrial biodiversity protected (%),30.9,33.4,36.4d,"Pop. using safely managed drinking water (urban/rural, %)",98.6 / ...,98.7 / ...,98.8 / ...d,Pop. using safely managed sanitation (urban/rural %),64.8 / ...,73.3 / ...,81.4 / ...d,Net Official Development Assist. received (% of GNI),0.09,0.02,0.03n,,,,,,,,,,,,,,,,,,,,
Energy supply per capita (Gigajoules),75,84,87m,Tourist/visitor arrivals at national borderss (000),2 801,4 478,4 518b,Important sites for terrestrial biodiversity protected (%),30.9,33.4,36.4d,"Pop. using safely managed drinking water (urban/rural, %)",98.6 / ...,98.7 / ...,98.8 / ...d,Pop. using safely managed sanitation (urban/rural %),64.8 / ...,73.3 / ...,81.4 / ...d,Net Official Development Assist. received (% of GNI),0.09,0.02,0.03n,,,,,,,,,,,,,,,,,,,,,,,,
Tourist/visitor arrivals at national borderss (000),2 801,4 478,4 518b,Important sites for terrestrial biodiversity protected (%),30.9,33.4,36.4d,"Pop. using safely managed drinking water (urban/rural, %)",98.6 / ...,98.7 / ...,98.8 / ...d,Pop. using safely managed sanitation (urban/rural %),64.8 / ...,73.3 / ...,81.4 / ...d,Net Official Development Assist. received (% of GNI),0.09,0.02,0.03n,,,,,,,,,,,,,,,,,,,,,,,,,,,,
Important sites for terrestrial biodiversity protected (%),30.9,33.4,36.4d,"Pop. using safely managed drinking water (urban/rural, %)",98.6 / ...,98.7 / ...,98.8 / ...d,Pop. using safely managed sanitation (urban/rural %),64.8 / ...,73.3 / ...,81.4 / ...d,Net Official Development Assist. received (% of GNI),0.09,0.02,0.03n,,,,,,,,,,,,,,,,,,,,,,,,,,,,,,,,
"Pop. using safely managed drinking water (urban/rural, %)",98.6 / ...,98.7 / ...,98.8 / ...d,Pop. using safely managed sanitation (urban/rural %),64.8 / ...,73.3 / ...,81.4 / ...d,Net Official Development Assist. received (% of GNI),0.09,0.02,0.03n,,,,,,,,,,,,,,,,,,,,,,,,,,,,,,,,,,,,
Pop. using safely managed sanitation (urban/rural %),64.8 / ...,73.3 / ...,81.4 / ...d,Net Official Development Assist. received (% of GNI),0.09,0.02,0.03n,,,,,,,,,,,,,,,,,,,,,,,,,,,,,,,,,,,,,,,,
Net Official Development Assist. received (% of GNI),0.09,0.02,0.03n,,,,,,,,,,,,,,,,,,,,,,,,,,,,,,,,,,,,,,,,,,,,
