0,1,2,3,4,5,6,7,8,9,10,11,12,13,14,15,16,17,18,19,20,21,22,23,24,25,26,27,28,29,30,31
,2010,2015,2021,,,,,,,,,,,,,,,,,,,,,,,,,,,,
Individuals using the Internete (per 100 inhabitants),5.1,7.5,8.5p,Threatened species (number),89,106,136,Forested area (% of land area),20,18.9,18.2c,"Energy production, primarye (Petajoules)",2,4,4c,Energy supply per capita (Gigajoules),7,8e,"10e,c",Tourist/visitor arrivals at national bordersq (000),15,24,45b,Important sites for terrestrial biodiversity protected (%),55.1,55.1,55.1d,Net Official Development Assist. received (% of GNI),7.71,6.78,6.17b
Threatened species (number),89,106,136,Forested area (% of land area),20,18.9,18.2c,"Energy production, primarye (Petajoules)",2,4,4c,Energy supply per capita (Gigajoules),7,8e,"10e,c",Tourist/visitor arrivals at national bordersq (000),15,24,45b,Important sites for terrestrial biodiversity protected (%),55.1,55.1,55.1d,Net Official Development Assist. received (% of GNI),7.71,6.78,6.17b,,,,
Forested area (% of land area),20,18.9,18.2c,"Energy production, primarye (Petajoules)",2,4,4c,Energy supply per capita (Gigajoules),7,8e,"10e,c",Tourist/visitor arrivals at national bordersq (000),15,24,45b,Important sites for terrestrial biodiversity protected (%),55.1,55.1,55.1d,Net Official Development Assist. received (% of GNI),7.71,6.78,6.17b,,,,,,,,
"Energy production, primarye (Petajoules)",2,4,4c,Energy supply per capita (Gigajoules),7,8e,"10e,c",Tourist/visitor arrivals at national bordersq (000),15,24,45b,Important sites for terrestrial biodiversity protected (%),55.1,55.1,55.1d,Net Official Development Assist. received (% of GNI),7.71,6.78,6.17b,,,,,,,,,,,,
Energy supply per capita (Gigajoules),7,8e,"10e,c",Tourist/visitor arrivals at national bordersq (000),15,24,45b,Important sites for terrestrial biodiversity protected (%),55.1,55.1,55.1d,Net Official Development Assist. received (% of GNI),7.71,6.78,6.17b,,,,,,,,,,,,,,,,
Tourist/visitor arrivals at national bordersq (000),15,24,45b,Important sites for terrestrial biodiversity protected (%),55.1,55.1,55.1d,Net Official Development Assist. received (% of GNI),7.71,6.78,6.17b,,,,,,,,,,,,,,,,,,,,
Important sites for terrestrial biodiversity protected (%),55.1,55.1,55.1d,Net Official Development Assist. received (% of GNI),7.71,6.78,6.17b,,,,,,,,,,,,,,,,,,,,,,,,
Net Official Development Assist. received (% of GNI),7.71,6.78,6.17b,,,,,,,,,,,,,,,,,,,,,,,,,,,,
