0,1,2,3,4,5,6,7,8,9,10,11,12,13,14,15
,2010,2015,2021,,,,,,,,,,,,
Employment in agriculture (% of employed),"3d,e,f",...,...,Employment in industry (% of employed),"23.2d,e,f",...,...,Employment in services (% employed),"73.8d,e,f",...,...,Unemployment (% of labour force),"9.2d,f",...,...
Employment in industry (% of employed),"23.2d,e,f",...,...,Employment in services (% employed),"73.8d,e,f",...,...,Unemployment (% of labour force),"9.2d,f",...,...,,,,
Employment in services (% employed),"73.8d,e,f",...,...,Unemployment (% of labour force),"9.2d,f",...,...,,,,,,,,
Unemployment (% of labour force),"9.2d,f",...,...,,,,,,,,,,,,
