0,1,2,3,4,5,6,7,8,9,10,11,12,13,14,15,16,17,18,19
,2010,2015,2021,,,,,,,,,,,,,,,,
Research & Development expenditure (% of GDP),"0.4k,i",...,...,Threatened species (number),79,90,102,Forested area (% of land area),87.2,86.4,86c,Tourist/visitor arrivals at national borders (000),23,20,20c,Important sites for terrestrial biodiversity protected (%),25,25,25h
Threatened species (number),79,90,102,Forested area (% of land area),87.2,86.4,86c,Tourist/visitor arrivals at national borders (000),23,20,20c,Important sites for terrestrial biodiversity protected (%),25,25,25h,,,,
Forested area (% of land area),87.2,86.4,86c,Tourist/visitor arrivals at national borders (000),23,20,20c,Important sites for terrestrial biodiversity protected (%),25,25,25h,,,,,,,,
Tourist/visitor arrivals at national borders (000),23,20,20c,Important sites for terrestrial biodiversity protected (%),25,25,25h,,,,,,,,,,,,
Important sites for terrestrial biodiversity protected (%),25,25,25h,,,,,,,,,,,,,,,,
