0,1,2,3,4,5,6,7,8,9,10,11,12,13,14,15,16,17,18,19,20,21,22,23
,2010,2015,2021,,,,,,,,,,,,,,,,,,,,
Population growth rateg (average annual %),-1.2,-0.1,-0.2h,Urban population (% of total population),87.6,87.2,87.1b,Urban population growth rateg (average annual %),-1.3,-0.1,...,International migrant stock (000/% of total pop.),23.6 /       42.0,23.5 /       42.1,23.6 /       42.8h,Education: Government expenditure (% of GDP),14.6i,...,...,Intentional homicide rate (per 100 000 pop.),8.9,7.2,5.4j
Urban population (% of total population),87.6,87.2,87.1b,Urban population growth rateg (average annual %),-1.3,-0.1,...,International migrant stock (000/% of total pop.),23.6 /       42.0,23.5 /       42.1,23.6 /       42.8h,Education: Government expenditure (% of GDP),14.6i,...,...,Intentional homicide rate (per 100 000 pop.),8.9,7.2,5.4j,,,,
Urban population growth rateg (average annual %),-1.3,-0.1,...,International migrant stock (000/% of total pop.),23.6 /       42.0,23.5 /       42.1,23.6 /       42.8h,Education: Government expenditure (% of GDP),14.6i,...,...,Intentional homicide rate (per 100 000 pop.),8.9,7.2,5.4j,,,,,,,,
International migrant stock (000/% of total pop.),23.6 /       42.0,23.5 /       42.1,23.6 /       42.8h,Education: Government expenditure (% of GDP),14.6i,...,...,Intentional homicide rate (per 100 000 pop.),8.9,7.2,5.4j,,,,,,,,,,,,
Education: Government expenditure (% of GDP),14.6i,...,...,Intentional homicide rate (per 100 000 pop.),8.9,7.2,5.4j,,,,,,,,,,,,,,,,
Intentional homicide rate (per 100 000 pop.),8.9,7.2,5.4j,,,,,,,,,,,,,,,,,,,,
