0,1,2,3,4,5,6,7,8,9,10,11,12,13,14,15,16,17,18,19,20,21,22,23,24,25,26,27,28,29,30,31,32,33,34,35,36,37,38,39,40,41,42,43,44,45,46,47,48,49,50,51,52,53,54,55,56,57,58,59,60,61,62,63
,2010,2015,2021,,,,,,,,,,,,,,,,,,,,,,,,,,,,,,,,,,,,,,,,,,,,,,,,,,,,,,,,,,,,
GDP: Gross domestic product (million current US$),10 971,11 690,11 272b,"GDP growth rate (annual %, const. 2015 prices)",15,4.6,3b,GDP per capita (current US$),917.9,828.5,706.8b,Economy: Agriculture (% of Gross Value Added),35.9,29.5,28.5b,Economy: Industry (% of Gross Value Added),36.7,31.7,18.7b,Economy: Services and other activity (% of GVA),27.4,38.8,52.8b,Employment in agriculturee (% of employed),78.5,77,76.3d,Employment in industrye (% of employed),2.4,2.4,2.1d,Employment in servicese (% employed),19.1,20.7,21.6d,Unemploymente (% of labour force),1.6,1.8,1.9d,Labour force participation ratee (female/male pop. %),63.8 /       79.3,63.8 /       78.2,63.9 /       77.5d,CPI: Consumer Price Index (2010=100),"100e,f","117e,f","123g,d",Agricultural production index (2014-2016=100),86,97,118b,International trade: exportse (million current US$),3 410,2 900,411d,International trade: importse (million current US$),2 507,2 200,195d,International trade: balancee (million current US$),904,700,217d
"GDP growth rate (annual %, const. 2015 prices)",15,4.6,3b,GDP per capita (current US$),917.9,828.5,706.8b,Economy: Agriculture (% of Gross Value Added),35.9,29.5,28.5b,Economy: Industry (% of Gross Value Added),36.7,31.7,18.7b,Economy: Services and other activity (% of GVA),27.4,38.8,52.8b,Employment in agriculturee (% of employed),78.5,77,76.3d,Employment in industrye (% of employed),2.4,2.4,2.1d,Employment in servicese (% employed),19.1,20.7,21.6d,Unemploymente (% of labour force),1.6,1.8,1.9d,Labour force participation ratee (female/male pop. %),63.8 /       79.3,63.8 /       78.2,63.9 /       77.5d,CPI: Consumer Price Index (2010=100),"100e,f","117e,f","123g,d",Agricultural production index (2014-2016=100),86,97,118b,International trade: exportse (million current US$),3 410,2 900,411d,International trade: importse (million current US$),2 507,2 200,195d,International trade: balancee (million current US$),904,700,217d,,,,
GDP per capita (current US$),917.9,828.5,706.8b,Economy: Agriculture (% of Gross Value Added),35.9,29.5,28.5b,Economy: Industry (% of Gross Value Added),36.7,31.7,18.7b,Economy: Services and other activity (% of GVA),27.4,38.8,52.8b,Employment in agriculturee (% of employed),78.5,77,76.3d,Employment in industrye (% of employed),2.4,2.4,2.1d,Employment in servicese (% employed),19.1,20.7,21.6d,Unemploymente (% of labour force),1.6,1.8,1.9d,Labour force participation ratee (female/male pop. %),63.8 /       79.3,63.8 /       78.2,63.9 /       77.5d,CPI: Consumer Price Index (2010=100),"100e,f","117e,f","123g,d",Agricultural production index (2014-2016=100),86,97,118b,International trade: exportse (million current US$),3 410,2 900,411d,International trade: importse (million current US$),2 507,2 200,195d,International trade: balancee (million current US$),904,700,217d,,,,,,,,
Economy: Agriculture (% of Gross Value Added),35.9,29.5,28.5b,Economy: Industry (% of Gross Value Added),36.7,31.7,18.7b,Economy: Services and other activity (% of GVA),27.4,38.8,52.8b,Employment in agriculturee (% of employed),78.5,77,76.3d,Employment in industrye (% of employed),2.4,2.4,2.1d,Employment in servicese (% employed),19.1,20.7,21.6d,Unemploymente (% of labour force),1.6,1.8,1.9d,Labour force participation ratee (female/male pop. %),63.8 /       79.3,63.8 /       78.2,63.9 /       77.5d,CPI: Consumer Price Index (2010=100),"100e,f","117e,f","123g,d",Agricultural production index (2014-2016=100),86,97,118b,International trade: exportse (million current US$),3 410,2 900,411d,International trade: importse (million current US$),2 507,2 200,195d,International trade: balancee (million current US$),904,700,217d,,,,,,,,,,,,
Economy: Industry (% of Gross Value Added),36.7,31.7,18.7b,Economy: Services and other activity (% of GVA),27.4,38.8,52.8b,Employment in agriculturee (% of employed),78.5,77,76.3d,Employment in industrye (% of employed),2.4,2.4,2.1d,Employment in servicese (% employed),19.1,20.7,21.6d,Unemploymente (% of labour force),1.6,1.8,1.9d,Labour force participation ratee (female/male pop. %),63.8 /       79.3,63.8 /       78.2,63.9 /       77.5d,CPI: Consumer Price Index (2010=100),"100e,f","117e,f","123g,d",Agricultural production index (2014-2016=100),86,97,118b,International trade: exportse (million current US$),3 410,2 900,411d,International trade: importse (million current US$),2 507,2 200,195d,International trade: balancee (million current US$),904,700,217d,,,,,,,,,,,,,,,,
Economy: Services and other activity (% of GVA),27.4,38.8,52.8b,Employment in agriculturee (% of employed),78.5,77,76.3d,Employment in industrye (% of employed),2.4,2.4,2.1d,Employment in servicese (% employed),19.1,20.7,21.6d,Unemploymente (% of labour force),1.6,1.8,1.9d,Labour force participation ratee (female/male pop. %),63.8 /       79.3,63.8 /       78.2,63.9 /       77.5d,CPI: Consumer Price Index (2010=100),"100e,f","117e,f","123g,d",Agricultural production index (2014-2016=100),86,97,118b,International trade: exportse (million current US$),3 410,2 900,411d,International trade: importse (million current US$),2 507,2 200,195d,International trade: balancee (million current US$),904,700,217d,,,,,,,,,,,,,,,,,,,,
Employment in agriculturee (% of employed),78.5,77,76.3d,Employment in industrye (% of employed),2.4,2.4,2.1d,Employment in servicese (% employed),19.1,20.7,21.6d,Unemploymente (% of labour force),1.6,1.8,1.9d,Labour force participation ratee (female/male pop. %),63.8 /       79.3,63.8 /       78.2,63.9 /       77.5d,CPI: Consumer Price Index (2010=100),"100e,f","117e,f","123g,d",Agricultural production index (2014-2016=100),86,97,118b,International trade: exportse (million current US$),3 410,2 900,411d,International trade: importse (million current US$),2 507,2 200,195d,International trade: balancee (million current US$),904,700,217d,,,,,,,,,,,,,,,,,,,,,,,,
Employment in industrye (% of employed),2.4,2.4,2.1d,Employment in servicese (% employed),19.1,20.7,21.6d,Unemploymente (% of labour force),1.6,1.8,1.9d,Labour force participation ratee (female/male pop. %),63.8 /       79.3,63.8 /       78.2,63.9 /       77.5d,CPI: Consumer Price Index (2010=100),"100e,f","117e,f","123g,d",Agricultural production index (2014-2016=100),86,97,118b,International trade: exportse (million current US$),3 410,2 900,411d,International trade: importse (million current US$),2 507,2 200,195d,International trade: balancee (million current US$),904,700,217d,,,,,,,,,,,,,,,,,,,,,,,,,,,,
Employment in servicese (% employed),19.1,20.7,21.6d,Unemploymente (% of labour force),1.6,1.8,1.9d,Labour force participation ratee (female/male pop. %),63.8 /       79.3,63.8 /       78.2,63.9 /       77.5d,CPI: Consumer Price Index (2010=100),"100e,f","117e,f","123g,d",Agricultural production index (2014-2016=100),86,97,118b,International trade: exportse (million current US$),3 410,2 900,411d,International trade: importse (million current US$),2 507,2 200,195d,International trade: balancee (million current US$),904,700,217d,,,,,,,,,,,,,,,,,,,,,,,,,,,,,,,,
Unemploymente (% of labour force),1.6,1.8,1.9d,Labour force participation ratee (female/male pop. %),63.8 /       79.3,63.8 /       78.2,63.9 /       77.5d,CPI: Consumer Price Index (2010=100),"100e,f","117e,f","123g,d",Agricultural production index (2014-2016=100),86,97,118b,International trade: exportse (million current US$),3 410,2 900,411d,International trade: importse (million current US$),2 507,2 200,195d,International trade: balancee (million current US$),904,700,217d,,,,,,,,,,,,,,,,,,,,,,,,,,,,,,,,,,,,
Labour force participation ratee (female/male pop. %),63.8 /       79.3,63.8 /       78.2,63.9 /       77.5d,CPI: Consumer Price Index (2010=100),"100e,f","117e,f","123g,d",Agricultural production index (2014-2016=100),86,97,118b,International trade: exportse (million current US$),3 410,2 900,411d,International trade: importse (million current US$),2 507,2 200,195d,International trade: balancee (million current US$),904,700,217d,,,,,,,,,,,,,,,,,,,,,,,,,,,,,,,,,,,,,,,,
CPI: Consumer Price Index (2010=100),"100e,f","117e,f","123g,d",Agricultural production index (2014-2016=100),86,97,118b,International trade: exportse (million current US$),3 410,2 900,411d,International trade: importse (million current US$),2 507,2 200,195d,International trade: balancee (million current US$),904,700,217d,,,,,,,,,,,,,,,,,,,,,,,,,,,,,,,,,,,,,,,,,,,,
Agricultural production index (2014-2016=100),86,97,118b,International trade: exportse (million current US$),3 410,2 900,411d,International trade: importse (million current US$),2 507,2 200,195d,International trade: balancee (million current US$),904,700,217d,,,,,,,,,,,,,,,,,,,,,,,,,,,,,,,,,,,,,,,,,,,,,,,,
International trade: exportse (million current US$),3 410,2 900,411d,International trade: importse (million current US$),2 507,2 200,195d,International trade: balancee (million current US$),904,700,217d,,,,,,,,,,,,,,,,,,,,,,,,,,,,,,,,,,,,,,,,,,,,,,,,,,,,
International trade: importse (million current US$),2 507,2 200,195d,International trade: balancee (million current US$),904,700,217d,,,,,,,,,,,,,,,,,,,,,,,,,,,,,,,,,,,,,,,,,,,,,,,,,,,,,,,,
International trade: balancee (million current US$),904,700,217d,,,,,,,,,,,,,,,,,,,,,,,,,,,,,,,,,,,,,,,,,,,,,,,,,,,,,,,,,,,,
