0,1,2,3,4,5,6,7,8,9,10,11,12,13,14,15,16,17,18,19,20,21,22,23,24,25,26,27,28,29,30,31,32,33,34,35,36,37,38,39,40,41,42,43
,2010,2015,2021,,,,,,,,,,,,,,,,,,,,,,,,,,,,,,,,,,,,,,,,
Individuals using the Internete (per 100 inhabitants),1.7,3.5,6.5n,Research & Development expenditure (% of GDP),...,...,"0.3p,q,r",Threatened species (number),30,38,52,Forested area (% of land area),4.4,3.9e,"3.6e,k","Energy production, primarye (Petajoules)",324,375,349k,Energy supply per capita (Gigajoules),7,6,6k,Tourist/visitor arrivals at national borderss (000),71,120,87n,Important sites for terrestrial biodiversity protected (%),67.3,67.3,67.3d,"Pop. using safely managed drinking water (urban/rural, %)",16.2 /        2.6,16.8 /        2.3,17.4 /        2.0d,Pop. using safely managed sanitation (urban/rural %),23.5 /        4.8,27.7 /        4.0,32.3 /        3.3d,Net Official Development Assist. received (% of GNI),4.75,5.71,5.76b
Research & Development expenditure (% of GDP),...,...,"0.3p,q,r",Threatened species (number),30,38,52,Forested area (% of land area),4.4,3.9e,"3.6e,k","Energy production, primarye (Petajoules)",324,375,349k,Energy supply per capita (Gigajoules),7,6,6k,Tourist/visitor arrivals at national borderss (000),71,120,87n,Important sites for terrestrial biodiversity protected (%),67.3,67.3,67.3d,"Pop. using safely managed drinking water (urban/rural, %)",16.2 /        2.6,16.8 /        2.3,17.4 /        2.0d,Pop. using safely managed sanitation (urban/rural %),23.5 /        4.8,27.7 /        4.0,32.3 /        3.3d,Net Official Development Assist. received (% of GNI),4.75,5.71,5.76b,,,,
Threatened species (number),30,38,52,Forested area (% of land area),4.4,3.9e,"3.6e,k","Energy production, primarye (Petajoules)",324,375,349k,Energy supply per capita (Gigajoules),7,6,6k,Tourist/visitor arrivals at national borderss (000),71,120,87n,Important sites for terrestrial biodiversity protected (%),67.3,67.3,67.3d,"Pop. using safely managed drinking water (urban/rural, %)",16.2 /        2.6,16.8 /        2.3,17.4 /        2.0d,Pop. using safely managed sanitation (urban/rural %),23.5 /        4.8,27.7 /        4.0,32.3 /        3.3d,Net Official Development Assist. received (% of GNI),4.75,5.71,5.76b,,,,,,,,
Forested area (% of land area),4.4,3.9e,"3.6e,k","Energy production, primarye (Petajoules)",324,375,349k,Energy supply per capita (Gigajoules),7,6,6k,Tourist/visitor arrivals at national borderss (000),71,120,87n,Important sites for terrestrial biodiversity protected (%),67.3,67.3,67.3d,"Pop. using safely managed drinking water (urban/rural, %)",16.2 /        2.6,16.8 /        2.3,17.4 /        2.0d,Pop. using safely managed sanitation (urban/rural %),23.5 /        4.8,27.7 /        4.0,32.3 /        3.3d,Net Official Development Assist. received (% of GNI),4.75,5.71,5.76b,,,,,,,,,,,,
"Energy production, primarye (Petajoules)",324,375,349k,Energy supply per capita (Gigajoules),7,6,6k,Tourist/visitor arrivals at national borderss (000),71,120,87n,Important sites for terrestrial biodiversity protected (%),67.3,67.3,67.3d,"Pop. using safely managed drinking water (urban/rural, %)",16.2 /        2.6,16.8 /        2.3,17.4 /        2.0d,Pop. using safely managed sanitation (urban/rural %),23.5 /        4.8,27.7 /        4.0,32.3 /        3.3d,Net Official Development Assist. received (% of GNI),4.75,5.71,5.76b,,,,,,,,,,,,,,,,
Energy supply per capita (Gigajoules),7,6,6k,Tourist/visitor arrivals at national borderss (000),71,120,87n,Important sites for terrestrial biodiversity protected (%),67.3,67.3,67.3d,"Pop. using safely managed drinking water (urban/rural, %)",16.2 /        2.6,16.8 /        2.3,17.4 /        2.0d,Pop. using safely managed sanitation (urban/rural %),23.5 /        4.8,27.7 /        4.0,32.3 /        3.3d,Net Official Development Assist. received (% of GNI),4.75,5.71,5.76b,,,,,,,,,,,,,,,,,,,,
Tourist/visitor arrivals at national borderss (000),71,120,87n,Important sites for terrestrial biodiversity protected (%),67.3,67.3,67.3d,"Pop. using safely managed drinking water (urban/rural, %)",16.2 /        2.6,16.8 /        2.3,17.4 /        2.0d,Pop. using safely managed sanitation (urban/rural %),23.5 /        4.8,27.7 /        4.0,32.3 /        3.3d,Net Official Development Assist. received (% of GNI),4.75,5.71,5.76b,,,,,,,,,,,,,,,,,,,,,,,,
Important sites for terrestrial biodiversity protected (%),67.3,67.3,67.3d,"Pop. using safely managed drinking water (urban/rural, %)",16.2 /        2.6,16.8 /        2.3,17.4 /        2.0d,Pop. using safely managed sanitation (urban/rural %),23.5 /        4.8,27.7 /        4.0,32.3 /        3.3d,Net Official Development Assist. received (% of GNI),4.75,5.71,5.76b,,,,,,,,,,,,,,,,,,,,,,,,,,,,
"Pop. using safely managed drinking water (urban/rural, %)",16.2 /        2.6,16.8 /        2.3,17.4 /        2.0d,Pop. using safely managed sanitation (urban/rural %),23.5 /        4.8,27.7 /        4.0,32.3 /        3.3d,Net Official Development Assist. received (% of GNI),4.75,5.71,5.76b,,,,,,,,,,,,,,,,,,,,,,,,,,,,,,,,
Pop. using safely managed sanitation (urban/rural %),23.5 /        4.8,27.7 /        4.0,32.3 /        3.3d,Net Official Development Assist. received (% of GNI),4.75,5.71,5.76b,,,,,,,,,,,,,,,,,,,,,,,,,,,,,,,,,,,,
Net Official Development Assist. received (% of GNI),4.75,5.71,5.76b,,,,,,,,,,,,,,,,,,,,,,,,,,,,,,,,,,,,,,,,
