0,1,2,3,4,5,6,7,8,9,10,11,12,13,14,15,16,17,18,19,20,21,22,23,24,25,26,27,28,29,30,31,32,33,34,35,36,37,38,39,40,41,42,43,44,45,46,47,48,49,50,51,52,53,54,55,56,57,58,59,60,61,62,63
,2010,2015,2021,,,,,,,,,,,,,,,,,,,,,,,,,,,,,,,,,,,,,,,,,,,,,,,,,,,,,,,,,,,,
Population growth rateh (average annual %),3.4,3.3,3d,Urban population (% of total population),22,22.5,23.3b,Urban population growth rateh (average annual %),3.5,3.8,...,"Fertility rate, totalh (live births per woman)",6.9,6.3,5.8d,"Life expectancy at birthh (females/males, years)",50.7 /       48.3,53.7 /       50.9,55.2 /       52.4d,"Population age distribution (0-14/60+ years old, %)",48.8 /        3.9,47.8 /        3.9,46.2 /        3.9a,International migrant stocki (000/% of total pop.),417.0 /        3.5,467.0 /        3.3,547.5 /        3.3d,Refugees and others of concern to UNHCR (000),533j,473.5,820.6d,Infant mortality rateh (per 1 000 live births),97.5,84.1,74.5d,Health: Current expendituree (% of GDP),4.1,4.5,4.1k,Health: Physicians (per 1 000 pop.),~0.0l,~0.0,0.1b,Education: Government expenditure (% of GDP),2,2.9m,"2.5e,n",Education: Primary gross enrol. ratio (f/m per 100 pop.),69.1 /       94.6,79.4 /      103.7,78.0 /      100.3b,Education: Secondary gross enrol. ratio (f/m per 100 pop.),13.4 /       31.7,13.9 /       30.9,14.3 /       26.8b,Education: Upper secondary gross enrol. ratio (f/m per 100 pop.),8.7 /       24.2,9.0 /       25.3,10.2 /       23.5b,Seats held by women in national parliaments (%),5.2,14.9,15.4o
Urban population (% of total population),22,22.5,23.3b,Urban population growth rateh (average annual %),3.5,3.8,...,"Fertility rate, totalh (live births per woman)",6.9,6.3,5.8d,"Life expectancy at birthh (females/males, years)",50.7 /       48.3,53.7 /       50.9,55.2 /       52.4d,"Population age distribution (0-14/60+ years old, %)",48.8 /        3.9,47.8 /        3.9,46.2 /        3.9a,International migrant stocki (000/% of total pop.),417.0 /        3.5,467.0 /        3.3,547.5 /        3.3d,Refugees and others of concern to UNHCR (000),533j,473.5,820.6d,Infant mortality rateh (per 1 000 live births),97.5,84.1,74.5d,Health: Current expendituree (% of GDP),4.1,4.5,4.1k,Health: Physicians (per 1 000 pop.),~0.0l,~0.0,0.1b,Education: Government expenditure (% of GDP),2,2.9m,"2.5e,n",Education: Primary gross enrol. ratio (f/m per 100 pop.),69.1 /       94.6,79.4 /      103.7,78.0 /      100.3b,Education: Secondary gross enrol. ratio (f/m per 100 pop.),13.4 /       31.7,13.9 /       30.9,14.3 /       26.8b,Education: Upper secondary gross enrol. ratio (f/m per 100 pop.),8.7 /       24.2,9.0 /       25.3,10.2 /       23.5b,Seats held by women in national parliaments (%),5.2,14.9,15.4o,,,,
Urban population growth rateh (average annual %),3.5,3.8,...,"Fertility rate, totalh (live births per woman)",6.9,6.3,5.8d,"Life expectancy at birthh (females/males, years)",50.7 /       48.3,53.7 /       50.9,55.2 /       52.4d,"Population age distribution (0-14/60+ years old, %)",48.8 /        3.9,47.8 /        3.9,46.2 /        3.9a,International migrant stocki (000/% of total pop.),417.0 /        3.5,467.0 /        3.3,547.5 /        3.3d,Refugees and others of concern to UNHCR (000),533j,473.5,820.6d,Infant mortality rateh (per 1 000 live births),97.5,84.1,74.5d,Health: Current expendituree (% of GDP),4.1,4.5,4.1k,Health: Physicians (per 1 000 pop.),~0.0l,~0.0,0.1b,Education: Government expenditure (% of GDP),2,2.9m,"2.5e,n",Education: Primary gross enrol. ratio (f/m per 100 pop.),69.1 /       94.6,79.4 /      103.7,78.0 /      100.3b,Education: Secondary gross enrol. ratio (f/m per 100 pop.),13.4 /       31.7,13.9 /       30.9,14.3 /       26.8b,Education: Upper secondary gross enrol. ratio (f/m per 100 pop.),8.7 /       24.2,9.0 /       25.3,10.2 /       23.5b,Seats held by women in national parliaments (%),5.2,14.9,15.4o,,,,,,,,
"Fertility rate, totalh (live births per woman)",6.9,6.3,5.8d,"Life expectancy at birthh (females/males, years)",50.7 /       48.3,53.7 /       50.9,55.2 /       52.4d,"Population age distribution (0-14/60+ years old, %)",48.8 /        3.9,47.8 /        3.9,46.2 /        3.9a,International migrant stocki (000/% of total pop.),417.0 /        3.5,467.0 /        3.3,547.5 /        3.3d,Refugees and others of concern to UNHCR (000),533j,473.5,820.6d,Infant mortality rateh (per 1 000 live births),97.5,84.1,74.5d,Health: Current expendituree (% of GDP),4.1,4.5,4.1k,Health: Physicians (per 1 000 pop.),~0.0l,~0.0,0.1b,Education: Government expenditure (% of GDP),2,2.9m,"2.5e,n",Education: Primary gross enrol. ratio (f/m per 100 pop.),69.1 /       94.6,79.4 /      103.7,78.0 /      100.3b,Education: Secondary gross enrol. ratio (f/m per 100 pop.),13.4 /       31.7,13.9 /       30.9,14.3 /       26.8b,Education: Upper secondary gross enrol. ratio (f/m per 100 pop.),8.7 /       24.2,9.0 /       25.3,10.2 /       23.5b,Seats held by women in national parliaments (%),5.2,14.9,15.4o,,,,,,,,,,,,
"Life expectancy at birthh (females/males, years)",50.7 /       48.3,53.7 /       50.9,55.2 /       52.4d,"Population age distribution (0-14/60+ years old, %)",48.8 /        3.9,47.8 /        3.9,46.2 /        3.9a,International migrant stocki (000/% of total pop.),417.0 /        3.5,467.0 /        3.3,547.5 /        3.3d,Refugees and others of concern to UNHCR (000),533j,473.5,820.6d,Infant mortality rateh (per 1 000 live births),97.5,84.1,74.5d,Health: Current expendituree (% of GDP),4.1,4.5,4.1k,Health: Physicians (per 1 000 pop.),~0.0l,~0.0,0.1b,Education: Government expenditure (% of GDP),2,2.9m,"2.5e,n",Education: Primary gross enrol. ratio (f/m per 100 pop.),69.1 /       94.6,79.4 /      103.7,78.0 /      100.3b,Education: Secondary gross enrol. ratio (f/m per 100 pop.),13.4 /       31.7,13.9 /       30.9,14.3 /       26.8b,Education: Upper secondary gross enrol. ratio (f/m per 100 pop.),8.7 /       24.2,9.0 /       25.3,10.2 /       23.5b,Seats held by women in national parliaments (%),5.2,14.9,15.4o,,,,,,,,,,,,,,,,
"Population age distribution (0-14/60+ years old, %)",48.8 /        3.9,47.8 /        3.9,46.2 /        3.9a,International migrant stocki (000/% of total pop.),417.0 /        3.5,467.0 /        3.3,547.5 /        3.3d,Refugees and others of concern to UNHCR (000),533j,473.5,820.6d,Infant mortality rateh (per 1 000 live births),97.5,84.1,74.5d,Health: Current expendituree (% of GDP),4.1,4.5,4.1k,Health: Physicians (per 1 000 pop.),~0.0l,~0.0,0.1b,Education: Government expenditure (% of GDP),2,2.9m,"2.5e,n",Education: Primary gross enrol. ratio (f/m per 100 pop.),69.1 /       94.6,79.4 /      103.7,78.0 /      100.3b,Education: Secondary gross enrol. ratio (f/m per 100 pop.),13.4 /       31.7,13.9 /       30.9,14.3 /       26.8b,Education: Upper secondary gross enrol. ratio (f/m per 100 pop.),8.7 /       24.2,9.0 /       25.3,10.2 /       23.5b,Seats held by women in national parliaments (%),5.2,14.9,15.4o,,,,,,,,,,,,,,,,,,,,
International migrant stocki (000/% of total pop.),417.0 /        3.5,467.0 /        3.3,547.5 /        3.3d,Refugees and others of concern to UNHCR (000),533j,473.5,820.6d,Infant mortality rateh (per 1 000 live births),97.5,84.1,74.5d,Health: Current expendituree (% of GDP),4.1,4.5,4.1k,Health: Physicians (per 1 000 pop.),~0.0l,~0.0,0.1b,Education: Government expenditure (% of GDP),2,2.9m,"2.5e,n",Education: Primary gross enrol. ratio (f/m per 100 pop.),69.1 /       94.6,79.4 /      103.7,78.0 /      100.3b,Education: Secondary gross enrol. ratio (f/m per 100 pop.),13.4 /       31.7,13.9 /       30.9,14.3 /       26.8b,Education: Upper secondary gross enrol. ratio (f/m per 100 pop.),8.7 /       24.2,9.0 /       25.3,10.2 /       23.5b,Seats held by women in national parliaments (%),5.2,14.9,15.4o,,,,,,,,,,,,,,,,,,,,,,,,
Refugees and others of concern to UNHCR (000),533j,473.5,820.6d,Infant mortality rateh (per 1 000 live births),97.5,84.1,74.5d,Health: Current expendituree (% of GDP),4.1,4.5,4.1k,Health: Physicians (per 1 000 pop.),~0.0l,~0.0,0.1b,Education: Government expenditure (% of GDP),2,2.9m,"2.5e,n",Education: Primary gross enrol. ratio (f/m per 100 pop.),69.1 /       94.6,79.4 /      103.7,78.0 /      100.3b,Education: Secondary gross enrol. ratio (f/m per 100 pop.),13.4 /       31.7,13.9 /       30.9,14.3 /       26.8b,Education: Upper secondary gross enrol. ratio (f/m per 100 pop.),8.7 /       24.2,9.0 /       25.3,10.2 /       23.5b,Seats held by women in national parliaments (%),5.2,14.9,15.4o,,,,,,,,,,,,,,,,,,,,,,,,,,,,
Infant mortality rateh (per 1 000 live births),97.5,84.1,74.5d,Health: Current expendituree (% of GDP),4.1,4.5,4.1k,Health: Physicians (per 1 000 pop.),~0.0l,~0.0,0.1b,Education: Government expenditure (% of GDP),2,2.9m,"2.5e,n",Education: Primary gross enrol. ratio (f/m per 100 pop.),69.1 /       94.6,79.4 /      103.7,78.0 /      100.3b,Education: Secondary gross enrol. ratio (f/m per 100 pop.),13.4 /       31.7,13.9 /       30.9,14.3 /       26.8b,Education: Upper secondary gross enrol. ratio (f/m per 100 pop.),8.7 /       24.2,9.0 /       25.3,10.2 /       23.5b,Seats held by women in national parliaments (%),5.2,14.9,15.4o,,,,,,,,,,,,,,,,,,,,,,,,,,,,,,,,
Health: Current expendituree (% of GDP),4.1,4.5,4.1k,Health: Physicians (per 1 000 pop.),~0.0l,~0.0,0.1b,Education: Government expenditure (% of GDP),2,2.9m,"2.5e,n",Education: Primary gross enrol. ratio (f/m per 100 pop.),69.1 /       94.6,79.4 /      103.7,78.0 /      100.3b,Education: Secondary gross enrol. ratio (f/m per 100 pop.),13.4 /       31.7,13.9 /       30.9,14.3 /       26.8b,Education: Upper secondary gross enrol. ratio (f/m per 100 pop.),8.7 /       24.2,9.0 /       25.3,10.2 /       23.5b,Seats held by women in national parliaments (%),5.2,14.9,15.4o,,,,,,,,,,,,,,,,,,,,,,,,,,,,,,,,,,,,
Health: Physicians (per 1 000 pop.),~0.0l,~0.0,0.1b,Education: Government expenditure (% of GDP),2,2.9m,"2.5e,n",Education: Primary gross enrol. ratio (f/m per 100 pop.),69.1 /       94.6,79.4 /      103.7,78.0 /      100.3b,Education: Secondary gross enrol. ratio (f/m per 100 pop.),13.4 /       31.7,13.9 /       30.9,14.3 /       26.8b,Education: Upper secondary gross enrol. ratio (f/m per 100 pop.),8.7 /       24.2,9.0 /       25.3,10.2 /       23.5b,Seats held by women in national parliaments (%),5.2,14.9,15.4o,,,,,,,,,,,,,,,,,,,,,,,,,,,,,,,,,,,,,,,,
Education: Government expenditure (% of GDP),2,2.9m,"2.5e,n",Education: Primary gross enrol. ratio (f/m per 100 pop.),69.1 /       94.6,79.4 /      103.7,78.0 /      100.3b,Education: Secondary gross enrol. ratio (f/m per 100 pop.),13.4 /       31.7,13.9 /       30.9,14.3 /       26.8b,Education: Upper secondary gross enrol. ratio (f/m per 100 pop.),8.7 /       24.2,9.0 /       25.3,10.2 /       23.5b,Seats held by women in national parliaments (%),5.2,14.9,15.4o,,,,,,,,,,,,,,,,,,,,,,,,,,,,,,,,,,,,,,,,,,,,
Education: Primary gross enrol. ratio (f/m per 100 pop.),69.1 /       94.6,79.4 /      103.7,78.0 /      100.3b,Education: Secondary gross enrol. ratio (f/m per 100 pop.),13.4 /       31.7,13.9 /       30.9,14.3 /       26.8b,Education: Upper secondary gross enrol. ratio (f/m per 100 pop.),8.7 /       24.2,9.0 /       25.3,10.2 /       23.5b,Seats held by women in national parliaments (%),5.2,14.9,15.4o,,,,,,,,,,,,,,,,,,,,,,,,,,,,,,,,,,,,,,,,,,,,,,,,
Education: Secondary gross enrol. ratio (f/m per 100 pop.),13.4 /       31.7,13.9 /       30.9,14.3 /       26.8b,Education: Upper secondary gross enrol. ratio (f/m per 100 pop.),8.7 /       24.2,9.0 /       25.3,10.2 /       23.5b,Seats held by women in national parliaments (%),5.2,14.9,15.4o,,,,,,,,,,,,,,,,,,,,,,,,,,,,,,,,,,,,,,,,,,,,,,,,,,,,
Education: Upper secondary gross enrol. ratio (f/m per 100 pop.),8.7 /       24.2,9.0 /       25.3,10.2 /       23.5b,Seats held by women in national parliaments (%),5.2,14.9,15.4o,,,,,,,,,,,,,,,,,,,,,,,,,,,,,,,,,,,,,,,,,,,,,,,,,,,,,,,,
Seats held by women in national parliaments (%),5.2,14.9,15.4o,,,,,,,,,,,,,,,,,,,,,,,,,,,,,,,,,,,,,,,,,,,,,,,,,,,,,,,,,,,,
