0,1,2,3,4,5,6,7,8,9,10,11,12,13,14,15,16,17,18,19,20,21,22,23,24,25,26,27,28,29,30,31,32,33,34,35,36,37,38,39,40,41,42,43,44,45,46,47,48,49,50,51,52,53,54,55,56,57,58,59,60,61,62,63,64,65,66,67
,2010,2015,2021,,,,,,,,,,,,,,,,,,,,,,,,,,,,,,,,,,,,,,,,,,,,,,,,,,,,,,,,,,,,,,,,
GDP: Gross domestic product (million current US$),23 878,27 240,34 103b,"GDP growth rate (annual %, const. 2015 prices)",-4.4,4,2.1b,GDP per capita (current US$),11 269.1,13 635.7,17 885.4b,Economy: Agricultured (% of Gross Value Added),4.6,4,4.3b,"Economy: Industrye,f (% of Gross Value Added)",23.1,21.8,21.3b,Economy: Services and other activityg (% of GVA),72.3,74.3,74.4b,Employment in agriculture (% of employed),8.6,7.9,"6.5h,c",Employment in industry (% of employed),23.1,23.6,"23.7h,c",Employment in services (% employed),68.3,68.4,"69.8h,c",Unemploymenth (% of labour force),19.5,9.9,6.5c,Labour force participation rateh (female/male pop. %),53.8 /       65.3,54.0 /       67.5,55.3 /       67.9c,CPI: Consumer Price Index (2010=100),100,108,117c,Agricultural production index (2014-2016=100),73,107,104b,International trade: exports (million current US$),8 851,11 650,15 154c,International trade: imports (million current US$),11 143,14 096,17 334c,International trade: balance (million current US$),- 2 292,- 2 446,- 2 181c,"Balance of payments, current account (million US$)",413,-167,1 004c
"GDP growth rate (annual %, const. 2015 prices)",-4.4,4,2.1b,GDP per capita (current US$),11 269.1,13 635.7,17 885.4b,Economy: Agricultured (% of Gross Value Added),4.6,4,4.3b,"Economy: Industrye,f (% of Gross Value Added)",23.1,21.8,21.3b,Economy: Services and other activityg (% of GVA),72.3,74.3,74.4b,Employment in agriculture (% of employed),8.6,7.9,"6.5h,c",Employment in industry (% of employed),23.1,23.6,"23.7h,c",Employment in services (% employed),68.3,68.4,"69.8h,c",Unemploymenth (% of labour force),19.5,9.9,6.5c,Labour force participation rateh (female/male pop. %),53.8 /       65.3,54.0 /       67.5,55.3 /       67.9c,CPI: Consumer Price Index (2010=100),100,108,117c,Agricultural production index (2014-2016=100),73,107,104b,International trade: exports (million current US$),8 851,11 650,15 154c,International trade: imports (million current US$),11 143,14 096,17 334c,International trade: balance (million current US$),- 2 292,- 2 446,- 2 181c,"Balance of payments, current account (million US$)",413,-167,1 004c,,,,
GDP per capita (current US$),11 269.1,13 635.7,17 885.4b,Economy: Agricultured (% of Gross Value Added),4.6,4,4.3b,"Economy: Industrye,f (% of Gross Value Added)",23.1,21.8,21.3b,Economy: Services and other activityg (% of GVA),72.3,74.3,74.4b,Employment in agriculture (% of employed),8.6,7.9,"6.5h,c",Employment in industry (% of employed),23.1,23.6,"23.7h,c",Employment in services (% employed),68.3,68.4,"69.8h,c",Unemploymenth (% of labour force),19.5,9.9,6.5c,Labour force participation rateh (female/male pop. %),53.8 /       65.3,54.0 /       67.5,55.3 /       67.9c,CPI: Consumer Price Index (2010=100),100,108,117c,Agricultural production index (2014-2016=100),73,107,104b,International trade: exports (million current US$),8 851,11 650,15 154c,International trade: imports (million current US$),11 143,14 096,17 334c,International trade: balance (million current US$),- 2 292,- 2 446,- 2 181c,"Balance of payments, current account (million US$)",413,-167,1 004c,,,,,,,,
Economy: Agricultured (% of Gross Value Added),4.6,4,4.3b,"Economy: Industrye,f (% of Gross Value Added)",23.1,21.8,21.3b,Economy: Services and other activityg (% of GVA),72.3,74.3,74.4b,Employment in agriculture (% of employed),8.6,7.9,"6.5h,c",Employment in industry (% of employed),23.1,23.6,"23.7h,c",Employment in services (% employed),68.3,68.4,"69.8h,c",Unemploymenth (% of labour force),19.5,9.9,6.5c,Labour force participation rateh (female/male pop. %),53.8 /       65.3,54.0 /       67.5,55.3 /       67.9c,CPI: Consumer Price Index (2010=100),100,108,117c,Agricultural production index (2014-2016=100),73,107,104b,International trade: exports (million current US$),8 851,11 650,15 154c,International trade: imports (million current US$),11 143,14 096,17 334c,International trade: balance (million current US$),- 2 292,- 2 446,- 2 181c,"Balance of payments, current account (million US$)",413,-167,1 004c,,,,,,,,,,,,
"Economy: Industrye,f (% of Gross Value Added)",23.1,21.8,21.3b,Economy: Services and other activityg (% of GVA),72.3,74.3,74.4b,Employment in agriculture (% of employed),8.6,7.9,"6.5h,c",Employment in industry (% of employed),23.1,23.6,"23.7h,c",Employment in services (% employed),68.3,68.4,"69.8h,c",Unemploymenth (% of labour force),19.5,9.9,6.5c,Labour force participation rateh (female/male pop. %),53.8 /       65.3,54.0 /       67.5,55.3 /       67.9c,CPI: Consumer Price Index (2010=100),100,108,117c,Agricultural production index (2014-2016=100),73,107,104b,International trade: exports (million current US$),8 851,11 650,15 154c,International trade: imports (million current US$),11 143,14 096,17 334c,International trade: balance (million current US$),- 2 292,- 2 446,- 2 181c,"Balance of payments, current account (million US$)",413,-167,1 004c,,,,,,,,,,,,,,,,
Economy: Services and other activityg (% of GVA),72.3,74.3,74.4b,Employment in agriculture (% of employed),8.6,7.9,"6.5h,c",Employment in industry (% of employed),23.1,23.6,"23.7h,c",Employment in services (% employed),68.3,68.4,"69.8h,c",Unemploymenth (% of labour force),19.5,9.9,6.5c,Labour force participation rateh (female/male pop. %),53.8 /       65.3,54.0 /       67.5,55.3 /       67.9c,CPI: Consumer Price Index (2010=100),100,108,117c,Agricultural production index (2014-2016=100),73,107,104b,International trade: exports (million current US$),8 851,11 650,15 154c,International trade: imports (million current US$),11 143,14 096,17 334c,International trade: balance (million current US$),- 2 292,- 2 446,- 2 181c,"Balance of payments, current account (million US$)",413,-167,1 004c,,,,,,,,,,,,,,,,,,,,
Employment in agriculture (% of employed),8.6,7.9,"6.5h,c",Employment in industry (% of employed),23.1,23.6,"23.7h,c",Employment in services (% employed),68.3,68.4,"69.8h,c",Unemploymenth (% of labour force),19.5,9.9,6.5c,Labour force participation rateh (female/male pop. %),53.8 /       65.3,54.0 /       67.5,55.3 /       67.9c,CPI: Consumer Price Index (2010=100),100,108,117c,Agricultural production index (2014-2016=100),73,107,104b,International trade: exports (million current US$),8 851,11 650,15 154c,International trade: imports (million current US$),11 143,14 096,17 334c,International trade: balance (million current US$),- 2 292,- 2 446,- 2 181c,"Balance of payments, current account (million US$)",413,-167,1 004c,,,,,,,,,,,,,,,,,,,,,,,,
Employment in industry (% of employed),23.1,23.6,"23.7h,c",Employment in services (% employed),68.3,68.4,"69.8h,c",Unemploymenth (% of labour force),19.5,9.9,6.5c,Labour force participation rateh (female/male pop. %),53.8 /       65.3,54.0 /       67.5,55.3 /       67.9c,CPI: Consumer Price Index (2010=100),100,108,117c,Agricultural production index (2014-2016=100),73,107,104b,International trade: exports (million current US$),8 851,11 650,15 154c,International trade: imports (million current US$),11 143,14 096,17 334c,International trade: balance (million current US$),- 2 292,- 2 446,- 2 181c,"Balance of payments, current account (million US$)",413,-167,1 004c,,,,,,,,,,,,,,,,,,,,,,,,,,,,
Employment in services (% employed),68.3,68.4,"69.8h,c",Unemploymenth (% of labour force),19.5,9.9,6.5c,Labour force participation rateh (female/male pop. %),53.8 /       65.3,54.0 /       67.5,55.3 /       67.9c,CPI: Consumer Price Index (2010=100),100,108,117c,Agricultural production index (2014-2016=100),73,107,104b,International trade: exports (million current US$),8 851,11 650,15 154c,International trade: imports (million current US$),11 143,14 096,17 334c,International trade: balance (million current US$),- 2 292,- 2 446,- 2 181c,"Balance of payments, current account (million US$)",413,-167,1 004c,,,,,,,,,,,,,,,,,,,,,,,,,,,,,,,,
Unemploymenth (% of labour force),19.5,9.9,6.5c,Labour force participation rateh (female/male pop. %),53.8 /       65.3,54.0 /       67.5,55.3 /       67.9c,CPI: Consumer Price Index (2010=100),100,108,117c,Agricultural production index (2014-2016=100),73,107,104b,International trade: exports (million current US$),8 851,11 650,15 154c,International trade: imports (million current US$),11 143,14 096,17 334c,International trade: balance (million current US$),- 2 292,- 2 446,- 2 181c,"Balance of payments, current account (million US$)",413,-167,1 004c,,,,,,,,,,,,,,,,,,,,,,,,,,,,,,,,,,,,
Labour force participation rateh (female/male pop. %),53.8 /       65.3,54.0 /       67.5,55.3 /       67.9c,CPI: Consumer Price Index (2010=100),100,108,117c,Agricultural production index (2014-2016=100),73,107,104b,International trade: exports (million current US$),8 851,11 650,15 154c,International trade: imports (million current US$),11 143,14 096,17 334c,International trade: balance (million current US$),- 2 292,- 2 446,- 2 181c,"Balance of payments, current account (million US$)",413,-167,1 004c,,,,,,,,,,,,,,,,,,,,,,,,,,,,,,,,,,,,,,,,
CPI: Consumer Price Index (2010=100),100,108,117c,Agricultural production index (2014-2016=100),73,107,104b,International trade: exports (million current US$),8 851,11 650,15 154c,International trade: imports (million current US$),11 143,14 096,17 334c,International trade: balance (million current US$),- 2 292,- 2 446,- 2 181c,"Balance of payments, current account (million US$)",413,-167,1 004c,,,,,,,,,,,,,,,,,,,,,,,,,,,,,,,,,,,,,,,,,,,,
Agricultural production index (2014-2016=100),73,107,104b,International trade: exports (million current US$),8 851,11 650,15 154c,International trade: imports (million current US$),11 143,14 096,17 334c,International trade: balance (million current US$),- 2 292,- 2 446,- 2 181c,"Balance of payments, current account (million US$)",413,-167,1 004c,,,,,,,,,,,,,,,,,,,,,,,,,,,,,,,,,,,,,,,,,,,,,,,,
International trade: exports (million current US$),8 851,11 650,15 154c,International trade: imports (million current US$),11 143,14 096,17 334c,International trade: balance (million current US$),- 2 292,- 2 446,- 2 181c,"Balance of payments, current account (million US$)",413,-167,1 004c,,,,,,,,,,,,,,,,,,,,,,,,,,,,,,,,,,,,,,,,,,,,,,,,,,,,
International trade: imports (million current US$),11 143,14 096,17 334c,International trade: balance (million current US$),- 2 292,- 2 446,- 2 181c,"Balance of payments, current account (million US$)",413,-167,1 004c,,,,,,,,,,,,,,,,,,,,,,,,,,,,,,,,,,,,,,,,,,,,,,,,,,,,,,,,
International trade: balance (million current US$),- 2 292,- 2 446,- 2 181c,"Balance of payments, current account (million US$)",413,-167,1 004c,,,,,,,,,,,,,,,,,,,,,,,,,,,,,,,,,,,,,,,,,,,,,,,,,,,,,,,,,,,,
"Balance of payments, current account (million US$)",413,-167,1 004c,,,,,,,,,,,,,,,,,,,,,,,,,,,,,,,,,,,,,,,,,,,,,,,,,,,,,,,,,,,,,,,,
