0,1,2,3,4,5,6,7,8,9,10,11,12,13,14,15,16,17,18,19,20,21,22,23,24,25,26,27,28,29,30,31,32,33,34,35,36,37,38,39
,2010,2015,2021,,,,,,,,,,,,,,,,,,,,,,,,,,,,,,,,,,,,
Individuals using the Internet (per 100 inhabitants),68.4n,79.2o,86.1b,Research & Development expenditure (% of GDP),0.6,0.6,0.6k,Threatened species (number),18,25,40,Forested area (% of land area),54.2,54.6,54.8k,CO2 emission estimates (million tons/tons per capita),8.1 /        3.9,6.8 /        3.5,6.8 /        3.5b,"Energy production, primary (Petajoules)",83,98,119k,Energy supply per capita (Gigajoules),89,90,101k,Tourist/visitor arrivals at national bordersp (000),1 373,2 024,1 935b,Important sites for terrestrial biodiversity protected (%),97.2,97.2,97.2c,Net Official Development Assist. disbursed (% of GNI),0.06,0.09,0.11l
Research & Development expenditure (% of GDP),0.6,0.6,0.6k,Threatened species (number),18,25,40,Forested area (% of land area),54.2,54.6,54.8k,CO2 emission estimates (million tons/tons per capita),8.1 /        3.9,6.8 /        3.5,6.8 /        3.5b,"Energy production, primary (Petajoules)",83,98,119k,Energy supply per capita (Gigajoules),89,90,101k,Tourist/visitor arrivals at national bordersp (000),1 373,2 024,1 935b,Important sites for terrestrial biodiversity protected (%),97.2,97.2,97.2c,Net Official Development Assist. disbursed (% of GNI),0.06,0.09,0.11l,,,,
Threatened species (number),18,25,40,Forested area (% of land area),54.2,54.6,54.8k,CO2 emission estimates (million tons/tons per capita),8.1 /        3.9,6.8 /        3.5,6.8 /        3.5b,"Energy production, primary (Petajoules)",83,98,119k,Energy supply per capita (Gigajoules),89,90,101k,Tourist/visitor arrivals at national bordersp (000),1 373,2 024,1 935b,Important sites for terrestrial biodiversity protected (%),97.2,97.2,97.2c,Net Official Development Assist. disbursed (% of GNI),0.06,0.09,0.11l,,,,,,,,
Forested area (% of land area),54.2,54.6,54.8k,CO2 emission estimates (million tons/tons per capita),8.1 /        3.9,6.8 /        3.5,6.8 /        3.5b,"Energy production, primary (Petajoules)",83,98,119k,Energy supply per capita (Gigajoules),89,90,101k,Tourist/visitor arrivals at national bordersp (000),1 373,2 024,1 935b,Important sites for terrestrial biodiversity protected (%),97.2,97.2,97.2c,Net Official Development Assist. disbursed (% of GNI),0.06,0.09,0.11l,,,,,,,,,,,,
CO2 emission estimates (million tons/tons per capita),8.1 /        3.9,6.8 /        3.5,6.8 /        3.5b,"Energy production, primary (Petajoules)",83,98,119k,Energy supply per capita (Gigajoules),89,90,101k,Tourist/visitor arrivals at national bordersp (000),1 373,2 024,1 935b,Important sites for terrestrial biodiversity protected (%),97.2,97.2,97.2c,Net Official Development Assist. disbursed (% of GNI),0.06,0.09,0.11l,,,,,,,,,,,,,,,,
"Energy production, primary (Petajoules)",83,98,119k,Energy supply per capita (Gigajoules),89,90,101k,Tourist/visitor arrivals at national bordersp (000),1 373,2 024,1 935b,Important sites for terrestrial biodiversity protected (%),97.2,97.2,97.2c,Net Official Development Assist. disbursed (% of GNI),0.06,0.09,0.11l,,,,,,,,,,,,,,,,,,,,
Energy supply per capita (Gigajoules),89,90,101k,Tourist/visitor arrivals at national bordersp (000),1 373,2 024,1 935b,Important sites for terrestrial biodiversity protected (%),97.2,97.2,97.2c,Net Official Development Assist. disbursed (% of GNI),0.06,0.09,0.11l,,,,,,,,,,,,,,,,,,,,,,,,
Tourist/visitor arrivals at national bordersp (000),1 373,2 024,1 935b,Important sites for terrestrial biodiversity protected (%),97.2,97.2,97.2c,Net Official Development Assist. disbursed (% of GNI),0.06,0.09,0.11l,,,,,,,,,,,,,,,,,,,,,,,,,,,,
Important sites for terrestrial biodiversity protected (%),97.2,97.2,97.2c,Net Official Development Assist. disbursed (% of GNI),0.06,0.09,0.11l,,,,,,,,,,,,,,,,,,,,,,,,,,,,,,,,
Net Official Development Assist. disbursed (% of GNI),0.06,0.09,0.11l,,,,,,,,,,,,,,,,,,,,,,,,,,,,,,,,,,,,
