0,1,2,3,4,5,6,7,8,9,10,11,12,13,14,15,16,17,18,19,20,21,22,23,24,25,26,27,28,29,30,31,32,33,34,35,36,37,38,39,40,41,42,43,44,45,46,47,48,49,50,51,52,53,54,55,56,57,58,59,60,61,62,63,64,65,66,67
,2010,2015,2021,,,,,,,,,,,,,,,,,,,,,,,,,,,,,,,,,,,,,,,,,,,,,,,,,,,,,,,,,,,,,,,,
Population growth ratei (average annual %),-1.2,-1.2,-1.1c,Urban population (% of total population),67.8,68,68.2b,Urban population growth ratei (average annual %),-1.3,-1.2,...,"Fertility rate, totali (live births per woman)",1.5,1.5,1.7c,"Life expectancy at birthi (females/males, years)",77.0 /       66.0,78.8 /       69.0,79.8 /       69.9c,"Population age distribution (0-14/60+ years old, %)",14.1 /       23.6,15.1 /       25.6,16.8 /       28.0a,International migrant stock (000/% of total pop.),313.8 /       14.8,265.4 /       13.3,239.4 /       12.7c,Refugees and others of concern to UNHCR (000),327j,263.2,217.5c,Infant mortality ratei (per 1 000 live births),7.8,5.2,3.3c,Health: Current expenditure (% of GDP),6.1,5.7,6.2k,Health: Physicians (per 1 000 pop.),3.1,3.2,3.3k,Education: Government expenditure (% of GDP),5.1,5.3,4.4l,Education: Primary gross enrol. ratioh (f/m per 100 pop.),101.9 /      103.9,99.4 /       99.4,99.9 /       99.4k,Education: Secondary gross enrol. ratioh (f/m per 100 pop.),102.1 /      103.5,111.2 /      113.5,108.6 /      109.7k,Education: Upper secondary gross enrol. ratioh (f/m per 100 pop.),100.7 /      100.0,121.4 /      122.9,115.0 /      115.8k,Intentional homicide rate (per 100 000 pop.),3.3,3.4,4.4k,Seats held by women in national parliaments (%),22,18,29m
Urban population (% of total population),67.8,68,68.2b,Urban population growth ratei (average annual %),-1.3,-1.2,...,"Fertility rate, totali (live births per woman)",1.5,1.5,1.7c,"Life expectancy at birthi (females/males, years)",77.0 /       66.0,78.8 /       69.0,79.8 /       69.9c,"Population age distribution (0-14/60+ years old, %)",14.1 /       23.6,15.1 /       25.6,16.8 /       28.0a,International migrant stock (000/% of total pop.),313.8 /       14.8,265.4 /       13.3,239.4 /       12.7c,Refugees and others of concern to UNHCR (000),327j,263.2,217.5c,Infant mortality ratei (per 1 000 live births),7.8,5.2,3.3c,Health: Current expenditure (% of GDP),6.1,5.7,6.2k,Health: Physicians (per 1 000 pop.),3.1,3.2,3.3k,Education: Government expenditure (% of GDP),5.1,5.3,4.4l,Education: Primary gross enrol. ratioh (f/m per 100 pop.),101.9 /      103.9,99.4 /       99.4,99.9 /       99.4k,Education: Secondary gross enrol. ratioh (f/m per 100 pop.),102.1 /      103.5,111.2 /      113.5,108.6 /      109.7k,Education: Upper secondary gross enrol. ratioh (f/m per 100 pop.),100.7 /      100.0,121.4 /      122.9,115.0 /      115.8k,Intentional homicide rate (per 100 000 pop.),3.3,3.4,4.4k,Seats held by women in national parliaments (%),22,18,29m,,,,
Urban population growth ratei (average annual %),-1.3,-1.2,...,"Fertility rate, totali (live births per woman)",1.5,1.5,1.7c,"Life expectancy at birthi (females/males, years)",77.0 /       66.0,78.8 /       69.0,79.8 /       69.9c,"Population age distribution (0-14/60+ years old, %)",14.1 /       23.6,15.1 /       25.6,16.8 /       28.0a,International migrant stock (000/% of total pop.),313.8 /       14.8,265.4 /       13.3,239.4 /       12.7c,Refugees and others of concern to UNHCR (000),327j,263.2,217.5c,Infant mortality ratei (per 1 000 live births),7.8,5.2,3.3c,Health: Current expenditure (% of GDP),6.1,5.7,6.2k,Health: Physicians (per 1 000 pop.),3.1,3.2,3.3k,Education: Government expenditure (% of GDP),5.1,5.3,4.4l,Education: Primary gross enrol. ratioh (f/m per 100 pop.),101.9 /      103.9,99.4 /       99.4,99.9 /       99.4k,Education: Secondary gross enrol. ratioh (f/m per 100 pop.),102.1 /      103.5,111.2 /      113.5,108.6 /      109.7k,Education: Upper secondary gross enrol. ratioh (f/m per 100 pop.),100.7 /      100.0,121.4 /      122.9,115.0 /      115.8k,Intentional homicide rate (per 100 000 pop.),3.3,3.4,4.4k,Seats held by women in national parliaments (%),22,18,29m,,,,,,,,
"Fertility rate, totali (live births per woman)",1.5,1.5,1.7c,"Life expectancy at birthi (females/males, years)",77.0 /       66.0,78.8 /       69.0,79.8 /       69.9c,"Population age distribution (0-14/60+ years old, %)",14.1 /       23.6,15.1 /       25.6,16.8 /       28.0a,International migrant stock (000/% of total pop.),313.8 /       14.8,265.4 /       13.3,239.4 /       12.7c,Refugees and others of concern to UNHCR (000),327j,263.2,217.5c,Infant mortality ratei (per 1 000 live births),7.8,5.2,3.3c,Health: Current expenditure (% of GDP),6.1,5.7,6.2k,Health: Physicians (per 1 000 pop.),3.1,3.2,3.3k,Education: Government expenditure (% of GDP),5.1,5.3,4.4l,Education: Primary gross enrol. ratioh (f/m per 100 pop.),101.9 /      103.9,99.4 /       99.4,99.9 /       99.4k,Education: Secondary gross enrol. ratioh (f/m per 100 pop.),102.1 /      103.5,111.2 /      113.5,108.6 /      109.7k,Education: Upper secondary gross enrol. ratioh (f/m per 100 pop.),100.7 /      100.0,121.4 /      122.9,115.0 /      115.8k,Intentional homicide rate (per 100 000 pop.),3.3,3.4,4.4k,Seats held by women in national parliaments (%),22,18,29m,,,,,,,,,,,,
"Life expectancy at birthi (females/males, years)",77.0 /       66.0,78.8 /       69.0,79.8 /       69.9c,"Population age distribution (0-14/60+ years old, %)",14.1 /       23.6,15.1 /       25.6,16.8 /       28.0a,International migrant stock (000/% of total pop.),313.8 /       14.8,265.4 /       13.3,239.4 /       12.7c,Refugees and others of concern to UNHCR (000),327j,263.2,217.5c,Infant mortality ratei (per 1 000 live births),7.8,5.2,3.3c,Health: Current expenditure (% of GDP),6.1,5.7,6.2k,Health: Physicians (per 1 000 pop.),3.1,3.2,3.3k,Education: Government expenditure (% of GDP),5.1,5.3,4.4l,Education: Primary gross enrol. ratioh (f/m per 100 pop.),101.9 /      103.9,99.4 /       99.4,99.9 /       99.4k,Education: Secondary gross enrol. ratioh (f/m per 100 pop.),102.1 /      103.5,111.2 /      113.5,108.6 /      109.7k,Education: Upper secondary gross enrol. ratioh (f/m per 100 pop.),100.7 /      100.0,121.4 /      122.9,115.0 /      115.8k,Intentional homicide rate (per 100 000 pop.),3.3,3.4,4.4k,Seats held by women in national parliaments (%),22,18,29m,,,,,,,,,,,,,,,,
"Population age distribution (0-14/60+ years old, %)",14.1 /       23.6,15.1 /       25.6,16.8 /       28.0a,International migrant stock (000/% of total pop.),313.8 /       14.8,265.4 /       13.3,239.4 /       12.7c,Refugees and others of concern to UNHCR (000),327j,263.2,217.5c,Infant mortality ratei (per 1 000 live births),7.8,5.2,3.3c,Health: Current expenditure (% of GDP),6.1,5.7,6.2k,Health: Physicians (per 1 000 pop.),3.1,3.2,3.3k,Education: Government expenditure (% of GDP),5.1,5.3,4.4l,Education: Primary gross enrol. ratioh (f/m per 100 pop.),101.9 /      103.9,99.4 /       99.4,99.9 /       99.4k,Education: Secondary gross enrol. ratioh (f/m per 100 pop.),102.1 /      103.5,111.2 /      113.5,108.6 /      109.7k,Education: Upper secondary gross enrol. ratioh (f/m per 100 pop.),100.7 /      100.0,121.4 /      122.9,115.0 /      115.8k,Intentional homicide rate (per 100 000 pop.),3.3,3.4,4.4k,Seats held by women in national parliaments (%),22,18,29m,,,,,,,,,,,,,,,,,,,,
International migrant stock (000/% of total pop.),313.8 /       14.8,265.4 /       13.3,239.4 /       12.7c,Refugees and others of concern to UNHCR (000),327j,263.2,217.5c,Infant mortality ratei (per 1 000 live births),7.8,5.2,3.3c,Health: Current expenditure (% of GDP),6.1,5.7,6.2k,Health: Physicians (per 1 000 pop.),3.1,3.2,3.3k,Education: Government expenditure (% of GDP),5.1,5.3,4.4l,Education: Primary gross enrol. ratioh (f/m per 100 pop.),101.9 /      103.9,99.4 /       99.4,99.9 /       99.4k,Education: Secondary gross enrol. ratioh (f/m per 100 pop.),102.1 /      103.5,111.2 /      113.5,108.6 /      109.7k,Education: Upper secondary gross enrol. ratioh (f/m per 100 pop.),100.7 /      100.0,121.4 /      122.9,115.0 /      115.8k,Intentional homicide rate (per 100 000 pop.),3.3,3.4,4.4k,Seats held by women in national parliaments (%),22,18,29m,,,,,,,,,,,,,,,,,,,,,,,,
Refugees and others of concern to UNHCR (000),327j,263.2,217.5c,Infant mortality ratei (per 1 000 live births),7.8,5.2,3.3c,Health: Current expenditure (% of GDP),6.1,5.7,6.2k,Health: Physicians (per 1 000 pop.),3.1,3.2,3.3k,Education: Government expenditure (% of GDP),5.1,5.3,4.4l,Education: Primary gross enrol. ratioh (f/m per 100 pop.),101.9 /      103.9,99.4 /       99.4,99.9 /       99.4k,Education: Secondary gross enrol. ratioh (f/m per 100 pop.),102.1 /      103.5,111.2 /      113.5,108.6 /      109.7k,Education: Upper secondary gross enrol. ratioh (f/m per 100 pop.),100.7 /      100.0,121.4 /      122.9,115.0 /      115.8k,Intentional homicide rate (per 100 000 pop.),3.3,3.4,4.4k,Seats held by women in national parliaments (%),22,18,29m,,,,,,,,,,,,,,,,,,,,,,,,,,,,
Infant mortality ratei (per 1 000 live births),7.8,5.2,3.3c,Health: Current expenditure (% of GDP),6.1,5.7,6.2k,Health: Physicians (per 1 000 pop.),3.1,3.2,3.3k,Education: Government expenditure (% of GDP),5.1,5.3,4.4l,Education: Primary gross enrol. ratioh (f/m per 100 pop.),101.9 /      103.9,99.4 /       99.4,99.9 /       99.4k,Education: Secondary gross enrol. ratioh (f/m per 100 pop.),102.1 /      103.5,111.2 /      113.5,108.6 /      109.7k,Education: Upper secondary gross enrol. ratioh (f/m per 100 pop.),100.7 /      100.0,121.4 /      122.9,115.0 /      115.8k,Intentional homicide rate (per 100 000 pop.),3.3,3.4,4.4k,Seats held by women in national parliaments (%),22,18,29m,,,,,,,,,,,,,,,,,,,,,,,,,,,,,,,,
Health: Current expenditure (% of GDP),6.1,5.7,6.2k,Health: Physicians (per 1 000 pop.),3.1,3.2,3.3k,Education: Government expenditure (% of GDP),5.1,5.3,4.4l,Education: Primary gross enrol. ratioh (f/m per 100 pop.),101.9 /      103.9,99.4 /       99.4,99.9 /       99.4k,Education: Secondary gross enrol. ratioh (f/m per 100 pop.),102.1 /      103.5,111.2 /      113.5,108.6 /      109.7k,Education: Upper secondary gross enrol. ratioh (f/m per 100 pop.),100.7 /      100.0,121.4 /      122.9,115.0 /      115.8k,Intentional homicide rate (per 100 000 pop.),3.3,3.4,4.4k,Seats held by women in national parliaments (%),22,18,29m,,,,,,,,,,,,,,,,,,,,,,,,,,,,,,,,,,,,
Health: Physicians (per 1 000 pop.),3.1,3.2,3.3k,Education: Government expenditure (% of GDP),5.1,5.3,4.4l,Education: Primary gross enrol. ratioh (f/m per 100 pop.),101.9 /      103.9,99.4 /       99.4,99.9 /       99.4k,Education: Secondary gross enrol. ratioh (f/m per 100 pop.),102.1 /      103.5,111.2 /      113.5,108.6 /      109.7k,Education: Upper secondary gross enrol. ratioh (f/m per 100 pop.),100.7 /      100.0,121.4 /      122.9,115.0 /      115.8k,Intentional homicide rate (per 100 000 pop.),3.3,3.4,4.4k,Seats held by women in national parliaments (%),22,18,29m,,,,,,,,,,,,,,,,,,,,,,,,,,,,,,,,,,,,,,,,
Education: Government expenditure (% of GDP),5.1,5.3,4.4l,Education: Primary gross enrol. ratioh (f/m per 100 pop.),101.9 /      103.9,99.4 /       99.4,99.9 /       99.4k,Education: Secondary gross enrol. ratioh (f/m per 100 pop.),102.1 /      103.5,111.2 /      113.5,108.6 /      109.7k,Education: Upper secondary gross enrol. ratioh (f/m per 100 pop.),100.7 /      100.0,121.4 /      122.9,115.0 /      115.8k,Intentional homicide rate (per 100 000 pop.),3.3,3.4,4.4k,Seats held by women in national parliaments (%),22,18,29m,,,,,,,,,,,,,,,,,,,,,,,,,,,,,,,,,,,,,,,,,,,,
Education: Primary gross enrol. ratioh (f/m per 100 pop.),101.9 /      103.9,99.4 /       99.4,99.9 /       99.4k,Education: Secondary gross enrol. ratioh (f/m per 100 pop.),102.1 /      103.5,111.2 /      113.5,108.6 /      109.7k,Education: Upper secondary gross enrol. ratioh (f/m per 100 pop.),100.7 /      100.0,121.4 /      122.9,115.0 /      115.8k,Intentional homicide rate (per 100 000 pop.),3.3,3.4,4.4k,Seats held by women in national parliaments (%),22,18,29m,,,,,,,,,,,,,,,,,,,,,,,,,,,,,,,,,,,,,,,,,,,,,,,,
Education: Secondary gross enrol. ratioh (f/m per 100 pop.),102.1 /      103.5,111.2 /      113.5,108.6 /      109.7k,Education: Upper secondary gross enrol. ratioh (f/m per 100 pop.),100.7 /      100.0,121.4 /      122.9,115.0 /      115.8k,Intentional homicide rate (per 100 000 pop.),3.3,3.4,4.4k,Seats held by women in national parliaments (%),22,18,29m,,,,,,,,,,,,,,,,,,,,,,,,,,,,,,,,,,,,,,,,,,,,,,,,,,,,
Education: Upper secondary gross enrol. ratioh (f/m per 100 pop.),100.7 /      100.0,121.4 /      122.9,115.0 /      115.8k,Intentional homicide rate (per 100 000 pop.),3.3,3.4,4.4k,Seats held by women in national parliaments (%),22,18,29m,,,,,,,,,,,,,,,,,,,,,,,,,,,,,,,,,,,,,,,,,,,,,,,,,,,,,,,,
Intentional homicide rate (per 100 000 pop.),3.3,3.4,4.4k,Seats held by women in national parliaments (%),22,18,29m,,,,,,,,,,,,,,,,,,,,,,,,,,,,,,,,,,,,,,,,,,,,,,,,,,,,,,,,,,,,
Seats held by women in national parliaments (%),22,18,29m,,,,,,,,,,,,,,,,,,,,,,,,,,,,,,,,,,,,,,,,,,,,,,,,,,,,,,,,,,,,,,,,
