0,1,2,3,4,5,6,7,8,9,10,11,12,13,14,15,16,17,18,19,20,21,22,23
,2010,2015,2021,,,,,,,,,,,,,,,,,,,,
Employment in agriculture (% of employed),...,"3.3e,f,g",...,"Employment in industrye,f (% of employed)",13.8,13.5g,...,"Employment in servicese,f (% employed)",64.4,65.5g,...,Unemploymentf (% of labour force),23.8,"26.1h,i",...,Labour force participation rate (female/male pop. %),39.5 /       44.2f,"49.6 /       56.5f,h,i",... / ...,CPI: Consumer Price Indexj (2010=100),100,106,110d
"Employment in industrye,f (% of employed)",13.8,13.5g,...,"Employment in servicese,f (% employed)",64.4,65.5g,...,Unemploymentf (% of labour force),23.8,"26.1h,i",...,Labour force participation rate (female/male pop. %),39.5 /       44.2f,"49.6 /       56.5f,h,i",... / ...,CPI: Consumer Price Indexj (2010=100),100,106,110d,,,,
"Employment in servicese,f (% employed)",64.4,65.5g,...,Unemploymentf (% of labour force),23.8,"26.1h,i",...,Labour force participation rate (female/male pop. %),39.5 /       44.2f,"49.6 /       56.5f,h,i",... / ...,CPI: Consumer Price Indexj (2010=100),100,106,110d,,,,,,,,
Unemploymentf (% of labour force),23.8,"26.1h,i",...,Labour force participation rate (female/male pop. %),39.5 /       44.2f,"49.6 /       56.5f,h,i",... / ...,CPI: Consumer Price Indexj (2010=100),100,106,110d,,,,,,,,,,,,
Labour force participation rate (female/male pop. %),39.5 /       44.2f,"49.6 /       56.5f,h,i",... / ...,CPI: Consumer Price Indexj (2010=100),100,106,110d,,,,,,,,,,,,,,,,
CPI: Consumer Price Indexj (2010=100),100,106,110d,,,,,,,,,,,,,,,,,,,,
