0,1,2,3,4,5,6,7,8,9,10,11,12,13,14,15,16,17,18,19,20,21,22,23
,2010,2015,2021,,,,,,,,,,,,,,,,,,,,
Individuals using the Internet (per 100 inhabitants),"23.4o,m",...,...,Threatened speciesp (number),54,70,95,Forested areao (% of land area),43.2,44.6,44.5c,"Energy production, primary (Petajoules)","2o,q",...,...,"Tourist/visitor arrivals at national bordersp,r (000)",392,512,735c,Important sites for terrestrial biodiversity protected (%),82.3,82.4,82.4d
Threatened speciesp (number),54,70,95,Forested areao (% of land area),43.2,44.6,44.5c,"Energy production, primary (Petajoules)","2o,q",...,...,"Tourist/visitor arrivals at national bordersp,r (000)",392,512,735c,Important sites for terrestrial biodiversity protected (%),82.3,82.4,82.4d,,,,
Forested areao (% of land area),43.2,44.6,44.5c,"Energy production, primary (Petajoules)","2o,q",...,...,"Tourist/visitor arrivals at national bordersp,r (000)",392,512,735c,Important sites for terrestrial biodiversity protected (%),82.3,82.4,82.4d,,,,,,,,
"Energy production, primary (Petajoules)","2o,q",...,...,"Tourist/visitor arrivals at national bordersp,r (000)",392,512,735c,Important sites for terrestrial biodiversity protected (%),82.3,82.4,82.4d,,,,,,,,,,,,
"Tourist/visitor arrivals at national bordersp,r (000)",392,512,735c,Important sites for terrestrial biodiversity protected (%),82.3,82.4,82.4d,,,,,,,,,,,,,,,,
Important sites for terrestrial biodiversity protected (%),82.3,82.4,82.4d,,,,,,,,,,,,,,,,,,,,
