0,1,2,3,4,5,6,7,8,9,10,11,12,13,14,15,16,17,18,19,20,21,22,23,24,25,26,27,28,29,30,31,32,33,34,35,36,37,38,39,40,41,42,43,44,45,46,47
,2010,2015,2021,,,,,,,,,,,,,,,,,,,,,,,,,,,,,,,,,,,,,,,,,,,,
GDP: Gross domestic product (million current US$),771,997,1 212b,"GDP growth rate (annual %, const. 2015 prices)",-0.5,6.4,2b,GDP per capita (current US$),7 257.8,9 096.9,10 817.7b,Economy: Agriculture (% of Gross Value Added),5.2,8.6,5.8b,Economy: Industry (% of Gross Value Added),16.8,14.2,15.9b,Economy: Services and other activity (% of GVA),78.1,77.2,78.3b,CPI: Consumer Price Index (2010=100),100,104,108b,Agricultural production index (2014-2016=100),45,99,85b,International trade: exports (million current US$),25g,33g,25f,International trade: imports (million current US$),306g,372g,395f,International trade: balance (million current US$),-281g,-339g,-370f,"Balance of payments, current account (million US$)",-204,-122,-116e
"GDP growth rate (annual %, const. 2015 prices)",-0.5,6.4,2b,GDP per capita (current US$),7 257.8,9 096.9,10 817.7b,Economy: Agriculture (% of Gross Value Added),5.2,8.6,5.8b,Economy: Industry (% of Gross Value Added),16.8,14.2,15.9b,Economy: Services and other activity (% of GVA),78.1,77.2,78.3b,CPI: Consumer Price Index (2010=100),100,104,108b,Agricultural production index (2014-2016=100),45,99,85b,International trade: exports (million current US$),25g,33g,25f,International trade: imports (million current US$),306g,372g,395f,International trade: balance (million current US$),-281g,-339g,-370f,"Balance of payments, current account (million US$)",-204,-122,-116e,,,,
GDP per capita (current US$),7 257.8,9 096.9,10 817.7b,Economy: Agriculture (% of Gross Value Added),5.2,8.6,5.8b,Economy: Industry (% of Gross Value Added),16.8,14.2,15.9b,Economy: Services and other activity (% of GVA),78.1,77.2,78.3b,CPI: Consumer Price Index (2010=100),100,104,108b,Agricultural production index (2014-2016=100),45,99,85b,International trade: exports (million current US$),25g,33g,25f,International trade: imports (million current US$),306g,372g,395f,International trade: balance (million current US$),-281g,-339g,-370f,"Balance of payments, current account (million US$)",-204,-122,-116e,,,,,,,,
Economy: Agriculture (% of Gross Value Added),5.2,8.6,5.8b,Economy: Industry (% of Gross Value Added),16.8,14.2,15.9b,Economy: Services and other activity (% of GVA),78.1,77.2,78.3b,CPI: Consumer Price Index (2010=100),100,104,108b,Agricultural production index (2014-2016=100),45,99,85b,International trade: exports (million current US$),25g,33g,25f,International trade: imports (million current US$),306g,372g,395f,International trade: balance (million current US$),-281g,-339g,-370f,"Balance of payments, current account (million US$)",-204,-122,-116e,,,,,,,,,,,,
Economy: Industry (% of Gross Value Added),16.8,14.2,15.9b,Economy: Services and other activity (% of GVA),78.1,77.2,78.3b,CPI: Consumer Price Index (2010=100),100,104,108b,Agricultural production index (2014-2016=100),45,99,85b,International trade: exports (million current US$),25g,33g,25f,International trade: imports (million current US$),306g,372g,395f,International trade: balance (million current US$),-281g,-339g,-370f,"Balance of payments, current account (million US$)",-204,-122,-116e,,,,,,,,,,,,,,,,
Economy: Services and other activity (% of GVA),78.1,77.2,78.3b,CPI: Consumer Price Index (2010=100),100,104,108b,Agricultural production index (2014-2016=100),45,99,85b,International trade: exports (million current US$),25g,33g,25f,International trade: imports (million current US$),306g,372g,395f,International trade: balance (million current US$),-281g,-339g,-370f,"Balance of payments, current account (million US$)",-204,-122,-116e,,,,,,,,,,,,,,,,,,,,
CPI: Consumer Price Index (2010=100),100,104,108b,Agricultural production index (2014-2016=100),45,99,85b,International trade: exports (million current US$),25g,33g,25f,International trade: imports (million current US$),306g,372g,395f,International trade: balance (million current US$),-281g,-339g,-370f,"Balance of payments, current account (million US$)",-204,-122,-116e,,,,,,,,,,,,,,,,,,,,,,,,
Agricultural production index (2014-2016=100),45,99,85b,International trade: exports (million current US$),25g,33g,25f,International trade: imports (million current US$),306g,372g,395f,International trade: balance (million current US$),-281g,-339g,-370f,"Balance of payments, current account (million US$)",-204,-122,-116e,,,,,,,,,,,,,,,,,,,,,,,,,,,,
International trade: exports (million current US$),25g,33g,25f,International trade: imports (million current US$),306g,372g,395f,International trade: balance (million current US$),-281g,-339g,-370f,"Balance of payments, current account (million US$)",-204,-122,-116e,,,,,,,,,,,,,,,,,,,,,,,,,,,,,,,,
International trade: imports (million current US$),306g,372g,395f,International trade: balance (million current US$),-281g,-339g,-370f,"Balance of payments, current account (million US$)",-204,-122,-116e,,,,,,,,,,,,,,,,,,,,,,,,,,,,,,,,,,,,
International trade: balance (million current US$),-281g,-339g,-370f,"Balance of payments, current account (million US$)",-204,-122,-116e,,,,,,,,,,,,,,,,,,,,,,,,,,,,,,,,,,,,,,,,
"Balance of payments, current account (million US$)",-204,-122,-116e,,,,,,,,,,,,,,,,,,,,,,,,,,,,,,,,,,,,,,,,,,,,
