0,1,2,3,4,5,6,7,8,9,10,11,12,13,14,15,16,17,18,19,20,21,22,23,24,25,26,27,28,29,30,31
,2010,2015,2021,,,,,,,,,,,,,,,,,,,,,,,,,,,,
Individuals using the Internetg (per 100 inhabitants),27,53.8,59.1l,Threatened species (number),37,51,76,Forested area (% of land area),52.1,52.1,52.1e,"Energy production, primaryg (Petajoules)",0,0,0e,Energy supply per capita (Gigajoules),38,37,43e,Tourist/visitor arrivals at national borders (000),110,155,188b,Important sites for terrestrial biodiversity protected (%),34.5,34.5,34.5f,Net Official Development Assist. received (% of GNI),4.63,2.73,1.32b
Threatened species (number),37,51,76,Forested area (% of land area),52.1,52.1,52.1e,"Energy production, primaryg (Petajoules)",0,0,0e,Energy supply per capita (Gigajoules),38,37,43e,Tourist/visitor arrivals at national borders (000),110,155,188b,Important sites for terrestrial biodiversity protected (%),34.5,34.5,34.5f,Net Official Development Assist. received (% of GNI),4.63,2.73,1.32b,,,,
Forested area (% of land area),52.1,52.1,52.1e,"Energy production, primaryg (Petajoules)",0,0,0e,Energy supply per capita (Gigajoules),38,37,43e,Tourist/visitor arrivals at national borders (000),110,155,188b,Important sites for terrestrial biodiversity protected (%),34.5,34.5,34.5f,Net Official Development Assist. received (% of GNI),4.63,2.73,1.32b,,,,,,,,
"Energy production, primaryg (Petajoules)",0,0,0e,Energy supply per capita (Gigajoules),38,37,43e,Tourist/visitor arrivals at national borders (000),110,155,188b,Important sites for terrestrial biodiversity protected (%),34.5,34.5,34.5f,Net Official Development Assist. received (% of GNI),4.63,2.73,1.32b,,,,,,,,,,,,
Energy supply per capita (Gigajoules),38,37,43e,Tourist/visitor arrivals at national borders (000),110,155,188b,Important sites for terrestrial biodiversity protected (%),34.5,34.5,34.5f,Net Official Development Assist. received (% of GNI),4.63,2.73,1.32b,,,,,,,,,,,,,,,,
Tourist/visitor arrivals at national borders (000),110,155,188b,Important sites for terrestrial biodiversity protected (%),34.5,34.5,34.5f,Net Official Development Assist. received (% of GNI),4.63,2.73,1.32b,,,,,,,,,,,,,,,,,,,,
Important sites for terrestrial biodiversity protected (%),34.5,34.5,34.5f,Net Official Development Assist. received (% of GNI),4.63,2.73,1.32b,,,,,,,,,,,,,,,,,,,,,,,,
Net Official Development Assist. received (% of GNI),4.63,2.73,1.32b,,,,,,,,,,,,,,,,,,,,,,,,,,,,
