0,1,2,3,4,5,6,7,8,9,10,11,12,13,14,15,16,17,18,19,20,21,22,23,24,25,26,27,28,29,30,31,32,33,34,35,36,37,38,39,40,41,42,43,44,45,46,47,48,49,50,51,52,53,54,55,56,57,58,59,60,61,62,63,64,65,66,67
,2010,2015,2021,,,,,,,,,,,,,,,,,,,,,,,,,,,,,,,,,,,,,,,,,,,,,,,,,,,,,,,,,,,,,,,,
Population growth ratei (average annual %),0.3,0.6,0.5f,Urban population (% of total population),35.9,36,36.4b,Urban population growth ratei (average annual %),0.3,0.5,...,"Fertility rate, totali (live births per woman)",2.3,2.2,2.1f,"Life expectancy at birthi (females/males, years)",75.7 /       70.6,75.2 /       70.3,75.0 /       70.1f,"Population age distribution (0-14/60+ years old, %)",24.0 /       13.3,23.2 /       13.5,23.8 /       15.2a,International migrant stock (000/% of total pop.),7.0 /        6.6,7.1 /        6.4,7.2 /        6.4f,Refugees and others of concern to UNHCR (000),~0.0j,...,~0.0f,Infant mortality ratei (per 1 000 live births),12.3,13.7,15f,Health: Current expenditureg (% of GDP),5.4,4.6,4.5e,Health: Physicians (per 1 000 pop.),0.7k,...,1.4e,Education: Government expenditure (% of GDP),...,...,3.2l,Education: Primary gross enrol. ratio (f/m per 100 pop.),113.9 /      119.1,116.3 /      120.6,106.0 /      107.7e,Education: Secondary gross enrol. ratio (f/m per 100 pop.),118.6 /      114.9,110.7 /      112.8,122.1 /      118.2e,Education: Upper secondary gross enrol. ratio (f/m per 100 pop.),107.1 /       85.2,113.4 /      103.3,119.2 /      110.3e,Intentional homicide rate (per 100 000 pop.),9.4,5.5,10.8l,Seats held by women in national parliaments (%),13.3,33.3,46.7m
Urban population (% of total population),35.9,36,36.4b,Urban population growth ratei (average annual %),0.3,0.5,...,"Fertility rate, totali (live births per woman)",2.3,2.2,2.1f,"Life expectancy at birthi (females/males, years)",75.7 /       70.6,75.2 /       70.3,75.0 /       70.1f,"Population age distribution (0-14/60+ years old, %)",24.0 /       13.3,23.2 /       13.5,23.8 /       15.2a,International migrant stock (000/% of total pop.),7.0 /        6.6,7.1 /        6.4,7.2 /        6.4f,Refugees and others of concern to UNHCR (000),~0.0j,...,~0.0f,Infant mortality ratei (per 1 000 live births),12.3,13.7,15f,Health: Current expenditureg (% of GDP),5.4,4.6,4.5e,Health: Physicians (per 1 000 pop.),0.7k,...,1.4e,Education: Government expenditure (% of GDP),...,...,3.2l,Education: Primary gross enrol. ratio (f/m per 100 pop.),113.9 /      119.1,116.3 /      120.6,106.0 /      107.7e,Education: Secondary gross enrol. ratio (f/m per 100 pop.),118.6 /      114.9,110.7 /      112.8,122.1 /      118.2e,Education: Upper secondary gross enrol. ratio (f/m per 100 pop.),107.1 /       85.2,113.4 /      103.3,119.2 /      110.3e,Intentional homicide rate (per 100 000 pop.),9.4,5.5,10.8l,Seats held by women in national parliaments (%),13.3,33.3,46.7m,,,,
Urban population growth ratei (average annual %),0.3,0.5,...,"Fertility rate, totali (live births per woman)",2.3,2.2,2.1f,"Life expectancy at birthi (females/males, years)",75.7 /       70.6,75.2 /       70.3,75.0 /       70.1f,"Population age distribution (0-14/60+ years old, %)",24.0 /       13.3,23.2 /       13.5,23.8 /       15.2a,International migrant stock (000/% of total pop.),7.0 /        6.6,7.1 /        6.4,7.2 /        6.4f,Refugees and others of concern to UNHCR (000),~0.0j,...,~0.0f,Infant mortality ratei (per 1 000 live births),12.3,13.7,15f,Health: Current expenditureg (% of GDP),5.4,4.6,4.5e,Health: Physicians (per 1 000 pop.),0.7k,...,1.4e,Education: Government expenditure (% of GDP),...,...,3.2l,Education: Primary gross enrol. ratio (f/m per 100 pop.),113.9 /      119.1,116.3 /      120.6,106.0 /      107.7e,Education: Secondary gross enrol. ratio (f/m per 100 pop.),118.6 /      114.9,110.7 /      112.8,122.1 /      118.2e,Education: Upper secondary gross enrol. ratio (f/m per 100 pop.),107.1 /       85.2,113.4 /      103.3,119.2 /      110.3e,Intentional homicide rate (per 100 000 pop.),9.4,5.5,10.8l,Seats held by women in national parliaments (%),13.3,33.3,46.7m,,,,,,,,
"Fertility rate, totali (live births per woman)",2.3,2.2,2.1f,"Life expectancy at birthi (females/males, years)",75.7 /       70.6,75.2 /       70.3,75.0 /       70.1f,"Population age distribution (0-14/60+ years old, %)",24.0 /       13.3,23.2 /       13.5,23.8 /       15.2a,International migrant stock (000/% of total pop.),7.0 /        6.6,7.1 /        6.4,7.2 /        6.4f,Refugees and others of concern to UNHCR (000),~0.0j,...,~0.0f,Infant mortality ratei (per 1 000 live births),12.3,13.7,15f,Health: Current expenditureg (% of GDP),5.4,4.6,4.5e,Health: Physicians (per 1 000 pop.),0.7k,...,1.4e,Education: Government expenditure (% of GDP),...,...,3.2l,Education: Primary gross enrol. ratio (f/m per 100 pop.),113.9 /      119.1,116.3 /      120.6,106.0 /      107.7e,Education: Secondary gross enrol. ratio (f/m per 100 pop.),118.6 /      114.9,110.7 /      112.8,122.1 /      118.2e,Education: Upper secondary gross enrol. ratio (f/m per 100 pop.),107.1 /       85.2,113.4 /      103.3,119.2 /      110.3e,Intentional homicide rate (per 100 000 pop.),9.4,5.5,10.8l,Seats held by women in national parliaments (%),13.3,33.3,46.7m,,,,,,,,,,,,
"Life expectancy at birthi (females/males, years)",75.7 /       70.6,75.2 /       70.3,75.0 /       70.1f,"Population age distribution (0-14/60+ years old, %)",24.0 /       13.3,23.2 /       13.5,23.8 /       15.2a,International migrant stock (000/% of total pop.),7.0 /        6.6,7.1 /        6.4,7.2 /        6.4f,Refugees and others of concern to UNHCR (000),~0.0j,...,~0.0f,Infant mortality ratei (per 1 000 live births),12.3,13.7,15f,Health: Current expenditureg (% of GDP),5.4,4.6,4.5e,Health: Physicians (per 1 000 pop.),0.7k,...,1.4e,Education: Government expenditure (% of GDP),...,...,3.2l,Education: Primary gross enrol. ratio (f/m per 100 pop.),113.9 /      119.1,116.3 /      120.6,106.0 /      107.7e,Education: Secondary gross enrol. ratio (f/m per 100 pop.),118.6 /      114.9,110.7 /      112.8,122.1 /      118.2e,Education: Upper secondary gross enrol. ratio (f/m per 100 pop.),107.1 /       85.2,113.4 /      103.3,119.2 /      110.3e,Intentional homicide rate (per 100 000 pop.),9.4,5.5,10.8l,Seats held by women in national parliaments (%),13.3,33.3,46.7m,,,,,,,,,,,,,,,,
"Population age distribution (0-14/60+ years old, %)",24.0 /       13.3,23.2 /       13.5,23.8 /       15.2a,International migrant stock (000/% of total pop.),7.0 /        6.6,7.1 /        6.4,7.2 /        6.4f,Refugees and others of concern to UNHCR (000),~0.0j,...,~0.0f,Infant mortality ratei (per 1 000 live births),12.3,13.7,15f,Health: Current expenditureg (% of GDP),5.4,4.6,4.5e,Health: Physicians (per 1 000 pop.),0.7k,...,1.4e,Education: Government expenditure (% of GDP),...,...,3.2l,Education: Primary gross enrol. ratio (f/m per 100 pop.),113.9 /      119.1,116.3 /      120.6,106.0 /      107.7e,Education: Secondary gross enrol. ratio (f/m per 100 pop.),118.6 /      114.9,110.7 /      112.8,122.1 /      118.2e,Education: Upper secondary gross enrol. ratio (f/m per 100 pop.),107.1 /       85.2,113.4 /      103.3,119.2 /      110.3e,Intentional homicide rate (per 100 000 pop.),9.4,5.5,10.8l,Seats held by women in national parliaments (%),13.3,33.3,46.7m,,,,,,,,,,,,,,,,,,,,
International migrant stock (000/% of total pop.),7.0 /        6.6,7.1 /        6.4,7.2 /        6.4f,Refugees and others of concern to UNHCR (000),~0.0j,...,~0.0f,Infant mortality ratei (per 1 000 live births),12.3,13.7,15f,Health: Current expenditureg (% of GDP),5.4,4.6,4.5e,Health: Physicians (per 1 000 pop.),0.7k,...,1.4e,Education: Government expenditure (% of GDP),...,...,3.2l,Education: Primary gross enrol. ratio (f/m per 100 pop.),113.9 /      119.1,116.3 /      120.6,106.0 /      107.7e,Education: Secondary gross enrol. ratio (f/m per 100 pop.),118.6 /      114.9,110.7 /      112.8,122.1 /      118.2e,Education: Upper secondary gross enrol. ratio (f/m per 100 pop.),107.1 /       85.2,113.4 /      103.3,119.2 /      110.3e,Intentional homicide rate (per 100 000 pop.),9.4,5.5,10.8l,Seats held by women in national parliaments (%),13.3,33.3,46.7m,,,,,,,,,,,,,,,,,,,,,,,,
Refugees and others of concern to UNHCR (000),~0.0j,...,~0.0f,Infant mortality ratei (per 1 000 live births),12.3,13.7,15f,Health: Current expenditureg (% of GDP),5.4,4.6,4.5e,Health: Physicians (per 1 000 pop.),0.7k,...,1.4e,Education: Government expenditure (% of GDP),...,...,3.2l,Education: Primary gross enrol. ratio (f/m per 100 pop.),113.9 /      119.1,116.3 /      120.6,106.0 /      107.7e,Education: Secondary gross enrol. ratio (f/m per 100 pop.),118.6 /      114.9,110.7 /      112.8,122.1 /      118.2e,Education: Upper secondary gross enrol. ratio (f/m per 100 pop.),107.1 /       85.2,113.4 /      103.3,119.2 /      110.3e,Intentional homicide rate (per 100 000 pop.),9.4,5.5,10.8l,Seats held by women in national parliaments (%),13.3,33.3,46.7m,,,,,,,,,,,,,,,,,,,,,,,,,,,,
Infant mortality ratei (per 1 000 live births),12.3,13.7,15f,Health: Current expenditureg (% of GDP),5.4,4.6,4.5e,Health: Physicians (per 1 000 pop.),0.7k,...,1.4e,Education: Government expenditure (% of GDP),...,...,3.2l,Education: Primary gross enrol. ratio (f/m per 100 pop.),113.9 /      119.1,116.3 /      120.6,106.0 /      107.7e,Education: Secondary gross enrol. ratio (f/m per 100 pop.),118.6 /      114.9,110.7 /      112.8,122.1 /      118.2e,Education: Upper secondary gross enrol. ratio (f/m per 100 pop.),107.1 /       85.2,113.4 /      103.3,119.2 /      110.3e,Intentional homicide rate (per 100 000 pop.),9.4,5.5,10.8l,Seats held by women in national parliaments (%),13.3,33.3,46.7m,,,,,,,,,,,,,,,,,,,,,,,,,,,,,,,,
Health: Current expenditureg (% of GDP),5.4,4.6,4.5e,Health: Physicians (per 1 000 pop.),0.7k,...,1.4e,Education: Government expenditure (% of GDP),...,...,3.2l,Education: Primary gross enrol. ratio (f/m per 100 pop.),113.9 /      119.1,116.3 /      120.6,106.0 /      107.7e,Education: Secondary gross enrol. ratio (f/m per 100 pop.),118.6 /      114.9,110.7 /      112.8,122.1 /      118.2e,Education: Upper secondary gross enrol. ratio (f/m per 100 pop.),107.1 /       85.2,113.4 /      103.3,119.2 /      110.3e,Intentional homicide rate (per 100 000 pop.),9.4,5.5,10.8l,Seats held by women in national parliaments (%),13.3,33.3,46.7m,,,,,,,,,,,,,,,,,,,,,,,,,,,,,,,,,,,,
Health: Physicians (per 1 000 pop.),0.7k,...,1.4e,Education: Government expenditure (% of GDP),...,...,3.2l,Education: Primary gross enrol. ratio (f/m per 100 pop.),113.9 /      119.1,116.3 /      120.6,106.0 /      107.7e,Education: Secondary gross enrol. ratio (f/m per 100 pop.),118.6 /      114.9,110.7 /      112.8,122.1 /      118.2e,Education: Upper secondary gross enrol. ratio (f/m per 100 pop.),107.1 /       85.2,113.4 /      103.3,119.2 /      110.3e,Intentional homicide rate (per 100 000 pop.),9.4,5.5,10.8l,Seats held by women in national parliaments (%),13.3,33.3,46.7m,,,,,,,,,,,,,,,,,,,,,,,,,,,,,,,,,,,,,,,,
Education: Government expenditure (% of GDP),...,...,3.2l,Education: Primary gross enrol. ratio (f/m per 100 pop.),113.9 /      119.1,116.3 /      120.6,106.0 /      107.7e,Education: Secondary gross enrol. ratio (f/m per 100 pop.),118.6 /      114.9,110.7 /      112.8,122.1 /      118.2e,Education: Upper secondary gross enrol. ratio (f/m per 100 pop.),107.1 /       85.2,113.4 /      103.3,119.2 /      110.3e,Intentional homicide rate (per 100 000 pop.),9.4,5.5,10.8l,Seats held by women in national parliaments (%),13.3,33.3,46.7m,,,,,,,,,,,,,,,,,,,,,,,,,,,,,,,,,,,,,,,,,,,,
Education: Primary gross enrol. ratio (f/m per 100 pop.),113.9 /      119.1,116.3 /      120.6,106.0 /      107.7e,Education: Secondary gross enrol. ratio (f/m per 100 pop.),118.6 /      114.9,110.7 /      112.8,122.1 /      118.2e,Education: Upper secondary gross enrol. ratio (f/m per 100 pop.),107.1 /       85.2,113.4 /      103.3,119.2 /      110.3e,Intentional homicide rate (per 100 000 pop.),9.4,5.5,10.8l,Seats held by women in national parliaments (%),13.3,33.3,46.7m,,,,,,,,,,,,,,,,,,,,,,,,,,,,,,,,,,,,,,,,,,,,,,,,
Education: Secondary gross enrol. ratio (f/m per 100 pop.),118.6 /      114.9,110.7 /      112.8,122.1 /      118.2e,Education: Upper secondary gross enrol. ratio (f/m per 100 pop.),107.1 /       85.2,113.4 /      103.3,119.2 /      110.3e,Intentional homicide rate (per 100 000 pop.),9.4,5.5,10.8l,Seats held by women in national parliaments (%),13.3,33.3,46.7m,,,,,,,,,,,,,,,,,,,,,,,,,,,,,,,,,,,,,,,,,,,,,,,,,,,,
Education: Upper secondary gross enrol. ratio (f/m per 100 pop.),107.1 /       85.2,113.4 /      103.3,119.2 /      110.3e,Intentional homicide rate (per 100 000 pop.),9.4,5.5,10.8l,Seats held by women in national parliaments (%),13.3,33.3,46.7m,,,,,,,,,,,,,,,,,,,,,,,,,,,,,,,,,,,,,,,,,,,,,,,,,,,,,,,,
Intentional homicide rate (per 100 000 pop.),9.4,5.5,10.8l,Seats held by women in national parliaments (%),13.3,33.3,46.7m,,,,,,,,,,,,,,,,,,,,,,,,,,,,,,,,,,,,,,,,,,,,,,,,,,,,,,,,,,,,
Seats held by women in national parliaments (%),13.3,33.3,46.7m,,,,,,,,,,,,,,,,,,,,,,,,,,,,,,,,,,,,,,,,,,,,,,,,,,,,,,,,,,,,,,,,
