0,1,2,3,4,5,6,7,8,9,10,11,12,13,14,15,16,17,18,19,20,21,22,23,24,25,26,27,28,29,30,31,32,33,34,35,36,37,38,39,40,41,42,43,44,45,46,47,48,49,50,51,52,53,54,55,56,57,58,59,60,61,62,63,64,65,66,67
,2010,2015,2021,,,,,,,,,,,,,,,,,,,,,,,,,,,,,,,,,,,,,,,,,,,,,,,,,,,,,,,,,,,,,,,,
GDP: Gross domestic product (million current US$),755 094,860 854,1 119 191b,"GDP growth rate (annual %, const. 2015 prices)",6.2,4.9,5b,GDP per capita (current US$),3 122.4,3 331.7,4 135.6b,Economy: Agriculturee (% of Gross Value Added),14.3,13.9,13.3b,"Economy: Industryf,g (% of Gross Value Added)",43.9,41.4,40.6b,Economy: Services and other activityh (% of GVA),41.8,44.7,46.1b,Employment in agriculture (% of employed),39.1,33,"27.7i,d",Employment in industry (% of employed),18.7,22,"22.7i,d",Employment in services (% employed),42.2,44.9,"49.6i,d",Unemploymenti (% of labour force),5.6,4.5,4.8d,Labour force participation ratei (female/male pop. %),51.2 /       83.2,50.6 /       82.4,53.2 /       81.8d,CPI: Consumer Price Index (2010=100),100,132,154d,Agricultural production index (2014-2016=100),90,100,117b,International trade: exportsj (million current US$),157 779,150 366,"163 307i,d",International trade: importsj (million current US$),135 663,142 695,"141 568i,d",International trade: balancej (million current US$),22 116,7 671,"21 739i,d","Balance of payments, current account (million US$)",5 144,- 17 519,- 4 341d
"GDP growth rate (annual %, const. 2015 prices)",6.2,4.9,5b,GDP per capita (current US$),3 122.4,3 331.7,4 135.6b,Economy: Agriculturee (% of Gross Value Added),14.3,13.9,13.3b,"Economy: Industryf,g (% of Gross Value Added)",43.9,41.4,40.6b,Economy: Services and other activityh (% of GVA),41.8,44.7,46.1b,Employment in agriculture (% of employed),39.1,33,"27.7i,d",Employment in industry (% of employed),18.7,22,"22.7i,d",Employment in services (% employed),42.2,44.9,"49.6i,d",Unemploymenti (% of labour force),5.6,4.5,4.8d,Labour force participation ratei (female/male pop. %),51.2 /       83.2,50.6 /       82.4,53.2 /       81.8d,CPI: Consumer Price Index (2010=100),100,132,154d,Agricultural production index (2014-2016=100),90,100,117b,International trade: exportsj (million current US$),157 779,150 366,"163 307i,d",International trade: importsj (million current US$),135 663,142 695,"141 568i,d",International trade: balancej (million current US$),22 116,7 671,"21 739i,d","Balance of payments, current account (million US$)",5 144,- 17 519,- 4 341d,,,,
GDP per capita (current US$),3 122.4,3 331.7,4 135.6b,Economy: Agriculturee (% of Gross Value Added),14.3,13.9,13.3b,"Economy: Industryf,g (% of Gross Value Added)",43.9,41.4,40.6b,Economy: Services and other activityh (% of GVA),41.8,44.7,46.1b,Employment in agriculture (% of employed),39.1,33,"27.7i,d",Employment in industry (% of employed),18.7,22,"22.7i,d",Employment in services (% employed),42.2,44.9,"49.6i,d",Unemploymenti (% of labour force),5.6,4.5,4.8d,Labour force participation ratei (female/male pop. %),51.2 /       83.2,50.6 /       82.4,53.2 /       81.8d,CPI: Consumer Price Index (2010=100),100,132,154d,Agricultural production index (2014-2016=100),90,100,117b,International trade: exportsj (million current US$),157 779,150 366,"163 307i,d",International trade: importsj (million current US$),135 663,142 695,"141 568i,d",International trade: balancej (million current US$),22 116,7 671,"21 739i,d","Balance of payments, current account (million US$)",5 144,- 17 519,- 4 341d,,,,,,,,
Economy: Agriculturee (% of Gross Value Added),14.3,13.9,13.3b,"Economy: Industryf,g (% of Gross Value Added)",43.9,41.4,40.6b,Economy: Services and other activityh (% of GVA),41.8,44.7,46.1b,Employment in agriculture (% of employed),39.1,33,"27.7i,d",Employment in industry (% of employed),18.7,22,"22.7i,d",Employment in services (% employed),42.2,44.9,"49.6i,d",Unemploymenti (% of labour force),5.6,4.5,4.8d,Labour force participation ratei (female/male pop. %),51.2 /       83.2,50.6 /       82.4,53.2 /       81.8d,CPI: Consumer Price Index (2010=100),100,132,154d,Agricultural production index (2014-2016=100),90,100,117b,International trade: exportsj (million current US$),157 779,150 366,"163 307i,d",International trade: importsj (million current US$),135 663,142 695,"141 568i,d",International trade: balancej (million current US$),22 116,7 671,"21 739i,d","Balance of payments, current account (million US$)",5 144,- 17 519,- 4 341d,,,,,,,,,,,,
"Economy: Industryf,g (% of Gross Value Added)",43.9,41.4,40.6b,Economy: Services and other activityh (% of GVA),41.8,44.7,46.1b,Employment in agriculture (% of employed),39.1,33,"27.7i,d",Employment in industry (% of employed),18.7,22,"22.7i,d",Employment in services (% employed),42.2,44.9,"49.6i,d",Unemploymenti (% of labour force),5.6,4.5,4.8d,Labour force participation ratei (female/male pop. %),51.2 /       83.2,50.6 /       82.4,53.2 /       81.8d,CPI: Consumer Price Index (2010=100),100,132,154d,Agricultural production index (2014-2016=100),90,100,117b,International trade: exportsj (million current US$),157 779,150 366,"163 307i,d",International trade: importsj (million current US$),135 663,142 695,"141 568i,d",International trade: balancej (million current US$),22 116,7 671,"21 739i,d","Balance of payments, current account (million US$)",5 144,- 17 519,- 4 341d,,,,,,,,,,,,,,,,
Economy: Services and other activityh (% of GVA),41.8,44.7,46.1b,Employment in agriculture (% of employed),39.1,33,"27.7i,d",Employment in industry (% of employed),18.7,22,"22.7i,d",Employment in services (% employed),42.2,44.9,"49.6i,d",Unemploymenti (% of labour force),5.6,4.5,4.8d,Labour force participation ratei (female/male pop. %),51.2 /       83.2,50.6 /       82.4,53.2 /       81.8d,CPI: Consumer Price Index (2010=100),100,132,154d,Agricultural production index (2014-2016=100),90,100,117b,International trade: exportsj (million current US$),157 779,150 366,"163 307i,d",International trade: importsj (million current US$),135 663,142 695,"141 568i,d",International trade: balancej (million current US$),22 116,7 671,"21 739i,d","Balance of payments, current account (million US$)",5 144,- 17 519,- 4 341d,,,,,,,,,,,,,,,,,,,,
Employment in agriculture (% of employed),39.1,33,"27.7i,d",Employment in industry (% of employed),18.7,22,"22.7i,d",Employment in services (% employed),42.2,44.9,"49.6i,d",Unemploymenti (% of labour force),5.6,4.5,4.8d,Labour force participation ratei (female/male pop. %),51.2 /       83.2,50.6 /       82.4,53.2 /       81.8d,CPI: Consumer Price Index (2010=100),100,132,154d,Agricultural production index (2014-2016=100),90,100,117b,International trade: exportsj (million current US$),157 779,150 366,"163 307i,d",International trade: importsj (million current US$),135 663,142 695,"141 568i,d",International trade: balancej (million current US$),22 116,7 671,"21 739i,d","Balance of payments, current account (million US$)",5 144,- 17 519,- 4 341d,,,,,,,,,,,,,,,,,,,,,,,,
Employment in industry (% of employed),18.7,22,"22.7i,d",Employment in services (% employed),42.2,44.9,"49.6i,d",Unemploymenti (% of labour force),5.6,4.5,4.8d,Labour force participation ratei (female/male pop. %),51.2 /       83.2,50.6 /       82.4,53.2 /       81.8d,CPI: Consumer Price Index (2010=100),100,132,154d,Agricultural production index (2014-2016=100),90,100,117b,International trade: exportsj (million current US$),157 779,150 366,"163 307i,d",International trade: importsj (million current US$),135 663,142 695,"141 568i,d",International trade: balancej (million current US$),22 116,7 671,"21 739i,d","Balance of payments, current account (million US$)",5 144,- 17 519,- 4 341d,,,,,,,,,,,,,,,,,,,,,,,,,,,,
Employment in services (% employed),42.2,44.9,"49.6i,d",Unemploymenti (% of labour force),5.6,4.5,4.8d,Labour force participation ratei (female/male pop. %),51.2 /       83.2,50.6 /       82.4,53.2 /       81.8d,CPI: Consumer Price Index (2010=100),100,132,154d,Agricultural production index (2014-2016=100),90,100,117b,International trade: exportsj (million current US$),157 779,150 366,"163 307i,d",International trade: importsj (million current US$),135 663,142 695,"141 568i,d",International trade: balancej (million current US$),22 116,7 671,"21 739i,d","Balance of payments, current account (million US$)",5 144,- 17 519,- 4 341d,,,,,,,,,,,,,,,,,,,,,,,,,,,,,,,,
Unemploymenti (% of labour force),5.6,4.5,4.8d,Labour force participation ratei (female/male pop. %),51.2 /       83.2,50.6 /       82.4,53.2 /       81.8d,CPI: Consumer Price Index (2010=100),100,132,154d,Agricultural production index (2014-2016=100),90,100,117b,International trade: exportsj (million current US$),157 779,150 366,"163 307i,d",International trade: importsj (million current US$),135 663,142 695,"141 568i,d",International trade: balancej (million current US$),22 116,7 671,"21 739i,d","Balance of payments, current account (million US$)",5 144,- 17 519,- 4 341d,,,,,,,,,,,,,,,,,,,,,,,,,,,,,,,,,,,,
Labour force participation ratei (female/male pop. %),51.2 /       83.2,50.6 /       82.4,53.2 /       81.8d,CPI: Consumer Price Index (2010=100),100,132,154d,Agricultural production index (2014-2016=100),90,100,117b,International trade: exportsj (million current US$),157 779,150 366,"163 307i,d",International trade: importsj (million current US$),135 663,142 695,"141 568i,d",International trade: balancej (million current US$),22 116,7 671,"21 739i,d","Balance of payments, current account (million US$)",5 144,- 17 519,- 4 341d,,,,,,,,,,,,,,,,,,,,,,,,,,,,,,,,,,,,,,,,
CPI: Consumer Price Index (2010=100),100,132,154d,Agricultural production index (2014-2016=100),90,100,117b,International trade: exportsj (million current US$),157 779,150 366,"163 307i,d",International trade: importsj (million current US$),135 663,142 695,"141 568i,d",International trade: balancej (million current US$),22 116,7 671,"21 739i,d","Balance of payments, current account (million US$)",5 144,- 17 519,- 4 341d,,,,,,,,,,,,,,,,,,,,,,,,,,,,,,,,,,,,,,,,,,,,
Agricultural production index (2014-2016=100),90,100,117b,International trade: exportsj (million current US$),157 779,150 366,"163 307i,d",International trade: importsj (million current US$),135 663,142 695,"141 568i,d",International trade: balancej (million current US$),22 116,7 671,"21 739i,d","Balance of payments, current account (million US$)",5 144,- 17 519,- 4 341d,,,,,,,,,,,,,,,,,,,,,,,,,,,,,,,,,,,,,,,,,,,,,,,,
International trade: exportsj (million current US$),157 779,150 366,"163 307i,d",International trade: importsj (million current US$),135 663,142 695,"141 568i,d",International trade: balancej (million current US$),22 116,7 671,"21 739i,d","Balance of payments, current account (million US$)",5 144,- 17 519,- 4 341d,,,,,,,,,,,,,,,,,,,,,,,,,,,,,,,,,,,,,,,,,,,,,,,,,,,,
International trade: importsj (million current US$),135 663,142 695,"141 568i,d",International trade: balancej (million current US$),22 116,7 671,"21 739i,d","Balance of payments, current account (million US$)",5 144,- 17 519,- 4 341d,,,,,,,,,,,,,,,,,,,,,,,,,,,,,,,,,,,,,,,,,,,,,,,,,,,,,,,,
International trade: balancej (million current US$),22 116,7 671,"21 739i,d","Balance of payments, current account (million US$)",5 144,- 17 519,- 4 341d,,,,,,,,,,,,,,,,,,,,,,,,,,,,,,,,,,,,,,,,,,,,,,,,,,,,,,,,,,,,
"Balance of payments, current account (million US$)",5 144,- 17 519,- 4 341d,,,,,,,,,,,,,,,,,,,,,,,,,,,,,,,,,,,,,,,,,,,,,,,,,,,,,,,,,,,,,,,,
