0,1,2,3,4,5,6,7,8,9,10,11,12,13,14,15,16,17,18,19,20,21,22,23,24,25,26,27,28,29,30,31,32,33,34,35,36,37,38,39
,2010,2015,2021,,,,,,,,,,,,,,,,,,,,,,,,,,,,,,,,,,,,
Individuals using the Internet (per 100 inhabitants),10.9,22.1,47.7b,Research & Development expenditure (% of GDP),"0.1q,r,s","0.1i,t",0.2n,Threatened species (number),1 142,1 246,1 988,Forested areai (% of land area),55,52.5,49.7n,CO2 emission estimates (million tons/tons per capita),391.7 /        1.6,453.9 /        1.8,542.9 /        2.0n,"Energy production, primary (Petajoules)",16 607,17 377,20 571n,Energy supply per capita (Gigajoules),33,34,39n,Tourist/visitor arrivals at national borders (000),7 003,10 407,16 107b,Important sites for terrestrial biodiversity protected (%),19.7,22.9,25.9d,Net Official Development Assist. received (% of GNI),0.18,0,-0.06b
Research & Development expenditure (% of GDP),"0.1q,r,s","0.1i,t",0.2n,Threatened species (number),1 142,1 246,1 988,Forested areai (% of land area),55,52.5,49.7n,CO2 emission estimates (million tons/tons per capita),391.7 /        1.6,453.9 /        1.8,542.9 /        2.0n,"Energy production, primary (Petajoules)",16 607,17 377,20 571n,Energy supply per capita (Gigajoules),33,34,39n,Tourist/visitor arrivals at national borders (000),7 003,10 407,16 107b,Important sites for terrestrial biodiversity protected (%),19.7,22.9,25.9d,Net Official Development Assist. received (% of GNI),0.18,0,-0.06b,,,,
Threatened species (number),1 142,1 246,1 988,Forested areai (% of land area),55,52.5,49.7n,CO2 emission estimates (million tons/tons per capita),391.7 /        1.6,453.9 /        1.8,542.9 /        2.0n,"Energy production, primary (Petajoules)",16 607,17 377,20 571n,Energy supply per capita (Gigajoules),33,34,39n,Tourist/visitor arrivals at national borders (000),7 003,10 407,16 107b,Important sites for terrestrial biodiversity protected (%),19.7,22.9,25.9d,Net Official Development Assist. received (% of GNI),0.18,0,-0.06b,,,,,,,,
Forested areai (% of land area),55,52.5,49.7n,CO2 emission estimates (million tons/tons per capita),391.7 /        1.6,453.9 /        1.8,542.9 /        2.0n,"Energy production, primary (Petajoules)",16 607,17 377,20 571n,Energy supply per capita (Gigajoules),33,34,39n,Tourist/visitor arrivals at national borders (000),7 003,10 407,16 107b,Important sites for terrestrial biodiversity protected (%),19.7,22.9,25.9d,Net Official Development Assist. received (% of GNI),0.18,0,-0.06b,,,,,,,,,,,,
CO2 emission estimates (million tons/tons per capita),391.7 /        1.6,453.9 /        1.8,542.9 /        2.0n,"Energy production, primary (Petajoules)",16 607,17 377,20 571n,Energy supply per capita (Gigajoules),33,34,39n,Tourist/visitor arrivals at national borders (000),7 003,10 407,16 107b,Important sites for terrestrial biodiversity protected (%),19.7,22.9,25.9d,Net Official Development Assist. received (% of GNI),0.18,0,-0.06b,,,,,,,,,,,,,,,,
"Energy production, primary (Petajoules)",16 607,17 377,20 571n,Energy supply per capita (Gigajoules),33,34,39n,Tourist/visitor arrivals at national borders (000),7 003,10 407,16 107b,Important sites for terrestrial biodiversity protected (%),19.7,22.9,25.9d,Net Official Development Assist. received (% of GNI),0.18,0,-0.06b,,,,,,,,,,,,,,,,,,,,
Energy supply per capita (Gigajoules),33,34,39n,Tourist/visitor arrivals at national borders (000),7 003,10 407,16 107b,Important sites for terrestrial biodiversity protected (%),19.7,22.9,25.9d,Net Official Development Assist. received (% of GNI),0.18,0,-0.06b,,,,,,,,,,,,,,,,,,,,,,,,
Tourist/visitor arrivals at national borders (000),7 003,10 407,16 107b,Important sites for terrestrial biodiversity protected (%),19.7,22.9,25.9d,Net Official Development Assist. received (% of GNI),0.18,0,-0.06b,,,,,,,,,,,,,,,,,,,,,,,,,,,,
Important sites for terrestrial biodiversity protected (%),19.7,22.9,25.9d,Net Official Development Assist. received (% of GNI),0.18,0,-0.06b,,,,,,,,,,,,,,,,,,,,,,,,,,,,,,,,
Net Official Development Assist. received (% of GNI),0.18,0,-0.06b,,,,,,,,,,,,,,,,,,,,,,,,,,,,,,,,,,,,
