0,1,2,3,4,5,6,7,8,9,10,11,12,13,14,15,16,17,18,19,20,21,22,23,24,25,26,27,28,29,30,31,32,33,34,35,36,37,38,39,40,41,42,43,44,45,46,47,48,49,50,51,52,53,54,55,56,57,58,59,60,61,62,63,64,65,66,67
,2010,2015,2021,,,,,,,,,,,,,,,,,,,,,,,,,,,,,,,,,,,,,,,,,,,,,,,,,,,,,,,,,,,,,,,,
Population growth ratek (average annual %),1.3,1.3,1.1d,Urban population (% of total population),49.9,53.3,56b,Urban population growth ratek (average annual %),3,2.6,...,"Fertility rate, totalk (live births per woman)",2.5,2.4,2.3d,"Life expectancy at birthk (females/males, years)",70.3 /       66.4,72.2 /       67.9,73.6 /       69.3d,"Population age distribution (0-14/60+ years old, %)",28.8 /        7.5,27.5 /        8.5,25.6 /       10.4a,International migrant stockl (000/% of total pop.),307.5 /        0.1,338.1 /        0.1,355.5 /        0.1d,Refugees and others of concern to UNHCR (000),2.9m,13.2,13.5d,Infant mortality ratek (per 1 000 live births),30.4,25,18.9d,Health: Current expenditure (% of GDP),3,3,2.9n,Health: Physicians (per 1 000 pop.),0.2,0.3,0.5b,Education: Government expenditure (% of GDP),2.8,3.6,...,Education: Primary gross enrol. ratio (f/m per 100 pop.),111.0 /      107.4,104.4 /      107.4,104.6 /      108.1n,Education: Secondary gross enrol. ratio (f/m per 100 pop.),76.7 /       76.2,86.3 /       86.0,90.0 /       87.8n,Education: Upper secondary gross enrol. ratio (f/m per 100 pop.),63.1 /       64.5,74.4 /       77.8,81.9 /       78.7n,Intentional homicide rate (per 100 000 pop.),0.4,0.6,0.4o,Seats held by women in national parliaments (%),18,17.1,21p
Urban population (% of total population),49.9,53.3,56b,Urban population growth ratek (average annual %),3,2.6,...,"Fertility rate, totalk (live births per woman)",2.5,2.4,2.3d,"Life expectancy at birthk (females/males, years)",70.3 /       66.4,72.2 /       67.9,73.6 /       69.3d,"Population age distribution (0-14/60+ years old, %)",28.8 /        7.5,27.5 /        8.5,25.6 /       10.4a,International migrant stockl (000/% of total pop.),307.5 /        0.1,338.1 /        0.1,355.5 /        0.1d,Refugees and others of concern to UNHCR (000),2.9m,13.2,13.5d,Infant mortality ratek (per 1 000 live births),30.4,25,18.9d,Health: Current expenditure (% of GDP),3,3,2.9n,Health: Physicians (per 1 000 pop.),0.2,0.3,0.5b,Education: Government expenditure (% of GDP),2.8,3.6,...,Education: Primary gross enrol. ratio (f/m per 100 pop.),111.0 /      107.4,104.4 /      107.4,104.6 /      108.1n,Education: Secondary gross enrol. ratio (f/m per 100 pop.),76.7 /       76.2,86.3 /       86.0,90.0 /       87.8n,Education: Upper secondary gross enrol. ratio (f/m per 100 pop.),63.1 /       64.5,74.4 /       77.8,81.9 /       78.7n,Intentional homicide rate (per 100 000 pop.),0.4,0.6,0.4o,Seats held by women in national parliaments (%),18,17.1,21p,,,,
Urban population growth ratek (average annual %),3,2.6,...,"Fertility rate, totalk (live births per woman)",2.5,2.4,2.3d,"Life expectancy at birthk (females/males, years)",70.3 /       66.4,72.2 /       67.9,73.6 /       69.3d,"Population age distribution (0-14/60+ years old, %)",28.8 /        7.5,27.5 /        8.5,25.6 /       10.4a,International migrant stockl (000/% of total pop.),307.5 /        0.1,338.1 /        0.1,355.5 /        0.1d,Refugees and others of concern to UNHCR (000),2.9m,13.2,13.5d,Infant mortality ratek (per 1 000 live births),30.4,25,18.9d,Health: Current expenditure (% of GDP),3,3,2.9n,Health: Physicians (per 1 000 pop.),0.2,0.3,0.5b,Education: Government expenditure (% of GDP),2.8,3.6,...,Education: Primary gross enrol. ratio (f/m per 100 pop.),111.0 /      107.4,104.4 /      107.4,104.6 /      108.1n,Education: Secondary gross enrol. ratio (f/m per 100 pop.),76.7 /       76.2,86.3 /       86.0,90.0 /       87.8n,Education: Upper secondary gross enrol. ratio (f/m per 100 pop.),63.1 /       64.5,74.4 /       77.8,81.9 /       78.7n,Intentional homicide rate (per 100 000 pop.),0.4,0.6,0.4o,Seats held by women in national parliaments (%),18,17.1,21p,,,,,,,,
"Fertility rate, totalk (live births per woman)",2.5,2.4,2.3d,"Life expectancy at birthk (females/males, years)",70.3 /       66.4,72.2 /       67.9,73.6 /       69.3d,"Population age distribution (0-14/60+ years old, %)",28.8 /        7.5,27.5 /        8.5,25.6 /       10.4a,International migrant stockl (000/% of total pop.),307.5 /        0.1,338.1 /        0.1,355.5 /        0.1d,Refugees and others of concern to UNHCR (000),2.9m,13.2,13.5d,Infant mortality ratek (per 1 000 live births),30.4,25,18.9d,Health: Current expenditure (% of GDP),3,3,2.9n,Health: Physicians (per 1 000 pop.),0.2,0.3,0.5b,Education: Government expenditure (% of GDP),2.8,3.6,...,Education: Primary gross enrol. ratio (f/m per 100 pop.),111.0 /      107.4,104.4 /      107.4,104.6 /      108.1n,Education: Secondary gross enrol. ratio (f/m per 100 pop.),76.7 /       76.2,86.3 /       86.0,90.0 /       87.8n,Education: Upper secondary gross enrol. ratio (f/m per 100 pop.),63.1 /       64.5,74.4 /       77.8,81.9 /       78.7n,Intentional homicide rate (per 100 000 pop.),0.4,0.6,0.4o,Seats held by women in national parliaments (%),18,17.1,21p,,,,,,,,,,,,
"Life expectancy at birthk (females/males, years)",70.3 /       66.4,72.2 /       67.9,73.6 /       69.3d,"Population age distribution (0-14/60+ years old, %)",28.8 /        7.5,27.5 /        8.5,25.6 /       10.4a,International migrant stockl (000/% of total pop.),307.5 /        0.1,338.1 /        0.1,355.5 /        0.1d,Refugees and others of concern to UNHCR (000),2.9m,13.2,13.5d,Infant mortality ratek (per 1 000 live births),30.4,25,18.9d,Health: Current expenditure (% of GDP),3,3,2.9n,Health: Physicians (per 1 000 pop.),0.2,0.3,0.5b,Education: Government expenditure (% of GDP),2.8,3.6,...,Education: Primary gross enrol. ratio (f/m per 100 pop.),111.0 /      107.4,104.4 /      107.4,104.6 /      108.1n,Education: Secondary gross enrol. ratio (f/m per 100 pop.),76.7 /       76.2,86.3 /       86.0,90.0 /       87.8n,Education: Upper secondary gross enrol. ratio (f/m per 100 pop.),63.1 /       64.5,74.4 /       77.8,81.9 /       78.7n,Intentional homicide rate (per 100 000 pop.),0.4,0.6,0.4o,Seats held by women in national parliaments (%),18,17.1,21p,,,,,,,,,,,,,,,,
"Population age distribution (0-14/60+ years old, %)",28.8 /        7.5,27.5 /        8.5,25.6 /       10.4a,International migrant stockl (000/% of total pop.),307.5 /        0.1,338.1 /        0.1,355.5 /        0.1d,Refugees and others of concern to UNHCR (000),2.9m,13.2,13.5d,Infant mortality ratek (per 1 000 live births),30.4,25,18.9d,Health: Current expenditure (% of GDP),3,3,2.9n,Health: Physicians (per 1 000 pop.),0.2,0.3,0.5b,Education: Government expenditure (% of GDP),2.8,3.6,...,Education: Primary gross enrol. ratio (f/m per 100 pop.),111.0 /      107.4,104.4 /      107.4,104.6 /      108.1n,Education: Secondary gross enrol. ratio (f/m per 100 pop.),76.7 /       76.2,86.3 /       86.0,90.0 /       87.8n,Education: Upper secondary gross enrol. ratio (f/m per 100 pop.),63.1 /       64.5,74.4 /       77.8,81.9 /       78.7n,Intentional homicide rate (per 100 000 pop.),0.4,0.6,0.4o,Seats held by women in national parliaments (%),18,17.1,21p,,,,,,,,,,,,,,,,,,,,
International migrant stockl (000/% of total pop.),307.5 /        0.1,338.1 /        0.1,355.5 /        0.1d,Refugees and others of concern to UNHCR (000),2.9m,13.2,13.5d,Infant mortality ratek (per 1 000 live births),30.4,25,18.9d,Health: Current expenditure (% of GDP),3,3,2.9n,Health: Physicians (per 1 000 pop.),0.2,0.3,0.5b,Education: Government expenditure (% of GDP),2.8,3.6,...,Education: Primary gross enrol. ratio (f/m per 100 pop.),111.0 /      107.4,104.4 /      107.4,104.6 /      108.1n,Education: Secondary gross enrol. ratio (f/m per 100 pop.),76.7 /       76.2,86.3 /       86.0,90.0 /       87.8n,Education: Upper secondary gross enrol. ratio (f/m per 100 pop.),63.1 /       64.5,74.4 /       77.8,81.9 /       78.7n,Intentional homicide rate (per 100 000 pop.),0.4,0.6,0.4o,Seats held by women in national parliaments (%),18,17.1,21p,,,,,,,,,,,,,,,,,,,,,,,,
Refugees and others of concern to UNHCR (000),2.9m,13.2,13.5d,Infant mortality ratek (per 1 000 live births),30.4,25,18.9d,Health: Current expenditure (% of GDP),3,3,2.9n,Health: Physicians (per 1 000 pop.),0.2,0.3,0.5b,Education: Government expenditure (% of GDP),2.8,3.6,...,Education: Primary gross enrol. ratio (f/m per 100 pop.),111.0 /      107.4,104.4 /      107.4,104.6 /      108.1n,Education: Secondary gross enrol. ratio (f/m per 100 pop.),76.7 /       76.2,86.3 /       86.0,90.0 /       87.8n,Education: Upper secondary gross enrol. ratio (f/m per 100 pop.),63.1 /       64.5,74.4 /       77.8,81.9 /       78.7n,Intentional homicide rate (per 100 000 pop.),0.4,0.6,0.4o,Seats held by women in national parliaments (%),18,17.1,21p,,,,,,,,,,,,,,,,,,,,,,,,,,,,
Infant mortality ratek (per 1 000 live births),30.4,25,18.9d,Health: Current expenditure (% of GDP),3,3,2.9n,Health: Physicians (per 1 000 pop.),0.2,0.3,0.5b,Education: Government expenditure (% of GDP),2.8,3.6,...,Education: Primary gross enrol. ratio (f/m per 100 pop.),111.0 /      107.4,104.4 /      107.4,104.6 /      108.1n,Education: Secondary gross enrol. ratio (f/m per 100 pop.),76.7 /       76.2,86.3 /       86.0,90.0 /       87.8n,Education: Upper secondary gross enrol. ratio (f/m per 100 pop.),63.1 /       64.5,74.4 /       77.8,81.9 /       78.7n,Intentional homicide rate (per 100 000 pop.),0.4,0.6,0.4o,Seats held by women in national parliaments (%),18,17.1,21p,,,,,,,,,,,,,,,,,,,,,,,,,,,,,,,,
Health: Current expenditure (% of GDP),3,3,2.9n,Health: Physicians (per 1 000 pop.),0.2,0.3,0.5b,Education: Government expenditure (% of GDP),2.8,3.6,...,Education: Primary gross enrol. ratio (f/m per 100 pop.),111.0 /      107.4,104.4 /      107.4,104.6 /      108.1n,Education: Secondary gross enrol. ratio (f/m per 100 pop.),76.7 /       76.2,86.3 /       86.0,90.0 /       87.8n,Education: Upper secondary gross enrol. ratio (f/m per 100 pop.),63.1 /       64.5,74.4 /       77.8,81.9 /       78.7n,Intentional homicide rate (per 100 000 pop.),0.4,0.6,0.4o,Seats held by women in national parliaments (%),18,17.1,21p,,,,,,,,,,,,,,,,,,,,,,,,,,,,,,,,,,,,
Health: Physicians (per 1 000 pop.),0.2,0.3,0.5b,Education: Government expenditure (% of GDP),2.8,3.6,...,Education: Primary gross enrol. ratio (f/m per 100 pop.),111.0 /      107.4,104.4 /      107.4,104.6 /      108.1n,Education: Secondary gross enrol. ratio (f/m per 100 pop.),76.7 /       76.2,86.3 /       86.0,90.0 /       87.8n,Education: Upper secondary gross enrol. ratio (f/m per 100 pop.),63.1 /       64.5,74.4 /       77.8,81.9 /       78.7n,Intentional homicide rate (per 100 000 pop.),0.4,0.6,0.4o,Seats held by women in national parliaments (%),18,17.1,21p,,,,,,,,,,,,,,,,,,,,,,,,,,,,,,,,,,,,,,,,
Education: Government expenditure (% of GDP),2.8,3.6,...,Education: Primary gross enrol. ratio (f/m per 100 pop.),111.0 /      107.4,104.4 /      107.4,104.6 /      108.1n,Education: Secondary gross enrol. ratio (f/m per 100 pop.),76.7 /       76.2,86.3 /       86.0,90.0 /       87.8n,Education: Upper secondary gross enrol. ratio (f/m per 100 pop.),63.1 /       64.5,74.4 /       77.8,81.9 /       78.7n,Intentional homicide rate (per 100 000 pop.),0.4,0.6,0.4o,Seats held by women in national parliaments (%),18,17.1,21p,,,,,,,,,,,,,,,,,,,,,,,,,,,,,,,,,,,,,,,,,,,,
Education: Primary gross enrol. ratio (f/m per 100 pop.),111.0 /      107.4,104.4 /      107.4,104.6 /      108.1n,Education: Secondary gross enrol. ratio (f/m per 100 pop.),76.7 /       76.2,86.3 /       86.0,90.0 /       87.8n,Education: Upper secondary gross enrol. ratio (f/m per 100 pop.),63.1 /       64.5,74.4 /       77.8,81.9 /       78.7n,Intentional homicide rate (per 100 000 pop.),0.4,0.6,0.4o,Seats held by women in national parliaments (%),18,17.1,21p,,,,,,,,,,,,,,,,,,,,,,,,,,,,,,,,,,,,,,,,,,,,,,,,
Education: Secondary gross enrol. ratio (f/m per 100 pop.),76.7 /       76.2,86.3 /       86.0,90.0 /       87.8n,Education: Upper secondary gross enrol. ratio (f/m per 100 pop.),63.1 /       64.5,74.4 /       77.8,81.9 /       78.7n,Intentional homicide rate (per 100 000 pop.),0.4,0.6,0.4o,Seats held by women in national parliaments (%),18,17.1,21p,,,,,,,,,,,,,,,,,,,,,,,,,,,,,,,,,,,,,,,,,,,,,,,,,,,,
Education: Upper secondary gross enrol. ratio (f/m per 100 pop.),63.1 /       64.5,74.4 /       77.8,81.9 /       78.7n,Intentional homicide rate (per 100 000 pop.),0.4,0.6,0.4o,Seats held by women in national parliaments (%),18,17.1,21p,,,,,,,,,,,,,,,,,,,,,,,,,,,,,,,,,,,,,,,,,,,,,,,,,,,,,,,,
Intentional homicide rate (per 100 000 pop.),0.4,0.6,0.4o,Seats held by women in national parliaments (%),18,17.1,21p,,,,,,,,,,,,,,,,,,,,,,,,,,,,,,,,,,,,,,,,,,,,,,,,,,,,,,,,,,,,
Seats held by women in national parliaments (%),18,17.1,21p,,,,,,,,,,,,,,,,,,,,,,,,,,,,,,,,,,,,,,,,,,,,,,,,,,,,,,,,,,,,,,,,
