0,1,2,3,4,5,6,7,8,9,10,11,12,13,14,15,16,17,18,19,20,21,22,23,24,25,26,27,28,29,30,31,32,33,34,35,36,37,38,39,40,41,42,43,44,45,46,47,48,49,50,51,52,53,54,55,56,57,58,59,60,61,62,63,64,65,66,67
,2010,2015,2021,,,,,,,,,,,,,,,,,,,,,,,,,,,,,,,,,,,,,,,,,,,,,,,,,,,,,,,,,,,,,,,,
GDP: Gross domestic product (million current US$),1 585,2 004,2 564b,"GDP growth rate (annual %, const. 2015 prices)",11.7,6.6,3.8b,GDP per capita (current US$),2 312.8,2 752.7,3 360.6b,Economy: Agriculture (% of Gross Value Added),15.4,15.1,15.9b,Economy: Industry (% of Gross Value Added),45.7,44.5,43.2b,Economy: Services and other activity (% of GVA),38.9,40.4,40.9b,Employment in agriculture (% of employed),59.6,58,"54.6e,d",Employment in industry (% of employed),6.6,9.7,"11.1e,d",Employment in services (% employed),33.8,32.4,"34.3e,d",Unemploymente (% of labour force),3.3,2.4,2.4d,Labour force participation ratee (female/male pop. %),63.5 /       72.5,58.2 /       72.6,59.0 /       73.8d,CPI: Consumer Price Index (2010=100),100,88f,"106f,d",Agricultural production index (2014-2016=100),97,97,99b,International trade: exports (million current US$),413,549e,"584e,d",International trade: imports (million current US$),854,1 062e,"922e,d",International trade: balance (million current US$),-440,-512e,"-337e,d","Balance of payments, current account (million US$)",-323,-548,-381d
"GDP growth rate (annual %, const. 2015 prices)",11.7,6.6,3.8b,GDP per capita (current US$),2 312.8,2 752.7,3 360.6b,Economy: Agriculture (% of Gross Value Added),15.4,15.1,15.9b,Economy: Industry (% of Gross Value Added),45.7,44.5,43.2b,Economy: Services and other activity (% of GVA),38.9,40.4,40.9b,Employment in agriculture (% of employed),59.6,58,"54.6e,d",Employment in industry (% of employed),6.6,9.7,"11.1e,d",Employment in services (% employed),33.8,32.4,"34.3e,d",Unemploymente (% of labour force),3.3,2.4,2.4d,Labour force participation ratee (female/male pop. %),63.5 /       72.5,58.2 /       72.6,59.0 /       73.8d,CPI: Consumer Price Index (2010=100),100,88f,"106f,d",Agricultural production index (2014-2016=100),97,97,99b,International trade: exports (million current US$),413,549e,"584e,d",International trade: imports (million current US$),854,1 062e,"922e,d",International trade: balance (million current US$),-440,-512e,"-337e,d","Balance of payments, current account (million US$)",-323,-548,-381d,,,,
GDP per capita (current US$),2 312.8,2 752.7,3 360.6b,Economy: Agriculture (% of Gross Value Added),15.4,15.1,15.9b,Economy: Industry (% of Gross Value Added),45.7,44.5,43.2b,Economy: Services and other activity (% of GVA),38.9,40.4,40.9b,Employment in agriculture (% of employed),59.6,58,"54.6e,d",Employment in industry (% of employed),6.6,9.7,"11.1e,d",Employment in services (% employed),33.8,32.4,"34.3e,d",Unemploymente (% of labour force),3.3,2.4,2.4d,Labour force participation ratee (female/male pop. %),63.5 /       72.5,58.2 /       72.6,59.0 /       73.8d,CPI: Consumer Price Index (2010=100),100,88f,"106f,d",Agricultural production index (2014-2016=100),97,97,99b,International trade: exports (million current US$),413,549e,"584e,d",International trade: imports (million current US$),854,1 062e,"922e,d",International trade: balance (million current US$),-440,-512e,"-337e,d","Balance of payments, current account (million US$)",-323,-548,-381d,,,,,,,,
Economy: Agriculture (% of Gross Value Added),15.4,15.1,15.9b,Economy: Industry (% of Gross Value Added),45.7,44.5,43.2b,Economy: Services and other activity (% of GVA),38.9,40.4,40.9b,Employment in agriculture (% of employed),59.6,58,"54.6e,d",Employment in industry (% of employed),6.6,9.7,"11.1e,d",Employment in services (% employed),33.8,32.4,"34.3e,d",Unemploymente (% of labour force),3.3,2.4,2.4d,Labour force participation ratee (female/male pop. %),63.5 /       72.5,58.2 /       72.6,59.0 /       73.8d,CPI: Consumer Price Index (2010=100),100,88f,"106f,d",Agricultural production index (2014-2016=100),97,97,99b,International trade: exports (million current US$),413,549e,"584e,d",International trade: imports (million current US$),854,1 062e,"922e,d",International trade: balance (million current US$),-440,-512e,"-337e,d","Balance of payments, current account (million US$)",-323,-548,-381d,,,,,,,,,,,,
Economy: Industry (% of Gross Value Added),45.7,44.5,43.2b,Economy: Services and other activity (% of GVA),38.9,40.4,40.9b,Employment in agriculture (% of employed),59.6,58,"54.6e,d",Employment in industry (% of employed),6.6,9.7,"11.1e,d",Employment in services (% employed),33.8,32.4,"34.3e,d",Unemploymente (% of labour force),3.3,2.4,2.4d,Labour force participation ratee (female/male pop. %),63.5 /       72.5,58.2 /       72.6,59.0 /       73.8d,CPI: Consumer Price Index (2010=100),100,88f,"106f,d",Agricultural production index (2014-2016=100),97,97,99b,International trade: exports (million current US$),413,549e,"584e,d",International trade: imports (million current US$),854,1 062e,"922e,d",International trade: balance (million current US$),-440,-512e,"-337e,d","Balance of payments, current account (million US$)",-323,-548,-381d,,,,,,,,,,,,,,,,
Economy: Services and other activity (% of GVA),38.9,40.4,40.9b,Employment in agriculture (% of employed),59.6,58,"54.6e,d",Employment in industry (% of employed),6.6,9.7,"11.1e,d",Employment in services (% employed),33.8,32.4,"34.3e,d",Unemploymente (% of labour force),3.3,2.4,2.4d,Labour force participation ratee (female/male pop. %),63.5 /       72.5,58.2 /       72.6,59.0 /       73.8d,CPI: Consumer Price Index (2010=100),100,88f,"106f,d",Agricultural production index (2014-2016=100),97,97,99b,International trade: exports (million current US$),413,549e,"584e,d",International trade: imports (million current US$),854,1 062e,"922e,d",International trade: balance (million current US$),-440,-512e,"-337e,d","Balance of payments, current account (million US$)",-323,-548,-381d,,,,,,,,,,,,,,,,,,,,
Employment in agriculture (% of employed),59.6,58,"54.6e,d",Employment in industry (% of employed),6.6,9.7,"11.1e,d",Employment in services (% employed),33.8,32.4,"34.3e,d",Unemploymente (% of labour force),3.3,2.4,2.4d,Labour force participation ratee (female/male pop. %),63.5 /       72.5,58.2 /       72.6,59.0 /       73.8d,CPI: Consumer Price Index (2010=100),100,88f,"106f,d",Agricultural production index (2014-2016=100),97,97,99b,International trade: exports (million current US$),413,549e,"584e,d",International trade: imports (million current US$),854,1 062e,"922e,d",International trade: balance (million current US$),-440,-512e,"-337e,d","Balance of payments, current account (million US$)",-323,-548,-381d,,,,,,,,,,,,,,,,,,,,,,,,
Employment in industry (% of employed),6.6,9.7,"11.1e,d",Employment in services (% employed),33.8,32.4,"34.3e,d",Unemploymente (% of labour force),3.3,2.4,2.4d,Labour force participation ratee (female/male pop. %),63.5 /       72.5,58.2 /       72.6,59.0 /       73.8d,CPI: Consumer Price Index (2010=100),100,88f,"106f,d",Agricultural production index (2014-2016=100),97,97,99b,International trade: exports (million current US$),413,549e,"584e,d",International trade: imports (million current US$),854,1 062e,"922e,d",International trade: balance (million current US$),-440,-512e,"-337e,d","Balance of payments, current account (million US$)",-323,-548,-381d,,,,,,,,,,,,,,,,,,,,,,,,,,,,
Employment in services (% employed),33.8,32.4,"34.3e,d",Unemploymente (% of labour force),3.3,2.4,2.4d,Labour force participation ratee (female/male pop. %),63.5 /       72.5,58.2 /       72.6,59.0 /       73.8d,CPI: Consumer Price Index (2010=100),100,88f,"106f,d",Agricultural production index (2014-2016=100),97,97,99b,International trade: exports (million current US$),413,549e,"584e,d",International trade: imports (million current US$),854,1 062e,"922e,d",International trade: balance (million current US$),-440,-512e,"-337e,d","Balance of payments, current account (million US$)",-323,-548,-381d,,,,,,,,,,,,,,,,,,,,,,,,,,,,,,,,
Unemploymente (% of labour force),3.3,2.4,2.4d,Labour force participation ratee (female/male pop. %),63.5 /       72.5,58.2 /       72.6,59.0 /       73.8d,CPI: Consumer Price Index (2010=100),100,88f,"106f,d",Agricultural production index (2014-2016=100),97,97,99b,International trade: exports (million current US$),413,549e,"584e,d",International trade: imports (million current US$),854,1 062e,"922e,d",International trade: balance (million current US$),-440,-512e,"-337e,d","Balance of payments, current account (million US$)",-323,-548,-381d,,,,,,,,,,,,,,,,,,,,,,,,,,,,,,,,,,,,
Labour force participation ratee (female/male pop. %),63.5 /       72.5,58.2 /       72.6,59.0 /       73.8d,CPI: Consumer Price Index (2010=100),100,88f,"106f,d",Agricultural production index (2014-2016=100),97,97,99b,International trade: exports (million current US$),413,549e,"584e,d",International trade: imports (million current US$),854,1 062e,"922e,d",International trade: balance (million current US$),-440,-512e,"-337e,d","Balance of payments, current account (million US$)",-323,-548,-381d,,,,,,,,,,,,,,,,,,,,,,,,,,,,,,,,,,,,,,,,
CPI: Consumer Price Index (2010=100),100,88f,"106f,d",Agricultural production index (2014-2016=100),97,97,99b,International trade: exports (million current US$),413,549e,"584e,d",International trade: imports (million current US$),854,1 062e,"922e,d",International trade: balance (million current US$),-440,-512e,"-337e,d","Balance of payments, current account (million US$)",-323,-548,-381d,,,,,,,,,,,,,,,,,,,,,,,,,,,,,,,,,,,,,,,,,,,,
Agricultural production index (2014-2016=100),97,97,99b,International trade: exports (million current US$),413,549e,"584e,d",International trade: imports (million current US$),854,1 062e,"922e,d",International trade: balance (million current US$),-440,-512e,"-337e,d","Balance of payments, current account (million US$)",-323,-548,-381d,,,,,,,,,,,,,,,,,,,,,,,,,,,,,,,,,,,,,,,,,,,,,,,,
International trade: exports (million current US$),413,549e,"584e,d",International trade: imports (million current US$),854,1 062e,"922e,d",International trade: balance (million current US$),-440,-512e,"-337e,d","Balance of payments, current account (million US$)",-323,-548,-381d,,,,,,,,,,,,,,,,,,,,,,,,,,,,,,,,,,,,,,,,,,,,,,,,,,,,
International trade: imports (million current US$),854,1 062e,"922e,d",International trade: balance (million current US$),-440,-512e,"-337e,d","Balance of payments, current account (million US$)",-323,-548,-381d,,,,,,,,,,,,,,,,,,,,,,,,,,,,,,,,,,,,,,,,,,,,,,,,,,,,,,,,
International trade: balance (million current US$),-440,-512e,"-337e,d","Balance of payments, current account (million US$)",-323,-548,-381d,,,,,,,,,,,,,,,,,,,,,,,,,,,,,,,,,,,,,,,,,,,,,,,,,,,,,,,,,,,,
"Balance of payments, current account (million US$)",-323,-548,-381d,,,,,,,,,,,,,,,,,,,,,,,,,,,,,,,,,,,,,,,,,,,,,,,,,,,,,,,,,,,,,,,,
