0,1,2,3,4,5,6,7,8,9,10,11,12,13,14,15,16,17,18,19,20,21,22,23,24,25,26,27,28,29,30,31,32,33,34,35,36,37,38,39,40,41,42,43,44,45,46,47,48,49,50,51,52,53,54,55,56,57,58,59,60,61,62,63,64,65,66,67
,2010,2015,2021,,,,,,,,,,,,,,,,,,,,,,,,,,,,,,,,,,,,,,,,,,,,,,,,,,,,,,,,,,,,,,,,
GDP: Gross domestic product (million current US$),114 508,194 466,301 051b,"GDP growth rate (annual %, const. 2015 prices)",5.6,6.6,8.2b,GDP per capita (current US$),775.9,1 244.5,1 846.4b,Economy: Agriculture (% of Gross Value Added),17.8,15.3,13.3b,Economy: Industry (% of Gross Value Added),26.1,27.8,31.2b,Economy: Services and other activity (% of GVA),56,57,55.5b,Employment in agriculture (% of employed),47.3,43.5e,"37.7e,d",Employment in industry (% of employed),17.6,19.9e,"21.6e,d",Employment in services (% employed),35.1,36.6e,"40.6e,d",Unemploymente (% of labour force),3.4,4.4,4.2d,Labour force participation ratee (female/male pop. %),29.8 /       83.2,32.4 /       80.4,36.4 /       81.3d,CPI: Consumer Price Indexf (2010=100),100,145,190d,Agricultural production index (2014-2016=100),90,101,109b,International trade: exports (million current US$),19 231,31 734,"30 768e,d",International trade: imports (million current US$),30 504,48 059,"45 777e,d",International trade: balance (million current US$),- 11 273,- 16 325,"- 15 009e,d","Balance of payments, current account (million US$)",2 109,2 580,1 082d
"GDP growth rate (annual %, const. 2015 prices)",5.6,6.6,8.2b,GDP per capita (current US$),775.9,1 244.5,1 846.4b,Economy: Agriculture (% of Gross Value Added),17.8,15.3,13.3b,Economy: Industry (% of Gross Value Added),26.1,27.8,31.2b,Economy: Services and other activity (% of GVA),56,57,55.5b,Employment in agriculture (% of employed),47.3,43.5e,"37.7e,d",Employment in industry (% of employed),17.6,19.9e,"21.6e,d",Employment in services (% employed),35.1,36.6e,"40.6e,d",Unemploymente (% of labour force),3.4,4.4,4.2d,Labour force participation ratee (female/male pop. %),29.8 /       83.2,32.4 /       80.4,36.4 /       81.3d,CPI: Consumer Price Indexf (2010=100),100,145,190d,Agricultural production index (2014-2016=100),90,101,109b,International trade: exports (million current US$),19 231,31 734,"30 768e,d",International trade: imports (million current US$),30 504,48 059,"45 777e,d",International trade: balance (million current US$),- 11 273,- 16 325,"- 15 009e,d","Balance of payments, current account (million US$)",2 109,2 580,1 082d,,,,
GDP per capita (current US$),775.9,1 244.5,1 846.4b,Economy: Agriculture (% of Gross Value Added),17.8,15.3,13.3b,Economy: Industry (% of Gross Value Added),26.1,27.8,31.2b,Economy: Services and other activity (% of GVA),56,57,55.5b,Employment in agriculture (% of employed),47.3,43.5e,"37.7e,d",Employment in industry (% of employed),17.6,19.9e,"21.6e,d",Employment in services (% employed),35.1,36.6e,"40.6e,d",Unemploymente (% of labour force),3.4,4.4,4.2d,Labour force participation ratee (female/male pop. %),29.8 /       83.2,32.4 /       80.4,36.4 /       81.3d,CPI: Consumer Price Indexf (2010=100),100,145,190d,Agricultural production index (2014-2016=100),90,101,109b,International trade: exports (million current US$),19 231,31 734,"30 768e,d",International trade: imports (million current US$),30 504,48 059,"45 777e,d",International trade: balance (million current US$),- 11 273,- 16 325,"- 15 009e,d","Balance of payments, current account (million US$)",2 109,2 580,1 082d,,,,,,,,
Economy: Agriculture (% of Gross Value Added),17.8,15.3,13.3b,Economy: Industry (% of Gross Value Added),26.1,27.8,31.2b,Economy: Services and other activity (% of GVA),56,57,55.5b,Employment in agriculture (% of employed),47.3,43.5e,"37.7e,d",Employment in industry (% of employed),17.6,19.9e,"21.6e,d",Employment in services (% employed),35.1,36.6e,"40.6e,d",Unemploymente (% of labour force),3.4,4.4,4.2d,Labour force participation ratee (female/male pop. %),29.8 /       83.2,32.4 /       80.4,36.4 /       81.3d,CPI: Consumer Price Indexf (2010=100),100,145,190d,Agricultural production index (2014-2016=100),90,101,109b,International trade: exports (million current US$),19 231,31 734,"30 768e,d",International trade: imports (million current US$),30 504,48 059,"45 777e,d",International trade: balance (million current US$),- 11 273,- 16 325,"- 15 009e,d","Balance of payments, current account (million US$)",2 109,2 580,1 082d,,,,,,,,,,,,
Economy: Industry (% of Gross Value Added),26.1,27.8,31.2b,Economy: Services and other activity (% of GVA),56,57,55.5b,Employment in agriculture (% of employed),47.3,43.5e,"37.7e,d",Employment in industry (% of employed),17.6,19.9e,"21.6e,d",Employment in services (% employed),35.1,36.6e,"40.6e,d",Unemploymente (% of labour force),3.4,4.4,4.2d,Labour force participation ratee (female/male pop. %),29.8 /       83.2,32.4 /       80.4,36.4 /       81.3d,CPI: Consumer Price Indexf (2010=100),100,145,190d,Agricultural production index (2014-2016=100),90,101,109b,International trade: exports (million current US$),19 231,31 734,"30 768e,d",International trade: imports (million current US$),30 504,48 059,"45 777e,d",International trade: balance (million current US$),- 11 273,- 16 325,"- 15 009e,d","Balance of payments, current account (million US$)",2 109,2 580,1 082d,,,,,,,,,,,,,,,,
Economy: Services and other activity (% of GVA),56,57,55.5b,Employment in agriculture (% of employed),47.3,43.5e,"37.7e,d",Employment in industry (% of employed),17.6,19.9e,"21.6e,d",Employment in services (% employed),35.1,36.6e,"40.6e,d",Unemploymente (% of labour force),3.4,4.4,4.2d,Labour force participation ratee (female/male pop. %),29.8 /       83.2,32.4 /       80.4,36.4 /       81.3d,CPI: Consumer Price Indexf (2010=100),100,145,190d,Agricultural production index (2014-2016=100),90,101,109b,International trade: exports (million current US$),19 231,31 734,"30 768e,d",International trade: imports (million current US$),30 504,48 059,"45 777e,d",International trade: balance (million current US$),- 11 273,- 16 325,"- 15 009e,d","Balance of payments, current account (million US$)",2 109,2 580,1 082d,,,,,,,,,,,,,,,,,,,,
Employment in agriculture (% of employed),47.3,43.5e,"37.7e,d",Employment in industry (% of employed),17.6,19.9e,"21.6e,d",Employment in services (% employed),35.1,36.6e,"40.6e,d",Unemploymente (% of labour force),3.4,4.4,4.2d,Labour force participation ratee (female/male pop. %),29.8 /       83.2,32.4 /       80.4,36.4 /       81.3d,CPI: Consumer Price Indexf (2010=100),100,145,190d,Agricultural production index (2014-2016=100),90,101,109b,International trade: exports (million current US$),19 231,31 734,"30 768e,d",International trade: imports (million current US$),30 504,48 059,"45 777e,d",International trade: balance (million current US$),- 11 273,- 16 325,"- 15 009e,d","Balance of payments, current account (million US$)",2 109,2 580,1 082d,,,,,,,,,,,,,,,,,,,,,,,,
Employment in industry (% of employed),17.6,19.9e,"21.6e,d",Employment in services (% employed),35.1,36.6e,"40.6e,d",Unemploymente (% of labour force),3.4,4.4,4.2d,Labour force participation ratee (female/male pop. %),29.8 /       83.2,32.4 /       80.4,36.4 /       81.3d,CPI: Consumer Price Indexf (2010=100),100,145,190d,Agricultural production index (2014-2016=100),90,101,109b,International trade: exports (million current US$),19 231,31 734,"30 768e,d",International trade: imports (million current US$),30 504,48 059,"45 777e,d",International trade: balance (million current US$),- 11 273,- 16 325,"- 15 009e,d","Balance of payments, current account (million US$)",2 109,2 580,1 082d,,,,,,,,,,,,,,,,,,,,,,,,,,,,
Employment in services (% employed),35.1,36.6e,"40.6e,d",Unemploymente (% of labour force),3.4,4.4,4.2d,Labour force participation ratee (female/male pop. %),29.8 /       83.2,32.4 /       80.4,36.4 /       81.3d,CPI: Consumer Price Indexf (2010=100),100,145,190d,Agricultural production index (2014-2016=100),90,101,109b,International trade: exports (million current US$),19 231,31 734,"30 768e,d",International trade: imports (million current US$),30 504,48 059,"45 777e,d",International trade: balance (million current US$),- 11 273,- 16 325,"- 15 009e,d","Balance of payments, current account (million US$)",2 109,2 580,1 082d,,,,,,,,,,,,,,,,,,,,,,,,,,,,,,,,
Unemploymente (% of labour force),3.4,4.4,4.2d,Labour force participation ratee (female/male pop. %),29.8 /       83.2,32.4 /       80.4,36.4 /       81.3d,CPI: Consumer Price Indexf (2010=100),100,145,190d,Agricultural production index (2014-2016=100),90,101,109b,International trade: exports (million current US$),19 231,31 734,"30 768e,d",International trade: imports (million current US$),30 504,48 059,"45 777e,d",International trade: balance (million current US$),- 11 273,- 16 325,"- 15 009e,d","Balance of payments, current account (million US$)",2 109,2 580,1 082d,,,,,,,,,,,,,,,,,,,,,,,,,,,,,,,,,,,,
Labour force participation ratee (female/male pop. %),29.8 /       83.2,32.4 /       80.4,36.4 /       81.3d,CPI: Consumer Price Indexf (2010=100),100,145,190d,Agricultural production index (2014-2016=100),90,101,109b,International trade: exports (million current US$),19 231,31 734,"30 768e,d",International trade: imports (million current US$),30 504,48 059,"45 777e,d",International trade: balance (million current US$),- 11 273,- 16 325,"- 15 009e,d","Balance of payments, current account (million US$)",2 109,2 580,1 082d,,,,,,,,,,,,,,,,,,,,,,,,,,,,,,,,,,,,,,,,
CPI: Consumer Price Indexf (2010=100),100,145,190d,Agricultural production index (2014-2016=100),90,101,109b,International trade: exports (million current US$),19 231,31 734,"30 768e,d",International trade: imports (million current US$),30 504,48 059,"45 777e,d",International trade: balance (million current US$),- 11 273,- 16 325,"- 15 009e,d","Balance of payments, current account (million US$)",2 109,2 580,1 082d,,,,,,,,,,,,,,,,,,,,,,,,,,,,,,,,,,,,,,,,,,,,
Agricultural production index (2014-2016=100),90,101,109b,International trade: exports (million current US$),19 231,31 734,"30 768e,d",International trade: imports (million current US$),30 504,48 059,"45 777e,d",International trade: balance (million current US$),- 11 273,- 16 325,"- 15 009e,d","Balance of payments, current account (million US$)",2 109,2 580,1 082d,,,,,,,,,,,,,,,,,,,,,,,,,,,,,,,,,,,,,,,,,,,,,,,,
International trade: exports (million current US$),19 231,31 734,"30 768e,d",International trade: imports (million current US$),30 504,48 059,"45 777e,d",International trade: balance (million current US$),- 11 273,- 16 325,"- 15 009e,d","Balance of payments, current account (million US$)",2 109,2 580,1 082d,,,,,,,,,,,,,,,,,,,,,,,,,,,,,,,,,,,,,,,,,,,,,,,,,,,,
International trade: imports (million current US$),30 504,48 059,"45 777e,d",International trade: balance (million current US$),- 11 273,- 16 325,"- 15 009e,d","Balance of payments, current account (million US$)",2 109,2 580,1 082d,,,,,,,,,,,,,,,,,,,,,,,,,,,,,,,,,,,,,,,,,,,,,,,,,,,,,,,,
International trade: balance (million current US$),- 11 273,- 16 325,"- 15 009e,d","Balance of payments, current account (million US$)",2 109,2 580,1 082d,,,,,,,,,,,,,,,,,,,,,,,,,,,,,,,,,,,,,,,,,,,,,,,,,,,,,,,,,,,,
"Balance of payments, current account (million US$)",2 109,2 580,1 082d,,,,,,,,,,,,,,,,,,,,,,,,,,,,,,,,,,,,,,,,,,,,,,,,,,,,,,,,,,,,,,,,
