0,1,2,3,4,5,6,7,8,9,10,11,12,13,14,15,16,17,18,19,20,21,22,23,24,25,26,27,28,29,30,31,32,33,34,35,36,37,38,39,40,41,42,43,44,45,46,47,48,49,50,51,52,53,54,55,56,57,58,59,60,61,62,63,64,65,66,67
,2010,2015,2021,,,,,,,,,,,,,,,,,,,,,,,,,,,,,,,,,,,,,,,,,,,,,,,,,,,,,,,,,,,,,,,,
Population growth rateg (average annual %),1.2,1.1,1.1d,Urban population (% of total population),30.5,34.3,37.4b,Urban population growth rateg (average annual %),3.7,3.5,...,"Fertility rate, totalg (live births per woman)",2.5,2.2,2.1d,"Life expectancy at birthg (females/males, years)",70.0 /       67.8,72.4 /       69.4,74.1 /       70.5d,"Population age distribution (0-14/60+ years old, %)",32.0 /        7.0,29.3 /        7.2,26.3 /        8.2a,International migrant stockh (000/% of total pop.),1 345.5 /        0.9,1 422.2 /        0.9,2 115.4 /        1.3d,Refugees and others of concern to UNHCR (000),229.3i,233,860.5d,Infant mortality rateg (per 1 000 live births),43.3,33.2,26.8d,Health: Current expenditurej (% of GDP),2.5,2.5,"2.3e,k",Health: Physicians (per 1 000 pop.),0.4,0.5,0.6b,Education: Government expenditure (% of GDP),1.9l,"2e,m",1.3b,Education: Primary gross enrol. ratio (f/m per 100 pop.),109.3 /      102.8e,... / ...,120.8 /      112.4k,Education: Secondary gross enrol. ratio (f/m per 100 pop.),54.7 /       48.7,69.7 /       61.8,78.3 /       67.1b,Education: Upper secondary gross enrol. ratio (f/m per 100 pop.),40.0 /       41.1,49.8 /       50.3,60.5 /       57.2b,Intentional homicide rate (per 100 000 pop.),2.7,2.6,2.4k,Seats held by women in national parliaments (%),18.6,20,20.9n
Urban population (% of total population),30.5,34.3,37.4b,Urban population growth rateg (average annual %),3.7,3.5,...,"Fertility rate, totalg (live births per woman)",2.5,2.2,2.1d,"Life expectancy at birthg (females/males, years)",70.0 /       67.8,72.4 /       69.4,74.1 /       70.5d,"Population age distribution (0-14/60+ years old, %)",32.0 /        7.0,29.3 /        7.2,26.3 /        8.2a,International migrant stockh (000/% of total pop.),1 345.5 /        0.9,1 422.2 /        0.9,2 115.4 /        1.3d,Refugees and others of concern to UNHCR (000),229.3i,233,860.5d,Infant mortality rateg (per 1 000 live births),43.3,33.2,26.8d,Health: Current expenditurej (% of GDP),2.5,2.5,"2.3e,k",Health: Physicians (per 1 000 pop.),0.4,0.5,0.6b,Education: Government expenditure (% of GDP),1.9l,"2e,m",1.3b,Education: Primary gross enrol. ratio (f/m per 100 pop.),109.3 /      102.8e,... / ...,120.8 /      112.4k,Education: Secondary gross enrol. ratio (f/m per 100 pop.),54.7 /       48.7,69.7 /       61.8,78.3 /       67.1b,Education: Upper secondary gross enrol. ratio (f/m per 100 pop.),40.0 /       41.1,49.8 /       50.3,60.5 /       57.2b,Intentional homicide rate (per 100 000 pop.),2.7,2.6,2.4k,Seats held by women in national parliaments (%),18.6,20,20.9n,,,,
Urban population growth rateg (average annual %),3.7,3.5,...,"Fertility rate, totalg (live births per woman)",2.5,2.2,2.1d,"Life expectancy at birthg (females/males, years)",70.0 /       67.8,72.4 /       69.4,74.1 /       70.5d,"Population age distribution (0-14/60+ years old, %)",32.0 /        7.0,29.3 /        7.2,26.3 /        8.2a,International migrant stockh (000/% of total pop.),1 345.5 /        0.9,1 422.2 /        0.9,2 115.4 /        1.3d,Refugees and others of concern to UNHCR (000),229.3i,233,860.5d,Infant mortality rateg (per 1 000 live births),43.3,33.2,26.8d,Health: Current expenditurej (% of GDP),2.5,2.5,"2.3e,k",Health: Physicians (per 1 000 pop.),0.4,0.5,0.6b,Education: Government expenditure (% of GDP),1.9l,"2e,m",1.3b,Education: Primary gross enrol. ratio (f/m per 100 pop.),109.3 /      102.8e,... / ...,120.8 /      112.4k,Education: Secondary gross enrol. ratio (f/m per 100 pop.),54.7 /       48.7,69.7 /       61.8,78.3 /       67.1b,Education: Upper secondary gross enrol. ratio (f/m per 100 pop.),40.0 /       41.1,49.8 /       50.3,60.5 /       57.2b,Intentional homicide rate (per 100 000 pop.),2.7,2.6,2.4k,Seats held by women in national parliaments (%),18.6,20,20.9n,,,,,,,,
"Fertility rate, totalg (live births per woman)",2.5,2.2,2.1d,"Life expectancy at birthg (females/males, years)",70.0 /       67.8,72.4 /       69.4,74.1 /       70.5d,"Population age distribution (0-14/60+ years old, %)",32.0 /        7.0,29.3 /        7.2,26.3 /        8.2a,International migrant stockh (000/% of total pop.),1 345.5 /        0.9,1 422.2 /        0.9,2 115.4 /        1.3d,Refugees and others of concern to UNHCR (000),229.3i,233,860.5d,Infant mortality rateg (per 1 000 live births),43.3,33.2,26.8d,Health: Current expenditurej (% of GDP),2.5,2.5,"2.3e,k",Health: Physicians (per 1 000 pop.),0.4,0.5,0.6b,Education: Government expenditure (% of GDP),1.9l,"2e,m",1.3b,Education: Primary gross enrol. ratio (f/m per 100 pop.),109.3 /      102.8e,... / ...,120.8 /      112.4k,Education: Secondary gross enrol. ratio (f/m per 100 pop.),54.7 /       48.7,69.7 /       61.8,78.3 /       67.1b,Education: Upper secondary gross enrol. ratio (f/m per 100 pop.),40.0 /       41.1,49.8 /       50.3,60.5 /       57.2b,Intentional homicide rate (per 100 000 pop.),2.7,2.6,2.4k,Seats held by women in national parliaments (%),18.6,20,20.9n,,,,,,,,,,,,
"Life expectancy at birthg (females/males, years)",70.0 /       67.8,72.4 /       69.4,74.1 /       70.5d,"Population age distribution (0-14/60+ years old, %)",32.0 /        7.0,29.3 /        7.2,26.3 /        8.2a,International migrant stockh (000/% of total pop.),1 345.5 /        0.9,1 422.2 /        0.9,2 115.4 /        1.3d,Refugees and others of concern to UNHCR (000),229.3i,233,860.5d,Infant mortality rateg (per 1 000 live births),43.3,33.2,26.8d,Health: Current expenditurej (% of GDP),2.5,2.5,"2.3e,k",Health: Physicians (per 1 000 pop.),0.4,0.5,0.6b,Education: Government expenditure (% of GDP),1.9l,"2e,m",1.3b,Education: Primary gross enrol. ratio (f/m per 100 pop.),109.3 /      102.8e,... / ...,120.8 /      112.4k,Education: Secondary gross enrol. ratio (f/m per 100 pop.),54.7 /       48.7,69.7 /       61.8,78.3 /       67.1b,Education: Upper secondary gross enrol. ratio (f/m per 100 pop.),40.0 /       41.1,49.8 /       50.3,60.5 /       57.2b,Intentional homicide rate (per 100 000 pop.),2.7,2.6,2.4k,Seats held by women in national parliaments (%),18.6,20,20.9n,,,,,,,,,,,,,,,,
"Population age distribution (0-14/60+ years old, %)",32.0 /        7.0,29.3 /        7.2,26.3 /        8.2a,International migrant stockh (000/% of total pop.),1 345.5 /        0.9,1 422.2 /        0.9,2 115.4 /        1.3d,Refugees and others of concern to UNHCR (000),229.3i,233,860.5d,Infant mortality rateg (per 1 000 live births),43.3,33.2,26.8d,Health: Current expenditurej (% of GDP),2.5,2.5,"2.3e,k",Health: Physicians (per 1 000 pop.),0.4,0.5,0.6b,Education: Government expenditure (% of GDP),1.9l,"2e,m",1.3b,Education: Primary gross enrol. ratio (f/m per 100 pop.),109.3 /      102.8e,... / ...,120.8 /      112.4k,Education: Secondary gross enrol. ratio (f/m per 100 pop.),54.7 /       48.7,69.7 /       61.8,78.3 /       67.1b,Education: Upper secondary gross enrol. ratio (f/m per 100 pop.),40.0 /       41.1,49.8 /       50.3,60.5 /       57.2b,Intentional homicide rate (per 100 000 pop.),2.7,2.6,2.4k,Seats held by women in national parliaments (%),18.6,20,20.9n,,,,,,,,,,,,,,,,,,,,
International migrant stockh (000/% of total pop.),1 345.5 /        0.9,1 422.2 /        0.9,2 115.4 /        1.3d,Refugees and others of concern to UNHCR (000),229.3i,233,860.5d,Infant mortality rateg (per 1 000 live births),43.3,33.2,26.8d,Health: Current expenditurej (% of GDP),2.5,2.5,"2.3e,k",Health: Physicians (per 1 000 pop.),0.4,0.5,0.6b,Education: Government expenditure (% of GDP),1.9l,"2e,m",1.3b,Education: Primary gross enrol. ratio (f/m per 100 pop.),109.3 /      102.8e,... / ...,120.8 /      112.4k,Education: Secondary gross enrol. ratio (f/m per 100 pop.),54.7 /       48.7,69.7 /       61.8,78.3 /       67.1b,Education: Upper secondary gross enrol. ratio (f/m per 100 pop.),40.0 /       41.1,49.8 /       50.3,60.5 /       57.2b,Intentional homicide rate (per 100 000 pop.),2.7,2.6,2.4k,Seats held by women in national parliaments (%),18.6,20,20.9n,,,,,,,,,,,,,,,,,,,,,,,,
Refugees and others of concern to UNHCR (000),229.3i,233,860.5d,Infant mortality rateg (per 1 000 live births),43.3,33.2,26.8d,Health: Current expenditurej (% of GDP),2.5,2.5,"2.3e,k",Health: Physicians (per 1 000 pop.),0.4,0.5,0.6b,Education: Government expenditure (% of GDP),1.9l,"2e,m",1.3b,Education: Primary gross enrol. ratio (f/m per 100 pop.),109.3 /      102.8e,... / ...,120.8 /      112.4k,Education: Secondary gross enrol. ratio (f/m per 100 pop.),54.7 /       48.7,69.7 /       61.8,78.3 /       67.1b,Education: Upper secondary gross enrol. ratio (f/m per 100 pop.),40.0 /       41.1,49.8 /       50.3,60.5 /       57.2b,Intentional homicide rate (per 100 000 pop.),2.7,2.6,2.4k,Seats held by women in national parliaments (%),18.6,20,20.9n,,,,,,,,,,,,,,,,,,,,,,,,,,,,
Infant mortality rateg (per 1 000 live births),43.3,33.2,26.8d,Health: Current expenditurej (% of GDP),2.5,2.5,"2.3e,k",Health: Physicians (per 1 000 pop.),0.4,0.5,0.6b,Education: Government expenditure (% of GDP),1.9l,"2e,m",1.3b,Education: Primary gross enrol. ratio (f/m per 100 pop.),109.3 /      102.8e,... / ...,120.8 /      112.4k,Education: Secondary gross enrol. ratio (f/m per 100 pop.),54.7 /       48.7,69.7 /       61.8,78.3 /       67.1b,Education: Upper secondary gross enrol. ratio (f/m per 100 pop.),40.0 /       41.1,49.8 /       50.3,60.5 /       57.2b,Intentional homicide rate (per 100 000 pop.),2.7,2.6,2.4k,Seats held by women in national parliaments (%),18.6,20,20.9n,,,,,,,,,,,,,,,,,,,,,,,,,,,,,,,,
Health: Current expenditurej (% of GDP),2.5,2.5,"2.3e,k",Health: Physicians (per 1 000 pop.),0.4,0.5,0.6b,Education: Government expenditure (% of GDP),1.9l,"2e,m",1.3b,Education: Primary gross enrol. ratio (f/m per 100 pop.),109.3 /      102.8e,... / ...,120.8 /      112.4k,Education: Secondary gross enrol. ratio (f/m per 100 pop.),54.7 /       48.7,69.7 /       61.8,78.3 /       67.1b,Education: Upper secondary gross enrol. ratio (f/m per 100 pop.),40.0 /       41.1,49.8 /       50.3,60.5 /       57.2b,Intentional homicide rate (per 100 000 pop.),2.7,2.6,2.4k,Seats held by women in national parliaments (%),18.6,20,20.9n,,,,,,,,,,,,,,,,,,,,,,,,,,,,,,,,,,,,
Health: Physicians (per 1 000 pop.),0.4,0.5,0.6b,Education: Government expenditure (% of GDP),1.9l,"2e,m",1.3b,Education: Primary gross enrol. ratio (f/m per 100 pop.),109.3 /      102.8e,... / ...,120.8 /      112.4k,Education: Secondary gross enrol. ratio (f/m per 100 pop.),54.7 /       48.7,69.7 /       61.8,78.3 /       67.1b,Education: Upper secondary gross enrol. ratio (f/m per 100 pop.),40.0 /       41.1,49.8 /       50.3,60.5 /       57.2b,Intentional homicide rate (per 100 000 pop.),2.7,2.6,2.4k,Seats held by women in national parliaments (%),18.6,20,20.9n,,,,,,,,,,,,,,,,,,,,,,,,,,,,,,,,,,,,,,,,
Education: Government expenditure (% of GDP),1.9l,"2e,m",1.3b,Education: Primary gross enrol. ratio (f/m per 100 pop.),109.3 /      102.8e,... / ...,120.8 /      112.4k,Education: Secondary gross enrol. ratio (f/m per 100 pop.),54.7 /       48.7,69.7 /       61.8,78.3 /       67.1b,Education: Upper secondary gross enrol. ratio (f/m per 100 pop.),40.0 /       41.1,49.8 /       50.3,60.5 /       57.2b,Intentional homicide rate (per 100 000 pop.),2.7,2.6,2.4k,Seats held by women in national parliaments (%),18.6,20,20.9n,,,,,,,,,,,,,,,,,,,,,,,,,,,,,,,,,,,,,,,,,,,,
Education: Primary gross enrol. ratio (f/m per 100 pop.),109.3 /      102.8e,... / ...,120.8 /      112.4k,Education: Secondary gross enrol. ratio (f/m per 100 pop.),54.7 /       48.7,69.7 /       61.8,78.3 /       67.1b,Education: Upper secondary gross enrol. ratio (f/m per 100 pop.),40.0 /       41.1,49.8 /       50.3,60.5 /       57.2b,Intentional homicide rate (per 100 000 pop.),2.7,2.6,2.4k,Seats held by women in national parliaments (%),18.6,20,20.9n,,,,,,,,,,,,,,,,,,,,,,,,,,,,,,,,,,,,,,,,,,,,,,,,
Education: Secondary gross enrol. ratio (f/m per 100 pop.),54.7 /       48.7,69.7 /       61.8,78.3 /       67.1b,Education: Upper secondary gross enrol. ratio (f/m per 100 pop.),40.0 /       41.1,49.8 /       50.3,60.5 /       57.2b,Intentional homicide rate (per 100 000 pop.),2.7,2.6,2.4k,Seats held by women in national parliaments (%),18.6,20,20.9n,,,,,,,,,,,,,,,,,,,,,,,,,,,,,,,,,,,,,,,,,,,,,,,,,,,,
Education: Upper secondary gross enrol. ratio (f/m per 100 pop.),40.0 /       41.1,49.8 /       50.3,60.5 /       57.2b,Intentional homicide rate (per 100 000 pop.),2.7,2.6,2.4k,Seats held by women in national parliaments (%),18.6,20,20.9n,,,,,,,,,,,,,,,,,,,,,,,,,,,,,,,,,,,,,,,,,,,,,,,,,,,,,,,,
Intentional homicide rate (per 100 000 pop.),2.7,2.6,2.4k,Seats held by women in national parliaments (%),18.6,20,20.9n,,,,,,,,,,,,,,,,,,,,,,,,,,,,,,,,,,,,,,,,,,,,,,,,,,,,,,,,,,,,
Seats held by women in national parliaments (%),18.6,20,20.9n,,,,,,,,,,,,,,,,,,,,,,,,,,,,,,,,,,,,,,,,,,,,,,,,,,,,,,,,,,,,,,,,
