0,1,2,3,4,5,6,7,8,9,10,11,12,13,14,15,16,17,18,19,20,21,22,23,24,25,26,27,28,29,30,31,32,33,34,35,36,37,38,39,40,41,42,43
,2010,2015,2021,,,,,,,,,,,,,,,,,,,,,,,,,,,,,,,,,,,,,,,,
Individuals using the Internet (per 100 inhabitants),15.9s,"45.3s,t",70m,Research & Development expenditure (% of GDP),"0.3u,v",0.4,"0.8w,o",Threatened species (number),102,121,175,Forested area (% of land area),6.6,6.6,"6.6e,m",CO2 emission estimatesx (million tons/tons per capita),498.6 /        6.8,555.8 /        7.1,579.6 /        7.1m,"Energy production, primary (Petajoules)",14 283,13 637,"17 056e,m",Energy supply per capita (Gigajoules),116,126,134m,Tourist/visitor arrivals at national borders (000),2 938,5 237,7 295m,Important sites for terrestrial biodiversity protected (%),43.6,43.6,43.6d,"Pop. using safely managed drinking water (urban/rural, %)",95.9 /       84.1,96.0 /       85.6,96.1 /       87.2d,Net Official Development Assist. received (% of GNI),0.02,0.03,0.03o
Research & Development expenditure (% of GDP),"0.3u,v",0.4,"0.8w,o",Threatened species (number),102,121,175,Forested area (% of land area),6.6,6.6,"6.6e,m",CO2 emission estimatesx (million tons/tons per capita),498.6 /        6.8,555.8 /        7.1,579.6 /        7.1m,"Energy production, primary (Petajoules)",14 283,13 637,"17 056e,m",Energy supply per capita (Gigajoules),116,126,134m,Tourist/visitor arrivals at national borders (000),2 938,5 237,7 295m,Important sites for terrestrial biodiversity protected (%),43.6,43.6,43.6d,"Pop. using safely managed drinking water (urban/rural, %)",95.9 /       84.1,96.0 /       85.6,96.1 /       87.2d,Net Official Development Assist. received (% of GNI),0.02,0.03,0.03o,,,,
Threatened species (number),102,121,175,Forested area (% of land area),6.6,6.6,"6.6e,m",CO2 emission estimatesx (million tons/tons per capita),498.6 /        6.8,555.8 /        7.1,579.6 /        7.1m,"Energy production, primary (Petajoules)",14 283,13 637,"17 056e,m",Energy supply per capita (Gigajoules),116,126,134m,Tourist/visitor arrivals at national borders (000),2 938,5 237,7 295m,Important sites for terrestrial biodiversity protected (%),43.6,43.6,43.6d,"Pop. using safely managed drinking water (urban/rural, %)",95.9 /       84.1,96.0 /       85.6,96.1 /       87.2d,Net Official Development Assist. received (% of GNI),0.02,0.03,0.03o,,,,,,,,
Forested area (% of land area),6.6,6.6,"6.6e,m",CO2 emission estimatesx (million tons/tons per capita),498.6 /        6.8,555.8 /        7.1,579.6 /        7.1m,"Energy production, primary (Petajoules)",14 283,13 637,"17 056e,m",Energy supply per capita (Gigajoules),116,126,134m,Tourist/visitor arrivals at national borders (000),2 938,5 237,7 295m,Important sites for terrestrial biodiversity protected (%),43.6,43.6,43.6d,"Pop. using safely managed drinking water (urban/rural, %)",95.9 /       84.1,96.0 /       85.6,96.1 /       87.2d,Net Official Development Assist. received (% of GNI),0.02,0.03,0.03o,,,,,,,,,,,,
CO2 emission estimatesx (million tons/tons per capita),498.6 /        6.8,555.8 /        7.1,579.6 /        7.1m,"Energy production, primary (Petajoules)",14 283,13 637,"17 056e,m",Energy supply per capita (Gigajoules),116,126,134m,Tourist/visitor arrivals at national borders (000),2 938,5 237,7 295m,Important sites for terrestrial biodiversity protected (%),43.6,43.6,43.6d,"Pop. using safely managed drinking water (urban/rural, %)",95.9 /       84.1,96.0 /       85.6,96.1 /       87.2d,Net Official Development Assist. received (% of GNI),0.02,0.03,0.03o,,,,,,,,,,,,,,,,
"Energy production, primary (Petajoules)",14 283,13 637,"17 056e,m",Energy supply per capita (Gigajoules),116,126,134m,Tourist/visitor arrivals at national borders (000),2 938,5 237,7 295m,Important sites for terrestrial biodiversity protected (%),43.6,43.6,43.6d,"Pop. using safely managed drinking water (urban/rural, %)",95.9 /       84.1,96.0 /       85.6,96.1 /       87.2d,Net Official Development Assist. received (% of GNI),0.02,0.03,0.03o,,,,,,,,,,,,,,,,,,,,
Energy supply per capita (Gigajoules),116,126,134m,Tourist/visitor arrivals at national borders (000),2 938,5 237,7 295m,Important sites for terrestrial biodiversity protected (%),43.6,43.6,43.6d,"Pop. using safely managed drinking water (urban/rural, %)",95.9 /       84.1,96.0 /       85.6,96.1 /       87.2d,Net Official Development Assist. received (% of GNI),0.02,0.03,0.03o,,,,,,,,,,,,,,,,,,,,,,,,
Tourist/visitor arrivals at national borders (000),2 938,5 237,7 295m,Important sites for terrestrial biodiversity protected (%),43.6,43.6,43.6d,"Pop. using safely managed drinking water (urban/rural, %)",95.9 /       84.1,96.0 /       85.6,96.1 /       87.2d,Net Official Development Assist. received (% of GNI),0.02,0.03,0.03o,,,,,,,,,,,,,,,,,,,,,,,,,,,,
Important sites for terrestrial biodiversity protected (%),43.6,43.6,43.6d,"Pop. using safely managed drinking water (urban/rural, %)",95.9 /       84.1,96.0 /       85.6,96.1 /       87.2d,Net Official Development Assist. received (% of GNI),0.02,0.03,0.03o,,,,,,,,,,,,,,,,,,,,,,,,,,,,,,,,
"Pop. using safely managed drinking water (urban/rural, %)",95.9 /       84.1,96.0 /       85.6,96.1 /       87.2d,Net Official Development Assist. received (% of GNI),0.02,0.03,0.03o,,,,,,,,,,,,,,,,,,,,,,,,,,,,,,,,,,,,
Net Official Development Assist. received (% of GNI),0.02,0.03,0.03o,,,,,,,,,,,,,,,,,,,,,,,,,,,,,,,,,,,,,,,,
