0,1,2,3,4,5,6,7,8,9,10,11,12,13,14,15,16,17,18,19,20,21,22,23,24,25,26,27,28,29,30,31,32,33,34,35,36,37,38,39,40,41,42,43,44,45,46,47,48,49,50,51,52,53,54,55,56,57,58,59,60,61,62,63,64,65,66,67
,2010,2015,2021,,,,,,,,,,,,,,,,,,,,,,,,,,,,,,,,,,,,,,,,,,,,,,,,,,,,,,,,,,,,,,,,
Population growth ratei (average annual %),1.1,1.2,1.4d,Urban population (% of total population),70.6,73.4,75.4c,Urban population growth ratei (average annual %),2,2,...,"Fertility rate, totali (live births per woman)",1.8,1.9,2.2d,"Life expectancy at birthi (females/males, years)",74.6 /       71.0,76.2 /       74.0,77.6 /       75.3d,"Population age distribution (0-14/60+ years old, %)",24.0 /        7.5,23.9 /        8.9,24.8 /       10.6a,"International migrant stockj,k (000/% of total pop.)",2 722.4 /        3.7,2 729.9 /        3.5,2 797.2 /        3.3d,Refugees and others of concern to UNHCR (000),1 085.3l,979.5,979.5d,Infant mortality ratei (per 1 000 live births),19.1,15.2,12.8d,Health: Current expenditure (% of GDP),6.8,7.8,8.7m,Health: Physicians (per 1 000 pop.),0.5n,1.2,1.6m,Education: Government expenditure (% of GDP),3.7,2.8,4m,Education: Primary gross enrol. ratio (f/m per 100 pop.),99.6 /      101.7,112.3 /      105.7,113.9 /      107.7o,Education: Secondary gross enrol. ratio (f/m per 100 pop.),78.0 /       83.2,83.0 /       88.7,84.7 /       87.9o,Education: Upper secondary gross enrol. ratio (f/m per 100 pop.),70.4 /       74.5,77.3 /       83.3p,76.3 /       79.3o,Intentional homicide rate (per 100 000 pop.),3q,2.5p,...,Seats held by women in national parliaments (%),2.8,3.1,5.6r
Urban population (% of total population),70.6,73.4,75.4c,Urban population growth ratei (average annual %),2,2,...,"Fertility rate, totali (live births per woman)",1.8,1.9,2.2d,"Life expectancy at birthi (females/males, years)",74.6 /       71.0,76.2 /       74.0,77.6 /       75.3d,"Population age distribution (0-14/60+ years old, %)",24.0 /        7.5,23.9 /        8.9,24.8 /       10.6a,"International migrant stockj,k (000/% of total pop.)",2 722.4 /        3.7,2 729.9 /        3.5,2 797.2 /        3.3d,Refugees and others of concern to UNHCR (000),1 085.3l,979.5,979.5d,Infant mortality ratei (per 1 000 live births),19.1,15.2,12.8d,Health: Current expenditure (% of GDP),6.8,7.8,8.7m,Health: Physicians (per 1 000 pop.),0.5n,1.2,1.6m,Education: Government expenditure (% of GDP),3.7,2.8,4m,Education: Primary gross enrol. ratio (f/m per 100 pop.),99.6 /      101.7,112.3 /      105.7,113.9 /      107.7o,Education: Secondary gross enrol. ratio (f/m per 100 pop.),78.0 /       83.2,83.0 /       88.7,84.7 /       87.9o,Education: Upper secondary gross enrol. ratio (f/m per 100 pop.),70.4 /       74.5,77.3 /       83.3p,76.3 /       79.3o,Intentional homicide rate (per 100 000 pop.),3q,2.5p,...,Seats held by women in national parliaments (%),2.8,3.1,5.6r,,,,
Urban population growth ratei (average annual %),2,2,...,"Fertility rate, totali (live births per woman)",1.8,1.9,2.2d,"Life expectancy at birthi (females/males, years)",74.6 /       71.0,76.2 /       74.0,77.6 /       75.3d,"Population age distribution (0-14/60+ years old, %)",24.0 /        7.5,23.9 /        8.9,24.8 /       10.6a,"International migrant stockj,k (000/% of total pop.)",2 722.4 /        3.7,2 729.9 /        3.5,2 797.2 /        3.3d,Refugees and others of concern to UNHCR (000),1 085.3l,979.5,979.5d,Infant mortality ratei (per 1 000 live births),19.1,15.2,12.8d,Health: Current expenditure (% of GDP),6.8,7.8,8.7m,Health: Physicians (per 1 000 pop.),0.5n,1.2,1.6m,Education: Government expenditure (% of GDP),3.7,2.8,4m,Education: Primary gross enrol. ratio (f/m per 100 pop.),99.6 /      101.7,112.3 /      105.7,113.9 /      107.7o,Education: Secondary gross enrol. ratio (f/m per 100 pop.),78.0 /       83.2,83.0 /       88.7,84.7 /       87.9o,Education: Upper secondary gross enrol. ratio (f/m per 100 pop.),70.4 /       74.5,77.3 /       83.3p,76.3 /       79.3o,Intentional homicide rate (per 100 000 pop.),3q,2.5p,...,Seats held by women in national parliaments (%),2.8,3.1,5.6r,,,,,,,,
"Fertility rate, totali (live births per woman)",1.8,1.9,2.2d,"Life expectancy at birthi (females/males, years)",74.6 /       71.0,76.2 /       74.0,77.6 /       75.3d,"Population age distribution (0-14/60+ years old, %)",24.0 /        7.5,23.9 /        8.9,24.8 /       10.6a,"International migrant stockj,k (000/% of total pop.)",2 722.4 /        3.7,2 729.9 /        3.5,2 797.2 /        3.3d,Refugees and others of concern to UNHCR (000),1 085.3l,979.5,979.5d,Infant mortality ratei (per 1 000 live births),19.1,15.2,12.8d,Health: Current expenditure (% of GDP),6.8,7.8,8.7m,Health: Physicians (per 1 000 pop.),0.5n,1.2,1.6m,Education: Government expenditure (% of GDP),3.7,2.8,4m,Education: Primary gross enrol. ratio (f/m per 100 pop.),99.6 /      101.7,112.3 /      105.7,113.9 /      107.7o,Education: Secondary gross enrol. ratio (f/m per 100 pop.),78.0 /       83.2,83.0 /       88.7,84.7 /       87.9o,Education: Upper secondary gross enrol. ratio (f/m per 100 pop.),70.4 /       74.5,77.3 /       83.3p,76.3 /       79.3o,Intentional homicide rate (per 100 000 pop.),3q,2.5p,...,Seats held by women in national parliaments (%),2.8,3.1,5.6r,,,,,,,,,,,,
"Life expectancy at birthi (females/males, years)",74.6 /       71.0,76.2 /       74.0,77.6 /       75.3d,"Population age distribution (0-14/60+ years old, %)",24.0 /        7.5,23.9 /        8.9,24.8 /       10.6a,"International migrant stockj,k (000/% of total pop.)",2 722.4 /        3.7,2 729.9 /        3.5,2 797.2 /        3.3d,Refugees and others of concern to UNHCR (000),1 085.3l,979.5,979.5d,Infant mortality ratei (per 1 000 live births),19.1,15.2,12.8d,Health: Current expenditure (% of GDP),6.8,7.8,8.7m,Health: Physicians (per 1 000 pop.),0.5n,1.2,1.6m,Education: Government expenditure (% of GDP),3.7,2.8,4m,Education: Primary gross enrol. ratio (f/m per 100 pop.),99.6 /      101.7,112.3 /      105.7,113.9 /      107.7o,Education: Secondary gross enrol. ratio (f/m per 100 pop.),78.0 /       83.2,83.0 /       88.7,84.7 /       87.9o,Education: Upper secondary gross enrol. ratio (f/m per 100 pop.),70.4 /       74.5,77.3 /       83.3p,76.3 /       79.3o,Intentional homicide rate (per 100 000 pop.),3q,2.5p,...,Seats held by women in national parliaments (%),2.8,3.1,5.6r,,,,,,,,,,,,,,,,
"Population age distribution (0-14/60+ years old, %)",24.0 /        7.5,23.9 /        8.9,24.8 /       10.6a,"International migrant stockj,k (000/% of total pop.)",2 722.4 /        3.7,2 729.9 /        3.5,2 797.2 /        3.3d,Refugees and others of concern to UNHCR (000),1 085.3l,979.5,979.5d,Infant mortality ratei (per 1 000 live births),19.1,15.2,12.8d,Health: Current expenditure (% of GDP),6.8,7.8,8.7m,Health: Physicians (per 1 000 pop.),0.5n,1.2,1.6m,Education: Government expenditure (% of GDP),3.7,2.8,4m,Education: Primary gross enrol. ratio (f/m per 100 pop.),99.6 /      101.7,112.3 /      105.7,113.9 /      107.7o,Education: Secondary gross enrol. ratio (f/m per 100 pop.),78.0 /       83.2,83.0 /       88.7,84.7 /       87.9o,Education: Upper secondary gross enrol. ratio (f/m per 100 pop.),70.4 /       74.5,77.3 /       83.3p,76.3 /       79.3o,Intentional homicide rate (per 100 000 pop.),3q,2.5p,...,Seats held by women in national parliaments (%),2.8,3.1,5.6r,,,,,,,,,,,,,,,,,,,,
"International migrant stockj,k (000/% of total pop.)",2 722.4 /        3.7,2 729.9 /        3.5,2 797.2 /        3.3d,Refugees and others of concern to UNHCR (000),1 085.3l,979.5,979.5d,Infant mortality ratei (per 1 000 live births),19.1,15.2,12.8d,Health: Current expenditure (% of GDP),6.8,7.8,8.7m,Health: Physicians (per 1 000 pop.),0.5n,1.2,1.6m,Education: Government expenditure (% of GDP),3.7,2.8,4m,Education: Primary gross enrol. ratio (f/m per 100 pop.),99.6 /      101.7,112.3 /      105.7,113.9 /      107.7o,Education: Secondary gross enrol. ratio (f/m per 100 pop.),78.0 /       83.2,83.0 /       88.7,84.7 /       87.9o,Education: Upper secondary gross enrol. ratio (f/m per 100 pop.),70.4 /       74.5,77.3 /       83.3p,76.3 /       79.3o,Intentional homicide rate (per 100 000 pop.),3q,2.5p,...,Seats held by women in national parliaments (%),2.8,3.1,5.6r,,,,,,,,,,,,,,,,,,,,,,,,
Refugees and others of concern to UNHCR (000),1 085.3l,979.5,979.5d,Infant mortality ratei (per 1 000 live births),19.1,15.2,12.8d,Health: Current expenditure (% of GDP),6.8,7.8,8.7m,Health: Physicians (per 1 000 pop.),0.5n,1.2,1.6m,Education: Government expenditure (% of GDP),3.7,2.8,4m,Education: Primary gross enrol. ratio (f/m per 100 pop.),99.6 /      101.7,112.3 /      105.7,113.9 /      107.7o,Education: Secondary gross enrol. ratio (f/m per 100 pop.),78.0 /       83.2,83.0 /       88.7,84.7 /       87.9o,Education: Upper secondary gross enrol. ratio (f/m per 100 pop.),70.4 /       74.5,77.3 /       83.3p,76.3 /       79.3o,Intentional homicide rate (per 100 000 pop.),3q,2.5p,...,Seats held by women in national parliaments (%),2.8,3.1,5.6r,,,,,,,,,,,,,,,,,,,,,,,,,,,,
Infant mortality ratei (per 1 000 live births),19.1,15.2,12.8d,Health: Current expenditure (% of GDP),6.8,7.8,8.7m,Health: Physicians (per 1 000 pop.),0.5n,1.2,1.6m,Education: Government expenditure (% of GDP),3.7,2.8,4m,Education: Primary gross enrol. ratio (f/m per 100 pop.),99.6 /      101.7,112.3 /      105.7,113.9 /      107.7o,Education: Secondary gross enrol. ratio (f/m per 100 pop.),78.0 /       83.2,83.0 /       88.7,84.7 /       87.9o,Education: Upper secondary gross enrol. ratio (f/m per 100 pop.),70.4 /       74.5,77.3 /       83.3p,76.3 /       79.3o,Intentional homicide rate (per 100 000 pop.),3q,2.5p,...,Seats held by women in national parliaments (%),2.8,3.1,5.6r,,,,,,,,,,,,,,,,,,,,,,,,,,,,,,,,
Health: Current expenditure (% of GDP),6.8,7.8,8.7m,Health: Physicians (per 1 000 pop.),0.5n,1.2,1.6m,Education: Government expenditure (% of GDP),3.7,2.8,4m,Education: Primary gross enrol. ratio (f/m per 100 pop.),99.6 /      101.7,112.3 /      105.7,113.9 /      107.7o,Education: Secondary gross enrol. ratio (f/m per 100 pop.),78.0 /       83.2,83.0 /       88.7,84.7 /       87.9o,Education: Upper secondary gross enrol. ratio (f/m per 100 pop.),70.4 /       74.5,77.3 /       83.3p,76.3 /       79.3o,Intentional homicide rate (per 100 000 pop.),3q,2.5p,...,Seats held by women in national parliaments (%),2.8,3.1,5.6r,,,,,,,,,,,,,,,,,,,,,,,,,,,,,,,,,,,,
Health: Physicians (per 1 000 pop.),0.5n,1.2,1.6m,Education: Government expenditure (% of GDP),3.7,2.8,4m,Education: Primary gross enrol. ratio (f/m per 100 pop.),99.6 /      101.7,112.3 /      105.7,113.9 /      107.7o,Education: Secondary gross enrol. ratio (f/m per 100 pop.),78.0 /       83.2,83.0 /       88.7,84.7 /       87.9o,Education: Upper secondary gross enrol. ratio (f/m per 100 pop.),70.4 /       74.5,77.3 /       83.3p,76.3 /       79.3o,Intentional homicide rate (per 100 000 pop.),3q,2.5p,...,Seats held by women in national parliaments (%),2.8,3.1,5.6r,,,,,,,,,,,,,,,,,,,,,,,,,,,,,,,,,,,,,,,,
Education: Government expenditure (% of GDP),3.7,2.8,4m,Education: Primary gross enrol. ratio (f/m per 100 pop.),99.6 /      101.7,112.3 /      105.7,113.9 /      107.7o,Education: Secondary gross enrol. ratio (f/m per 100 pop.),78.0 /       83.2,83.0 /       88.7,84.7 /       87.9o,Education: Upper secondary gross enrol. ratio (f/m per 100 pop.),70.4 /       74.5,77.3 /       83.3p,76.3 /       79.3o,Intentional homicide rate (per 100 000 pop.),3q,2.5p,...,Seats held by women in national parliaments (%),2.8,3.1,5.6r,,,,,,,,,,,,,,,,,,,,,,,,,,,,,,,,,,,,,,,,,,,,
Education: Primary gross enrol. ratio (f/m per 100 pop.),99.6 /      101.7,112.3 /      105.7,113.9 /      107.7o,Education: Secondary gross enrol. ratio (f/m per 100 pop.),78.0 /       83.2,83.0 /       88.7,84.7 /       87.9o,Education: Upper secondary gross enrol. ratio (f/m per 100 pop.),70.4 /       74.5,77.3 /       83.3p,76.3 /       79.3o,Intentional homicide rate (per 100 000 pop.),3q,2.5p,...,Seats held by women in national parliaments (%),2.8,3.1,5.6r,,,,,,,,,,,,,,,,,,,,,,,,,,,,,,,,,,,,,,,,,,,,,,,,
Education: Secondary gross enrol. ratio (f/m per 100 pop.),78.0 /       83.2,83.0 /       88.7,84.7 /       87.9o,Education: Upper secondary gross enrol. ratio (f/m per 100 pop.),70.4 /       74.5,77.3 /       83.3p,76.3 /       79.3o,Intentional homicide rate (per 100 000 pop.),3q,2.5p,...,Seats held by women in national parliaments (%),2.8,3.1,5.6r,,,,,,,,,,,,,,,,,,,,,,,,,,,,,,,,,,,,,,,,,,,,,,,,,,,,
Education: Upper secondary gross enrol. ratio (f/m per 100 pop.),70.4 /       74.5,77.3 /       83.3p,76.3 /       79.3o,Intentional homicide rate (per 100 000 pop.),3q,2.5p,...,Seats held by women in national parliaments (%),2.8,3.1,5.6r,,,,,,,,,,,,,,,,,,,,,,,,,,,,,,,,,,,,,,,,,,,,,,,,,,,,,,,,
Intentional homicide rate (per 100 000 pop.),3q,2.5p,...,Seats held by women in national parliaments (%),2.8,3.1,5.6r,,,,,,,,,,,,,,,,,,,,,,,,,,,,,,,,,,,,,,,,,,,,,,,,,,,,,,,,,,,,
Seats held by women in national parliaments (%),2.8,3.1,5.6r,,,,,,,,,,,,,,,,,,,,,,,,,,,,,,,,,,,,,,,,,,,,,,,,,,,,,,,,,,,,,,,,
