0,1,2,3,4,5,6,7,8,9,10,11,12,13,14,15,16,17,18,19,20,21,22,23,24,25,26,27,28,29,30,31,32,33,34,35,36,37,38,39
,2010,2015,2021,,,,,,,,,,,,,,,,,,,,,,,,,,,,,,,,,,,,
Employment in agriculture (% of employed),"11.1e,f,g",...,...,Employment in industry (% of employed),"22.2e,f,g",...,...,Employment in services (% employed),"66.7e,f,g",...,...,"Unemploymenth,j (% of labour force)",6.4i,4k,...,Labour force participation rate (female/male pop. %),"77.5 /       85.3h,j","79.4 /       86.0h,j,k",... / ...,Agricultural production index (2014-2016=100),95,100,96b,International trade: exportsl (million current US$),839,1 024,2 297d,International trade: importsl (million current US$),780,911,1 376d,International trade: balancel (million current US$),59,113,922d,"Balance of payments, current account (million US$)",144,194m,...
Employment in industry (% of employed),"22.2e,f,g",...,...,Employment in services (% employed),"66.7e,f,g",...,...,"Unemploymenth,j (% of labour force)",6.4i,4k,...,Labour force participation rate (female/male pop. %),"77.5 /       85.3h,j","79.4 /       86.0h,j,k",... / ...,Agricultural production index (2014-2016=100),95,100,96b,International trade: exportsl (million current US$),839,1 024,2 297d,International trade: importsl (million current US$),780,911,1 376d,International trade: balancel (million current US$),59,113,922d,"Balance of payments, current account (million US$)",144,194m,...,,,,
Employment in services (% employed),"66.7e,f,g",...,...,"Unemploymenth,j (% of labour force)",6.4i,4k,...,Labour force participation rate (female/male pop. %),"77.5 /       85.3h,j","79.4 /       86.0h,j,k",... / ...,Agricultural production index (2014-2016=100),95,100,96b,International trade: exportsl (million current US$),839,1 024,2 297d,International trade: importsl (million current US$),780,911,1 376d,International trade: balancel (million current US$),59,113,922d,"Balance of payments, current account (million US$)",144,194m,...,,,,,,,,
"Unemploymenth,j (% of labour force)",6.4i,4k,...,Labour force participation rate (female/male pop. %),"77.5 /       85.3h,j","79.4 /       86.0h,j,k",... / ...,Agricultural production index (2014-2016=100),95,100,96b,International trade: exportsl (million current US$),839,1 024,2 297d,International trade: importsl (million current US$),780,911,1 376d,International trade: balancel (million current US$),59,113,922d,"Balance of payments, current account (million US$)",144,194m,...,,,,,,,,,,,,
Labour force participation rate (female/male pop. %),"77.5 /       85.3h,j","79.4 /       86.0h,j,k",... / ...,Agricultural production index (2014-2016=100),95,100,96b,International trade: exportsl (million current US$),839,1 024,2 297d,International trade: importsl (million current US$),780,911,1 376d,International trade: balancel (million current US$),59,113,922d,"Balance of payments, current account (million US$)",144,194m,...,,,,,,,,,,,,,,,,
Agricultural production index (2014-2016=100),95,100,96b,International trade: exportsl (million current US$),839,1 024,2 297d,International trade: importsl (million current US$),780,911,1 376d,International trade: balancel (million current US$),59,113,922d,"Balance of payments, current account (million US$)",144,194m,...,,,,,,,,,,,,,,,,,,,,
International trade: exportsl (million current US$),839,1 024,2 297d,International trade: importsl (million current US$),780,911,1 376d,International trade: balancel (million current US$),59,113,922d,"Balance of payments, current account (million US$)",144,194m,...,,,,,,,,,,,,,,,,,,,,,,,,
International trade: importsl (million current US$),780,911,1 376d,International trade: balancel (million current US$),59,113,922d,"Balance of payments, current account (million US$)",144,194m,...,,,,,,,,,,,,,,,,,,,,,,,,,,,,
International trade: balancel (million current US$),59,113,922d,"Balance of payments, current account (million US$)",144,194m,...,,,,,,,,,,,,,,,,,,,,,,,,,,,,,,,,
"Balance of payments, current account (million US$)",144,194m,...,,,,,,,,,,,,,,,,,,,,,,,,,,,,,,,,,,,,
