0,1,2,3,4,5,6,7,8,9,10,11,12,13,14,15,16,17,18,19,20,21,22,23
,2010,2015,2021,,,,,,,,,,,,,,,,,,,,
Individuals using the Internet (per 100 inhabitants),75.2,94.2l,"97.6l,o",Threatened species (number),13,14,32,Forested area (% of land area),0.1,0.1,0.1c,"Energy production, primaryl (Petajoules)",0,1,1c,Energy supply per capital (Gigajoules),187,189,219c,Important sites for terrestrial biodiversity protected (%),0,15.8,15.8d
Threatened species (number),13,14,32,Forested area (% of land area),0.1,0.1,0.1c,"Energy production, primaryl (Petajoules)",0,1,1c,Energy supply per capital (Gigajoules),187,189,219c,Important sites for terrestrial biodiversity protected (%),0,15.8,15.8d,,,,
Forested area (% of land area),0.1,0.1,0.1c,"Energy production, primaryl (Petajoules)",0,1,1c,Energy supply per capital (Gigajoules),187,189,219c,Important sites for terrestrial biodiversity protected (%),0,15.8,15.8d,,,,,,,,
"Energy production, primaryl (Petajoules)",0,1,1c,Energy supply per capital (Gigajoules),187,189,219c,Important sites for terrestrial biodiversity protected (%),0,15.8,15.8d,,,,,,,,,,,,
Energy supply per capital (Gigajoules),187,189,219c,Important sites for terrestrial biodiversity protected (%),0,15.8,15.8d,,,,,,,,,,,,,,,,
Important sites for terrestrial biodiversity protected (%),0,15.8,15.8d,,,,,,,,,,,,,,,,,,,,
