0,1,2,3,4,5,6,7,8,9,10,11,12,13,14,15,16,17,18,19,20,21,22,23,24,25,26,27,28,29,30,31,32,33,34,35,36,37,38,39,40,41,42,43,44,45,46,47,48,49,50,51,52,53,54,55,56,57,58,59,60,61,62,63,64,65,66,67
,2010,2015,2021,,,,,,,,,,,,,,,,,,,,,,,,,,,,,,,,,,,,,,,,,,,,,,,,,,,,,,,,,,,,,,,,
GDP: Gross domestic product (million current US$),2 269,2 372,2 460b,"GDP growth rate (annual %, const. 2015 prices)",6.7,2.7,1.5b,GDP per capita (current US$),1 137.1,1 152.1,1 157.5b,Economy: Agriculturee (% of Gross Value Added),5.3,4.2,5b,"Economy: Industryf,g (% of Gross Value Added)",34.3,37.7,34.8b,Economy: Services and other activityh (% of GVA),60.4,58.1,60.3b,Employment in agriculturei (% of employed),11.3,9.4,8.4d,Employment in industryi (% of employed),42.4,42.9,41.9d,Employment in servicesi (% employed),46.3,47.7,49.6d,Unemploymenti (% of labour force),26.8,24.4,22.8d,Labour force participation ratei (female/male pop. %),60.6 /       76.5,59.8 /       76.0,60.1 /       76.1d,CPI: Consumer Price Index (2010=100),100,127,164d,Agricultural production index (2014-2016=100),104,100,96b,International trade: exports (million current US$),503,604,"2 250i,d",International trade: imports (million current US$),1 277,1 410,"1 500i,d",International trade: balance (million current US$),-773,-806,"750i,d","Balance of payments, current account (million US$)",-158,-78,-52d
"GDP growth rate (annual %, const. 2015 prices)",6.7,2.7,1.5b,GDP per capita (current US$),1 137.1,1 152.1,1 157.5b,Economy: Agriculturee (% of Gross Value Added),5.3,4.2,5b,"Economy: Industryf,g (% of Gross Value Added)",34.3,37.7,34.8b,Economy: Services and other activityh (% of GVA),60.4,58.1,60.3b,Employment in agriculturei (% of employed),11.3,9.4,8.4d,Employment in industryi (% of employed),42.4,42.9,41.9d,Employment in servicesi (% employed),46.3,47.7,49.6d,Unemploymenti (% of labour force),26.8,24.4,22.8d,Labour force participation ratei (female/male pop. %),60.6 /       76.5,59.8 /       76.0,60.1 /       76.1d,CPI: Consumer Price Index (2010=100),100,127,164d,Agricultural production index (2014-2016=100),104,100,96b,International trade: exports (million current US$),503,604,"2 250i,d",International trade: imports (million current US$),1 277,1 410,"1 500i,d",International trade: balance (million current US$),-773,-806,"750i,d","Balance of payments, current account (million US$)",-158,-78,-52d,,,,
GDP per capita (current US$),1 137.1,1 152.1,1 157.5b,Economy: Agriculturee (% of Gross Value Added),5.3,4.2,5b,"Economy: Industryf,g (% of Gross Value Added)",34.3,37.7,34.8b,Economy: Services and other activityh (% of GVA),60.4,58.1,60.3b,Employment in agriculturei (% of employed),11.3,9.4,8.4d,Employment in industryi (% of employed),42.4,42.9,41.9d,Employment in servicesi (% employed),46.3,47.7,49.6d,Unemploymenti (% of labour force),26.8,24.4,22.8d,Labour force participation ratei (female/male pop. %),60.6 /       76.5,59.8 /       76.0,60.1 /       76.1d,CPI: Consumer Price Index (2010=100),100,127,164d,Agricultural production index (2014-2016=100),104,100,96b,International trade: exports (million current US$),503,604,"2 250i,d",International trade: imports (million current US$),1 277,1 410,"1 500i,d",International trade: balance (million current US$),-773,-806,"750i,d","Balance of payments, current account (million US$)",-158,-78,-52d,,,,,,,,
Economy: Agriculturee (% of Gross Value Added),5.3,4.2,5b,"Economy: Industryf,g (% of Gross Value Added)",34.3,37.7,34.8b,Economy: Services and other activityh (% of GVA),60.4,58.1,60.3b,Employment in agriculturei (% of employed),11.3,9.4,8.4d,Employment in industryi (% of employed),42.4,42.9,41.9d,Employment in servicesi (% employed),46.3,47.7,49.6d,Unemploymenti (% of labour force),26.8,24.4,22.8d,Labour force participation ratei (female/male pop. %),60.6 /       76.5,59.8 /       76.0,60.1 /       76.1d,CPI: Consumer Price Index (2010=100),100,127,164d,Agricultural production index (2014-2016=100),104,100,96b,International trade: exports (million current US$),503,604,"2 250i,d",International trade: imports (million current US$),1 277,1 410,"1 500i,d",International trade: balance (million current US$),-773,-806,"750i,d","Balance of payments, current account (million US$)",-158,-78,-52d,,,,,,,,,,,,
"Economy: Industryf,g (% of Gross Value Added)",34.3,37.7,34.8b,Economy: Services and other activityh (% of GVA),60.4,58.1,60.3b,Employment in agriculturei (% of employed),11.3,9.4,8.4d,Employment in industryi (% of employed),42.4,42.9,41.9d,Employment in servicesi (% employed),46.3,47.7,49.6d,Unemploymenti (% of labour force),26.8,24.4,22.8d,Labour force participation ratei (female/male pop. %),60.6 /       76.5,59.8 /       76.0,60.1 /       76.1d,CPI: Consumer Price Index (2010=100),100,127,164d,Agricultural production index (2014-2016=100),104,100,96b,International trade: exports (million current US$),503,604,"2 250i,d",International trade: imports (million current US$),1 277,1 410,"1 500i,d",International trade: balance (million current US$),-773,-806,"750i,d","Balance of payments, current account (million US$)",-158,-78,-52d,,,,,,,,,,,,,,,,
Economy: Services and other activityh (% of GVA),60.4,58.1,60.3b,Employment in agriculturei (% of employed),11.3,9.4,8.4d,Employment in industryi (% of employed),42.4,42.9,41.9d,Employment in servicesi (% employed),46.3,47.7,49.6d,Unemploymenti (% of labour force),26.8,24.4,22.8d,Labour force participation ratei (female/male pop. %),60.6 /       76.5,59.8 /       76.0,60.1 /       76.1d,CPI: Consumer Price Index (2010=100),100,127,164d,Agricultural production index (2014-2016=100),104,100,96b,International trade: exports (million current US$),503,604,"2 250i,d",International trade: imports (million current US$),1 277,1 410,"1 500i,d",International trade: balance (million current US$),-773,-806,"750i,d","Balance of payments, current account (million US$)",-158,-78,-52d,,,,,,,,,,,,,,,,,,,,
Employment in agriculturei (% of employed),11.3,9.4,8.4d,Employment in industryi (% of employed),42.4,42.9,41.9d,Employment in servicesi (% employed),46.3,47.7,49.6d,Unemploymenti (% of labour force),26.8,24.4,22.8d,Labour force participation ratei (female/male pop. %),60.6 /       76.5,59.8 /       76.0,60.1 /       76.1d,CPI: Consumer Price Index (2010=100),100,127,164d,Agricultural production index (2014-2016=100),104,100,96b,International trade: exports (million current US$),503,604,"2 250i,d",International trade: imports (million current US$),1 277,1 410,"1 500i,d",International trade: balance (million current US$),-773,-806,"750i,d","Balance of payments, current account (million US$)",-158,-78,-52d,,,,,,,,,,,,,,,,,,,,,,,,
Employment in industryi (% of employed),42.4,42.9,41.9d,Employment in servicesi (% employed),46.3,47.7,49.6d,Unemploymenti (% of labour force),26.8,24.4,22.8d,Labour force participation ratei (female/male pop. %),60.6 /       76.5,59.8 /       76.0,60.1 /       76.1d,CPI: Consumer Price Index (2010=100),100,127,164d,Agricultural production index (2014-2016=100),104,100,96b,International trade: exports (million current US$),503,604,"2 250i,d",International trade: imports (million current US$),1 277,1 410,"1 500i,d",International trade: balance (million current US$),-773,-806,"750i,d","Balance of payments, current account (million US$)",-158,-78,-52d,,,,,,,,,,,,,,,,,,,,,,,,,,,,
Employment in servicesi (% employed),46.3,47.7,49.6d,Unemploymenti (% of labour force),26.8,24.4,22.8d,Labour force participation ratei (female/male pop. %),60.6 /       76.5,59.8 /       76.0,60.1 /       76.1d,CPI: Consumer Price Index (2010=100),100,127,164d,Agricultural production index (2014-2016=100),104,100,96b,International trade: exports (million current US$),503,604,"2 250i,d",International trade: imports (million current US$),1 277,1 410,"1 500i,d",International trade: balance (million current US$),-773,-806,"750i,d","Balance of payments, current account (million US$)",-158,-78,-52d,,,,,,,,,,,,,,,,,,,,,,,,,,,,,,,,
Unemploymenti (% of labour force),26.8,24.4,22.8d,Labour force participation ratei (female/male pop. %),60.6 /       76.5,59.8 /       76.0,60.1 /       76.1d,CPI: Consumer Price Index (2010=100),100,127,164d,Agricultural production index (2014-2016=100),104,100,96b,International trade: exports (million current US$),503,604,"2 250i,d",International trade: imports (million current US$),1 277,1 410,"1 500i,d",International trade: balance (million current US$),-773,-806,"750i,d","Balance of payments, current account (million US$)",-158,-78,-52d,,,,,,,,,,,,,,,,,,,,,,,,,,,,,,,,,,,,
Labour force participation ratei (female/male pop. %),60.6 /       76.5,59.8 /       76.0,60.1 /       76.1d,CPI: Consumer Price Index (2010=100),100,127,164d,Agricultural production index (2014-2016=100),104,100,96b,International trade: exports (million current US$),503,604,"2 250i,d",International trade: imports (million current US$),1 277,1 410,"1 500i,d",International trade: balance (million current US$),-773,-806,"750i,d","Balance of payments, current account (million US$)",-158,-78,-52d,,,,,,,,,,,,,,,,,,,,,,,,,,,,,,,,,,,,,,,,
CPI: Consumer Price Index (2010=100),100,127,164d,Agricultural production index (2014-2016=100),104,100,96b,International trade: exports (million current US$),503,604,"2 250i,d",International trade: imports (million current US$),1 277,1 410,"1 500i,d",International trade: balance (million current US$),-773,-806,"750i,d","Balance of payments, current account (million US$)",-158,-78,-52d,,,,,,,,,,,,,,,,,,,,,,,,,,,,,,,,,,,,,,,,,,,,
Agricultural production index (2014-2016=100),104,100,96b,International trade: exports (million current US$),503,604,"2 250i,d",International trade: imports (million current US$),1 277,1 410,"1 500i,d",International trade: balance (million current US$),-773,-806,"750i,d","Balance of payments, current account (million US$)",-158,-78,-52d,,,,,,,,,,,,,,,,,,,,,,,,,,,,,,,,,,,,,,,,,,,,,,,,
International trade: exports (million current US$),503,604,"2 250i,d",International trade: imports (million current US$),1 277,1 410,"1 500i,d",International trade: balance (million current US$),-773,-806,"750i,d","Balance of payments, current account (million US$)",-158,-78,-52d,,,,,,,,,,,,,,,,,,,,,,,,,,,,,,,,,,,,,,,,,,,,,,,,,,,,
International trade: imports (million current US$),1 277,1 410,"1 500i,d",International trade: balance (million current US$),-773,-806,"750i,d","Balance of payments, current account (million US$)",-158,-78,-52d,,,,,,,,,,,,,,,,,,,,,,,,,,,,,,,,,,,,,,,,,,,,,,,,,,,,,,,,
International trade: balance (million current US$),-773,-806,"750i,d","Balance of payments, current account (million US$)",-158,-78,-52d,,,,,,,,,,,,,,,,,,,,,,,,,,,,,,,,,,,,,,,,,,,,,,,,,,,,,,,,,,,,
"Balance of payments, current account (million US$)",-158,-78,-52d,,,,,,,,,,,,,,,,,,,,,,,,,,,,,,,,,,,,,,,,,,,,,,,,,,,,,,,,,,,,,,,,
