0,1,2,3,4,5,6,7,8,9,10,11,12,13,14,15,16,17,18,19,20,21,22,23,24,25,26,27,28,29,30,31,32,33,34,35,36,37,38,39,40,41,42,43,44,45,46,47,48,49,50,51,52,53,54,55,56,57,58,59,60,61,62,63,64,65,66,67
,2010,2015,2021,,,,,,,,,,,,,,,,,,,,,,,,,,,,,,,,,,,,,,,,,,,,,,,,,,,,,,,,,,,,,,,,
Population growth ratej (average annual %),-~0.0,0.6,0.8d,Urban population (% of total population),24.8,26.9,28.6b,Urban population growth ratej (average annual %),3.1,2.9,...,"Fertility rate, totalj (live births per woman)",3.4,3.3,3.2d,"Life expectancy at birthj (females/males, years)",45.8 /       40.6,51.3 /       45.2,56.8 /       50.4d,"Population age distribution (0-14/60+ years old, %)",34.9 /        7.0,33.4 /        7.2,32.1 /        7.6a,"International migrant stockk,l (000/% of total pop.)",6.4 /        0.3,9.2 /        0.4,12.1 /        0.6d,Refugees and others of concern to UNHCR (000),...,~0.0,0.3d,Infant mortality ratej (per 1 000 live births),74.9,65.4,62.3d,Health: Current expenditurei (% of GDP),7.6,8.5,9.3c,Health: Physicians (per 1 000 pop.),0.1,...,...,Education: Government expenditure (% of GDP),12.1m,...,7c,Education: Primary gross enrol. ratio (f/m per 100 pop.),122.1 /      127.4,113.7 /      119.6,117.8 /      124.1n,Education: Secondary gross enrol. ratio (f/m per 100 pop.),65.4 /       47.1,69.7 /       51.8,71.3 /       52.8n,Education: Upper secondary gross enrol. ratio (f/m per 100 pop.),39.5 /       29.2,53.6 /       39.9,51.1 /       35.7n,Intentional homicide rate (per 100 000 pop.),38.3,43.6,...,Seats held by women in national parliaments (%),24.2,26.7,23.3o
Urban population (% of total population),24.8,26.9,28.6b,Urban population growth ratej (average annual %),3.1,2.9,...,"Fertility rate, totalj (live births per woman)",3.4,3.3,3.2d,"Life expectancy at birthj (females/males, years)",45.8 /       40.6,51.3 /       45.2,56.8 /       50.4d,"Population age distribution (0-14/60+ years old, %)",34.9 /        7.0,33.4 /        7.2,32.1 /        7.6a,"International migrant stockk,l (000/% of total pop.)",6.4 /        0.3,9.2 /        0.4,12.1 /        0.6d,Refugees and others of concern to UNHCR (000),...,~0.0,0.3d,Infant mortality ratej (per 1 000 live births),74.9,65.4,62.3d,Health: Current expenditurei (% of GDP),7.6,8.5,9.3c,Health: Physicians (per 1 000 pop.),0.1,...,...,Education: Government expenditure (% of GDP),12.1m,...,7c,Education: Primary gross enrol. ratio (f/m per 100 pop.),122.1 /      127.4,113.7 /      119.6,117.8 /      124.1n,Education: Secondary gross enrol. ratio (f/m per 100 pop.),65.4 /       47.1,69.7 /       51.8,71.3 /       52.8n,Education: Upper secondary gross enrol. ratio (f/m per 100 pop.),39.5 /       29.2,53.6 /       39.9,51.1 /       35.7n,Intentional homicide rate (per 100 000 pop.),38.3,43.6,...,Seats held by women in national parliaments (%),24.2,26.7,23.3o,,,,
Urban population growth ratej (average annual %),3.1,2.9,...,"Fertility rate, totalj (live births per woman)",3.4,3.3,3.2d,"Life expectancy at birthj (females/males, years)",45.8 /       40.6,51.3 /       45.2,56.8 /       50.4d,"Population age distribution (0-14/60+ years old, %)",34.9 /        7.0,33.4 /        7.2,32.1 /        7.6a,"International migrant stockk,l (000/% of total pop.)",6.4 /        0.3,9.2 /        0.4,12.1 /        0.6d,Refugees and others of concern to UNHCR (000),...,~0.0,0.3d,Infant mortality ratej (per 1 000 live births),74.9,65.4,62.3d,Health: Current expenditurei (% of GDP),7.6,8.5,9.3c,Health: Physicians (per 1 000 pop.),0.1,...,...,Education: Government expenditure (% of GDP),12.1m,...,7c,Education: Primary gross enrol. ratio (f/m per 100 pop.),122.1 /      127.4,113.7 /      119.6,117.8 /      124.1n,Education: Secondary gross enrol. ratio (f/m per 100 pop.),65.4 /       47.1,69.7 /       51.8,71.3 /       52.8n,Education: Upper secondary gross enrol. ratio (f/m per 100 pop.),39.5 /       29.2,53.6 /       39.9,51.1 /       35.7n,Intentional homicide rate (per 100 000 pop.),38.3,43.6,...,Seats held by women in national parliaments (%),24.2,26.7,23.3o,,,,,,,,
"Fertility rate, totalj (live births per woman)",3.4,3.3,3.2d,"Life expectancy at birthj (females/males, years)",45.8 /       40.6,51.3 /       45.2,56.8 /       50.4d,"Population age distribution (0-14/60+ years old, %)",34.9 /        7.0,33.4 /        7.2,32.1 /        7.6a,"International migrant stockk,l (000/% of total pop.)",6.4 /        0.3,9.2 /        0.4,12.1 /        0.6d,Refugees and others of concern to UNHCR (000),...,~0.0,0.3d,Infant mortality ratej (per 1 000 live births),74.9,65.4,62.3d,Health: Current expenditurei (% of GDP),7.6,8.5,9.3c,Health: Physicians (per 1 000 pop.),0.1,...,...,Education: Government expenditure (% of GDP),12.1m,...,7c,Education: Primary gross enrol. ratio (f/m per 100 pop.),122.1 /      127.4,113.7 /      119.6,117.8 /      124.1n,Education: Secondary gross enrol. ratio (f/m per 100 pop.),65.4 /       47.1,69.7 /       51.8,71.3 /       52.8n,Education: Upper secondary gross enrol. ratio (f/m per 100 pop.),39.5 /       29.2,53.6 /       39.9,51.1 /       35.7n,Intentional homicide rate (per 100 000 pop.),38.3,43.6,...,Seats held by women in national parliaments (%),24.2,26.7,23.3o,,,,,,,,,,,,
"Life expectancy at birthj (females/males, years)",45.8 /       40.6,51.3 /       45.2,56.8 /       50.4d,"Population age distribution (0-14/60+ years old, %)",34.9 /        7.0,33.4 /        7.2,32.1 /        7.6a,"International migrant stockk,l (000/% of total pop.)",6.4 /        0.3,9.2 /        0.4,12.1 /        0.6d,Refugees and others of concern to UNHCR (000),...,~0.0,0.3d,Infant mortality ratej (per 1 000 live births),74.9,65.4,62.3d,Health: Current expenditurei (% of GDP),7.6,8.5,9.3c,Health: Physicians (per 1 000 pop.),0.1,...,...,Education: Government expenditure (% of GDP),12.1m,...,7c,Education: Primary gross enrol. ratio (f/m per 100 pop.),122.1 /      127.4,113.7 /      119.6,117.8 /      124.1n,Education: Secondary gross enrol. ratio (f/m per 100 pop.),65.4 /       47.1,69.7 /       51.8,71.3 /       52.8n,Education: Upper secondary gross enrol. ratio (f/m per 100 pop.),39.5 /       29.2,53.6 /       39.9,51.1 /       35.7n,Intentional homicide rate (per 100 000 pop.),38.3,43.6,...,Seats held by women in national parliaments (%),24.2,26.7,23.3o,,,,,,,,,,,,,,,,
"Population age distribution (0-14/60+ years old, %)",34.9 /        7.0,33.4 /        7.2,32.1 /        7.6a,"International migrant stockk,l (000/% of total pop.)",6.4 /        0.3,9.2 /        0.4,12.1 /        0.6d,Refugees and others of concern to UNHCR (000),...,~0.0,0.3d,Infant mortality ratej (per 1 000 live births),74.9,65.4,62.3d,Health: Current expenditurei (% of GDP),7.6,8.5,9.3c,Health: Physicians (per 1 000 pop.),0.1,...,...,Education: Government expenditure (% of GDP),12.1m,...,7c,Education: Primary gross enrol. ratio (f/m per 100 pop.),122.1 /      127.4,113.7 /      119.6,117.8 /      124.1n,Education: Secondary gross enrol. ratio (f/m per 100 pop.),65.4 /       47.1,69.7 /       51.8,71.3 /       52.8n,Education: Upper secondary gross enrol. ratio (f/m per 100 pop.),39.5 /       29.2,53.6 /       39.9,51.1 /       35.7n,Intentional homicide rate (per 100 000 pop.),38.3,43.6,...,Seats held by women in national parliaments (%),24.2,26.7,23.3o,,,,,,,,,,,,,,,,,,,,
"International migrant stockk,l (000/% of total pop.)",6.4 /        0.3,9.2 /        0.4,12.1 /        0.6d,Refugees and others of concern to UNHCR (000),...,~0.0,0.3d,Infant mortality ratej (per 1 000 live births),74.9,65.4,62.3d,Health: Current expenditurei (% of GDP),7.6,8.5,9.3c,Health: Physicians (per 1 000 pop.),0.1,...,...,Education: Government expenditure (% of GDP),12.1m,...,7c,Education: Primary gross enrol. ratio (f/m per 100 pop.),122.1 /      127.4,113.7 /      119.6,117.8 /      124.1n,Education: Secondary gross enrol. ratio (f/m per 100 pop.),65.4 /       47.1,69.7 /       51.8,71.3 /       52.8n,Education: Upper secondary gross enrol. ratio (f/m per 100 pop.),39.5 /       29.2,53.6 /       39.9,51.1 /       35.7n,Intentional homicide rate (per 100 000 pop.),38.3,43.6,...,Seats held by women in national parliaments (%),24.2,26.7,23.3o,,,,,,,,,,,,,,,,,,,,,,,,
Refugees and others of concern to UNHCR (000),...,~0.0,0.3d,Infant mortality ratej (per 1 000 live births),74.9,65.4,62.3d,Health: Current expenditurei (% of GDP),7.6,8.5,9.3c,Health: Physicians (per 1 000 pop.),0.1,...,...,Education: Government expenditure (% of GDP),12.1m,...,7c,Education: Primary gross enrol. ratio (f/m per 100 pop.),122.1 /      127.4,113.7 /      119.6,117.8 /      124.1n,Education: Secondary gross enrol. ratio (f/m per 100 pop.),65.4 /       47.1,69.7 /       51.8,71.3 /       52.8n,Education: Upper secondary gross enrol. ratio (f/m per 100 pop.),39.5 /       29.2,53.6 /       39.9,51.1 /       35.7n,Intentional homicide rate (per 100 000 pop.),38.3,43.6,...,Seats held by women in national parliaments (%),24.2,26.7,23.3o,,,,,,,,,,,,,,,,,,,,,,,,,,,,
Infant mortality ratej (per 1 000 live births),74.9,65.4,62.3d,Health: Current expenditurei (% of GDP),7.6,8.5,9.3c,Health: Physicians (per 1 000 pop.),0.1,...,...,Education: Government expenditure (% of GDP),12.1m,...,7c,Education: Primary gross enrol. ratio (f/m per 100 pop.),122.1 /      127.4,113.7 /      119.6,117.8 /      124.1n,Education: Secondary gross enrol. ratio (f/m per 100 pop.),65.4 /       47.1,69.7 /       51.8,71.3 /       52.8n,Education: Upper secondary gross enrol. ratio (f/m per 100 pop.),39.5 /       29.2,53.6 /       39.9,51.1 /       35.7n,Intentional homicide rate (per 100 000 pop.),38.3,43.6,...,Seats held by women in national parliaments (%),24.2,26.7,23.3o,,,,,,,,,,,,,,,,,,,,,,,,,,,,,,,,
Health: Current expenditurei (% of GDP),7.6,8.5,9.3c,Health: Physicians (per 1 000 pop.),0.1,...,...,Education: Government expenditure (% of GDP),12.1m,...,7c,Education: Primary gross enrol. ratio (f/m per 100 pop.),122.1 /      127.4,113.7 /      119.6,117.8 /      124.1n,Education: Secondary gross enrol. ratio (f/m per 100 pop.),65.4 /       47.1,69.7 /       51.8,71.3 /       52.8n,Education: Upper secondary gross enrol. ratio (f/m per 100 pop.),39.5 /       29.2,53.6 /       39.9,51.1 /       35.7n,Intentional homicide rate (per 100 000 pop.),38.3,43.6,...,Seats held by women in national parliaments (%),24.2,26.7,23.3o,,,,,,,,,,,,,,,,,,,,,,,,,,,,,,,,,,,,
Health: Physicians (per 1 000 pop.),0.1,...,...,Education: Government expenditure (% of GDP),12.1m,...,7c,Education: Primary gross enrol. ratio (f/m per 100 pop.),122.1 /      127.4,113.7 /      119.6,117.8 /      124.1n,Education: Secondary gross enrol. ratio (f/m per 100 pop.),65.4 /       47.1,69.7 /       51.8,71.3 /       52.8n,Education: Upper secondary gross enrol. ratio (f/m per 100 pop.),39.5 /       29.2,53.6 /       39.9,51.1 /       35.7n,Intentional homicide rate (per 100 000 pop.),38.3,43.6,...,Seats held by women in national parliaments (%),24.2,26.7,23.3o,,,,,,,,,,,,,,,,,,,,,,,,,,,,,,,,,,,,,,,,
Education: Government expenditure (% of GDP),12.1m,...,7c,Education: Primary gross enrol. ratio (f/m per 100 pop.),122.1 /      127.4,113.7 /      119.6,117.8 /      124.1n,Education: Secondary gross enrol. ratio (f/m per 100 pop.),65.4 /       47.1,69.7 /       51.8,71.3 /       52.8n,Education: Upper secondary gross enrol. ratio (f/m per 100 pop.),39.5 /       29.2,53.6 /       39.9,51.1 /       35.7n,Intentional homicide rate (per 100 000 pop.),38.3,43.6,...,Seats held by women in national parliaments (%),24.2,26.7,23.3o,,,,,,,,,,,,,,,,,,,,,,,,,,,,,,,,,,,,,,,,,,,,
Education: Primary gross enrol. ratio (f/m per 100 pop.),122.1 /      127.4,113.7 /      119.6,117.8 /      124.1n,Education: Secondary gross enrol. ratio (f/m per 100 pop.),65.4 /       47.1,69.7 /       51.8,71.3 /       52.8n,Education: Upper secondary gross enrol. ratio (f/m per 100 pop.),39.5 /       29.2,53.6 /       39.9,51.1 /       35.7n,Intentional homicide rate (per 100 000 pop.),38.3,43.6,...,Seats held by women in national parliaments (%),24.2,26.7,23.3o,,,,,,,,,,,,,,,,,,,,,,,,,,,,,,,,,,,,,,,,,,,,,,,,
Education: Secondary gross enrol. ratio (f/m per 100 pop.),65.4 /       47.1,69.7 /       51.8,71.3 /       52.8n,Education: Upper secondary gross enrol. ratio (f/m per 100 pop.),39.5 /       29.2,53.6 /       39.9,51.1 /       35.7n,Intentional homicide rate (per 100 000 pop.),38.3,43.6,...,Seats held by women in national parliaments (%),24.2,26.7,23.3o,,,,,,,,,,,,,,,,,,,,,,,,,,,,,,,,,,,,,,,,,,,,,,,,,,,,
Education: Upper secondary gross enrol. ratio (f/m per 100 pop.),39.5 /       29.2,53.6 /       39.9,51.1 /       35.7n,Intentional homicide rate (per 100 000 pop.),38.3,43.6,...,Seats held by women in national parliaments (%),24.2,26.7,23.3o,,,,,,,,,,,,,,,,,,,,,,,,,,,,,,,,,,,,,,,,,,,,,,,,,,,,,,,,
Intentional homicide rate (per 100 000 pop.),38.3,43.6,...,Seats held by women in national parliaments (%),24.2,26.7,23.3o,,,,,,,,,,,,,,,,,,,,,,,,,,,,,,,,,,,,,,,,,,,,,,,,,,,,,,,,,,,,
Seats held by women in national parliaments (%),24.2,26.7,23.3o,,,,,,,,,,,,,,,,,,,,,,,,,,,,,,,,,,,,,,,,,,,,,,,,,,,,,,,,,,,,,,,,
