0,1,2,3,4,5,6,7,8,9,10,11,12,13,14,15,16,17,18,19,20,21,22,23,24,25,26,27,28,29,30,31,32,33,34,35,36,37,38,39,40,41,42,43,44,45,46,47
,2010,2015,2021,,,,,,,,,,,,,,,,,,,,,,,,,,,,,,,,,,,,,,,,,,,,
Individuals using the Internet (per 100 inhabitants),0.8d,13.9,"18.6d,m",Research & Development expenditure (% of GDP),0.2n,0.6o,"0.3n,m",Threatened species (number),120,145,183,Forested area (% of land area),15.8,15.4,15.2i,CO2 emission estimatesp (million tons/tons per capita),5.8 /        0.1,10.0 /        0.1,13.1 /        0.1i,"Energy production, primary (Petajoules)",1 212,1 330,1 397i,Energy supply per capita (Gigajoules),15,14,14i,"Tourist/visitor arrivals at national bordersq,r (000)",468,864,812b,Important sites for terrestrial biodiversity protected (%),18.1,18.1,18.1c,"Pop. using safely managed drinking water (urban/rural, %)",37.0 /        1.6,38.0 /        3.2,39.0 /        5.2c,Pop. using safely managed sanitation (urban/rural %),14.0 /        2.6,15.0 /        3.4,15.9 /        4.1c,Net Official Development Assist. received (% of GNI),11.58,5.04,4.89b
Research & Development expenditure (% of GDP),0.2n,0.6o,"0.3n,m",Threatened species (number),120,145,183,Forested area (% of land area),15.8,15.4,15.2i,CO2 emission estimatesp (million tons/tons per capita),5.8 /        0.1,10.0 /        0.1,13.1 /        0.1i,"Energy production, primary (Petajoules)",1 212,1 330,1 397i,Energy supply per capita (Gigajoules),15,14,14i,"Tourist/visitor arrivals at national bordersq,r (000)",468,864,812b,Important sites for terrestrial biodiversity protected (%),18.1,18.1,18.1c,"Pop. using safely managed drinking water (urban/rural, %)",37.0 /        1.6,38.0 /        3.2,39.0 /        5.2c,Pop. using safely managed sanitation (urban/rural %),14.0 /        2.6,15.0 /        3.4,15.9 /        4.1c,Net Official Development Assist. received (% of GNI),11.58,5.04,4.89b,,,,
Threatened species (number),120,145,183,Forested area (% of land area),15.8,15.4,15.2i,CO2 emission estimatesp (million tons/tons per capita),5.8 /        0.1,10.0 /        0.1,13.1 /        0.1i,"Energy production, primary (Petajoules)",1 212,1 330,1 397i,Energy supply per capita (Gigajoules),15,14,14i,"Tourist/visitor arrivals at national bordersq,r (000)",468,864,812b,Important sites for terrestrial biodiversity protected (%),18.1,18.1,18.1c,"Pop. using safely managed drinking water (urban/rural, %)",37.0 /        1.6,38.0 /        3.2,39.0 /        5.2c,Pop. using safely managed sanitation (urban/rural %),14.0 /        2.6,15.0 /        3.4,15.9 /        4.1c,Net Official Development Assist. received (% of GNI),11.58,5.04,4.89b,,,,,,,,
Forested area (% of land area),15.8,15.4,15.2i,CO2 emission estimatesp (million tons/tons per capita),5.8 /        0.1,10.0 /        0.1,13.1 /        0.1i,"Energy production, primary (Petajoules)",1 212,1 330,1 397i,Energy supply per capita (Gigajoules),15,14,14i,"Tourist/visitor arrivals at national bordersq,r (000)",468,864,812b,Important sites for terrestrial biodiversity protected (%),18.1,18.1,18.1c,"Pop. using safely managed drinking water (urban/rural, %)",37.0 /        1.6,38.0 /        3.2,39.0 /        5.2c,Pop. using safely managed sanitation (urban/rural %),14.0 /        2.6,15.0 /        3.4,15.9 /        4.1c,Net Official Development Assist. received (% of GNI),11.58,5.04,4.89b,,,,,,,,,,,,
CO2 emission estimatesp (million tons/tons per capita),5.8 /        0.1,10.0 /        0.1,13.1 /        0.1i,"Energy production, primary (Petajoules)",1 212,1 330,1 397i,Energy supply per capita (Gigajoules),15,14,14i,"Tourist/visitor arrivals at national bordersq,r (000)",468,864,812b,Important sites for terrestrial biodiversity protected (%),18.1,18.1,18.1c,"Pop. using safely managed drinking water (urban/rural, %)",37.0 /        1.6,38.0 /        3.2,39.0 /        5.2c,Pop. using safely managed sanitation (urban/rural %),14.0 /        2.6,15.0 /        3.4,15.9 /        4.1c,Net Official Development Assist. received (% of GNI),11.58,5.04,4.89b,,,,,,,,,,,,,,,,
"Energy production, primary (Petajoules)",1 212,1 330,1 397i,Energy supply per capita (Gigajoules),15,14,14i,"Tourist/visitor arrivals at national bordersq,r (000)",468,864,812b,Important sites for terrestrial biodiversity protected (%),18.1,18.1,18.1c,"Pop. using safely managed drinking water (urban/rural, %)",37.0 /        1.6,38.0 /        3.2,39.0 /        5.2c,Pop. using safely managed sanitation (urban/rural %),14.0 /        2.6,15.0 /        3.4,15.9 /        4.1c,Net Official Development Assist. received (% of GNI),11.58,5.04,4.89b,,,,,,,,,,,,,,,,,,,,
Energy supply per capita (Gigajoules),15,14,14i,"Tourist/visitor arrivals at national bordersq,r (000)",468,864,812b,Important sites for terrestrial biodiversity protected (%),18.1,18.1,18.1c,"Pop. using safely managed drinking water (urban/rural, %)",37.0 /        1.6,38.0 /        3.2,39.0 /        5.2c,Pop. using safely managed sanitation (urban/rural %),14.0 /        2.6,15.0 /        3.4,15.9 /        4.1c,Net Official Development Assist. received (% of GNI),11.58,5.04,4.89b,,,,,,,,,,,,,,,,,,,,,,,,
"Tourist/visitor arrivals at national bordersq,r (000)",468,864,812b,Important sites for terrestrial biodiversity protected (%),18.1,18.1,18.1c,"Pop. using safely managed drinking water (urban/rural, %)",37.0 /        1.6,38.0 /        3.2,39.0 /        5.2c,Pop. using safely managed sanitation (urban/rural %),14.0 /        2.6,15.0 /        3.4,15.9 /        4.1c,Net Official Development Assist. received (% of GNI),11.58,5.04,4.89b,,,,,,,,,,,,,,,,,,,,,,,,,,,,
Important sites for terrestrial biodiversity protected (%),18.1,18.1,18.1c,"Pop. using safely managed drinking water (urban/rural, %)",37.0 /        1.6,38.0 /        3.2,39.0 /        5.2c,Pop. using safely managed sanitation (urban/rural %),14.0 /        2.6,15.0 /        3.4,15.9 /        4.1c,Net Official Development Assist. received (% of GNI),11.58,5.04,4.89b,,,,,,,,,,,,,,,,,,,,,,,,,,,,,,,,
"Pop. using safely managed drinking water (urban/rural, %)",37.0 /        1.6,38.0 /        3.2,39.0 /        5.2c,Pop. using safely managed sanitation (urban/rural %),14.0 /        2.6,15.0 /        3.4,15.9 /        4.1c,Net Official Development Assist. received (% of GNI),11.58,5.04,4.89b,,,,,,,,,,,,,,,,,,,,,,,,,,,,,,,,,,,,
Pop. using safely managed sanitation (urban/rural %),14.0 /        2.6,15.0 /        3.4,15.9 /        4.1c,Net Official Development Assist. received (% of GNI),11.58,5.04,4.89b,,,,,,,,,,,,,,,,,,,,,,,,,,,,,,,,,,,,,,,,
Net Official Development Assist. received (% of GNI),11.58,5.04,4.89b,,,,,,,,,,,,,,,,,,,,,,,,,,,,,,,,,,,,,,,,,,,,
