0,1,2,3,4,5,6,7,8,9,10,11,12,13,14,15,16,17,18,19,20,21,22,23,24,25,26,27,28,29,30,31,32,33,34,35,36,37,38,39,40,41,42,43,44,45,46,47,48,49,50,51,52,53,54,55,56,57,58,59,60,61,62,63,64,65,66,67
,2010,2015,2021,,,,,,,,,,,,,,,,,,,,,,,,,,,,,,,,,,,,,,,,,,,,,,,,,,,,,,,,,,,,,,,,
Population growth ratef (average annual %),2.8,2.8,2.6c,Urban population (% of total population),17.3,19.4,21.2b,Urban population growth ratef (average annual %),4.6,4.9,...,"Fertility rate, totalf (live births per woman)",5.4,4.8,4.3c,"Life expectancy at birthf (females/males, years)",60.6 /       57.6,65.5 /       61.9,67.9 /       64.1c,"Population age distribution (0-14/60+ years old, %)",44.9 /        5.1,42.2 /        5.2,39.6 /        5.3a,International migrant stockg (000/% of total pop.),568.7 /        0.6,1 161.6 /        1.2,1 085.5 /        0.9c,Refugees and others of concern to UNHCR (000),155.4h,705.7,2 519.3c,Infant mortality ratef (per 1 000 live births),59.8,45.8,37c,Health: Current expenditure (% of GDP),5.5,3.8,3.3i,Health: Physicians (per 1 000 pop.),~0.0j,...,0.1i,Education: Government expenditure (% of GDP),4.5,4.7,...,Education: Primary gross enrol. ratio (f/m per 100 pop.),88.0 /       95.2,96.1 /      105.8,... / ...,Education: Secondary gross enrol. ratio (f/m per 100 pop.),31.6 /       38.0,34.2 /       35.6,... / ...,Education: Upper secondary gross enrol. ratio (f/m per 100 pop.),13.4 /       19.1,17.4 /       17.7,... / ...,Intentional homicide rate (per 100 000 pop.),...,8.8k,...,Seats held by women in national parliaments (%),21.9,27.8,38.8l
Urban population (% of total population),17.3,19.4,21.2b,Urban population growth ratef (average annual %),4.6,4.9,...,"Fertility rate, totalf (live births per woman)",5.4,4.8,4.3c,"Life expectancy at birthf (females/males, years)",60.6 /       57.6,65.5 /       61.9,67.9 /       64.1c,"Population age distribution (0-14/60+ years old, %)",44.9 /        5.1,42.2 /        5.2,39.6 /        5.3a,International migrant stockg (000/% of total pop.),568.7 /        0.6,1 161.6 /        1.2,1 085.5 /        0.9c,Refugees and others of concern to UNHCR (000),155.4h,705.7,2 519.3c,Infant mortality ratef (per 1 000 live births),59.8,45.8,37c,Health: Current expenditure (% of GDP),5.5,3.8,3.3i,Health: Physicians (per 1 000 pop.),~0.0j,...,0.1i,Education: Government expenditure (% of GDP),4.5,4.7,...,Education: Primary gross enrol. ratio (f/m per 100 pop.),88.0 /       95.2,96.1 /      105.8,... / ...,Education: Secondary gross enrol. ratio (f/m per 100 pop.),31.6 /       38.0,34.2 /       35.6,... / ...,Education: Upper secondary gross enrol. ratio (f/m per 100 pop.),13.4 /       19.1,17.4 /       17.7,... / ...,Intentional homicide rate (per 100 000 pop.),...,8.8k,...,Seats held by women in national parliaments (%),21.9,27.8,38.8l,,,,
Urban population growth ratef (average annual %),4.6,4.9,...,"Fertility rate, totalf (live births per woman)",5.4,4.8,4.3c,"Life expectancy at birthf (females/males, years)",60.6 /       57.6,65.5 /       61.9,67.9 /       64.1c,"Population age distribution (0-14/60+ years old, %)",44.9 /        5.1,42.2 /        5.2,39.6 /        5.3a,International migrant stockg (000/% of total pop.),568.7 /        0.6,1 161.6 /        1.2,1 085.5 /        0.9c,Refugees and others of concern to UNHCR (000),155.4h,705.7,2 519.3c,Infant mortality ratef (per 1 000 live births),59.8,45.8,37c,Health: Current expenditure (% of GDP),5.5,3.8,3.3i,Health: Physicians (per 1 000 pop.),~0.0j,...,0.1i,Education: Government expenditure (% of GDP),4.5,4.7,...,Education: Primary gross enrol. ratio (f/m per 100 pop.),88.0 /       95.2,96.1 /      105.8,... / ...,Education: Secondary gross enrol. ratio (f/m per 100 pop.),31.6 /       38.0,34.2 /       35.6,... / ...,Education: Upper secondary gross enrol. ratio (f/m per 100 pop.),13.4 /       19.1,17.4 /       17.7,... / ...,Intentional homicide rate (per 100 000 pop.),...,8.8k,...,Seats held by women in national parliaments (%),21.9,27.8,38.8l,,,,,,,,
"Fertility rate, totalf (live births per woman)",5.4,4.8,4.3c,"Life expectancy at birthf (females/males, years)",60.6 /       57.6,65.5 /       61.9,67.9 /       64.1c,"Population age distribution (0-14/60+ years old, %)",44.9 /        5.1,42.2 /        5.2,39.6 /        5.3a,International migrant stockg (000/% of total pop.),568.7 /        0.6,1 161.6 /        1.2,1 085.5 /        0.9c,Refugees and others of concern to UNHCR (000),155.4h,705.7,2 519.3c,Infant mortality ratef (per 1 000 live births),59.8,45.8,37c,Health: Current expenditure (% of GDP),5.5,3.8,3.3i,Health: Physicians (per 1 000 pop.),~0.0j,...,0.1i,Education: Government expenditure (% of GDP),4.5,4.7,...,Education: Primary gross enrol. ratio (f/m per 100 pop.),88.0 /       95.2,96.1 /      105.8,... / ...,Education: Secondary gross enrol. ratio (f/m per 100 pop.),31.6 /       38.0,34.2 /       35.6,... / ...,Education: Upper secondary gross enrol. ratio (f/m per 100 pop.),13.4 /       19.1,17.4 /       17.7,... / ...,Intentional homicide rate (per 100 000 pop.),...,8.8k,...,Seats held by women in national parliaments (%),21.9,27.8,38.8l,,,,,,,,,,,,
"Life expectancy at birthf (females/males, years)",60.6 /       57.6,65.5 /       61.9,67.9 /       64.1c,"Population age distribution (0-14/60+ years old, %)",44.9 /        5.1,42.2 /        5.2,39.6 /        5.3a,International migrant stockg (000/% of total pop.),568.7 /        0.6,1 161.6 /        1.2,1 085.5 /        0.9c,Refugees and others of concern to UNHCR (000),155.4h,705.7,2 519.3c,Infant mortality ratef (per 1 000 live births),59.8,45.8,37c,Health: Current expenditure (% of GDP),5.5,3.8,3.3i,Health: Physicians (per 1 000 pop.),~0.0j,...,0.1i,Education: Government expenditure (% of GDP),4.5,4.7,...,Education: Primary gross enrol. ratio (f/m per 100 pop.),88.0 /       95.2,96.1 /      105.8,... / ...,Education: Secondary gross enrol. ratio (f/m per 100 pop.),31.6 /       38.0,34.2 /       35.6,... / ...,Education: Upper secondary gross enrol. ratio (f/m per 100 pop.),13.4 /       19.1,17.4 /       17.7,... / ...,Intentional homicide rate (per 100 000 pop.),...,8.8k,...,Seats held by women in national parliaments (%),21.9,27.8,38.8l,,,,,,,,,,,,,,,,
"Population age distribution (0-14/60+ years old, %)",44.9 /        5.1,42.2 /        5.2,39.6 /        5.3a,International migrant stockg (000/% of total pop.),568.7 /        0.6,1 161.6 /        1.2,1 085.5 /        0.9c,Refugees and others of concern to UNHCR (000),155.4h,705.7,2 519.3c,Infant mortality ratef (per 1 000 live births),59.8,45.8,37c,Health: Current expenditure (% of GDP),5.5,3.8,3.3i,Health: Physicians (per 1 000 pop.),~0.0j,...,0.1i,Education: Government expenditure (% of GDP),4.5,4.7,...,Education: Primary gross enrol. ratio (f/m per 100 pop.),88.0 /       95.2,96.1 /      105.8,... / ...,Education: Secondary gross enrol. ratio (f/m per 100 pop.),31.6 /       38.0,34.2 /       35.6,... / ...,Education: Upper secondary gross enrol. ratio (f/m per 100 pop.),13.4 /       19.1,17.4 /       17.7,... / ...,Intentional homicide rate (per 100 000 pop.),...,8.8k,...,Seats held by women in national parliaments (%),21.9,27.8,38.8l,,,,,,,,,,,,,,,,,,,,
International migrant stockg (000/% of total pop.),568.7 /        0.6,1 161.6 /        1.2,1 085.5 /        0.9c,Refugees and others of concern to UNHCR (000),155.4h,705.7,2 519.3c,Infant mortality ratef (per 1 000 live births),59.8,45.8,37c,Health: Current expenditure (% of GDP),5.5,3.8,3.3i,Health: Physicians (per 1 000 pop.),~0.0j,...,0.1i,Education: Government expenditure (% of GDP),4.5,4.7,...,Education: Primary gross enrol. ratio (f/m per 100 pop.),88.0 /       95.2,96.1 /      105.8,... / ...,Education: Secondary gross enrol. ratio (f/m per 100 pop.),31.6 /       38.0,34.2 /       35.6,... / ...,Education: Upper secondary gross enrol. ratio (f/m per 100 pop.),13.4 /       19.1,17.4 /       17.7,... / ...,Intentional homicide rate (per 100 000 pop.),...,8.8k,...,Seats held by women in national parliaments (%),21.9,27.8,38.8l,,,,,,,,,,,,,,,,,,,,,,,,
Refugees and others of concern to UNHCR (000),155.4h,705.7,2 519.3c,Infant mortality ratef (per 1 000 live births),59.8,45.8,37c,Health: Current expenditure (% of GDP),5.5,3.8,3.3i,Health: Physicians (per 1 000 pop.),~0.0j,...,0.1i,Education: Government expenditure (% of GDP),4.5,4.7,...,Education: Primary gross enrol. ratio (f/m per 100 pop.),88.0 /       95.2,96.1 /      105.8,... / ...,Education: Secondary gross enrol. ratio (f/m per 100 pop.),31.6 /       38.0,34.2 /       35.6,... / ...,Education: Upper secondary gross enrol. ratio (f/m per 100 pop.),13.4 /       19.1,17.4 /       17.7,... / ...,Intentional homicide rate (per 100 000 pop.),...,8.8k,...,Seats held by women in national parliaments (%),21.9,27.8,38.8l,,,,,,,,,,,,,,,,,,,,,,,,,,,,
Infant mortality ratef (per 1 000 live births),59.8,45.8,37c,Health: Current expenditure (% of GDP),5.5,3.8,3.3i,Health: Physicians (per 1 000 pop.),~0.0j,...,0.1i,Education: Government expenditure (% of GDP),4.5,4.7,...,Education: Primary gross enrol. ratio (f/m per 100 pop.),88.0 /       95.2,96.1 /      105.8,... / ...,Education: Secondary gross enrol. ratio (f/m per 100 pop.),31.6 /       38.0,34.2 /       35.6,... / ...,Education: Upper secondary gross enrol. ratio (f/m per 100 pop.),13.4 /       19.1,17.4 /       17.7,... / ...,Intentional homicide rate (per 100 000 pop.),...,8.8k,...,Seats held by women in national parliaments (%),21.9,27.8,38.8l,,,,,,,,,,,,,,,,,,,,,,,,,,,,,,,,
Health: Current expenditure (% of GDP),5.5,3.8,3.3i,Health: Physicians (per 1 000 pop.),~0.0j,...,0.1i,Education: Government expenditure (% of GDP),4.5,4.7,...,Education: Primary gross enrol. ratio (f/m per 100 pop.),88.0 /       95.2,96.1 /      105.8,... / ...,Education: Secondary gross enrol. ratio (f/m per 100 pop.),31.6 /       38.0,34.2 /       35.6,... / ...,Education: Upper secondary gross enrol. ratio (f/m per 100 pop.),13.4 /       19.1,17.4 /       17.7,... / ...,Intentional homicide rate (per 100 000 pop.),...,8.8k,...,Seats held by women in national parliaments (%),21.9,27.8,38.8l,,,,,,,,,,,,,,,,,,,,,,,,,,,,,,,,,,,,
Health: Physicians (per 1 000 pop.),~0.0j,...,0.1i,Education: Government expenditure (% of GDP),4.5,4.7,...,Education: Primary gross enrol. ratio (f/m per 100 pop.),88.0 /       95.2,96.1 /      105.8,... / ...,Education: Secondary gross enrol. ratio (f/m per 100 pop.),31.6 /       38.0,34.2 /       35.6,... / ...,Education: Upper secondary gross enrol. ratio (f/m per 100 pop.),13.4 /       19.1,17.4 /       17.7,... / ...,Intentional homicide rate (per 100 000 pop.),...,8.8k,...,Seats held by women in national parliaments (%),21.9,27.8,38.8l,,,,,,,,,,,,,,,,,,,,,,,,,,,,,,,,,,,,,,,,
Education: Government expenditure (% of GDP),4.5,4.7,...,Education: Primary gross enrol. ratio (f/m per 100 pop.),88.0 /       95.2,96.1 /      105.8,... / ...,Education: Secondary gross enrol. ratio (f/m per 100 pop.),31.6 /       38.0,34.2 /       35.6,... / ...,Education: Upper secondary gross enrol. ratio (f/m per 100 pop.),13.4 /       19.1,17.4 /       17.7,... / ...,Intentional homicide rate (per 100 000 pop.),...,8.8k,...,Seats held by women in national parliaments (%),21.9,27.8,38.8l,,,,,,,,,,,,,,,,,,,,,,,,,,,,,,,,,,,,,,,,,,,,
Education: Primary gross enrol. ratio (f/m per 100 pop.),88.0 /       95.2,96.1 /      105.8,... / ...,Education: Secondary gross enrol. ratio (f/m per 100 pop.),31.6 /       38.0,34.2 /       35.6,... / ...,Education: Upper secondary gross enrol. ratio (f/m per 100 pop.),13.4 /       19.1,17.4 /       17.7,... / ...,Intentional homicide rate (per 100 000 pop.),...,8.8k,...,Seats held by women in national parliaments (%),21.9,27.8,38.8l,,,,,,,,,,,,,,,,,,,,,,,,,,,,,,,,,,,,,,,,,,,,,,,,
Education: Secondary gross enrol. ratio (f/m per 100 pop.),31.6 /       38.0,34.2 /       35.6,... / ...,Education: Upper secondary gross enrol. ratio (f/m per 100 pop.),13.4 /       19.1,17.4 /       17.7,... / ...,Intentional homicide rate (per 100 000 pop.),...,8.8k,...,Seats held by women in national parliaments (%),21.9,27.8,38.8l,,,,,,,,,,,,,,,,,,,,,,,,,,,,,,,,,,,,,,,,,,,,,,,,,,,,
Education: Upper secondary gross enrol. ratio (f/m per 100 pop.),13.4 /       19.1,17.4 /       17.7,... / ...,Intentional homicide rate (per 100 000 pop.),...,8.8k,...,Seats held by women in national parliaments (%),21.9,27.8,38.8l,,,,,,,,,,,,,,,,,,,,,,,,,,,,,,,,,,,,,,,,,,,,,,,,,,,,,,,,
Intentional homicide rate (per 100 000 pop.),...,8.8k,...,Seats held by women in national parliaments (%),21.9,27.8,38.8l,,,,,,,,,,,,,,,,,,,,,,,,,,,,,,,,,,,,,,,,,,,,,,,,,,,,,,,,,,,,
Seats held by women in national parliaments (%),21.9,27.8,38.8l,,,,,,,,,,,,,,,,,,,,,,,,,,,,,,,,,,,,,,,,,,,,,,,,,,,,,,,,,,,,,,,,
