0,1,2,3,4,5,6,7,8,9,10,11,12,13,14,15,16,17,18,19,20,21,22,23,24,25,26,27,28,29,30,31,32,33,34,35,36,37,38,39,40,41,42,43,44,45,46,47,48,49,50,51,52,53,54,55,56,57,58,59,60,61,62,63,64,65,66,67
,2010,2015,2021,,,,,,,,,,,,,,,,,,,,,,,,,,,,,,,,,,,,,,,,,,,,,,,,,,,,,,,,,,,,,,,,
GDP: Gross domestic product (million current US$),3 141,4 682,5 504b,"GDP growth rate (annual %, const. 2015 prices)",3,4.7,0.5b,GDP per capita (current US$),3 652.5,5 390.6,6 185.1b,Economy: Agriculturee (% of Gross Value Added),10.2,10,13.2b,"Economy: Industryf,g (% of Gross Value Added)",19.9,19.3,19.6b,Economy: Services and other activityh (% of GVA),69.9,70.6,67.2b,Employment in agriculturei (% of employed),43.9,39.4,35.7d,Employment in industryi (% of employed),14.4,13.2,13.3d,Employment in servicesi (% employed),41.7,47.4,51d,Unemploymenti (% of labour force),4.3,4.4,4.1d,Labour force participation ratei (female/male pop. %),43.1 /       79.2,40.1 /       77.0,38.6 /       76.2d,CPI: Consumer Price Indexj (2010=100),100,116,129d,Agricultural production index (2014-2016=100),89,109,114b,International trade: exports (million current US$),841,895,"771i,d",International trade: imports (million current US$),1 808,2 081,"1 901i,d",International trade: balance (million current US$),-967,- 1 186,"- 1 130i,d","Balance of payments, current account (million US$)",-149,-164,-602d
"GDP growth rate (annual %, const. 2015 prices)",3,4.7,0.5b,GDP per capita (current US$),3 652.5,5 390.6,6 185.1b,Economy: Agriculturee (% of Gross Value Added),10.2,10,13.2b,"Economy: Industryf,g (% of Gross Value Added)",19.9,19.3,19.6b,Economy: Services and other activityh (% of GVA),69.9,70.6,67.2b,Employment in agriculturei (% of employed),43.9,39.4,35.7d,Employment in industryi (% of employed),14.4,13.2,13.3d,Employment in servicesi (% employed),41.7,47.4,51d,Unemploymenti (% of labour force),4.3,4.4,4.1d,Labour force participation ratei (female/male pop. %),43.1 /       79.2,40.1 /       77.0,38.6 /       76.2d,CPI: Consumer Price Indexj (2010=100),100,116,129d,Agricultural production index (2014-2016=100),89,109,114b,International trade: exports (million current US$),841,895,"771i,d",International trade: imports (million current US$),1 808,2 081,"1 901i,d",International trade: balance (million current US$),-967,- 1 186,"- 1 130i,d","Balance of payments, current account (million US$)",-149,-164,-602d,,,,
GDP per capita (current US$),3 652.5,5 390.6,6 185.1b,Economy: Agriculturee (% of Gross Value Added),10.2,10,13.2b,"Economy: Industryf,g (% of Gross Value Added)",19.9,19.3,19.6b,Economy: Services and other activityh (% of GVA),69.9,70.6,67.2b,Employment in agriculturei (% of employed),43.9,39.4,35.7d,Employment in industryi (% of employed),14.4,13.2,13.3d,Employment in servicesi (% employed),41.7,47.4,51d,Unemploymenti (% of labour force),4.3,4.4,4.1d,Labour force participation ratei (female/male pop. %),43.1 /       79.2,40.1 /       77.0,38.6 /       76.2d,CPI: Consumer Price Indexj (2010=100),100,116,129d,Agricultural production index (2014-2016=100),89,109,114b,International trade: exports (million current US$),841,895,"771i,d",International trade: imports (million current US$),1 808,2 081,"1 901i,d",International trade: balance (million current US$),-967,- 1 186,"- 1 130i,d","Balance of payments, current account (million US$)",-149,-164,-602d,,,,,,,,
Economy: Agriculturee (% of Gross Value Added),10.2,10,13.2b,"Economy: Industryf,g (% of Gross Value Added)",19.9,19.3,19.6b,Economy: Services and other activityh (% of GVA),69.9,70.6,67.2b,Employment in agriculturei (% of employed),43.9,39.4,35.7d,Employment in industryi (% of employed),14.4,13.2,13.3d,Employment in servicesi (% employed),41.7,47.4,51d,Unemploymenti (% of labour force),4.3,4.4,4.1d,Labour force participation ratei (female/male pop. %),43.1 /       79.2,40.1 /       77.0,38.6 /       76.2d,CPI: Consumer Price Indexj (2010=100),100,116,129d,Agricultural production index (2014-2016=100),89,109,114b,International trade: exports (million current US$),841,895,"771i,d",International trade: imports (million current US$),1 808,2 081,"1 901i,d",International trade: balance (million current US$),-967,- 1 186,"- 1 130i,d","Balance of payments, current account (million US$)",-149,-164,-602d,,,,,,,,,,,,
"Economy: Industryf,g (% of Gross Value Added)",19.9,19.3,19.6b,Economy: Services and other activityh (% of GVA),69.9,70.6,67.2b,Employment in agriculturei (% of employed),43.9,39.4,35.7d,Employment in industryi (% of employed),14.4,13.2,13.3d,Employment in servicesi (% employed),41.7,47.4,51d,Unemploymenti (% of labour force),4.3,4.4,4.1d,Labour force participation ratei (female/male pop. %),43.1 /       79.2,40.1 /       77.0,38.6 /       76.2d,CPI: Consumer Price Indexj (2010=100),100,116,129d,Agricultural production index (2014-2016=100),89,109,114b,International trade: exports (million current US$),841,895,"771i,d",International trade: imports (million current US$),1 808,2 081,"1 901i,d",International trade: balance (million current US$),-967,- 1 186,"- 1 130i,d","Balance of payments, current account (million US$)",-149,-164,-602d,,,,,,,,,,,,,,,,
Economy: Services and other activityh (% of GVA),69.9,70.6,67.2b,Employment in agriculturei (% of employed),43.9,39.4,35.7d,Employment in industryi (% of employed),14.4,13.2,13.3d,Employment in servicesi (% employed),41.7,47.4,51d,Unemploymenti (% of labour force),4.3,4.4,4.1d,Labour force participation ratei (female/male pop. %),43.1 /       79.2,40.1 /       77.0,38.6 /       76.2d,CPI: Consumer Price Indexj (2010=100),100,116,129d,Agricultural production index (2014-2016=100),89,109,114b,International trade: exports (million current US$),841,895,"771i,d",International trade: imports (million current US$),1 808,2 081,"1 901i,d",International trade: balance (million current US$),-967,- 1 186,"- 1 130i,d","Balance of payments, current account (million US$)",-149,-164,-602d,,,,,,,,,,,,,,,,,,,,
Employment in agriculturei (% of employed),43.9,39.4,35.7d,Employment in industryi (% of employed),14.4,13.2,13.3d,Employment in servicesi (% employed),41.7,47.4,51d,Unemploymenti (% of labour force),4.3,4.4,4.1d,Labour force participation ratei (female/male pop. %),43.1 /       79.2,40.1 /       77.0,38.6 /       76.2d,CPI: Consumer Price Indexj (2010=100),100,116,129d,Agricultural production index (2014-2016=100),89,109,114b,International trade: exports (million current US$),841,895,"771i,d",International trade: imports (million current US$),1 808,2 081,"1 901i,d",International trade: balance (million current US$),-967,- 1 186,"- 1 130i,d","Balance of payments, current account (million US$)",-149,-164,-602d,,,,,,,,,,,,,,,,,,,,,,,,
Employment in industryi (% of employed),14.4,13.2,13.3d,Employment in servicesi (% employed),41.7,47.4,51d,Unemploymenti (% of labour force),4.3,4.4,4.1d,Labour force participation ratei (female/male pop. %),43.1 /       79.2,40.1 /       77.0,38.6 /       76.2d,CPI: Consumer Price Indexj (2010=100),100,116,129d,Agricultural production index (2014-2016=100),89,109,114b,International trade: exports (million current US$),841,895,"771i,d",International trade: imports (million current US$),1 808,2 081,"1 901i,d",International trade: balance (million current US$),-967,- 1 186,"- 1 130i,d","Balance of payments, current account (million US$)",-149,-164,-602d,,,,,,,,,,,,,,,,,,,,,,,,,,,,
Employment in servicesi (% employed),41.7,47.4,51d,Unemploymenti (% of labour force),4.3,4.4,4.1d,Labour force participation ratei (female/male pop. %),43.1 /       79.2,40.1 /       77.0,38.6 /       76.2d,CPI: Consumer Price Indexj (2010=100),100,116,129d,Agricultural production index (2014-2016=100),89,109,114b,International trade: exports (million current US$),841,895,"771i,d",International trade: imports (million current US$),1 808,2 081,"1 901i,d",International trade: balance (million current US$),-967,- 1 186,"- 1 130i,d","Balance of payments, current account (million US$)",-149,-164,-602d,,,,,,,,,,,,,,,,,,,,,,,,,,,,,,,,
Unemploymenti (% of labour force),4.3,4.4,4.1d,Labour force participation ratei (female/male pop. %),43.1 /       79.2,40.1 /       77.0,38.6 /       76.2d,CPI: Consumer Price Indexj (2010=100),100,116,129d,Agricultural production index (2014-2016=100),89,109,114b,International trade: exports (million current US$),841,895,"771i,d",International trade: imports (million current US$),1 808,2 081,"1 901i,d",International trade: balance (million current US$),-967,- 1 186,"- 1 130i,d","Balance of payments, current account (million US$)",-149,-164,-602d,,,,,,,,,,,,,,,,,,,,,,,,,,,,,,,,,,,,
Labour force participation ratei (female/male pop. %),43.1 /       79.2,40.1 /       77.0,38.6 /       76.2d,CPI: Consumer Price Indexj (2010=100),100,116,129d,Agricultural production index (2014-2016=100),89,109,114b,International trade: exports (million current US$),841,895,"771i,d",International trade: imports (million current US$),1 808,2 081,"1 901i,d",International trade: balance (million current US$),-967,- 1 186,"- 1 130i,d","Balance of payments, current account (million US$)",-149,-164,-602d,,,,,,,,,,,,,,,,,,,,,,,,,,,,,,,,,,,,,,,,
CPI: Consumer Price Indexj (2010=100),100,116,129d,Agricultural production index (2014-2016=100),89,109,114b,International trade: exports (million current US$),841,895,"771i,d",International trade: imports (million current US$),1 808,2 081,"1 901i,d",International trade: balance (million current US$),-967,- 1 186,"- 1 130i,d","Balance of payments, current account (million US$)",-149,-164,-602d,,,,,,,,,,,,,,,,,,,,,,,,,,,,,,,,,,,,,,,,,,,,
Agricultural production index (2014-2016=100),89,109,114b,International trade: exports (million current US$),841,895,"771i,d",International trade: imports (million current US$),1 808,2 081,"1 901i,d",International trade: balance (million current US$),-967,- 1 186,"- 1 130i,d","Balance of payments, current account (million US$)",-149,-164,-602d,,,,,,,,,,,,,,,,,,,,,,,,,,,,,,,,,,,,,,,,,,,,,,,,
International trade: exports (million current US$),841,895,"771i,d",International trade: imports (million current US$),1 808,2 081,"1 901i,d",International trade: balance (million current US$),-967,- 1 186,"- 1 130i,d","Balance of payments, current account (million US$)",-149,-164,-602d,,,,,,,,,,,,,,,,,,,,,,,,,,,,,,,,,,,,,,,,,,,,,,,,,,,,
International trade: imports (million current US$),1 808,2 081,"1 901i,d",International trade: balance (million current US$),-967,- 1 186,"- 1 130i,d","Balance of payments, current account (million US$)",-149,-164,-602d,,,,,,,,,,,,,,,,,,,,,,,,,,,,,,,,,,,,,,,,,,,,,,,,,,,,,,,,
International trade: balance (million current US$),-967,- 1 186,"- 1 130i,d","Balance of payments, current account (million US$)",-149,-164,-602d,,,,,,,,,,,,,,,,,,,,,,,,,,,,,,,,,,,,,,,,,,,,,,,,,,,,,,,,,,,,
"Balance of payments, current account (million US$)",-149,-164,-602d,,,,,,,,,,,,,,,,,,,,,,,,,,,,,,,,,,,,,,,,,,,,,,,,,,,,,,,,,,,,,,,,
