0,1,2,3,4,5,6,7,8,9,10,11,12,13,14,15,16,17,18,19,20,21,22,23,24,25,26,27,28,29,30,31,32,33,34,35,36,37,38,39,40,41,42,43,44,45,46,47,48,49,50,51,52,53,54,55,56,57,58,59,60,61,62,63,64,65,66,67
,2010,2015,2021,,,,,,,,,,,,,,,,,,,,,,,,,,,,,,,,,,,,,,,,,,,,,,,,,,,,,,,,,,,,,,,,
Population growth ratek (average annual %),0.9,0.2,0.6d,Urban population (% of total population),52.2,54.7,56.8b,Urban population growth ratek (average annual %),1.8,1.7,...,"Fertility rate, totalk (live births per woman)",2.8,2.8,2.8d,"Life expectancy at birthk (females/males, years)",68.0 /       64.9,68.6 /       65.4,69.1 /       65.6d,"Population age distribution (0-14/60+ years old, %)",29.0 /        7.9,29.8 /        8.1,28.9 /       10.0a,International migrant stockl (000/% of total pop.),13.4 /        1.6,13.8 /        1.6,14.1 /        1.6d,Refugees and others of concern to UNHCR (000),~0.0m,~0.0,~0.0d,Infant mortality ratek (per 1 000 live births),19.6,20,20.3d,Health: Current expenditure (% of GDP),3.4,3.3,"3.4n,c",Health: Physicians (per 1 000 pop.),0.4o,0.9,...,Education: Government expenditure (% of GDP),4.5o,3.9p,...,Education: Primary gross enrol. ratio (f/m per 100 pop.),104.0 /      105.6o,105.5 /      107.9,114.2 /      118.6b,Education: Secondary gross enrol. ratio (f/m per 100 pop.),90.7 /       82.9o,94.3 /       85.7q,... / ...,Education: Upper secondary gross enrol. ratio (f/m per 100 pop.),75.3 /       63.8o,81.9 /       71.9q,... / ...,Intentional homicide rate (per 100 000 pop.),2.3,2.3r,...,Seats held by women in national parliaments (%),8.5s,14,21.6t
Urban population (% of total population),52.2,54.7,56.8b,Urban population growth ratek (average annual %),1.8,1.7,...,"Fertility rate, totalk (live births per woman)",2.8,2.8,2.8d,"Life expectancy at birthk (females/males, years)",68.0 /       64.9,68.6 /       65.4,69.1 /       65.6d,"Population age distribution (0-14/60+ years old, %)",29.0 /        7.9,29.8 /        8.1,28.9 /       10.0a,International migrant stockl (000/% of total pop.),13.4 /        1.6,13.8 /        1.6,14.1 /        1.6d,Refugees and others of concern to UNHCR (000),~0.0m,~0.0,~0.0d,Infant mortality ratek (per 1 000 live births),19.6,20,20.3d,Health: Current expenditure (% of GDP),3.4,3.3,"3.4n,c",Health: Physicians (per 1 000 pop.),0.4o,0.9,...,Education: Government expenditure (% of GDP),4.5o,3.9p,...,Education: Primary gross enrol. ratio (f/m per 100 pop.),104.0 /      105.6o,105.5 /      107.9,114.2 /      118.6b,Education: Secondary gross enrol. ratio (f/m per 100 pop.),90.7 /       82.9o,94.3 /       85.7q,... / ...,Education: Upper secondary gross enrol. ratio (f/m per 100 pop.),75.3 /       63.8o,81.9 /       71.9q,... / ...,Intentional homicide rate (per 100 000 pop.),2.3,2.3r,...,Seats held by women in national parliaments (%),8.5s,14,21.6t,,,,
Urban population growth ratek (average annual %),1.8,1.7,...,"Fertility rate, totalk (live births per woman)",2.8,2.8,2.8d,"Life expectancy at birthk (females/males, years)",68.0 /       64.9,68.6 /       65.4,69.1 /       65.6d,"Population age distribution (0-14/60+ years old, %)",29.0 /        7.9,29.8 /        8.1,28.9 /       10.0a,International migrant stockl (000/% of total pop.),13.4 /        1.6,13.8 /        1.6,14.1 /        1.6d,Refugees and others of concern to UNHCR (000),~0.0m,~0.0,~0.0d,Infant mortality ratek (per 1 000 live births),19.6,20,20.3d,Health: Current expenditure (% of GDP),3.4,3.3,"3.4n,c",Health: Physicians (per 1 000 pop.),0.4o,0.9,...,Education: Government expenditure (% of GDP),4.5o,3.9p,...,Education: Primary gross enrol. ratio (f/m per 100 pop.),104.0 /      105.6o,105.5 /      107.9,114.2 /      118.6b,Education: Secondary gross enrol. ratio (f/m per 100 pop.),90.7 /       82.9o,94.3 /       85.7q,... / ...,Education: Upper secondary gross enrol. ratio (f/m per 100 pop.),75.3 /       63.8o,81.9 /       71.9q,... / ...,Intentional homicide rate (per 100 000 pop.),2.3,2.3r,...,Seats held by women in national parliaments (%),8.5s,14,21.6t,,,,,,,,
"Fertility rate, totalk (live births per woman)",2.8,2.8,2.8d,"Life expectancy at birthk (females/males, years)",68.0 /       64.9,68.6 /       65.4,69.1 /       65.6d,"Population age distribution (0-14/60+ years old, %)",29.0 /        7.9,29.8 /        8.1,28.9 /       10.0a,International migrant stockl (000/% of total pop.),13.4 /        1.6,13.8 /        1.6,14.1 /        1.6d,Refugees and others of concern to UNHCR (000),~0.0m,~0.0,~0.0d,Infant mortality ratek (per 1 000 live births),19.6,20,20.3d,Health: Current expenditure (% of GDP),3.4,3.3,"3.4n,c",Health: Physicians (per 1 000 pop.),0.4o,0.9,...,Education: Government expenditure (% of GDP),4.5o,3.9p,...,Education: Primary gross enrol. ratio (f/m per 100 pop.),104.0 /      105.6o,105.5 /      107.9,114.2 /      118.6b,Education: Secondary gross enrol. ratio (f/m per 100 pop.),90.7 /       82.9o,94.3 /       85.7q,... / ...,Education: Upper secondary gross enrol. ratio (f/m per 100 pop.),75.3 /       63.8o,81.9 /       71.9q,... / ...,Intentional homicide rate (per 100 000 pop.),2.3,2.3r,...,Seats held by women in national parliaments (%),8.5s,14,21.6t,,,,,,,,,,,,
"Life expectancy at birthk (females/males, years)",68.0 /       64.9,68.6 /       65.4,69.1 /       65.6d,"Population age distribution (0-14/60+ years old, %)",29.0 /        7.9,29.8 /        8.1,28.9 /       10.0a,International migrant stockl (000/% of total pop.),13.4 /        1.6,13.8 /        1.6,14.1 /        1.6d,Refugees and others of concern to UNHCR (000),~0.0m,~0.0,~0.0d,Infant mortality ratek (per 1 000 live births),19.6,20,20.3d,Health: Current expenditure (% of GDP),3.4,3.3,"3.4n,c",Health: Physicians (per 1 000 pop.),0.4o,0.9,...,Education: Government expenditure (% of GDP),4.5o,3.9p,...,Education: Primary gross enrol. ratio (f/m per 100 pop.),104.0 /      105.6o,105.5 /      107.9,114.2 /      118.6b,Education: Secondary gross enrol. ratio (f/m per 100 pop.),90.7 /       82.9o,94.3 /       85.7q,... / ...,Education: Upper secondary gross enrol. ratio (f/m per 100 pop.),75.3 /       63.8o,81.9 /       71.9q,... / ...,Intentional homicide rate (per 100 000 pop.),2.3,2.3r,...,Seats held by women in national parliaments (%),8.5s,14,21.6t,,,,,,,,,,,,,,,,
"Population age distribution (0-14/60+ years old, %)",29.0 /        7.9,29.8 /        8.1,28.9 /       10.0a,International migrant stockl (000/% of total pop.),13.4 /        1.6,13.8 /        1.6,14.1 /        1.6d,Refugees and others of concern to UNHCR (000),~0.0m,~0.0,~0.0d,Infant mortality ratek (per 1 000 live births),19.6,20,20.3d,Health: Current expenditure (% of GDP),3.4,3.3,"3.4n,c",Health: Physicians (per 1 000 pop.),0.4o,0.9,...,Education: Government expenditure (% of GDP),4.5o,3.9p,...,Education: Primary gross enrol. ratio (f/m per 100 pop.),104.0 /      105.6o,105.5 /      107.9,114.2 /      118.6b,Education: Secondary gross enrol. ratio (f/m per 100 pop.),90.7 /       82.9o,94.3 /       85.7q,... / ...,Education: Upper secondary gross enrol. ratio (f/m per 100 pop.),75.3 /       63.8o,81.9 /       71.9q,... / ...,Intentional homicide rate (per 100 000 pop.),2.3,2.3r,...,Seats held by women in national parliaments (%),8.5s,14,21.6t,,,,,,,,,,,,,,,,,,,,
International migrant stockl (000/% of total pop.),13.4 /        1.6,13.8 /        1.6,14.1 /        1.6d,Refugees and others of concern to UNHCR (000),~0.0m,~0.0,~0.0d,Infant mortality ratek (per 1 000 live births),19.6,20,20.3d,Health: Current expenditure (% of GDP),3.4,3.3,"3.4n,c",Health: Physicians (per 1 000 pop.),0.4o,0.9,...,Education: Government expenditure (% of GDP),4.5o,3.9p,...,Education: Primary gross enrol. ratio (f/m per 100 pop.),104.0 /      105.6o,105.5 /      107.9,114.2 /      118.6b,Education: Secondary gross enrol. ratio (f/m per 100 pop.),90.7 /       82.9o,94.3 /       85.7q,... / ...,Education: Upper secondary gross enrol. ratio (f/m per 100 pop.),75.3 /       63.8o,81.9 /       71.9q,... / ...,Intentional homicide rate (per 100 000 pop.),2.3,2.3r,...,Seats held by women in national parliaments (%),8.5s,14,21.6t,,,,,,,,,,,,,,,,,,,,,,,,
Refugees and others of concern to UNHCR (000),~0.0m,~0.0,~0.0d,Infant mortality ratek (per 1 000 live births),19.6,20,20.3d,Health: Current expenditure (% of GDP),3.4,3.3,"3.4n,c",Health: Physicians (per 1 000 pop.),0.4o,0.9,...,Education: Government expenditure (% of GDP),4.5o,3.9p,...,Education: Primary gross enrol. ratio (f/m per 100 pop.),104.0 /      105.6o,105.5 /      107.9,114.2 /      118.6b,Education: Secondary gross enrol. ratio (f/m per 100 pop.),90.7 /       82.9o,94.3 /       85.7q,... / ...,Education: Upper secondary gross enrol. ratio (f/m per 100 pop.),75.3 /       63.8o,81.9 /       71.9q,... / ...,Intentional homicide rate (per 100 000 pop.),2.3,2.3r,...,Seats held by women in national parliaments (%),8.5s,14,21.6t,,,,,,,,,,,,,,,,,,,,,,,,,,,,
Infant mortality ratek (per 1 000 live births),19.6,20,20.3d,Health: Current expenditure (% of GDP),3.4,3.3,"3.4n,c",Health: Physicians (per 1 000 pop.),0.4o,0.9,...,Education: Government expenditure (% of GDP),4.5o,3.9p,...,Education: Primary gross enrol. ratio (f/m per 100 pop.),104.0 /      105.6o,105.5 /      107.9,114.2 /      118.6b,Education: Secondary gross enrol. ratio (f/m per 100 pop.),90.7 /       82.9o,94.3 /       85.7q,... / ...,Education: Upper secondary gross enrol. ratio (f/m per 100 pop.),75.3 /       63.8o,81.9 /       71.9q,... / ...,Intentional homicide rate (per 100 000 pop.),2.3,2.3r,...,Seats held by women in national parliaments (%),8.5s,14,21.6t,,,,,,,,,,,,,,,,,,,,,,,,,,,,,,,,
Health: Current expenditure (% of GDP),3.4,3.3,"3.4n,c",Health: Physicians (per 1 000 pop.),0.4o,0.9,...,Education: Government expenditure (% of GDP),4.5o,3.9p,...,Education: Primary gross enrol. ratio (f/m per 100 pop.),104.0 /      105.6o,105.5 /      107.9,114.2 /      118.6b,Education: Secondary gross enrol. ratio (f/m per 100 pop.),90.7 /       82.9o,94.3 /       85.7q,... / ...,Education: Upper secondary gross enrol. ratio (f/m per 100 pop.),75.3 /       63.8o,81.9 /       71.9q,... / ...,Intentional homicide rate (per 100 000 pop.),2.3,2.3r,...,Seats held by women in national parliaments (%),8.5s,14,21.6t,,,,,,,,,,,,,,,,,,,,,,,,,,,,,,,,,,,,
Health: Physicians (per 1 000 pop.),0.4o,0.9,...,Education: Government expenditure (% of GDP),4.5o,3.9p,...,Education: Primary gross enrol. ratio (f/m per 100 pop.),104.0 /      105.6o,105.5 /      107.9,114.2 /      118.6b,Education: Secondary gross enrol. ratio (f/m per 100 pop.),90.7 /       82.9o,94.3 /       85.7q,... / ...,Education: Upper secondary gross enrol. ratio (f/m per 100 pop.),75.3 /       63.8o,81.9 /       71.9q,... / ...,Intentional homicide rate (per 100 000 pop.),2.3,2.3r,...,Seats held by women in national parliaments (%),8.5s,14,21.6t,,,,,,,,,,,,,,,,,,,,,,,,,,,,,,,,,,,,,,,,
Education: Government expenditure (% of GDP),4.5o,3.9p,...,Education: Primary gross enrol. ratio (f/m per 100 pop.),104.0 /      105.6o,105.5 /      107.9,114.2 /      118.6b,Education: Secondary gross enrol. ratio (f/m per 100 pop.),90.7 /       82.9o,94.3 /       85.7q,... / ...,Education: Upper secondary gross enrol. ratio (f/m per 100 pop.),75.3 /       63.8o,81.9 /       71.9q,... / ...,Intentional homicide rate (per 100 000 pop.),2.3,2.3r,...,Seats held by women in national parliaments (%),8.5s,14,21.6t,,,,,,,,,,,,,,,,,,,,,,,,,,,,,,,,,,,,,,,,,,,,
Education: Primary gross enrol. ratio (f/m per 100 pop.),104.0 /      105.6o,105.5 /      107.9,114.2 /      118.6b,Education: Secondary gross enrol. ratio (f/m per 100 pop.),90.7 /       82.9o,94.3 /       85.7q,... / ...,Education: Upper secondary gross enrol. ratio (f/m per 100 pop.),75.3 /       63.8o,81.9 /       71.9q,... / ...,Intentional homicide rate (per 100 000 pop.),2.3,2.3r,...,Seats held by women in national parliaments (%),8.5s,14,21.6t,,,,,,,,,,,,,,,,,,,,,,,,,,,,,,,,,,,,,,,,,,,,,,,,
Education: Secondary gross enrol. ratio (f/m per 100 pop.),90.7 /       82.9o,94.3 /       85.7q,... / ...,Education: Upper secondary gross enrol. ratio (f/m per 100 pop.),75.3 /       63.8o,81.9 /       71.9q,... / ...,Intentional homicide rate (per 100 000 pop.),2.3,2.3r,...,Seats held by women in national parliaments (%),8.5s,14,21.6t,,,,,,,,,,,,,,,,,,,,,,,,,,,,,,,,,,,,,,,,,,,,,,,,,,,,
Education: Upper secondary gross enrol. ratio (f/m per 100 pop.),75.3 /       63.8o,81.9 /       71.9q,... / ...,Intentional homicide rate (per 100 000 pop.),2.3,2.3r,...,Seats held by women in national parliaments (%),8.5s,14,21.6t,,,,,,,,,,,,,,,,,,,,,,,,,,,,,,,,,,,,,,,,,,,,,,,,,,,,,,,,
Intentional homicide rate (per 100 000 pop.),2.3,2.3r,...,Seats held by women in national parliaments (%),8.5s,14,21.6t,,,,,,,,,,,,,,,,,,,,,,,,,,,,,,,,,,,,,,,,,,,,,,,,,,,,,,,,,,,,
Seats held by women in national parliaments (%),8.5s,14,21.6t,,,,,,,,,,,,,,,,,,,,,,,,,,,,,,,,,,,,,,,,,,,,,,,,,,,,,,,,,,,,,,,,
