0,1,2,3,4,5,6,7,8,9,10,11,12,13,14,15,16,17,18,19,20,21,22,23,24,25,26,27,28,29,30,31,32,33,34,35,36,37,38,39,40,41,42,43,44,45,46,47,48,49,50,51,52,53,54,55,56,57,58,59,60,61,62,63,64,65,66,67
,2010,2015,2021,,,,,,,,,,,,,,,,,,,,,,,,,,,,,,,,,,,,,,,,,,,,,,,,,,,,,,,,,,,,,,,,
GDP: Gross domestic product (million current US$),21 566,37 918,47 320b,"GDP growth rate (annual %, const. 2015 prices)",7.1,6.9,4.4b,GDP per capita (current US$),334,497.3,545.2b,Economy: Agriculture (% of Gross Value Added),22.4,19.7,20.8b,Economy: Industry (% of Gross Value Added),40.5,44.8,42.4b,Economy: Services and other activityd (% of GVA),37,35.5,36.8b,Employment in agriculturee (% of employed),70,67,65.1c,Employment in industrye (% of employed),8.6,9.5,9.8c,Employment in servicese (% employed),21.4,23.5,25.1c,Unemploymente (% of labour force),4,4.4,4.2c,Labour force participation ratee (female/male pop. %),63.9 /       68.7,61.0 /       66.8,60.4 /       66.0c,CPI: Consumer Price Index (2010=100),100,130,134f,Agricultural production index (2014-2016=100),57,100,110b,International trade: exports (million current US$),5 300e,5 800e,14 122c,International trade: imports (million current US$),4 500e,6 200e,6 663c,International trade: balance (million current US$),800e,-400e,7 459c,"Balance of payments, current account (million US$)",- 2 174,- 1 484,- 1 095c
"GDP growth rate (annual %, const. 2015 prices)",7.1,6.9,4.4b,GDP per capita (current US$),334,497.3,545.2b,Economy: Agriculture (% of Gross Value Added),22.4,19.7,20.8b,Economy: Industry (% of Gross Value Added),40.5,44.8,42.4b,Economy: Services and other activityd (% of GVA),37,35.5,36.8b,Employment in agriculturee (% of employed),70,67,65.1c,Employment in industrye (% of employed),8.6,9.5,9.8c,Employment in servicese (% employed),21.4,23.5,25.1c,Unemploymente (% of labour force),4,4.4,4.2c,Labour force participation ratee (female/male pop. %),63.9 /       68.7,61.0 /       66.8,60.4 /       66.0c,CPI: Consumer Price Index (2010=100),100,130,134f,Agricultural production index (2014-2016=100),57,100,110b,International trade: exports (million current US$),5 300e,5 800e,14 122c,International trade: imports (million current US$),4 500e,6 200e,6 663c,International trade: balance (million current US$),800e,-400e,7 459c,"Balance of payments, current account (million US$)",- 2 174,- 1 484,- 1 095c,,,,
GDP per capita (current US$),334,497.3,545.2b,Economy: Agriculture (% of Gross Value Added),22.4,19.7,20.8b,Economy: Industry (% of Gross Value Added),40.5,44.8,42.4b,Economy: Services and other activityd (% of GVA),37,35.5,36.8b,Employment in agriculturee (% of employed),70,67,65.1c,Employment in industrye (% of employed),8.6,9.5,9.8c,Employment in servicese (% employed),21.4,23.5,25.1c,Unemploymente (% of labour force),4,4.4,4.2c,Labour force participation ratee (female/male pop. %),63.9 /       68.7,61.0 /       66.8,60.4 /       66.0c,CPI: Consumer Price Index (2010=100),100,130,134f,Agricultural production index (2014-2016=100),57,100,110b,International trade: exports (million current US$),5 300e,5 800e,14 122c,International trade: imports (million current US$),4 500e,6 200e,6 663c,International trade: balance (million current US$),800e,-400e,7 459c,"Balance of payments, current account (million US$)",- 2 174,- 1 484,- 1 095c,,,,,,,,
Economy: Agriculture (% of Gross Value Added),22.4,19.7,20.8b,Economy: Industry (% of Gross Value Added),40.5,44.8,42.4b,Economy: Services and other activityd (% of GVA),37,35.5,36.8b,Employment in agriculturee (% of employed),70,67,65.1c,Employment in industrye (% of employed),8.6,9.5,9.8c,Employment in servicese (% employed),21.4,23.5,25.1c,Unemploymente (% of labour force),4,4.4,4.2c,Labour force participation ratee (female/male pop. %),63.9 /       68.7,61.0 /       66.8,60.4 /       66.0c,CPI: Consumer Price Index (2010=100),100,130,134f,Agricultural production index (2014-2016=100),57,100,110b,International trade: exports (million current US$),5 300e,5 800e,14 122c,International trade: imports (million current US$),4 500e,6 200e,6 663c,International trade: balance (million current US$),800e,-400e,7 459c,"Balance of payments, current account (million US$)",- 2 174,- 1 484,- 1 095c,,,,,,,,,,,,
Economy: Industry (% of Gross Value Added),40.5,44.8,42.4b,Economy: Services and other activityd (% of GVA),37,35.5,36.8b,Employment in agriculturee (% of employed),70,67,65.1c,Employment in industrye (% of employed),8.6,9.5,9.8c,Employment in servicese (% employed),21.4,23.5,25.1c,Unemploymente (% of labour force),4,4.4,4.2c,Labour force participation ratee (female/male pop. %),63.9 /       68.7,61.0 /       66.8,60.4 /       66.0c,CPI: Consumer Price Index (2010=100),100,130,134f,Agricultural production index (2014-2016=100),57,100,110b,International trade: exports (million current US$),5 300e,5 800e,14 122c,International trade: imports (million current US$),4 500e,6 200e,6 663c,International trade: balance (million current US$),800e,-400e,7 459c,"Balance of payments, current account (million US$)",- 2 174,- 1 484,- 1 095c,,,,,,,,,,,,,,,,
Economy: Services and other activityd (% of GVA),37,35.5,36.8b,Employment in agriculturee (% of employed),70,67,65.1c,Employment in industrye (% of employed),8.6,9.5,9.8c,Employment in servicese (% employed),21.4,23.5,25.1c,Unemploymente (% of labour force),4,4.4,4.2c,Labour force participation ratee (female/male pop. %),63.9 /       68.7,61.0 /       66.8,60.4 /       66.0c,CPI: Consumer Price Index (2010=100),100,130,134f,Agricultural production index (2014-2016=100),57,100,110b,International trade: exports (million current US$),5 300e,5 800e,14 122c,International trade: imports (million current US$),4 500e,6 200e,6 663c,International trade: balance (million current US$),800e,-400e,7 459c,"Balance of payments, current account (million US$)",- 2 174,- 1 484,- 1 095c,,,,,,,,,,,,,,,,,,,,
Employment in agriculturee (% of employed),70,67,65.1c,Employment in industrye (% of employed),8.6,9.5,9.8c,Employment in servicese (% employed),21.4,23.5,25.1c,Unemploymente (% of labour force),4,4.4,4.2c,Labour force participation ratee (female/male pop. %),63.9 /       68.7,61.0 /       66.8,60.4 /       66.0c,CPI: Consumer Price Index (2010=100),100,130,134f,Agricultural production index (2014-2016=100),57,100,110b,International trade: exports (million current US$),5 300e,5 800e,14 122c,International trade: imports (million current US$),4 500e,6 200e,6 663c,International trade: balance (million current US$),800e,-400e,7 459c,"Balance of payments, current account (million US$)",- 2 174,- 1 484,- 1 095c,,,,,,,,,,,,,,,,,,,,,,,,
Employment in industrye (% of employed),8.6,9.5,9.8c,Employment in servicese (% employed),21.4,23.5,25.1c,Unemploymente (% of labour force),4,4.4,4.2c,Labour force participation ratee (female/male pop. %),63.9 /       68.7,61.0 /       66.8,60.4 /       66.0c,CPI: Consumer Price Index (2010=100),100,130,134f,Agricultural production index (2014-2016=100),57,100,110b,International trade: exports (million current US$),5 300e,5 800e,14 122c,International trade: imports (million current US$),4 500e,6 200e,6 663c,International trade: balance (million current US$),800e,-400e,7 459c,"Balance of payments, current account (million US$)",- 2 174,- 1 484,- 1 095c,,,,,,,,,,,,,,,,,,,,,,,,,,,,
Employment in servicese (% employed),21.4,23.5,25.1c,Unemploymente (% of labour force),4,4.4,4.2c,Labour force participation ratee (female/male pop. %),63.9 /       68.7,61.0 /       66.8,60.4 /       66.0c,CPI: Consumer Price Index (2010=100),100,130,134f,Agricultural production index (2014-2016=100),57,100,110b,International trade: exports (million current US$),5 300e,5 800e,14 122c,International trade: imports (million current US$),4 500e,6 200e,6 663c,International trade: balance (million current US$),800e,-400e,7 459c,"Balance of payments, current account (million US$)",- 2 174,- 1 484,- 1 095c,,,,,,,,,,,,,,,,,,,,,,,,,,,,,,,,
Unemploymente (% of labour force),4,4.4,4.2c,Labour force participation ratee (female/male pop. %),63.9 /       68.7,61.0 /       66.8,60.4 /       66.0c,CPI: Consumer Price Index (2010=100),100,130,134f,Agricultural production index (2014-2016=100),57,100,110b,International trade: exports (million current US$),5 300e,5 800e,14 122c,International trade: imports (million current US$),4 500e,6 200e,6 663c,International trade: balance (million current US$),800e,-400e,7 459c,"Balance of payments, current account (million US$)",- 2 174,- 1 484,- 1 095c,,,,,,,,,,,,,,,,,,,,,,,,,,,,,,,,,,,,
Labour force participation ratee (female/male pop. %),63.9 /       68.7,61.0 /       66.8,60.4 /       66.0c,CPI: Consumer Price Index (2010=100),100,130,134f,Agricultural production index (2014-2016=100),57,100,110b,International trade: exports (million current US$),5 300e,5 800e,14 122c,International trade: imports (million current US$),4 500e,6 200e,6 663c,International trade: balance (million current US$),800e,-400e,7 459c,"Balance of payments, current account (million US$)",- 2 174,- 1 484,- 1 095c,,,,,,,,,,,,,,,,,,,,,,,,,,,,,,,,,,,,,,,,
CPI: Consumer Price Index (2010=100),100,130,134f,Agricultural production index (2014-2016=100),57,100,110b,International trade: exports (million current US$),5 300e,5 800e,14 122c,International trade: imports (million current US$),4 500e,6 200e,6 663c,International trade: balance (million current US$),800e,-400e,7 459c,"Balance of payments, current account (million US$)",- 2 174,- 1 484,- 1 095c,,,,,,,,,,,,,,,,,,,,,,,,,,,,,,,,,,,,,,,,,,,,
Agricultural production index (2014-2016=100),57,100,110b,International trade: exports (million current US$),5 300e,5 800e,14 122c,International trade: imports (million current US$),4 500e,6 200e,6 663c,International trade: balance (million current US$),800e,-400e,7 459c,"Balance of payments, current account (million US$)",- 2 174,- 1 484,- 1 095c,,,,,,,,,,,,,,,,,,,,,,,,,,,,,,,,,,,,,,,,,,,,,,,,
International trade: exports (million current US$),5 300e,5 800e,14 122c,International trade: imports (million current US$),4 500e,6 200e,6 663c,International trade: balance (million current US$),800e,-400e,7 459c,"Balance of payments, current account (million US$)",- 2 174,- 1 484,- 1 095c,,,,,,,,,,,,,,,,,,,,,,,,,,,,,,,,,,,,,,,,,,,,,,,,,,,,
International trade: imports (million current US$),4 500e,6 200e,6 663c,International trade: balance (million current US$),800e,-400e,7 459c,"Balance of payments, current account (million US$)",- 2 174,- 1 484,- 1 095c,,,,,,,,,,,,,,,,,,,,,,,,,,,,,,,,,,,,,,,,,,,,,,,,,,,,,,,,
International trade: balance (million current US$),800e,-400e,7 459c,"Balance of payments, current account (million US$)",- 2 174,- 1 484,- 1 095c,,,,,,,,,,,,,,,,,,,,,,,,,,,,,,,,,,,,,,,,,,,,,,,,,,,,,,,,,,,,
"Balance of payments, current account (million US$)",- 2 174,- 1 484,- 1 095c,,,,,,,,,,,,,,,,,,,,,,,,,,,,,,,,,,,,,,,,,,,,,,,,,,,,,,,,,,,,,,,,
