0,1,2,3,4,5,6,7,8,9,10,11,12,13,14,15,16,17,18,19,20,21,22,23,24,25,26,27,28,29,30,31,32,33,34,35,36,37,38,39,40,41,42,43,44,45,46,47
,2010,2015,2021,,,,,,,,,,,,,,,,,,,,,,,,,,,,,,,,,,,,,,,,,,,,
Individuals using the Internete (per 100 inhabitants),0.7,3.8,8.6m,Research & Development expenditure (% of GDP),"0.1o,p,k","0.4q,r,s",...,Threatened species (number),296,333,571,Forested areae (% of land area),60.5,58.1,56.6j,CO2 emission estimates (million tons/tons per capita),1.9 / ~0.0,2.7 / ~0.0,2.1 / ~0.0j,"Energy production, primary (Petajoules)",856,1 218,1 173j,Energy supply per capita (Gigajoules),13,16,14j,Tourist/visitor arrivals at national borders (000),81t,354u,"351u,f",Important sites for terrestrial biodiversity protected (%),50.3,50.3,52.7c,"Pop. using safely managed drinking water (urban/rural, %)",33.7 /        0.7,37.0 /        0.9,40.4 /        1.0c,Pop. using safely managed sanitation (urban/rural %),18.0 /       17.4,16.2 /       14.2,14.5 /       11.2c,Net Official Development Assist. received (% of GNI),16.87,7.4,6.12b
Research & Development expenditure (% of GDP),"0.1o,p,k","0.4q,r,s",...,Threatened species (number),296,333,571,Forested areae (% of land area),60.5,58.1,56.6j,CO2 emission estimates (million tons/tons per capita),1.9 / ~0.0,2.7 / ~0.0,2.1 / ~0.0j,"Energy production, primary (Petajoules)",856,1 218,1 173j,Energy supply per capita (Gigajoules),13,16,14j,Tourist/visitor arrivals at national borders (000),81t,354u,"351u,f",Important sites for terrestrial biodiversity protected (%),50.3,50.3,52.7c,"Pop. using safely managed drinking water (urban/rural, %)",33.7 /        0.7,37.0 /        0.9,40.4 /        1.0c,Pop. using safely managed sanitation (urban/rural %),18.0 /       17.4,16.2 /       14.2,14.5 /       11.2c,Net Official Development Assist. received (% of GNI),16.87,7.4,6.12b,,,,
Threatened species (number),296,333,571,Forested areae (% of land area),60.5,58.1,56.6j,CO2 emission estimates (million tons/tons per capita),1.9 / ~0.0,2.7 / ~0.0,2.1 / ~0.0j,"Energy production, primary (Petajoules)",856,1 218,1 173j,Energy supply per capita (Gigajoules),13,16,14j,Tourist/visitor arrivals at national borders (000),81t,354u,"351u,f",Important sites for terrestrial biodiversity protected (%),50.3,50.3,52.7c,"Pop. using safely managed drinking water (urban/rural, %)",33.7 /        0.7,37.0 /        0.9,40.4 /        1.0c,Pop. using safely managed sanitation (urban/rural %),18.0 /       17.4,16.2 /       14.2,14.5 /       11.2c,Net Official Development Assist. received (% of GNI),16.87,7.4,6.12b,,,,,,,,
Forested areae (% of land area),60.5,58.1,56.6j,CO2 emission estimates (million tons/tons per capita),1.9 / ~0.0,2.7 / ~0.0,2.1 / ~0.0j,"Energy production, primary (Petajoules)",856,1 218,1 173j,Energy supply per capita (Gigajoules),13,16,14j,Tourist/visitor arrivals at national borders (000),81t,354u,"351u,f",Important sites for terrestrial biodiversity protected (%),50.3,50.3,52.7c,"Pop. using safely managed drinking water (urban/rural, %)",33.7 /        0.7,37.0 /        0.9,40.4 /        1.0c,Pop. using safely managed sanitation (urban/rural %),18.0 /       17.4,16.2 /       14.2,14.5 /       11.2c,Net Official Development Assist. received (% of GNI),16.87,7.4,6.12b,,,,,,,,,,,,
CO2 emission estimates (million tons/tons per capita),1.9 / ~0.0,2.7 / ~0.0,2.1 / ~0.0j,"Energy production, primary (Petajoules)",856,1 218,1 173j,Energy supply per capita (Gigajoules),13,16,14j,Tourist/visitor arrivals at national borders (000),81t,354u,"351u,f",Important sites for terrestrial biodiversity protected (%),50.3,50.3,52.7c,"Pop. using safely managed drinking water (urban/rural, %)",33.7 /        0.7,37.0 /        0.9,40.4 /        1.0c,Pop. using safely managed sanitation (urban/rural %),18.0 /       17.4,16.2 /       14.2,14.5 /       11.2c,Net Official Development Assist. received (% of GNI),16.87,7.4,6.12b,,,,,,,,,,,,,,,,
"Energy production, primary (Petajoules)",856,1 218,1 173j,Energy supply per capita (Gigajoules),13,16,14j,Tourist/visitor arrivals at national borders (000),81t,354u,"351u,f",Important sites for terrestrial biodiversity protected (%),50.3,50.3,52.7c,"Pop. using safely managed drinking water (urban/rural, %)",33.7 /        0.7,37.0 /        0.9,40.4 /        1.0c,Pop. using safely managed sanitation (urban/rural %),18.0 /       17.4,16.2 /       14.2,14.5 /       11.2c,Net Official Development Assist. received (% of GNI),16.87,7.4,6.12b,,,,,,,,,,,,,,,,,,,,
Energy supply per capita (Gigajoules),13,16,14j,Tourist/visitor arrivals at national borders (000),81t,354u,"351u,f",Important sites for terrestrial biodiversity protected (%),50.3,50.3,52.7c,"Pop. using safely managed drinking water (urban/rural, %)",33.7 /        0.7,37.0 /        0.9,40.4 /        1.0c,Pop. using safely managed sanitation (urban/rural %),18.0 /       17.4,16.2 /       14.2,14.5 /       11.2c,Net Official Development Assist. received (% of GNI),16.87,7.4,6.12b,,,,,,,,,,,,,,,,,,,,,,,,
Tourist/visitor arrivals at national borders (000),81t,354u,"351u,f",Important sites for terrestrial biodiversity protected (%),50.3,50.3,52.7c,"Pop. using safely managed drinking water (urban/rural, %)",33.7 /        0.7,37.0 /        0.9,40.4 /        1.0c,Pop. using safely managed sanitation (urban/rural %),18.0 /       17.4,16.2 /       14.2,14.5 /       11.2c,Net Official Development Assist. received (% of GNI),16.87,7.4,6.12b,,,,,,,,,,,,,,,,,,,,,,,,,,,,
Important sites for terrestrial biodiversity protected (%),50.3,50.3,52.7c,"Pop. using safely managed drinking water (urban/rural, %)",33.7 /        0.7,37.0 /        0.9,40.4 /        1.0c,Pop. using safely managed sanitation (urban/rural %),18.0 /       17.4,16.2 /       14.2,14.5 /       11.2c,Net Official Development Assist. received (% of GNI),16.87,7.4,6.12b,,,,,,,,,,,,,,,,,,,,,,,,,,,,,,,,
"Pop. using safely managed drinking water (urban/rural, %)",33.7 /        0.7,37.0 /        0.9,40.4 /        1.0c,Pop. using safely managed sanitation (urban/rural %),18.0 /       17.4,16.2 /       14.2,14.5 /       11.2c,Net Official Development Assist. received (% of GNI),16.87,7.4,6.12b,,,,,,,,,,,,,,,,,,,,,,,,,,,,,,,,,,,,
Pop. using safely managed sanitation (urban/rural %),18.0 /       17.4,16.2 /       14.2,14.5 /       11.2c,Net Official Development Assist. received (% of GNI),16.87,7.4,6.12b,,,,,,,,,,,,,,,,,,,,,,,,,,,,,,,,,,,,,,,,
Net Official Development Assist. received (% of GNI),16.87,7.4,6.12b,,,,,,,,,,,,,,,,,,,,,,,,,,,,,,,,,,,,,,,,,,,,
