0,1,2,3,4,5,6,7,8,9,10,11,12,13,14,15,16,17,18,19,20,21,22,23,24,25,26,27,28,29,30,31,32,33,34,35,36,37,38,39,40,41,42,43,44,45,46,47,48,49,50,51,52,53,54,55,56,57,58,59,60,61,62,63
,2010,2015,2021,,,,,,,,,,,,,,,,,,,,,,,,,,,,,,,,,,,,,,,,,,,,,,,,,,,,,,,,,,,,
Population growth rateg (average annual %),3.3,3.3,3.2c,Urban population (% of total population),40,42.7,45b,Urban population growth rateg (average annual %),4.6,4.6,...,"Fertility rate, totalg (live births per woman)",6.6,6.4,6c,"Life expectancy at birthg (females/males, years)",56.9 /       54.0,59.5 /       56.7,61.7 /       58.7c,"Population age distribution (0-14/60+ years old, %)",46.1 /        4.7,46.3 /        4.7,45.6 /        4.7a,International migrant stockh (000/% of total pop.),589.9 /        0.9,810.0 /        1.1,952.9 /        1.1c,Refugees and others of concern to UNHCR (000),2 363.9i,2 001.0,6 229.7c,Infant mortality rateg (per 1 000 live births),83.8,73.1,64.9c,Health: Current expenditure (% of GDP),3.7,4,3.3j,Health: Physicians (per 1 000 pop.),0.1k,0.1l,...,Education: Government expenditure (% of GDP),1.5,2.2,"1.5e,m",Education: Primary gross enrol. ratio (f/m per 100 pop.),93.0 /      106.9,107.6 /      108.4,114.7 /      122.2j,Education: Secondary gross enrol. ratio (f/m per 100 pop.),30.1 /       52.2,36.0 /       56.3,... / ...,Education: Upper secondary gross enrol. ratio (f/m per 100 pop.),24.2 /       46.4,29.5 /       47.6,... / ...,Seats held by women in national parliaments (%),8.4,8.9,12.8n
Urban population (% of total population),40,42.7,45b,Urban population growth rateg (average annual %),4.6,4.6,...,"Fertility rate, totalg (live births per woman)",6.6,6.4,6c,"Life expectancy at birthg (females/males, years)",56.9 /       54.0,59.5 /       56.7,61.7 /       58.7c,"Population age distribution (0-14/60+ years old, %)",46.1 /        4.7,46.3 /        4.7,45.6 /        4.7a,International migrant stockh (000/% of total pop.),589.9 /        0.9,810.0 /        1.1,952.9 /        1.1c,Refugees and others of concern to UNHCR (000),2 363.9i,2 001.0,6 229.7c,Infant mortality rateg (per 1 000 live births),83.8,73.1,64.9c,Health: Current expenditure (% of GDP),3.7,4,3.3j,Health: Physicians (per 1 000 pop.),0.1k,0.1l,...,Education: Government expenditure (% of GDP),1.5,2.2,"1.5e,m",Education: Primary gross enrol. ratio (f/m per 100 pop.),93.0 /      106.9,107.6 /      108.4,114.7 /      122.2j,Education: Secondary gross enrol. ratio (f/m per 100 pop.),30.1 /       52.2,36.0 /       56.3,... / ...,Education: Upper secondary gross enrol. ratio (f/m per 100 pop.),24.2 /       46.4,29.5 /       47.6,... / ...,Seats held by women in national parliaments (%),8.4,8.9,12.8n,,,,
Urban population growth rateg (average annual %),4.6,4.6,...,"Fertility rate, totalg (live births per woman)",6.6,6.4,6c,"Life expectancy at birthg (females/males, years)",56.9 /       54.0,59.5 /       56.7,61.7 /       58.7c,"Population age distribution (0-14/60+ years old, %)",46.1 /        4.7,46.3 /        4.7,45.6 /        4.7a,International migrant stockh (000/% of total pop.),589.9 /        0.9,810.0 /        1.1,952.9 /        1.1c,Refugees and others of concern to UNHCR (000),2 363.9i,2 001.0,6 229.7c,Infant mortality rateg (per 1 000 live births),83.8,73.1,64.9c,Health: Current expenditure (% of GDP),3.7,4,3.3j,Health: Physicians (per 1 000 pop.),0.1k,0.1l,...,Education: Government expenditure (% of GDP),1.5,2.2,"1.5e,m",Education: Primary gross enrol. ratio (f/m per 100 pop.),93.0 /      106.9,107.6 /      108.4,114.7 /      122.2j,Education: Secondary gross enrol. ratio (f/m per 100 pop.),30.1 /       52.2,36.0 /       56.3,... / ...,Education: Upper secondary gross enrol. ratio (f/m per 100 pop.),24.2 /       46.4,29.5 /       47.6,... / ...,Seats held by women in national parliaments (%),8.4,8.9,12.8n,,,,,,,,
"Fertility rate, totalg (live births per woman)",6.6,6.4,6c,"Life expectancy at birthg (females/males, years)",56.9 /       54.0,59.5 /       56.7,61.7 /       58.7c,"Population age distribution (0-14/60+ years old, %)",46.1 /        4.7,46.3 /        4.7,45.6 /        4.7a,International migrant stockh (000/% of total pop.),589.9 /        0.9,810.0 /        1.1,952.9 /        1.1c,Refugees and others of concern to UNHCR (000),2 363.9i,2 001.0,6 229.7c,Infant mortality rateg (per 1 000 live births),83.8,73.1,64.9c,Health: Current expenditure (% of GDP),3.7,4,3.3j,Health: Physicians (per 1 000 pop.),0.1k,0.1l,...,Education: Government expenditure (% of GDP),1.5,2.2,"1.5e,m",Education: Primary gross enrol. ratio (f/m per 100 pop.),93.0 /      106.9,107.6 /      108.4,114.7 /      122.2j,Education: Secondary gross enrol. ratio (f/m per 100 pop.),30.1 /       52.2,36.0 /       56.3,... / ...,Education: Upper secondary gross enrol. ratio (f/m per 100 pop.),24.2 /       46.4,29.5 /       47.6,... / ...,Seats held by women in national parliaments (%),8.4,8.9,12.8n,,,,,,,,,,,,
"Life expectancy at birthg (females/males, years)",56.9 /       54.0,59.5 /       56.7,61.7 /       58.7c,"Population age distribution (0-14/60+ years old, %)",46.1 /        4.7,46.3 /        4.7,45.6 /        4.7a,International migrant stockh (000/% of total pop.),589.9 /        0.9,810.0 /        1.1,952.9 /        1.1c,Refugees and others of concern to UNHCR (000),2 363.9i,2 001.0,6 229.7c,Infant mortality rateg (per 1 000 live births),83.8,73.1,64.9c,Health: Current expenditure (% of GDP),3.7,4,3.3j,Health: Physicians (per 1 000 pop.),0.1k,0.1l,...,Education: Government expenditure (% of GDP),1.5,2.2,"1.5e,m",Education: Primary gross enrol. ratio (f/m per 100 pop.),93.0 /      106.9,107.6 /      108.4,114.7 /      122.2j,Education: Secondary gross enrol. ratio (f/m per 100 pop.),30.1 /       52.2,36.0 /       56.3,... / ...,Education: Upper secondary gross enrol. ratio (f/m per 100 pop.),24.2 /       46.4,29.5 /       47.6,... / ...,Seats held by women in national parliaments (%),8.4,8.9,12.8n,,,,,,,,,,,,,,,,
"Population age distribution (0-14/60+ years old, %)",46.1 /        4.7,46.3 /        4.7,45.6 /        4.7a,International migrant stockh (000/% of total pop.),589.9 /        0.9,810.0 /        1.1,952.9 /        1.1c,Refugees and others of concern to UNHCR (000),2 363.9i,2 001.0,6 229.7c,Infant mortality rateg (per 1 000 live births),83.8,73.1,64.9c,Health: Current expenditure (% of GDP),3.7,4,3.3j,Health: Physicians (per 1 000 pop.),0.1k,0.1l,...,Education: Government expenditure (% of GDP),1.5,2.2,"1.5e,m",Education: Primary gross enrol. ratio (f/m per 100 pop.),93.0 /      106.9,107.6 /      108.4,114.7 /      122.2j,Education: Secondary gross enrol. ratio (f/m per 100 pop.),30.1 /       52.2,36.0 /       56.3,... / ...,Education: Upper secondary gross enrol. ratio (f/m per 100 pop.),24.2 /       46.4,29.5 /       47.6,... / ...,Seats held by women in national parliaments (%),8.4,8.9,12.8n,,,,,,,,,,,,,,,,,,,,
International migrant stockh (000/% of total pop.),589.9 /        0.9,810.0 /        1.1,952.9 /        1.1c,Refugees and others of concern to UNHCR (000),2 363.9i,2 001.0,6 229.7c,Infant mortality rateg (per 1 000 live births),83.8,73.1,64.9c,Health: Current expenditure (% of GDP),3.7,4,3.3j,Health: Physicians (per 1 000 pop.),0.1k,0.1l,...,Education: Government expenditure (% of GDP),1.5,2.2,"1.5e,m",Education: Primary gross enrol. ratio (f/m per 100 pop.),93.0 /      106.9,107.6 /      108.4,114.7 /      122.2j,Education: Secondary gross enrol. ratio (f/m per 100 pop.),30.1 /       52.2,36.0 /       56.3,... / ...,Education: Upper secondary gross enrol. ratio (f/m per 100 pop.),24.2 /       46.4,29.5 /       47.6,... / ...,Seats held by women in national parliaments (%),8.4,8.9,12.8n,,,,,,,,,,,,,,,,,,,,,,,,
Refugees and others of concern to UNHCR (000),2 363.9i,2 001.0,6 229.7c,Infant mortality rateg (per 1 000 live births),83.8,73.1,64.9c,Health: Current expenditure (% of GDP),3.7,4,3.3j,Health: Physicians (per 1 000 pop.),0.1k,0.1l,...,Education: Government expenditure (% of GDP),1.5,2.2,"1.5e,m",Education: Primary gross enrol. ratio (f/m per 100 pop.),93.0 /      106.9,107.6 /      108.4,114.7 /      122.2j,Education: Secondary gross enrol. ratio (f/m per 100 pop.),30.1 /       52.2,36.0 /       56.3,... / ...,Education: Upper secondary gross enrol. ratio (f/m per 100 pop.),24.2 /       46.4,29.5 /       47.6,... / ...,Seats held by women in national parliaments (%),8.4,8.9,12.8n,,,,,,,,,,,,,,,,,,,,,,,,,,,,
Infant mortality rateg (per 1 000 live births),83.8,73.1,64.9c,Health: Current expenditure (% of GDP),3.7,4,3.3j,Health: Physicians (per 1 000 pop.),0.1k,0.1l,...,Education: Government expenditure (% of GDP),1.5,2.2,"1.5e,m",Education: Primary gross enrol. ratio (f/m per 100 pop.),93.0 /      106.9,107.6 /      108.4,114.7 /      122.2j,Education: Secondary gross enrol. ratio (f/m per 100 pop.),30.1 /       52.2,36.0 /       56.3,... / ...,Education: Upper secondary gross enrol. ratio (f/m per 100 pop.),24.2 /       46.4,29.5 /       47.6,... / ...,Seats held by women in national parliaments (%),8.4,8.9,12.8n,,,,,,,,,,,,,,,,,,,,,,,,,,,,,,,,
Health: Current expenditure (% of GDP),3.7,4,3.3j,Health: Physicians (per 1 000 pop.),0.1k,0.1l,...,Education: Government expenditure (% of GDP),1.5,2.2,"1.5e,m",Education: Primary gross enrol. ratio (f/m per 100 pop.),93.0 /      106.9,107.6 /      108.4,114.7 /      122.2j,Education: Secondary gross enrol. ratio (f/m per 100 pop.),30.1 /       52.2,36.0 /       56.3,... / ...,Education: Upper secondary gross enrol. ratio (f/m per 100 pop.),24.2 /       46.4,29.5 /       47.6,... / ...,Seats held by women in national parliaments (%),8.4,8.9,12.8n,,,,,,,,,,,,,,,,,,,,,,,,,,,,,,,,,,,,
Health: Physicians (per 1 000 pop.),0.1k,0.1l,...,Education: Government expenditure (% of GDP),1.5,2.2,"1.5e,m",Education: Primary gross enrol. ratio (f/m per 100 pop.),93.0 /      106.9,107.6 /      108.4,114.7 /      122.2j,Education: Secondary gross enrol. ratio (f/m per 100 pop.),30.1 /       52.2,36.0 /       56.3,... / ...,Education: Upper secondary gross enrol. ratio (f/m per 100 pop.),24.2 /       46.4,29.5 /       47.6,... / ...,Seats held by women in national parliaments (%),8.4,8.9,12.8n,,,,,,,,,,,,,,,,,,,,,,,,,,,,,,,,,,,,,,,,
Education: Government expenditure (% of GDP),1.5,2.2,"1.5e,m",Education: Primary gross enrol. ratio (f/m per 100 pop.),93.0 /      106.9,107.6 /      108.4,114.7 /      122.2j,Education: Secondary gross enrol. ratio (f/m per 100 pop.),30.1 /       52.2,36.0 /       56.3,... / ...,Education: Upper secondary gross enrol. ratio (f/m per 100 pop.),24.2 /       46.4,29.5 /       47.6,... / ...,Seats held by women in national parliaments (%),8.4,8.9,12.8n,,,,,,,,,,,,,,,,,,,,,,,,,,,,,,,,,,,,,,,,,,,,
Education: Primary gross enrol. ratio (f/m per 100 pop.),93.0 /      106.9,107.6 /      108.4,114.7 /      122.2j,Education: Secondary gross enrol. ratio (f/m per 100 pop.),30.1 /       52.2,36.0 /       56.3,... / ...,Education: Upper secondary gross enrol. ratio (f/m per 100 pop.),24.2 /       46.4,29.5 /       47.6,... / ...,Seats held by women in national parliaments (%),8.4,8.9,12.8n,,,,,,,,,,,,,,,,,,,,,,,,,,,,,,,,,,,,,,,,,,,,,,,,
Education: Secondary gross enrol. ratio (f/m per 100 pop.),30.1 /       52.2,36.0 /       56.3,... / ...,Education: Upper secondary gross enrol. ratio (f/m per 100 pop.),24.2 /       46.4,29.5 /       47.6,... / ...,Seats held by women in national parliaments (%),8.4,8.9,12.8n,,,,,,,,,,,,,,,,,,,,,,,,,,,,,,,,,,,,,,,,,,,,,,,,,,,,
Education: Upper secondary gross enrol. ratio (f/m per 100 pop.),24.2 /       46.4,29.5 /       47.6,... / ...,Seats held by women in national parliaments (%),8.4,8.9,12.8n,,,,,,,,,,,,,,,,,,,,,,,,,,,,,,,,,,,,,,,,,,,,,,,,,,,,,,,,
Seats held by women in national parliaments (%),8.4,8.9,12.8n,,,,,,,,,,,,,,,,,,,,,,,,,,,,,,,,,,,,,,,,,,,,,,,,,,,,,,,,,,,,
