0,1,2,3,4,5,6,7,8,9,10,11,12,13,14,15,16,17,18,19,20,21,22,23,24,25,26,27,28,29,30,31,32,33,34,35,36,37,38,39,40,41,42,43,44,45,46,47,48,49,50,51,52,53,54,55,56,57,58,59,60,61,62,63,64,65,66,67
,2010,2015,2021,,,,,,,,,,,,,,,,,,,,,,,,,,,,,,,,,,,,,,,,,,,,,,,,,,,,,,,,,,,,,,,,
GDP: Gross domestic product (million current US$),233 996,299 813,395 099b,"GDP growth rate (annual %, const. 2015 prices)",5.6,2.3,3.5b,GDP per capita (current US$),31 851.5,37 577.7,46 376.5b,Economy: Agriculturef (% of Gross Value Added),1.7,1.3,1.2b,"Economy: Industryg,h (% of Gross Value Added)",23.6,22.5,20.9b,Economy: Services and other activityi (% of GVA),74.7,76.1,77.9b,Employment in agriculture (% of employed),1.3j,1,"0.9j,e",Employment in industry (% of employed),19.1j,17.6,"16.8j,e",Employment in services (% employed),79.6j,81.4,"82.3j,e",Unemploymentj (% of labour force),8.5,5.2,3.8e,Labour force participation ratej (female/male pop. %),57.0 /       69.4,59.0 /       69.5,59.7 /       68.5e,CPI: Consumer Price Index (2010=100),100,107,107e,Agricultural production index (2014-2016=100),91,99,95b,International trade: exports (million current US$),58 413,64 062,49 761e,International trade: imports (million current US$),59 194,62 068,70 162e,International trade: balance (million current US$),-781,1 994,- 20 401e,"Balance of payments, current account (million US$)",8 154,16 205,24 350e
"GDP growth rate (annual %, const. 2015 prices)",5.6,2.3,3.5b,GDP per capita (current US$),31 851.5,37 577.7,46 376.5b,Economy: Agriculturef (% of Gross Value Added),1.7,1.3,1.2b,"Economy: Industryg,h (% of Gross Value Added)",23.6,22.5,20.9b,Economy: Services and other activityi (% of GVA),74.7,76.1,77.9b,Employment in agriculture (% of employed),1.3j,1,"0.9j,e",Employment in industry (% of employed),19.1j,17.6,"16.8j,e",Employment in services (% employed),79.6j,81.4,"82.3j,e",Unemploymentj (% of labour force),8.5,5.2,3.8e,Labour force participation ratej (female/male pop. %),57.0 /       69.4,59.0 /       69.5,59.7 /       68.5e,CPI: Consumer Price Index (2010=100),100,107,107e,Agricultural production index (2014-2016=100),91,99,95b,International trade: exports (million current US$),58 413,64 062,49 761e,International trade: imports (million current US$),59 194,62 068,70 162e,International trade: balance (million current US$),-781,1 994,- 20 401e,"Balance of payments, current account (million US$)",8 154,16 205,24 350e,,,,
GDP per capita (current US$),31 851.5,37 577.7,46 376.5b,Economy: Agriculturef (% of Gross Value Added),1.7,1.3,1.2b,"Economy: Industryg,h (% of Gross Value Added)",23.6,22.5,20.9b,Economy: Services and other activityi (% of GVA),74.7,76.1,77.9b,Employment in agriculture (% of employed),1.3j,1,"0.9j,e",Employment in industry (% of employed),19.1j,17.6,"16.8j,e",Employment in services (% employed),79.6j,81.4,"82.3j,e",Unemploymentj (% of labour force),8.5,5.2,3.8e,Labour force participation ratej (female/male pop. %),57.0 /       69.4,59.0 /       69.5,59.7 /       68.5e,CPI: Consumer Price Index (2010=100),100,107,107e,Agricultural production index (2014-2016=100),91,99,95b,International trade: exports (million current US$),58 413,64 062,49 761e,International trade: imports (million current US$),59 194,62 068,70 162e,International trade: balance (million current US$),-781,1 994,- 20 401e,"Balance of payments, current account (million US$)",8 154,16 205,24 350e,,,,,,,,
Economy: Agriculturef (% of Gross Value Added),1.7,1.3,1.2b,"Economy: Industryg,h (% of Gross Value Added)",23.6,22.5,20.9b,Economy: Services and other activityi (% of GVA),74.7,76.1,77.9b,Employment in agriculture (% of employed),1.3j,1,"0.9j,e",Employment in industry (% of employed),19.1j,17.6,"16.8j,e",Employment in services (% employed),79.6j,81.4,"82.3j,e",Unemploymentj (% of labour force),8.5,5.2,3.8e,Labour force participation ratej (female/male pop. %),57.0 /       69.4,59.0 /       69.5,59.7 /       68.5e,CPI: Consumer Price Index (2010=100),100,107,107e,Agricultural production index (2014-2016=100),91,99,95b,International trade: exports (million current US$),58 413,64 062,49 761e,International trade: imports (million current US$),59 194,62 068,70 162e,International trade: balance (million current US$),-781,1 994,- 20 401e,"Balance of payments, current account (million US$)",8 154,16 205,24 350e,,,,,,,,,,,,
"Economy: Industryg,h (% of Gross Value Added)",23.6,22.5,20.9b,Economy: Services and other activityi (% of GVA),74.7,76.1,77.9b,Employment in agriculture (% of employed),1.3j,1,"0.9j,e",Employment in industry (% of employed),19.1j,17.6,"16.8j,e",Employment in services (% employed),79.6j,81.4,"82.3j,e",Unemploymentj (% of labour force),8.5,5.2,3.8e,Labour force participation ratej (female/male pop. %),57.0 /       69.4,59.0 /       69.5,59.7 /       68.5e,CPI: Consumer Price Index (2010=100),100,107,107e,Agricultural production index (2014-2016=100),91,99,95b,International trade: exports (million current US$),58 413,64 062,49 761e,International trade: imports (million current US$),59 194,62 068,70 162e,International trade: balance (million current US$),-781,1 994,- 20 401e,"Balance of payments, current account (million US$)",8 154,16 205,24 350e,,,,,,,,,,,,,,,,
Economy: Services and other activityi (% of GVA),74.7,76.1,77.9b,Employment in agriculture (% of employed),1.3j,1,"0.9j,e",Employment in industry (% of employed),19.1j,17.6,"16.8j,e",Employment in services (% employed),79.6j,81.4,"82.3j,e",Unemploymentj (% of labour force),8.5,5.2,3.8e,Labour force participation ratej (female/male pop. %),57.0 /       69.4,59.0 /       69.5,59.7 /       68.5e,CPI: Consumer Price Index (2010=100),100,107,107e,Agricultural production index (2014-2016=100),91,99,95b,International trade: exports (million current US$),58 413,64 062,49 761e,International trade: imports (million current US$),59 194,62 068,70 162e,International trade: balance (million current US$),-781,1 994,- 20 401e,"Balance of payments, current account (million US$)",8 154,16 205,24 350e,,,,,,,,,,,,,,,,,,,,
Employment in agriculture (% of employed),1.3j,1,"0.9j,e",Employment in industry (% of employed),19.1j,17.6,"16.8j,e",Employment in services (% employed),79.6j,81.4,"82.3j,e",Unemploymentj (% of labour force),8.5,5.2,3.8e,Labour force participation ratej (female/male pop. %),57.0 /       69.4,59.0 /       69.5,59.7 /       68.5e,CPI: Consumer Price Index (2010=100),100,107,107e,Agricultural production index (2014-2016=100),91,99,95b,International trade: exports (million current US$),58 413,64 062,49 761e,International trade: imports (million current US$),59 194,62 068,70 162e,International trade: balance (million current US$),-781,1 994,- 20 401e,"Balance of payments, current account (million US$)",8 154,16 205,24 350e,,,,,,,,,,,,,,,,,,,,,,,,
Employment in industry (% of employed),19.1j,17.6,"16.8j,e",Employment in services (% employed),79.6j,81.4,"82.3j,e",Unemploymentj (% of labour force),8.5,5.2,3.8e,Labour force participation ratej (female/male pop. %),57.0 /       69.4,59.0 /       69.5,59.7 /       68.5e,CPI: Consumer Price Index (2010=100),100,107,107e,Agricultural production index (2014-2016=100),91,99,95b,International trade: exports (million current US$),58 413,64 062,49 761e,International trade: imports (million current US$),59 194,62 068,70 162e,International trade: balance (million current US$),-781,1 994,- 20 401e,"Balance of payments, current account (million US$)",8 154,16 205,24 350e,,,,,,,,,,,,,,,,,,,,,,,,,,,,
Employment in services (% employed),79.6j,81.4,"82.3j,e",Unemploymentj (% of labour force),8.5,5.2,3.8e,Labour force participation ratej (female/male pop. %),57.0 /       69.4,59.0 /       69.5,59.7 /       68.5e,CPI: Consumer Price Index (2010=100),100,107,107e,Agricultural production index (2014-2016=100),91,99,95b,International trade: exports (million current US$),58 413,64 062,49 761e,International trade: imports (million current US$),59 194,62 068,70 162e,International trade: balance (million current US$),-781,1 994,- 20 401e,"Balance of payments, current account (million US$)",8 154,16 205,24 350e,,,,,,,,,,,,,,,,,,,,,,,,,,,,,,,,
Unemploymentj (% of labour force),8.5,5.2,3.8e,Labour force participation ratej (female/male pop. %),57.0 /       69.4,59.0 /       69.5,59.7 /       68.5e,CPI: Consumer Price Index (2010=100),100,107,107e,Agricultural production index (2014-2016=100),91,99,95b,International trade: exports (million current US$),58 413,64 062,49 761e,International trade: imports (million current US$),59 194,62 068,70 162e,International trade: balance (million current US$),-781,1 994,- 20 401e,"Balance of payments, current account (million US$)",8 154,16 205,24 350e,,,,,,,,,,,,,,,,,,,,,,,,,,,,,,,,,,,,
Labour force participation ratej (female/male pop. %),57.0 /       69.4,59.0 /       69.5,59.7 /       68.5e,CPI: Consumer Price Index (2010=100),100,107,107e,Agricultural production index (2014-2016=100),91,99,95b,International trade: exports (million current US$),58 413,64 062,49 761e,International trade: imports (million current US$),59 194,62 068,70 162e,International trade: balance (million current US$),-781,1 994,- 20 401e,"Balance of payments, current account (million US$)",8 154,16 205,24 350e,,,,,,,,,,,,,,,,,,,,,,,,,,,,,,,,,,,,,,,,
CPI: Consumer Price Index (2010=100),100,107,107e,Agricultural production index (2014-2016=100),91,99,95b,International trade: exports (million current US$),58 413,64 062,49 761e,International trade: imports (million current US$),59 194,62 068,70 162e,International trade: balance (million current US$),-781,1 994,- 20 401e,"Balance of payments, current account (million US$)",8 154,16 205,24 350e,,,,,,,,,,,,,,,,,,,,,,,,,,,,,,,,,,,,,,,,,,,,
Agricultural production index (2014-2016=100),91,99,95b,International trade: exports (million current US$),58 413,64 062,49 761e,International trade: imports (million current US$),59 194,62 068,70 162e,International trade: balance (million current US$),-781,1 994,- 20 401e,"Balance of payments, current account (million US$)",8 154,16 205,24 350e,,,,,,,,,,,,,,,,,,,,,,,,,,,,,,,,,,,,,,,,,,,,,,,,
International trade: exports (million current US$),58 413,64 062,49 761e,International trade: imports (million current US$),59 194,62 068,70 162e,International trade: balance (million current US$),-781,1 994,- 20 401e,"Balance of payments, current account (million US$)",8 154,16 205,24 350e,,,,,,,,,,,,,,,,,,,,,,,,,,,,,,,,,,,,,,,,,,,,,,,,,,,,
International trade: imports (million current US$),59 194,62 068,70 162e,International trade: balance (million current US$),-781,1 994,- 20 401e,"Balance of payments, current account (million US$)",8 154,16 205,24 350e,,,,,,,,,,,,,,,,,,,,,,,,,,,,,,,,,,,,,,,,,,,,,,,,,,,,,,,,
International trade: balance (million current US$),-781,1 994,- 20 401e,"Balance of payments, current account (million US$)",8 154,16 205,24 350e,,,,,,,,,,,,,,,,,,,,,,,,,,,,,,,,,,,,,,,,,,,,,,,,,,,,,,,,,,,,
"Balance of payments, current account (million US$)",8 154,16 205,24 350e,,,,,,,,,,,,,,,,,,,,,,,,,,,,,,,,,,,,,,,,,,,,,,,,,,,,,,,,,,,,,,,,
