0,1,2,3,4,5,6,7,8,9,10,11,12,13,14,15,16,17,18,19,20,21,22,23,24,25,26,27,28,29,30,31,32,33,34,35,36,37,38,39,40,41,42,43,44,45,46,47,48,49,50,51,52,53,54,55,56,57,58,59,60,61,62,63,64,65,66,67
,2010,2015,2021,,,,,,,,,,,,,,,,,,,,,,,,,,,,,,,,,,,,,,,,,,,,,,,,,,,,,,,,,,,,,,,,
GDP: Gross domestic product (million current US$),59 808,49 531,60 415b,"GDP growth rate (annual %, const. 2015 prices)",-1.5,2.4,2.9b,GDP per capita (current US$),13 818.3,11 701.4,14 627.3b,Economy: Agriculturee (% of Gross Value Added),4.4,3.6,3.4b,"Economy: Industryf,g (% of Gross Value Added)",26.1,25.8,24.6b,Economy: Services and other activityh (% of GVA),69.5,70.6,72b,Employment in agriculture (% of employed),14.3,9.2,"5.8i,d",Employment in industry (% of employed),27.5,26.7,"27.5i,d",Employment in services (% employed),58.3,64.1,"66.8i,d",Unemploymenti (% of labour force),11.6,16.2,7.1d,Labour force participation ratei (female/male pop. %),46.2 /       59.8,46.6 /       59.2,45.3 /       57.2d,CPI: Consumer Price Index (2010=100),100,107,110d,Agricultural production index (2014-2016=100),92,97,80b,International trade: exports (million current US$),11 811,12 844,16 965d,International trade: imports (million current US$),20 067,20 580,25 987d,International trade: balance (million current US$),- 8 256,- 7 737,- 9 021d,"Balance of payments, current account (million US$)",- 1 485,1 595,-532d
"GDP growth rate (annual %, const. 2015 prices)",-1.5,2.4,2.9b,GDP per capita (current US$),13 818.3,11 701.4,14 627.3b,Economy: Agriculturee (% of Gross Value Added),4.4,3.6,3.4b,"Economy: Industryf,g (% of Gross Value Added)",26.1,25.8,24.6b,Economy: Services and other activityh (% of GVA),69.5,70.6,72b,Employment in agriculture (% of employed),14.3,9.2,"5.8i,d",Employment in industry (% of employed),27.5,26.7,"27.5i,d",Employment in services (% employed),58.3,64.1,"66.8i,d",Unemploymenti (% of labour force),11.6,16.2,7.1d,Labour force participation ratei (female/male pop. %),46.2 /       59.8,46.6 /       59.2,45.3 /       57.2d,CPI: Consumer Price Index (2010=100),100,107,110d,Agricultural production index (2014-2016=100),92,97,80b,International trade: exports (million current US$),11 811,12 844,16 965d,International trade: imports (million current US$),20 067,20 580,25 987d,International trade: balance (million current US$),- 8 256,- 7 737,- 9 021d,"Balance of payments, current account (million US$)",- 1 485,1 595,-532d,,,,
GDP per capita (current US$),13 818.3,11 701.4,14 627.3b,Economy: Agriculturee (% of Gross Value Added),4.4,3.6,3.4b,"Economy: Industryf,g (% of Gross Value Added)",26.1,25.8,24.6b,Economy: Services and other activityh (% of GVA),69.5,70.6,72b,Employment in agriculture (% of employed),14.3,9.2,"5.8i,d",Employment in industry (% of employed),27.5,26.7,"27.5i,d",Employment in services (% employed),58.3,64.1,"66.8i,d",Unemploymenti (% of labour force),11.6,16.2,7.1d,Labour force participation ratei (female/male pop. %),46.2 /       59.8,46.6 /       59.2,45.3 /       57.2d,CPI: Consumer Price Index (2010=100),100,107,110d,Agricultural production index (2014-2016=100),92,97,80b,International trade: exports (million current US$),11 811,12 844,16 965d,International trade: imports (million current US$),20 067,20 580,25 987d,International trade: balance (million current US$),- 8 256,- 7 737,- 9 021d,"Balance of payments, current account (million US$)",- 1 485,1 595,-532d,,,,,,,,
Economy: Agriculturee (% of Gross Value Added),4.4,3.6,3.4b,"Economy: Industryf,g (% of Gross Value Added)",26.1,25.8,24.6b,Economy: Services and other activityh (% of GVA),69.5,70.6,72b,Employment in agriculture (% of employed),14.3,9.2,"5.8i,d",Employment in industry (% of employed),27.5,26.7,"27.5i,d",Employment in services (% employed),58.3,64.1,"66.8i,d",Unemploymenti (% of labour force),11.6,16.2,7.1d,Labour force participation ratei (female/male pop. %),46.2 /       59.8,46.6 /       59.2,45.3 /       57.2d,CPI: Consumer Price Index (2010=100),100,107,110d,Agricultural production index (2014-2016=100),92,97,80b,International trade: exports (million current US$),11 811,12 844,16 965d,International trade: imports (million current US$),20 067,20 580,25 987d,International trade: balance (million current US$),- 8 256,- 7 737,- 9 021d,"Balance of payments, current account (million US$)",- 1 485,1 595,-532d,,,,,,,,,,,,
"Economy: Industryf,g (% of Gross Value Added)",26.1,25.8,24.6b,Economy: Services and other activityh (% of GVA),69.5,70.6,72b,Employment in agriculture (% of employed),14.3,9.2,"5.8i,d",Employment in industry (% of employed),27.5,26.7,"27.5i,d",Employment in services (% employed),58.3,64.1,"66.8i,d",Unemploymenti (% of labour force),11.6,16.2,7.1d,Labour force participation ratei (female/male pop. %),46.2 /       59.8,46.6 /       59.2,45.3 /       57.2d,CPI: Consumer Price Index (2010=100),100,107,110d,Agricultural production index (2014-2016=100),92,97,80b,International trade: exports (million current US$),11 811,12 844,16 965d,International trade: imports (million current US$),20 067,20 580,25 987d,International trade: balance (million current US$),- 8 256,- 7 737,- 9 021d,"Balance of payments, current account (million US$)",- 1 485,1 595,-532d,,,,,,,,,,,,,,,,
Economy: Services and other activityh (% of GVA),69.5,70.6,72b,Employment in agriculture (% of employed),14.3,9.2,"5.8i,d",Employment in industry (% of employed),27.5,26.7,"27.5i,d",Employment in services (% employed),58.3,64.1,"66.8i,d",Unemploymenti (% of labour force),11.6,16.2,7.1d,Labour force participation ratei (female/male pop. %),46.2 /       59.8,46.6 /       59.2,45.3 /       57.2d,CPI: Consumer Price Index (2010=100),100,107,110d,Agricultural production index (2014-2016=100),92,97,80b,International trade: exports (million current US$),11 811,12 844,16 965d,International trade: imports (million current US$),20 067,20 580,25 987d,International trade: balance (million current US$),- 8 256,- 7 737,- 9 021d,"Balance of payments, current account (million US$)",- 1 485,1 595,-532d,,,,,,,,,,,,,,,,,,,,
Employment in agriculture (% of employed),14.3,9.2,"5.8i,d",Employment in industry (% of employed),27.5,26.7,"27.5i,d",Employment in services (% employed),58.3,64.1,"66.8i,d",Unemploymenti (% of labour force),11.6,16.2,7.1d,Labour force participation ratei (female/male pop. %),46.2 /       59.8,46.6 /       59.2,45.3 /       57.2d,CPI: Consumer Price Index (2010=100),100,107,110d,Agricultural production index (2014-2016=100),92,97,80b,International trade: exports (million current US$),11 811,12 844,16 965d,International trade: imports (million current US$),20 067,20 580,25 987d,International trade: balance (million current US$),- 8 256,- 7 737,- 9 021d,"Balance of payments, current account (million US$)",- 1 485,1 595,-532d,,,,,,,,,,,,,,,,,,,,,,,,
Employment in industry (% of employed),27.5,26.7,"27.5i,d",Employment in services (% employed),58.3,64.1,"66.8i,d",Unemploymenti (% of labour force),11.6,16.2,7.1d,Labour force participation ratei (female/male pop. %),46.2 /       59.8,46.6 /       59.2,45.3 /       57.2d,CPI: Consumer Price Index (2010=100),100,107,110d,Agricultural production index (2014-2016=100),92,97,80b,International trade: exports (million current US$),11 811,12 844,16 965d,International trade: imports (million current US$),20 067,20 580,25 987d,International trade: balance (million current US$),- 8 256,- 7 737,- 9 021d,"Balance of payments, current account (million US$)",- 1 485,1 595,-532d,,,,,,,,,,,,,,,,,,,,,,,,,,,,
Employment in services (% employed),58.3,64.1,"66.8i,d",Unemploymenti (% of labour force),11.6,16.2,7.1d,Labour force participation ratei (female/male pop. %),46.2 /       59.8,46.6 /       59.2,45.3 /       57.2d,CPI: Consumer Price Index (2010=100),100,107,110d,Agricultural production index (2014-2016=100),92,97,80b,International trade: exports (million current US$),11 811,12 844,16 965d,International trade: imports (million current US$),20 067,20 580,25 987d,International trade: balance (million current US$),- 8 256,- 7 737,- 9 021d,"Balance of payments, current account (million US$)",- 1 485,1 595,-532d,,,,,,,,,,,,,,,,,,,,,,,,,,,,,,,,
Unemploymenti (% of labour force),11.6,16.2,7.1d,Labour force participation ratei (female/male pop. %),46.2 /       59.8,46.6 /       59.2,45.3 /       57.2d,CPI: Consumer Price Index (2010=100),100,107,110d,Agricultural production index (2014-2016=100),92,97,80b,International trade: exports (million current US$),11 811,12 844,16 965d,International trade: imports (million current US$),20 067,20 580,25 987d,International trade: balance (million current US$),- 8 256,- 7 737,- 9 021d,"Balance of payments, current account (million US$)",- 1 485,1 595,-532d,,,,,,,,,,,,,,,,,,,,,,,,,,,,,,,,,,,,
Labour force participation ratei (female/male pop. %),46.2 /       59.8,46.6 /       59.2,45.3 /       57.2d,CPI: Consumer Price Index (2010=100),100,107,110d,Agricultural production index (2014-2016=100),92,97,80b,International trade: exports (million current US$),11 811,12 844,16 965d,International trade: imports (million current US$),20 067,20 580,25 987d,International trade: balance (million current US$),- 8 256,- 7 737,- 9 021d,"Balance of payments, current account (million US$)",- 1 485,1 595,-532d,,,,,,,,,,,,,,,,,,,,,,,,,,,,,,,,,,,,,,,,
CPI: Consumer Price Index (2010=100),100,107,110d,Agricultural production index (2014-2016=100),92,97,80b,International trade: exports (million current US$),11 811,12 844,16 965d,International trade: imports (million current US$),20 067,20 580,25 987d,International trade: balance (million current US$),- 8 256,- 7 737,- 9 021d,"Balance of payments, current account (million US$)",- 1 485,1 595,-532d,,,,,,,,,,,,,,,,,,,,,,,,,,,,,,,,,,,,,,,,,,,,
Agricultural production index (2014-2016=100),92,97,80b,International trade: exports (million current US$),11 811,12 844,16 965d,International trade: imports (million current US$),20 067,20 580,25 987d,International trade: balance (million current US$),- 8 256,- 7 737,- 9 021d,"Balance of payments, current account (million US$)",- 1 485,1 595,-532d,,,,,,,,,,,,,,,,,,,,,,,,,,,,,,,,,,,,,,,,,,,,,,,,
International trade: exports (million current US$),11 811,12 844,16 965d,International trade: imports (million current US$),20 067,20 580,25 987d,International trade: balance (million current US$),- 8 256,- 7 737,- 9 021d,"Balance of payments, current account (million US$)",- 1 485,1 595,-532d,,,,,,,,,,,,,,,,,,,,,,,,,,,,,,,,,,,,,,,,,,,,,,,,,,,,
International trade: imports (million current US$),20 067,20 580,25 987d,International trade: balance (million current US$),- 8 256,- 7 737,- 9 021d,"Balance of payments, current account (million US$)",- 1 485,1 595,-532d,,,,,,,,,,,,,,,,,,,,,,,,,,,,,,,,,,,,,,,,,,,,,,,,,,,,,,,,
International trade: balance (million current US$),- 8 256,- 7 737,- 9 021d,"Balance of payments, current account (million US$)",- 1 485,1 595,-532d,,,,,,,,,,,,,,,,,,,,,,,,,,,,,,,,,,,,,,,,,,,,,,,,,,,,,,,,,,,,
"Balance of payments, current account (million US$)",- 1 485,1 595,-532d,,,,,,,,,,,,,,,,,,,,,,,,,,,,,,,,,,,,,,,,,,,,,,,,,,,,,,,,,,,,,,,,
