0,1,2,3,4,5,6,7,8,9,10,11,12,13,14,15,16,17,18,19,20,21,22,23,24,25,26,27,28,29,30,31,32,33,34,35,36,37,38,39,40,41,42,43,44,45,46,47,48,49,50,51
,2010,2015,2021,,,,,,,,,,,,,,,,,,,,,,,,,,,,,,,,,,,,,,,,,,,,,,,,
Individuals using the Internet (per 100 inhabitants),56.6q,69.8r,79.1b,Research & Development expenditure (% of GDP),0.7,0.8,"1s,l",Threatened species (number),101,159,219,Forested area (% of land area),34.3,34,34.2l,CO2 emission estimates (million tons/tons per capita),18.2 /        4.2,15.5 /        3.7,15.3 /        3.7l,"Energy production, primary (Petajoules)",215,184,175l,Energy supply per capita (Gigajoules),90,83,85l,Tourist/visitor arrivals at national borderst (000),9 111,12 683,17 353b,Important sites for terrestrial biodiversity protected (%),24,76.9,76.9d,"Pop. using safely managed drinking water (urban/rural, %)",93.5 /       68.5u,93.5 / ...,93.5 / ...d,Pop. using safely managed sanitation (urban/rural %),89.5 / ...,84.0 / ...,75.6 / ...d,Net Official Development Assist. disbursed (% of GNI),...,0.09,0.1o,Net Official Development Assist. received (% of GNI),0.23,...,...
Research & Development expenditure (% of GDP),0.7,0.8,"1s,l",Threatened species (number),101,159,219,Forested area (% of land area),34.3,34,34.2l,CO2 emission estimates (million tons/tons per capita),18.2 /        4.2,15.5 /        3.7,15.3 /        3.7l,"Energy production, primary (Petajoules)",215,184,175l,Energy supply per capita (Gigajoules),90,83,85l,Tourist/visitor arrivals at national borderst (000),9 111,12 683,17 353b,Important sites for terrestrial biodiversity protected (%),24,76.9,76.9d,"Pop. using safely managed drinking water (urban/rural, %)",93.5 /       68.5u,93.5 / ...,93.5 / ...d,Pop. using safely managed sanitation (urban/rural %),89.5 / ...,84.0 / ...,75.6 / ...d,Net Official Development Assist. disbursed (% of GNI),...,0.09,0.1o,Net Official Development Assist. received (% of GNI),0.23,...,...,,,,
Threatened species (number),101,159,219,Forested area (% of land area),34.3,34,34.2l,CO2 emission estimates (million tons/tons per capita),18.2 /        4.2,15.5 /        3.7,15.3 /        3.7l,"Energy production, primary (Petajoules)",215,184,175l,Energy supply per capita (Gigajoules),90,83,85l,Tourist/visitor arrivals at national borderst (000),9 111,12 683,17 353b,Important sites for terrestrial biodiversity protected (%),24,76.9,76.9d,"Pop. using safely managed drinking water (urban/rural, %)",93.5 /       68.5u,93.5 / ...,93.5 / ...d,Pop. using safely managed sanitation (urban/rural %),89.5 / ...,84.0 / ...,75.6 / ...d,Net Official Development Assist. disbursed (% of GNI),...,0.09,0.1o,Net Official Development Assist. received (% of GNI),0.23,...,...,,,,,,,,
Forested area (% of land area),34.3,34,34.2l,CO2 emission estimates (million tons/tons per capita),18.2 /        4.2,15.5 /        3.7,15.3 /        3.7l,"Energy production, primary (Petajoules)",215,184,175l,Energy supply per capita (Gigajoules),90,83,85l,Tourist/visitor arrivals at national borderst (000),9 111,12 683,17 353b,Important sites for terrestrial biodiversity protected (%),24,76.9,76.9d,"Pop. using safely managed drinking water (urban/rural, %)",93.5 /       68.5u,93.5 / ...,93.5 / ...d,Pop. using safely managed sanitation (urban/rural %),89.5 / ...,84.0 / ...,75.6 / ...d,Net Official Development Assist. disbursed (% of GNI),...,0.09,0.1o,Net Official Development Assist. received (% of GNI),0.23,...,...,,,,,,,,,,,,
CO2 emission estimates (million tons/tons per capita),18.2 /        4.2,15.5 /        3.7,15.3 /        3.7l,"Energy production, primary (Petajoules)",215,184,175l,Energy supply per capita (Gigajoules),90,83,85l,Tourist/visitor arrivals at national borderst (000),9 111,12 683,17 353b,Important sites for terrestrial biodiversity protected (%),24,76.9,76.9d,"Pop. using safely managed drinking water (urban/rural, %)",93.5 /       68.5u,93.5 / ...,93.5 / ...d,Pop. using safely managed sanitation (urban/rural %),89.5 / ...,84.0 / ...,75.6 / ...d,Net Official Development Assist. disbursed (% of GNI),...,0.09,0.1o,Net Official Development Assist. received (% of GNI),0.23,...,...,,,,,,,,,,,,,,,,
"Energy production, primary (Petajoules)",215,184,175l,Energy supply per capita (Gigajoules),90,83,85l,Tourist/visitor arrivals at national borderst (000),9 111,12 683,17 353b,Important sites for terrestrial biodiversity protected (%),24,76.9,76.9d,"Pop. using safely managed drinking water (urban/rural, %)",93.5 /       68.5u,93.5 / ...,93.5 / ...d,Pop. using safely managed sanitation (urban/rural %),89.5 / ...,84.0 / ...,75.6 / ...d,Net Official Development Assist. disbursed (% of GNI),...,0.09,0.1o,Net Official Development Assist. received (% of GNI),0.23,...,...,,,,,,,,,,,,,,,,,,,,
Energy supply per capita (Gigajoules),90,83,85l,Tourist/visitor arrivals at national borderst (000),9 111,12 683,17 353b,Important sites for terrestrial biodiversity protected (%),24,76.9,76.9d,"Pop. using safely managed drinking water (urban/rural, %)",93.5 /       68.5u,93.5 / ...,93.5 / ...d,Pop. using safely managed sanitation (urban/rural %),89.5 / ...,84.0 / ...,75.6 / ...d,Net Official Development Assist. disbursed (% of GNI),...,0.09,0.1o,Net Official Development Assist. received (% of GNI),0.23,...,...,,,,,,,,,,,,,,,,,,,,,,,,
Tourist/visitor arrivals at national borderst (000),9 111,12 683,17 353b,Important sites for terrestrial biodiversity protected (%),24,76.9,76.9d,"Pop. using safely managed drinking water (urban/rural, %)",93.5 /       68.5u,93.5 / ...,93.5 / ...d,Pop. using safely managed sanitation (urban/rural %),89.5 / ...,84.0 / ...,75.6 / ...d,Net Official Development Assist. disbursed (% of GNI),...,0.09,0.1o,Net Official Development Assist. received (% of GNI),0.23,...,...,,,,,,,,,,,,,,,,,,,,,,,,,,,,
Important sites for terrestrial biodiversity protected (%),24,76.9,76.9d,"Pop. using safely managed drinking water (urban/rural, %)",93.5 /       68.5u,93.5 / ...,93.5 / ...d,Pop. using safely managed sanitation (urban/rural %),89.5 / ...,84.0 / ...,75.6 / ...d,Net Official Development Assist. disbursed (% of GNI),...,0.09,0.1o,Net Official Development Assist. received (% of GNI),0.23,...,...,,,,,,,,,,,,,,,,,,,,,,,,,,,,,,,,
"Pop. using safely managed drinking water (urban/rural, %)",93.5 /       68.5u,93.5 / ...,93.5 / ...d,Pop. using safely managed sanitation (urban/rural %),89.5 / ...,84.0 / ...,75.6 / ...d,Net Official Development Assist. disbursed (% of GNI),...,0.09,0.1o,Net Official Development Assist. received (% of GNI),0.23,...,...,,,,,,,,,,,,,,,,,,,,,,,,,,,,,,,,,,,,
Pop. using safely managed sanitation (urban/rural %),89.5 / ...,84.0 / ...,75.6 / ...d,Net Official Development Assist. disbursed (% of GNI),...,0.09,0.1o,Net Official Development Assist. received (% of GNI),0.23,...,...,,,,,,,,,,,,,,,,,,,,,,,,,,,,,,,,,,,,,,,,
Net Official Development Assist. disbursed (% of GNI),...,0.09,0.1o,Net Official Development Assist. received (% of GNI),0.23,...,...,,,,,,,,,,,,,,,,,,,,,,,,,,,,,,,,,,,,,,,,,,,,
Net Official Development Assist. received (% of GNI),0.23,...,...,,,,,,,,,,,,,,,,,,,,,,,,,,,,,,,,,,,,,,,,,,,,,,,,
