0,1,2,3,4,5,6,7,8,9,10,11,12,13,14,15,16,17,18,19,20,21,22,23,24,25,26,27,28,29,30,31,32,33,34,35,36,37,38,39,40,41,42,43,44,45,46,47,48,49,50,51,52,53,54,55,56,57,58,59,60,61,62,63,64,65,66,67
,2010,2015,2021,,,,,,,,,,,,,,,,,,,,,,,,,,,,,,,,,,,,,,,,,,,,,,,,,,,,,,,,,,,,,,,,
GDP: Gross domestic product (million current US$),50 364,50 631,67 926b,"GDP growth rate (annual %, const. 2015 prices)",0.6,4,3.4b,GDP per capita (current US$),6 783.0,7 032.3,9 703.5b,Economy: Agricultured (% of Gross Value Added),4.6,4.7,3.7b,"Economy: Industrye,f (% of Gross Value Added)",26.8,27.4,25.6b,Economy: Services and other activityg (% of GVA),68.6,67.9,70.8b,Employment in agriculture (% of employed),6.8,6.9,"6.3h,c",Employment in industry (% of employed),33,29.9,"30.1h,c",Employment in services (% employed),60.2,63.2,"63.7h,c",Unemploymenth (% of labour force),10.3,9.1,3.8c,Labour force participation rateh (female/male pop. %),47.7 /       59.5,48.6 /       60.1,49.1 /       61.9c,CPI: Consumer Price Indexi (2010=100),100,107,116c,Agricultural production index (2014-2016=100),92,98,106b,International trade: exports (million current US$),20 608,25 779,"31 801h,c",International trade: imports (million current US$),25 360,29 265,"34 880h,c",International trade: balance (million current US$),- 4 752,- 3 486,"- 3 079h,c","Balance of payments, current account (million US$)",-965,-123,-538c
"GDP growth rate (annual %, const. 2015 prices)",0.6,4,3.4b,GDP per capita (current US$),6 783.0,7 032.3,9 703.5b,Economy: Agricultured (% of Gross Value Added),4.6,4.7,3.7b,"Economy: Industrye,f (% of Gross Value Added)",26.8,27.4,25.6b,Economy: Services and other activityg (% of GVA),68.6,67.9,70.8b,Employment in agriculture (% of employed),6.8,6.9,"6.3h,c",Employment in industry (% of employed),33,29.9,"30.1h,c",Employment in services (% employed),60.2,63.2,"63.7h,c",Unemploymenth (% of labour force),10.3,9.1,3.8c,Labour force participation rateh (female/male pop. %),47.7 /       59.5,48.6 /       60.1,49.1 /       61.9c,CPI: Consumer Price Indexi (2010=100),100,107,116c,Agricultural production index (2014-2016=100),92,98,106b,International trade: exports (million current US$),20 608,25 779,"31 801h,c",International trade: imports (million current US$),25 360,29 265,"34 880h,c",International trade: balance (million current US$),- 4 752,- 3 486,"- 3 079h,c","Balance of payments, current account (million US$)",-965,-123,-538c,,,,
GDP per capita (current US$),6 783.0,7 032.3,9 703.5b,Economy: Agricultured (% of Gross Value Added),4.6,4.7,3.7b,"Economy: Industrye,f (% of Gross Value Added)",26.8,27.4,25.6b,Economy: Services and other activityg (% of GVA),68.6,67.9,70.8b,Employment in agriculture (% of employed),6.8,6.9,"6.3h,c",Employment in industry (% of employed),33,29.9,"30.1h,c",Employment in services (% employed),60.2,63.2,"63.7h,c",Unemploymenth (% of labour force),10.3,9.1,3.8c,Labour force participation rateh (female/male pop. %),47.7 /       59.5,48.6 /       60.1,49.1 /       61.9c,CPI: Consumer Price Indexi (2010=100),100,107,116c,Agricultural production index (2014-2016=100),92,98,106b,International trade: exports (million current US$),20 608,25 779,"31 801h,c",International trade: imports (million current US$),25 360,29 265,"34 880h,c",International trade: balance (million current US$),- 4 752,- 3 486,"- 3 079h,c","Balance of payments, current account (million US$)",-965,-123,-538c,,,,,,,,
Economy: Agricultured (% of Gross Value Added),4.6,4.7,3.7b,"Economy: Industrye,f (% of Gross Value Added)",26.8,27.4,25.6b,Economy: Services and other activityg (% of GVA),68.6,67.9,70.8b,Employment in agriculture (% of employed),6.8,6.9,"6.3h,c",Employment in industry (% of employed),33,29.9,"30.1h,c",Employment in services (% employed),60.2,63.2,"63.7h,c",Unemploymenth (% of labour force),10.3,9.1,3.8c,Labour force participation rateh (female/male pop. %),47.7 /       59.5,48.6 /       60.1,49.1 /       61.9c,CPI: Consumer Price Indexi (2010=100),100,107,116c,Agricultural production index (2014-2016=100),92,98,106b,International trade: exports (million current US$),20 608,25 779,"31 801h,c",International trade: imports (million current US$),25 360,29 265,"34 880h,c",International trade: balance (million current US$),- 4 752,- 3 486,"- 3 079h,c","Balance of payments, current account (million US$)",-965,-123,-538c,,,,,,,,,,,,
"Economy: Industrye,f (% of Gross Value Added)",26.8,27.4,25.6b,Economy: Services and other activityg (% of GVA),68.6,67.9,70.8b,Employment in agriculture (% of employed),6.8,6.9,"6.3h,c",Employment in industry (% of employed),33,29.9,"30.1h,c",Employment in services (% employed),60.2,63.2,"63.7h,c",Unemploymenth (% of labour force),10.3,9.1,3.8c,Labour force participation rateh (female/male pop. %),47.7 /       59.5,48.6 /       60.1,49.1 /       61.9c,CPI: Consumer Price Indexi (2010=100),100,107,116c,Agricultural production index (2014-2016=100),92,98,106b,International trade: exports (million current US$),20 608,25 779,"31 801h,c",International trade: imports (million current US$),25 360,29 265,"34 880h,c",International trade: balance (million current US$),- 4 752,- 3 486,"- 3 079h,c","Balance of payments, current account (million US$)",-965,-123,-538c,,,,,,,,,,,,,,,,
Economy: Services and other activityg (% of GVA),68.6,67.9,70.8b,Employment in agriculture (% of employed),6.8,6.9,"6.3h,c",Employment in industry (% of employed),33,29.9,"30.1h,c",Employment in services (% employed),60.2,63.2,"63.7h,c",Unemploymenth (% of labour force),10.3,9.1,3.8c,Labour force participation rateh (female/male pop. %),47.7 /       59.5,48.6 /       60.1,49.1 /       61.9c,CPI: Consumer Price Indexi (2010=100),100,107,116c,Agricultural production index (2014-2016=100),92,98,106b,International trade: exports (million current US$),20 608,25 779,"31 801h,c",International trade: imports (million current US$),25 360,29 265,"34 880h,c",International trade: balance (million current US$),- 4 752,- 3 486,"- 3 079h,c","Balance of payments, current account (million US$)",-965,-123,-538c,,,,,,,,,,,,,,,,,,,,
Employment in agriculture (% of employed),6.8,6.9,"6.3h,c",Employment in industry (% of employed),33,29.9,"30.1h,c",Employment in services (% employed),60.2,63.2,"63.7h,c",Unemploymenth (% of labour force),10.3,9.1,3.8c,Labour force participation rateh (female/male pop. %),47.7 /       59.5,48.6 /       60.1,49.1 /       61.9c,CPI: Consumer Price Indexi (2010=100),100,107,116c,Agricultural production index (2014-2016=100),92,98,106b,International trade: exports (million current US$),20 608,25 779,"31 801h,c",International trade: imports (million current US$),25 360,29 265,"34 880h,c",International trade: balance (million current US$),- 4 752,- 3 486,"- 3 079h,c","Balance of payments, current account (million US$)",-965,-123,-538c,,,,,,,,,,,,,,,,,,,,,,,,
Employment in industry (% of employed),33,29.9,"30.1h,c",Employment in services (% employed),60.2,63.2,"63.7h,c",Unemploymenth (% of labour force),10.3,9.1,3.8c,Labour force participation rateh (female/male pop. %),47.7 /       59.5,48.6 /       60.1,49.1 /       61.9c,CPI: Consumer Price Indexi (2010=100),100,107,116c,Agricultural production index (2014-2016=100),92,98,106b,International trade: exports (million current US$),20 608,25 779,"31 801h,c",International trade: imports (million current US$),25 360,29 265,"34 880h,c",International trade: balance (million current US$),- 4 752,- 3 486,"- 3 079h,c","Balance of payments, current account (million US$)",-965,-123,-538c,,,,,,,,,,,,,,,,,,,,,,,,,,,,
Employment in services (% employed),60.2,63.2,"63.7h,c",Unemploymenth (% of labour force),10.3,9.1,3.8c,Labour force participation rateh (female/male pop. %),47.7 /       59.5,48.6 /       60.1,49.1 /       61.9c,CPI: Consumer Price Indexi (2010=100),100,107,116c,Agricultural production index (2014-2016=100),92,98,106b,International trade: exports (million current US$),20 608,25 779,"31 801h,c",International trade: imports (million current US$),25 360,29 265,"34 880h,c",International trade: balance (million current US$),- 4 752,- 3 486,"- 3 079h,c","Balance of payments, current account (million US$)",-965,-123,-538c,,,,,,,,,,,,,,,,,,,,,,,,,,,,,,,,
Unemploymenth (% of labour force),10.3,9.1,3.8c,Labour force participation rateh (female/male pop. %),47.7 /       59.5,48.6 /       60.1,49.1 /       61.9c,CPI: Consumer Price Indexi (2010=100),100,107,116c,Agricultural production index (2014-2016=100),92,98,106b,International trade: exports (million current US$),20 608,25 779,"31 801h,c",International trade: imports (million current US$),25 360,29 265,"34 880h,c",International trade: balance (million current US$),- 4 752,- 3 486,"- 3 079h,c","Balance of payments, current account (million US$)",-965,-123,-538c,,,,,,,,,,,,,,,,,,,,,,,,,,,,,,,,,,,,
Labour force participation rateh (female/male pop. %),47.7 /       59.5,48.6 /       60.1,49.1 /       61.9c,CPI: Consumer Price Indexi (2010=100),100,107,116c,Agricultural production index (2014-2016=100),92,98,106b,International trade: exports (million current US$),20 608,25 779,"31 801h,c",International trade: imports (million current US$),25 360,29 265,"34 880h,c",International trade: balance (million current US$),- 4 752,- 3 486,"- 3 079h,c","Balance of payments, current account (million US$)",-965,-123,-538c,,,,,,,,,,,,,,,,,,,,,,,,,,,,,,,,,,,,,,,,
CPI: Consumer Price Indexi (2010=100),100,107,116c,Agricultural production index (2014-2016=100),92,98,106b,International trade: exports (million current US$),20 608,25 779,"31 801h,c",International trade: imports (million current US$),25 360,29 265,"34 880h,c",International trade: balance (million current US$),- 4 752,- 3 486,"- 3 079h,c","Balance of payments, current account (million US$)",-965,-123,-538c,,,,,,,,,,,,,,,,,,,,,,,,,,,,,,,,,,,,,,,,,,,,
Agricultural production index (2014-2016=100),92,98,106b,International trade: exports (million current US$),20 608,25 779,"31 801h,c",International trade: imports (million current US$),25 360,29 265,"34 880h,c",International trade: balance (million current US$),- 4 752,- 3 486,"- 3 079h,c","Balance of payments, current account (million US$)",-965,-123,-538c,,,,,,,,,,,,,,,,,,,,,,,,,,,,,,,,,,,,,,,,,,,,,,,,
International trade: exports (million current US$),20 608,25 779,"31 801h,c",International trade: imports (million current US$),25 360,29 265,"34 880h,c",International trade: balance (million current US$),- 4 752,- 3 486,"- 3 079h,c","Balance of payments, current account (million US$)",-965,-123,-538c,,,,,,,,,,,,,,,,,,,,,,,,,,,,,,,,,,,,,,,,,,,,,,,,,,,,
International trade: imports (million current US$),25 360,29 265,"34 880h,c",International trade: balance (million current US$),- 4 752,- 3 486,"- 3 079h,c","Balance of payments, current account (million US$)",-965,-123,-538c,,,,,,,,,,,,,,,,,,,,,,,,,,,,,,,,,,,,,,,,,,,,,,,,,,,,,,,,
International trade: balance (million current US$),- 4 752,- 3 486,"- 3 079h,c","Balance of payments, current account (million US$)",-965,-123,-538c,,,,,,,,,,,,,,,,,,,,,,,,,,,,,,,,,,,,,,,,,,,,,,,,,,,,,,,,,,,,
"Balance of payments, current account (million US$)",-965,-123,-538c,,,,,,,,,,,,,,,,,,,,,,,,,,,,,,,,,,,,,,,,,,,,,,,,,,,,,,,,,,,,,,,,
