0,1,2,3,4,5,6,7,8,9,10,11,12,13,14,15,16,17,18,19,20,21,22,23,24,25,26,27,28,29,30,31,32,33,34,35,36,37,38,39,40,41,42,43
,2010,2015,2021,,,,,,,,,,,,,,,,,,,,,,,,,,,,,,,,,,,,,,,,
Individuals using the Internet (per 100 inhabitants),46.2p,56.7p,67.9b,Research & Development expenditure (% of GDP),0.6,1,0.8l,Threatened species (number),66,85,127,Forested areah (% of land area),34.4,35.3,35.6l,CO2 emission estimates (million tons/tons per capita),44.0 /        6.0,43.6 /        6.1,39.9 /        5.7l,"Energy production, primary (Petajoules)",442,507,506l,Energy supply per capita (Gigajoules),100,108,111l,Tourist/visitor arrivals at national borders (000),6 047,7 099,9 312b,Important sites for terrestrial biodiversity protected (%),95.7,95.7,96.6c,Pop. using safely managed sanitation (urban/rural %),56.9 /       43.4,66.3 /       52.2,76.1 /       60.1c,Net Official Development Assist. disbursed (% of GNI),0.09,0.09,0.11n
Research & Development expenditure (% of GDP),0.6,1,0.8l,Threatened species (number),66,85,127,Forested areah (% of land area),34.4,35.3,35.6l,CO2 emission estimates (million tons/tons per capita),44.0 /        6.0,43.6 /        6.1,39.9 /        5.7l,"Energy production, primary (Petajoules)",442,507,506l,Energy supply per capita (Gigajoules),100,108,111l,Tourist/visitor arrivals at national borders (000),6 047,7 099,9 312b,Important sites for terrestrial biodiversity protected (%),95.7,95.7,96.6c,Pop. using safely managed sanitation (urban/rural %),56.9 /       43.4,66.3 /       52.2,76.1 /       60.1c,Net Official Development Assist. disbursed (% of GNI),0.09,0.09,0.11n,,,,
Threatened species (number),66,85,127,Forested areah (% of land area),34.4,35.3,35.6l,CO2 emission estimates (million tons/tons per capita),44.0 /        6.0,43.6 /        6.1,39.9 /        5.7l,"Energy production, primary (Petajoules)",442,507,506l,Energy supply per capita (Gigajoules),100,108,111l,Tourist/visitor arrivals at national borders (000),6 047,7 099,9 312b,Important sites for terrestrial biodiversity protected (%),95.7,95.7,96.6c,Pop. using safely managed sanitation (urban/rural %),56.9 /       43.4,66.3 /       52.2,76.1 /       60.1c,Net Official Development Assist. disbursed (% of GNI),0.09,0.09,0.11n,,,,,,,,
Forested areah (% of land area),34.4,35.3,35.6l,CO2 emission estimates (million tons/tons per capita),44.0 /        6.0,43.6 /        6.1,39.9 /        5.7l,"Energy production, primary (Petajoules)",442,507,506l,Energy supply per capita (Gigajoules),100,108,111l,Tourist/visitor arrivals at national borders (000),6 047,7 099,9 312b,Important sites for terrestrial biodiversity protected (%),95.7,95.7,96.6c,Pop. using safely managed sanitation (urban/rural %),56.9 /       43.4,66.3 /       52.2,76.1 /       60.1c,Net Official Development Assist. disbursed (% of GNI),0.09,0.09,0.11n,,,,,,,,,,,,
CO2 emission estimates (million tons/tons per capita),44.0 /        6.0,43.6 /        6.1,39.9 /        5.7l,"Energy production, primary (Petajoules)",442,507,506l,Energy supply per capita (Gigajoules),100,108,111l,Tourist/visitor arrivals at national borders (000),6 047,7 099,9 312b,Important sites for terrestrial biodiversity protected (%),95.7,95.7,96.6c,Pop. using safely managed sanitation (urban/rural %),56.9 /       43.4,66.3 /       52.2,76.1 /       60.1c,Net Official Development Assist. disbursed (% of GNI),0.09,0.09,0.11n,,,,,,,,,,,,,,,,
"Energy production, primary (Petajoules)",442,507,506l,Energy supply per capita (Gigajoules),100,108,111l,Tourist/visitor arrivals at national borders (000),6 047,7 099,9 312b,Important sites for terrestrial biodiversity protected (%),95.7,95.7,96.6c,Pop. using safely managed sanitation (urban/rural %),56.9 /       43.4,66.3 /       52.2,76.1 /       60.1c,Net Official Development Assist. disbursed (% of GNI),0.09,0.09,0.11n,,,,,,,,,,,,,,,,,,,,
Energy supply per capita (Gigajoules),100,108,111l,Tourist/visitor arrivals at national borders (000),6 047,7 099,9 312b,Important sites for terrestrial biodiversity protected (%),95.7,95.7,96.6c,Pop. using safely managed sanitation (urban/rural %),56.9 /       43.4,66.3 /       52.2,76.1 /       60.1c,Net Official Development Assist. disbursed (% of GNI),0.09,0.09,0.11n,,,,,,,,,,,,,,,,,,,,,,,,
Tourist/visitor arrivals at national borders (000),6 047,7 099,9 312b,Important sites for terrestrial biodiversity protected (%),95.7,95.7,96.6c,Pop. using safely managed sanitation (urban/rural %),56.9 /       43.4,66.3 /       52.2,76.1 /       60.1c,Net Official Development Assist. disbursed (% of GNI),0.09,0.09,0.11n,,,,,,,,,,,,,,,,,,,,,,,,,,,,
Important sites for terrestrial biodiversity protected (%),95.7,95.7,96.6c,Pop. using safely managed sanitation (urban/rural %),56.9 /       43.4,66.3 /       52.2,76.1 /       60.1c,Net Official Development Assist. disbursed (% of GNI),0.09,0.09,0.11n,,,,,,,,,,,,,,,,,,,,,,,,,,,,,,,,
Pop. using safely managed sanitation (urban/rural %),56.9 /       43.4,66.3 /       52.2,76.1 /       60.1c,Net Official Development Assist. disbursed (% of GNI),0.09,0.09,0.11n,,,,,,,,,,,,,,,,,,,,,,,,,,,,,,,,,,,,
Net Official Development Assist. disbursed (% of GNI),0.09,0.09,0.11n,,,,,,,,,,,,,,,,,,,,,,,,,,,,,,,,,,,,,,,,
