0,1,2,3,4,5,6,7,8,9,10,11,12,13,14,15,16,17,18,19,20,21,22,23,24,25,26,27,28,29,30,31,32,33,34,35,36,37,38,39,40,41,42,43,44,45,46,47,48,49,50,51,52,53,54,55,56,57,58,59,60,61,62,63,64,65,66,67
,2010,2015,2021,,,,,,,,,,,,,,,,,,,,,,,,,,,,,,,,,,,,,,,,,,,,,,,,,,,,,,,,,,,,,,,,
Population growth ratej (average annual %),-0.7,-0.6,-0.7c,Urban population (% of total population),72.3,74,75.3b,Urban population growth ratej (average annual %),-0.3,-0.2,...,"Fertility rate, totalj (live births per woman)",1.5,1.5,1.6c,"Life expectancy at birthj (females/males, years)",76.8 /       69.7,77.8 /       70.8,78.5 /       71.3c,"Population age distribution (0-14/60+ years old, %)",13.5 /       25.3,14.3 /       27.0,14.7 /       28.4a,International migrant stock (000/% of total pop.),76.3 /        1.0,123.8 /        1.7,184.4 /        2.7c,Refugees and others of concern to UNHCR (000),6.9k,19,21.5c,Infant mortality ratej (per 1 000 live births),9.5,8.3,6.3c,Health: Current expenditure (% of GDP),7.1,7.4,7.3l,Health: Physicians (per 1 000 pop.),3.8,4,4.2l,Education: Government expenditure (% of GDP),3.9,4.1m,4.1n,Education: Primary gross enrol. ratio (f/m per 100 pop.),108.2 /      108.5,93.7 /       94.7,87.2 /       87.7l,Education: Secondary gross enrol. ratio (f/m per 100 pop.),88.2 /       92.1,100.6 /      103.9,95.2 /       98.4l,Education: Upper secondary gross enrol. ratio (f/m per 100 pop.),91.7 /       94.5,111.8 /      114.1,119.0 /      123.6l,Intentional homicide rate (per 100 000 pop.),2,1.8,1.3l,Seats held by women in national parliaments (%),20.8,20.4,27.1o
Urban population (% of total population),72.3,74,75.3b,Urban population growth ratej (average annual %),-0.3,-0.2,...,"Fertility rate, totalj (live births per woman)",1.5,1.5,1.6c,"Life expectancy at birthj (females/males, years)",76.8 /       69.7,77.8 /       70.8,78.5 /       71.3c,"Population age distribution (0-14/60+ years old, %)",13.5 /       25.3,14.3 /       27.0,14.7 /       28.4a,International migrant stock (000/% of total pop.),76.3 /        1.0,123.8 /        1.7,184.4 /        2.7c,Refugees and others of concern to UNHCR (000),6.9k,19,21.5c,Infant mortality ratej (per 1 000 live births),9.5,8.3,6.3c,Health: Current expenditure (% of GDP),7.1,7.4,7.3l,Health: Physicians (per 1 000 pop.),3.8,4,4.2l,Education: Government expenditure (% of GDP),3.9,4.1m,4.1n,Education: Primary gross enrol. ratio (f/m per 100 pop.),108.2 /      108.5,93.7 /       94.7,87.2 /       87.7l,Education: Secondary gross enrol. ratio (f/m per 100 pop.),88.2 /       92.1,100.6 /      103.9,95.2 /       98.4l,Education: Upper secondary gross enrol. ratio (f/m per 100 pop.),91.7 /       94.5,111.8 /      114.1,119.0 /      123.6l,Intentional homicide rate (per 100 000 pop.),2,1.8,1.3l,Seats held by women in national parliaments (%),20.8,20.4,27.1o,,,,
Urban population growth ratej (average annual %),-0.3,-0.2,...,"Fertility rate, totalj (live births per woman)",1.5,1.5,1.6c,"Life expectancy at birthj (females/males, years)",76.8 /       69.7,77.8 /       70.8,78.5 /       71.3c,"Population age distribution (0-14/60+ years old, %)",13.5 /       25.3,14.3 /       27.0,14.7 /       28.4a,International migrant stock (000/% of total pop.),76.3 /        1.0,123.8 /        1.7,184.4 /        2.7c,Refugees and others of concern to UNHCR (000),6.9k,19,21.5c,Infant mortality ratej (per 1 000 live births),9.5,8.3,6.3c,Health: Current expenditure (% of GDP),7.1,7.4,7.3l,Health: Physicians (per 1 000 pop.),3.8,4,4.2l,Education: Government expenditure (% of GDP),3.9,4.1m,4.1n,Education: Primary gross enrol. ratio (f/m per 100 pop.),108.2 /      108.5,93.7 /       94.7,87.2 /       87.7l,Education: Secondary gross enrol. ratio (f/m per 100 pop.),88.2 /       92.1,100.6 /      103.9,95.2 /       98.4l,Education: Upper secondary gross enrol. ratio (f/m per 100 pop.),91.7 /       94.5,111.8 /      114.1,119.0 /      123.6l,Intentional homicide rate (per 100 000 pop.),2,1.8,1.3l,Seats held by women in national parliaments (%),20.8,20.4,27.1o,,,,,,,,
"Fertility rate, totalj (live births per woman)",1.5,1.5,1.6c,"Life expectancy at birthj (females/males, years)",76.8 /       69.7,77.8 /       70.8,78.5 /       71.3c,"Population age distribution (0-14/60+ years old, %)",13.5 /       25.3,14.3 /       27.0,14.7 /       28.4a,International migrant stock (000/% of total pop.),76.3 /        1.0,123.8 /        1.7,184.4 /        2.7c,Refugees and others of concern to UNHCR (000),6.9k,19,21.5c,Infant mortality ratej (per 1 000 live births),9.5,8.3,6.3c,Health: Current expenditure (% of GDP),7.1,7.4,7.3l,Health: Physicians (per 1 000 pop.),3.8,4,4.2l,Education: Government expenditure (% of GDP),3.9,4.1m,4.1n,Education: Primary gross enrol. ratio (f/m per 100 pop.),108.2 /      108.5,93.7 /       94.7,87.2 /       87.7l,Education: Secondary gross enrol. ratio (f/m per 100 pop.),88.2 /       92.1,100.6 /      103.9,95.2 /       98.4l,Education: Upper secondary gross enrol. ratio (f/m per 100 pop.),91.7 /       94.5,111.8 /      114.1,119.0 /      123.6l,Intentional homicide rate (per 100 000 pop.),2,1.8,1.3l,Seats held by women in national parliaments (%),20.8,20.4,27.1o,,,,,,,,,,,,
"Life expectancy at birthj (females/males, years)",76.8 /       69.7,77.8 /       70.8,78.5 /       71.3c,"Population age distribution (0-14/60+ years old, %)",13.5 /       25.3,14.3 /       27.0,14.7 /       28.4a,International migrant stock (000/% of total pop.),76.3 /        1.0,123.8 /        1.7,184.4 /        2.7c,Refugees and others of concern to UNHCR (000),6.9k,19,21.5c,Infant mortality ratej (per 1 000 live births),9.5,8.3,6.3c,Health: Current expenditure (% of GDP),7.1,7.4,7.3l,Health: Physicians (per 1 000 pop.),3.8,4,4.2l,Education: Government expenditure (% of GDP),3.9,4.1m,4.1n,Education: Primary gross enrol. ratio (f/m per 100 pop.),108.2 /      108.5,93.7 /       94.7,87.2 /       87.7l,Education: Secondary gross enrol. ratio (f/m per 100 pop.),88.2 /       92.1,100.6 /      103.9,95.2 /       98.4l,Education: Upper secondary gross enrol. ratio (f/m per 100 pop.),91.7 /       94.5,111.8 /      114.1,119.0 /      123.6l,Intentional homicide rate (per 100 000 pop.),2,1.8,1.3l,Seats held by women in national parliaments (%),20.8,20.4,27.1o,,,,,,,,,,,,,,,,
"Population age distribution (0-14/60+ years old, %)",13.5 /       25.3,14.3 /       27.0,14.7 /       28.4a,International migrant stock (000/% of total pop.),76.3 /        1.0,123.8 /        1.7,184.4 /        2.7c,Refugees and others of concern to UNHCR (000),6.9k,19,21.5c,Infant mortality ratej (per 1 000 live births),9.5,8.3,6.3c,Health: Current expenditure (% of GDP),7.1,7.4,7.3l,Health: Physicians (per 1 000 pop.),3.8,4,4.2l,Education: Government expenditure (% of GDP),3.9,4.1m,4.1n,Education: Primary gross enrol. ratio (f/m per 100 pop.),108.2 /      108.5,93.7 /       94.7,87.2 /       87.7l,Education: Secondary gross enrol. ratio (f/m per 100 pop.),88.2 /       92.1,100.6 /      103.9,95.2 /       98.4l,Education: Upper secondary gross enrol. ratio (f/m per 100 pop.),91.7 /       94.5,111.8 /      114.1,119.0 /      123.6l,Intentional homicide rate (per 100 000 pop.),2,1.8,1.3l,Seats held by women in national parliaments (%),20.8,20.4,27.1o,,,,,,,,,,,,,,,,,,,,
International migrant stock (000/% of total pop.),76.3 /        1.0,123.8 /        1.7,184.4 /        2.7c,Refugees and others of concern to UNHCR (000),6.9k,19,21.5c,Infant mortality ratej (per 1 000 live births),9.5,8.3,6.3c,Health: Current expenditure (% of GDP),7.1,7.4,7.3l,Health: Physicians (per 1 000 pop.),3.8,4,4.2l,Education: Government expenditure (% of GDP),3.9,4.1m,4.1n,Education: Primary gross enrol. ratio (f/m per 100 pop.),108.2 /      108.5,93.7 /       94.7,87.2 /       87.7l,Education: Secondary gross enrol. ratio (f/m per 100 pop.),88.2 /       92.1,100.6 /      103.9,95.2 /       98.4l,Education: Upper secondary gross enrol. ratio (f/m per 100 pop.),91.7 /       94.5,111.8 /      114.1,119.0 /      123.6l,Intentional homicide rate (per 100 000 pop.),2,1.8,1.3l,Seats held by women in national parliaments (%),20.8,20.4,27.1o,,,,,,,,,,,,,,,,,,,,,,,,
Refugees and others of concern to UNHCR (000),6.9k,19,21.5c,Infant mortality ratej (per 1 000 live births),9.5,8.3,6.3c,Health: Current expenditure (% of GDP),7.1,7.4,7.3l,Health: Physicians (per 1 000 pop.),3.8,4,4.2l,Education: Government expenditure (% of GDP),3.9,4.1m,4.1n,Education: Primary gross enrol. ratio (f/m per 100 pop.),108.2 /      108.5,93.7 /       94.7,87.2 /       87.7l,Education: Secondary gross enrol. ratio (f/m per 100 pop.),88.2 /       92.1,100.6 /      103.9,95.2 /       98.4l,Education: Upper secondary gross enrol. ratio (f/m per 100 pop.),91.7 /       94.5,111.8 /      114.1,119.0 /      123.6l,Intentional homicide rate (per 100 000 pop.),2,1.8,1.3l,Seats held by women in national parliaments (%),20.8,20.4,27.1o,,,,,,,,,,,,,,,,,,,,,,,,,,,,
Infant mortality ratej (per 1 000 live births),9.5,8.3,6.3c,Health: Current expenditure (% of GDP),7.1,7.4,7.3l,Health: Physicians (per 1 000 pop.),3.8,4,4.2l,Education: Government expenditure (% of GDP),3.9,4.1m,4.1n,Education: Primary gross enrol. ratio (f/m per 100 pop.),108.2 /      108.5,93.7 /       94.7,87.2 /       87.7l,Education: Secondary gross enrol. ratio (f/m per 100 pop.),88.2 /       92.1,100.6 /      103.9,95.2 /       98.4l,Education: Upper secondary gross enrol. ratio (f/m per 100 pop.),91.7 /       94.5,111.8 /      114.1,119.0 /      123.6l,Intentional homicide rate (per 100 000 pop.),2,1.8,1.3l,Seats held by women in national parliaments (%),20.8,20.4,27.1o,,,,,,,,,,,,,,,,,,,,,,,,,,,,,,,,
Health: Current expenditure (% of GDP),7.1,7.4,7.3l,Health: Physicians (per 1 000 pop.),3.8,4,4.2l,Education: Government expenditure (% of GDP),3.9,4.1m,4.1n,Education: Primary gross enrol. ratio (f/m per 100 pop.),108.2 /      108.5,93.7 /       94.7,87.2 /       87.7l,Education: Secondary gross enrol. ratio (f/m per 100 pop.),88.2 /       92.1,100.6 /      103.9,95.2 /       98.4l,Education: Upper secondary gross enrol. ratio (f/m per 100 pop.),91.7 /       94.5,111.8 /      114.1,119.0 /      123.6l,Intentional homicide rate (per 100 000 pop.),2,1.8,1.3l,Seats held by women in national parliaments (%),20.8,20.4,27.1o,,,,,,,,,,,,,,,,,,,,,,,,,,,,,,,,,,,,
Health: Physicians (per 1 000 pop.),3.8,4,4.2l,Education: Government expenditure (% of GDP),3.9,4.1m,4.1n,Education: Primary gross enrol. ratio (f/m per 100 pop.),108.2 /      108.5,93.7 /       94.7,87.2 /       87.7l,Education: Secondary gross enrol. ratio (f/m per 100 pop.),88.2 /       92.1,100.6 /      103.9,95.2 /       98.4l,Education: Upper secondary gross enrol. ratio (f/m per 100 pop.),91.7 /       94.5,111.8 /      114.1,119.0 /      123.6l,Intentional homicide rate (per 100 000 pop.),2,1.8,1.3l,Seats held by women in national parliaments (%),20.8,20.4,27.1o,,,,,,,,,,,,,,,,,,,,,,,,,,,,,,,,,,,,,,,,
Education: Government expenditure (% of GDP),3.9,4.1m,4.1n,Education: Primary gross enrol. ratio (f/m per 100 pop.),108.2 /      108.5,93.7 /       94.7,87.2 /       87.7l,Education: Secondary gross enrol. ratio (f/m per 100 pop.),88.2 /       92.1,100.6 /      103.9,95.2 /       98.4l,Education: Upper secondary gross enrol. ratio (f/m per 100 pop.),91.7 /       94.5,111.8 /      114.1,119.0 /      123.6l,Intentional homicide rate (per 100 000 pop.),2,1.8,1.3l,Seats held by women in national parliaments (%),20.8,20.4,27.1o,,,,,,,,,,,,,,,,,,,,,,,,,,,,,,,,,,,,,,,,,,,,
Education: Primary gross enrol. ratio (f/m per 100 pop.),108.2 /      108.5,93.7 /       94.7,87.2 /       87.7l,Education: Secondary gross enrol. ratio (f/m per 100 pop.),88.2 /       92.1,100.6 /      103.9,95.2 /       98.4l,Education: Upper secondary gross enrol. ratio (f/m per 100 pop.),91.7 /       94.5,111.8 /      114.1,119.0 /      123.6l,Intentional homicide rate (per 100 000 pop.),2,1.8,1.3l,Seats held by women in national parliaments (%),20.8,20.4,27.1o,,,,,,,,,,,,,,,,,,,,,,,,,,,,,,,,,,,,,,,,,,,,,,,,
Education: Secondary gross enrol. ratio (f/m per 100 pop.),88.2 /       92.1,100.6 /      103.9,95.2 /       98.4l,Education: Upper secondary gross enrol. ratio (f/m per 100 pop.),91.7 /       94.5,111.8 /      114.1,119.0 /      123.6l,Intentional homicide rate (per 100 000 pop.),2,1.8,1.3l,Seats held by women in national parliaments (%),20.8,20.4,27.1o,,,,,,,,,,,,,,,,,,,,,,,,,,,,,,,,,,,,,,,,,,,,,,,,,,,,
Education: Upper secondary gross enrol. ratio (f/m per 100 pop.),91.7 /       94.5,111.8 /      114.1,119.0 /      123.6l,Intentional homicide rate (per 100 000 pop.),2,1.8,1.3l,Seats held by women in national parliaments (%),20.8,20.4,27.1o,,,,,,,,,,,,,,,,,,,,,,,,,,,,,,,,,,,,,,,,,,,,,,,,,,,,,,,,
Intentional homicide rate (per 100 000 pop.),2,1.8,1.3l,Seats held by women in national parliaments (%),20.8,20.4,27.1o,,,,,,,,,,,,,,,,,,,,,,,,,,,,,,,,,,,,,,,,,,,,,,,,,,,,,,,,,,,,
Seats held by women in national parliaments (%),20.8,20.4,27.1o,,,,,,,,,,,,,,,,,,,,,,,,,,,,,,,,,,,,,,,,,,,,,,,,,,,,,,,,,,,,,,,,
