0,1,2,3,4,5,6,7,8,9,10,11,12,13,14,15,16,17,18,19,20,21,22,23,24,25,26,27,28,29,30,31,32,33,34,35,36,37,38,39,40,41,42,43,44,45,46,47,48,49,50,51,52,53,54,55,56,57,58,59,60,61,62,63,64,65,66,67
,2010,2015,2021,,,,,,,,,,,,,,,,,,,,,,,,,,,,,,,,,,,,,,,,,,,,,,,,,,,,,,,,,,,,,,,,
GDP: Gross domestic product (million current US$),13 678,11 751,12 397b,"GDP growth rate (annual %, const. 2015 prices)",9.9,-3.2,-0.9b,GDP per capita (current US$),3 200.5,2 419.8,2 304.1b,Economy: Agriculture (% of Gross Value Added),4.2,6.3,7.5b,Economy: Industry (% of Gross Value Added),68,50,45.1b,Economy: Services and other activity (% of GVA),27.8,43.7,47.5b,Employment in agriculturee (% of employed),37.4,35,33.8d,Employment in industrye (% of employed),23.3,23,21.7d,Employment in servicese (% employed),39.2,42,44.5d,Unemploymente (% of labour force),14,9.9,9.3d,Labour force participation ratee (female/male pop. %),67.7 /       71.5,67.7 /       71.9,67.4 /       71.2d,"CPI: Consumer Price Indexe,f (2010=100)",100,116,127d,Agricultural production index (2014-2016=100),89,101,107b,International trade: exports (million current US$),6 918,8 623,"3 046e,d",International trade: imports (million current US$),4 369,10 550,"321e,d",International trade: balance (million current US$),2 548,- 1 927,"2 725e,d","Balance of payments, current account (million US$)",900,- 4 629,- 3 594g
"GDP growth rate (annual %, const. 2015 prices)",9.9,-3.2,-0.9b,GDP per capita (current US$),3 200.5,2 419.8,2 304.1b,Economy: Agriculture (% of Gross Value Added),4.2,6.3,7.5b,Economy: Industry (% of Gross Value Added),68,50,45.1b,Economy: Services and other activity (% of GVA),27.8,43.7,47.5b,Employment in agriculturee (% of employed),37.4,35,33.8d,Employment in industrye (% of employed),23.3,23,21.7d,Employment in servicese (% employed),39.2,42,44.5d,Unemploymente (% of labour force),14,9.9,9.3d,Labour force participation ratee (female/male pop. %),67.7 /       71.5,67.7 /       71.9,67.4 /       71.2d,"CPI: Consumer Price Indexe,f (2010=100)",100,116,127d,Agricultural production index (2014-2016=100),89,101,107b,International trade: exports (million current US$),6 918,8 623,"3 046e,d",International trade: imports (million current US$),4 369,10 550,"321e,d",International trade: balance (million current US$),2 548,- 1 927,"2 725e,d","Balance of payments, current account (million US$)",900,- 4 629,- 3 594g,,,,
GDP per capita (current US$),3 200.5,2 419.8,2 304.1b,Economy: Agriculture (% of Gross Value Added),4.2,6.3,7.5b,Economy: Industry (% of Gross Value Added),68,50,45.1b,Economy: Services and other activity (% of GVA),27.8,43.7,47.5b,Employment in agriculturee (% of employed),37.4,35,33.8d,Employment in industrye (% of employed),23.3,23,21.7d,Employment in servicese (% employed),39.2,42,44.5d,Unemploymente (% of labour force),14,9.9,9.3d,Labour force participation ratee (female/male pop. %),67.7 /       71.5,67.7 /       71.9,67.4 /       71.2d,"CPI: Consumer Price Indexe,f (2010=100)",100,116,127d,Agricultural production index (2014-2016=100),89,101,107b,International trade: exports (million current US$),6 918,8 623,"3 046e,d",International trade: imports (million current US$),4 369,10 550,"321e,d",International trade: balance (million current US$),2 548,- 1 927,"2 725e,d","Balance of payments, current account (million US$)",900,- 4 629,- 3 594g,,,,,,,,
Economy: Agriculture (% of Gross Value Added),4.2,6.3,7.5b,Economy: Industry (% of Gross Value Added),68,50,45.1b,Economy: Services and other activity (% of GVA),27.8,43.7,47.5b,Employment in agriculturee (% of employed),37.4,35,33.8d,Employment in industrye (% of employed),23.3,23,21.7d,Employment in servicese (% employed),39.2,42,44.5d,Unemploymente (% of labour force),14,9.9,9.3d,Labour force participation ratee (female/male pop. %),67.7 /       71.5,67.7 /       71.9,67.4 /       71.2d,"CPI: Consumer Price Indexe,f (2010=100)",100,116,127d,Agricultural production index (2014-2016=100),89,101,107b,International trade: exports (million current US$),6 918,8 623,"3 046e,d",International trade: imports (million current US$),4 369,10 550,"321e,d",International trade: balance (million current US$),2 548,- 1 927,"2 725e,d","Balance of payments, current account (million US$)",900,- 4 629,- 3 594g,,,,,,,,,,,,
Economy: Industry (% of Gross Value Added),68,50,45.1b,Economy: Services and other activity (% of GVA),27.8,43.7,47.5b,Employment in agriculturee (% of employed),37.4,35,33.8d,Employment in industrye (% of employed),23.3,23,21.7d,Employment in servicese (% employed),39.2,42,44.5d,Unemploymente (% of labour force),14,9.9,9.3d,Labour force participation ratee (female/male pop. %),67.7 /       71.5,67.7 /       71.9,67.4 /       71.2d,"CPI: Consumer Price Indexe,f (2010=100)",100,116,127d,Agricultural production index (2014-2016=100),89,101,107b,International trade: exports (million current US$),6 918,8 623,"3 046e,d",International trade: imports (million current US$),4 369,10 550,"321e,d",International trade: balance (million current US$),2 548,- 1 927,"2 725e,d","Balance of payments, current account (million US$)",900,- 4 629,- 3 594g,,,,,,,,,,,,,,,,
Economy: Services and other activity (% of GVA),27.8,43.7,47.5b,Employment in agriculturee (% of employed),37.4,35,33.8d,Employment in industrye (% of employed),23.3,23,21.7d,Employment in servicese (% employed),39.2,42,44.5d,Unemploymente (% of labour force),14,9.9,9.3d,Labour force participation ratee (female/male pop. %),67.7 /       71.5,67.7 /       71.9,67.4 /       71.2d,"CPI: Consumer Price Indexe,f (2010=100)",100,116,127d,Agricultural production index (2014-2016=100),89,101,107b,International trade: exports (million current US$),6 918,8 623,"3 046e,d",International trade: imports (million current US$),4 369,10 550,"321e,d",International trade: balance (million current US$),2 548,- 1 927,"2 725e,d","Balance of payments, current account (million US$)",900,- 4 629,- 3 594g,,,,,,,,,,,,,,,,,,,,
Employment in agriculturee (% of employed),37.4,35,33.8d,Employment in industrye (% of employed),23.3,23,21.7d,Employment in servicese (% employed),39.2,42,44.5d,Unemploymente (% of labour force),14,9.9,9.3d,Labour force participation ratee (female/male pop. %),67.7 /       71.5,67.7 /       71.9,67.4 /       71.2d,"CPI: Consumer Price Indexe,f (2010=100)",100,116,127d,Agricultural production index (2014-2016=100),89,101,107b,International trade: exports (million current US$),6 918,8 623,"3 046e,d",International trade: imports (million current US$),4 369,10 550,"321e,d",International trade: balance (million current US$),2 548,- 1 927,"2 725e,d","Balance of payments, current account (million US$)",900,- 4 629,- 3 594g,,,,,,,,,,,,,,,,,,,,,,,,
Employment in industrye (% of employed),23.3,23,21.7d,Employment in servicese (% employed),39.2,42,44.5d,Unemploymente (% of labour force),14,9.9,9.3d,Labour force participation ratee (female/male pop. %),67.7 /       71.5,67.7 /       71.9,67.4 /       71.2d,"CPI: Consumer Price Indexe,f (2010=100)",100,116,127d,Agricultural production index (2014-2016=100),89,101,107b,International trade: exports (million current US$),6 918,8 623,"3 046e,d",International trade: imports (million current US$),4 369,10 550,"321e,d",International trade: balance (million current US$),2 548,- 1 927,"2 725e,d","Balance of payments, current account (million US$)",900,- 4 629,- 3 594g,,,,,,,,,,,,,,,,,,,,,,,,,,,,
Employment in servicese (% employed),39.2,42,44.5d,Unemploymente (% of labour force),14,9.9,9.3d,Labour force participation ratee (female/male pop. %),67.7 /       71.5,67.7 /       71.9,67.4 /       71.2d,"CPI: Consumer Price Indexe,f (2010=100)",100,116,127d,Agricultural production index (2014-2016=100),89,101,107b,International trade: exports (million current US$),6 918,8 623,"3 046e,d",International trade: imports (million current US$),4 369,10 550,"321e,d",International trade: balance (million current US$),2 548,- 1 927,"2 725e,d","Balance of payments, current account (million US$)",900,- 4 629,- 3 594g,,,,,,,,,,,,,,,,,,,,,,,,,,,,,,,,
Unemploymente (% of labour force),14,9.9,9.3d,Labour force participation ratee (female/male pop. %),67.7 /       71.5,67.7 /       71.9,67.4 /       71.2d,"CPI: Consumer Price Indexe,f (2010=100)",100,116,127d,Agricultural production index (2014-2016=100),89,101,107b,International trade: exports (million current US$),6 918,8 623,"3 046e,d",International trade: imports (million current US$),4 369,10 550,"321e,d",International trade: balance (million current US$),2 548,- 1 927,"2 725e,d","Balance of payments, current account (million US$)",900,- 4 629,- 3 594g,,,,,,,,,,,,,,,,,,,,,,,,,,,,,,,,,,,,
Labour force participation ratee (female/male pop. %),67.7 /       71.5,67.7 /       71.9,67.4 /       71.2d,"CPI: Consumer Price Indexe,f (2010=100)",100,116,127d,Agricultural production index (2014-2016=100),89,101,107b,International trade: exports (million current US$),6 918,8 623,"3 046e,d",International trade: imports (million current US$),4 369,10 550,"321e,d",International trade: balance (million current US$),2 548,- 1 927,"2 725e,d","Balance of payments, current account (million US$)",900,- 4 629,- 3 594g,,,,,,,,,,,,,,,,,,,,,,,,,,,,,,,,,,,,,,,,
"CPI: Consumer Price Indexe,f (2010=100)",100,116,127d,Agricultural production index (2014-2016=100),89,101,107b,International trade: exports (million current US$),6 918,8 623,"3 046e,d",International trade: imports (million current US$),4 369,10 550,"321e,d",International trade: balance (million current US$),2 548,- 1 927,"2 725e,d","Balance of payments, current account (million US$)",900,- 4 629,- 3 594g,,,,,,,,,,,,,,,,,,,,,,,,,,,,,,,,,,,,,,,,,,,,
Agricultural production index (2014-2016=100),89,101,107b,International trade: exports (million current US$),6 918,8 623,"3 046e,d",International trade: imports (million current US$),4 369,10 550,"321e,d",International trade: balance (million current US$),2 548,- 1 927,"2 725e,d","Balance of payments, current account (million US$)",900,- 4 629,- 3 594g,,,,,,,,,,,,,,,,,,,,,,,,,,,,,,,,,,,,,,,,,,,,,,,,
International trade: exports (million current US$),6 918,8 623,"3 046e,d",International trade: imports (million current US$),4 369,10 550,"321e,d",International trade: balance (million current US$),2 548,- 1 927,"2 725e,d","Balance of payments, current account (million US$)",900,- 4 629,- 3 594g,,,,,,,,,,,,,,,,,,,,,,,,,,,,,,,,,,,,,,,,,,,,,,,,,,,,
International trade: imports (million current US$),4 369,10 550,"321e,d",International trade: balance (million current US$),2 548,- 1 927,"2 725e,d","Balance of payments, current account (million US$)",900,- 4 629,- 3 594g,,,,,,,,,,,,,,,,,,,,,,,,,,,,,,,,,,,,,,,,,,,,,,,,,,,,,,,,
International trade: balance (million current US$),2 548,- 1 927,"2 725e,d","Balance of payments, current account (million US$)",900,- 4 629,- 3 594g,,,,,,,,,,,,,,,,,,,,,,,,,,,,,,,,,,,,,,,,,,,,,,,,,,,,,,,,,,,,
"Balance of payments, current account (million US$)",900,- 4 629,- 3 594g,,,,,,,,,,,,,,,,,,,,,,,,,,,,,,,,,,,,,,,,,,,,,,,,,,,,,,,,,,,,,,,,
