0,1,2,3,4,5,6,7,8,9,10,11,12,13,14,15,16,17,18,19,20,21,22,23,24,25,26,27,28,29,30,31,32,33,34,35,36,37,38,39,40,41,42,43,44,45,46,47,48,49,50,51,52,53,54,55,56,57,58,59,60,61,62,63
,2010,2015,2021,,,,,,,,,,,,,,,,,,,,,,,,,,,,,,,,,,,,,,,,,,,,,,,,,,,,,,,,,,,,
GDP: Gross domestic product (million current US$),4 277,4 785,6 020b,"GDP growth rate (annual %, const. 2015 prices)",-2.7,2.8,3.2b,GDP per capita (current US$),75 460.8,77 517.7,92 692.4b,Economy: Agriculturee (% of Gross Value Added),0.3,0.4,0.4b,"Economy: Industryf,g (% of Gross Value Added)",7.4,7.4,7.7b,Economy: Services and other activityh (% of GVA),92.2,92.2,91.9b,Employment in agriculturei (% of employed),0.6,0.8j,...,Employment in industryi (% of employed),14.9,15.5j,...,Employment in servicesi (% employed),84.2,83.6j,...,Unemployment (% of labour force),6.7,6.3j,...,Labour force participation rate (female/male pop. %),"80.6 /       88.0i,k,l",80.6 /       85.6j,... / ...,CPI: Consumer Price Indexm (2010=100),100,104,115b,International trade: exportsn (million current US$),24,65,22d,International trade: imports (million current US$),828n,915,"1 337n,d",International trade: balancen (million current US$),-804,-851,- 1 315d,"Balance of payments, current account (million US$)",...,...,-582b
"GDP growth rate (annual %, const. 2015 prices)",-2.7,2.8,3.2b,GDP per capita (current US$),75 460.8,77 517.7,92 692.4b,Economy: Agriculturee (% of Gross Value Added),0.3,0.4,0.4b,"Economy: Industryf,g (% of Gross Value Added)",7.4,7.4,7.7b,Economy: Services and other activityh (% of GVA),92.2,92.2,91.9b,Employment in agriculturei (% of employed),0.6,0.8j,...,Employment in industryi (% of employed),14.9,15.5j,...,Employment in servicesi (% employed),84.2,83.6j,...,Unemployment (% of labour force),6.7,6.3j,...,Labour force participation rate (female/male pop. %),"80.6 /       88.0i,k,l",80.6 /       85.6j,... / ...,CPI: Consumer Price Indexm (2010=100),100,104,115b,International trade: exportsn (million current US$),24,65,22d,International trade: imports (million current US$),828n,915,"1 337n,d",International trade: balancen (million current US$),-804,-851,- 1 315d,"Balance of payments, current account (million US$)",...,...,-582b,,,,
GDP per capita (current US$),75 460.8,77 517.7,92 692.4b,Economy: Agriculturee (% of Gross Value Added),0.3,0.4,0.4b,"Economy: Industryf,g (% of Gross Value Added)",7.4,7.4,7.7b,Economy: Services and other activityh (% of GVA),92.2,92.2,91.9b,Employment in agriculturei (% of employed),0.6,0.8j,...,Employment in industryi (% of employed),14.9,15.5j,...,Employment in servicesi (% employed),84.2,83.6j,...,Unemployment (% of labour force),6.7,6.3j,...,Labour force participation rate (female/male pop. %),"80.6 /       88.0i,k,l",80.6 /       85.6j,... / ...,CPI: Consumer Price Indexm (2010=100),100,104,115b,International trade: exportsn (million current US$),24,65,22d,International trade: imports (million current US$),828n,915,"1 337n,d",International trade: balancen (million current US$),-804,-851,- 1 315d,"Balance of payments, current account (million US$)",...,...,-582b,,,,,,,,
Economy: Agriculturee (% of Gross Value Added),0.3,0.4,0.4b,"Economy: Industryf,g (% of Gross Value Added)",7.4,7.4,7.7b,Economy: Services and other activityh (% of GVA),92.2,92.2,91.9b,Employment in agriculturei (% of employed),0.6,0.8j,...,Employment in industryi (% of employed),14.9,15.5j,...,Employment in servicesi (% employed),84.2,83.6j,...,Unemployment (% of labour force),6.7,6.3j,...,Labour force participation rate (female/male pop. %),"80.6 /       88.0i,k,l",80.6 /       85.6j,... / ...,CPI: Consumer Price Indexm (2010=100),100,104,115b,International trade: exportsn (million current US$),24,65,22d,International trade: imports (million current US$),828n,915,"1 337n,d",International trade: balancen (million current US$),-804,-851,- 1 315d,"Balance of payments, current account (million US$)",...,...,-582b,,,,,,,,,,,,
"Economy: Industryf,g (% of Gross Value Added)",7.4,7.4,7.7b,Economy: Services and other activityh (% of GVA),92.2,92.2,91.9b,Employment in agriculturei (% of employed),0.6,0.8j,...,Employment in industryi (% of employed),14.9,15.5j,...,Employment in servicesi (% employed),84.2,83.6j,...,Unemployment (% of labour force),6.7,6.3j,...,Labour force participation rate (female/male pop. %),"80.6 /       88.0i,k,l",80.6 /       85.6j,... / ...,CPI: Consumer Price Indexm (2010=100),100,104,115b,International trade: exportsn (million current US$),24,65,22d,International trade: imports (million current US$),828n,915,"1 337n,d",International trade: balancen (million current US$),-804,-851,- 1 315d,"Balance of payments, current account (million US$)",...,...,-582b,,,,,,,,,,,,,,,,
Economy: Services and other activityh (% of GVA),92.2,92.2,91.9b,Employment in agriculturei (% of employed),0.6,0.8j,...,Employment in industryi (% of employed),14.9,15.5j,...,Employment in servicesi (% employed),84.2,83.6j,...,Unemployment (% of labour force),6.7,6.3j,...,Labour force participation rate (female/male pop. %),"80.6 /       88.0i,k,l",80.6 /       85.6j,... / ...,CPI: Consumer Price Indexm (2010=100),100,104,115b,International trade: exportsn (million current US$),24,65,22d,International trade: imports (million current US$),828n,915,"1 337n,d",International trade: balancen (million current US$),-804,-851,- 1 315d,"Balance of payments, current account (million US$)",...,...,-582b,,,,,,,,,,,,,,,,,,,,
Employment in agriculturei (% of employed),0.6,0.8j,...,Employment in industryi (% of employed),14.9,15.5j,...,Employment in servicesi (% employed),84.2,83.6j,...,Unemployment (% of labour force),6.7,6.3j,...,Labour force participation rate (female/male pop. %),"80.6 /       88.0i,k,l",80.6 /       85.6j,... / ...,CPI: Consumer Price Indexm (2010=100),100,104,115b,International trade: exportsn (million current US$),24,65,22d,International trade: imports (million current US$),828n,915,"1 337n,d",International trade: balancen (million current US$),-804,-851,- 1 315d,"Balance of payments, current account (million US$)",...,...,-582b,,,,,,,,,,,,,,,,,,,,,,,,
Employment in industryi (% of employed),14.9,15.5j,...,Employment in servicesi (% employed),84.2,83.6j,...,Unemployment (% of labour force),6.7,6.3j,...,Labour force participation rate (female/male pop. %),"80.6 /       88.0i,k,l",80.6 /       85.6j,... / ...,CPI: Consumer Price Indexm (2010=100),100,104,115b,International trade: exportsn (million current US$),24,65,22d,International trade: imports (million current US$),828n,915,"1 337n,d",International trade: balancen (million current US$),-804,-851,- 1 315d,"Balance of payments, current account (million US$)",...,...,-582b,,,,,,,,,,,,,,,,,,,,,,,,,,,,
Employment in servicesi (% employed),84.2,83.6j,...,Unemployment (% of labour force),6.7,6.3j,...,Labour force participation rate (female/male pop. %),"80.6 /       88.0i,k,l",80.6 /       85.6j,... / ...,CPI: Consumer Price Indexm (2010=100),100,104,115b,International trade: exportsn (million current US$),24,65,22d,International trade: imports (million current US$),828n,915,"1 337n,d",International trade: balancen (million current US$),-804,-851,- 1 315d,"Balance of payments, current account (million US$)",...,...,-582b,,,,,,,,,,,,,,,,,,,,,,,,,,,,,,,,
Unemployment (% of labour force),6.7,6.3j,...,Labour force participation rate (female/male pop. %),"80.6 /       88.0i,k,l",80.6 /       85.6j,... / ...,CPI: Consumer Price Indexm (2010=100),100,104,115b,International trade: exportsn (million current US$),24,65,22d,International trade: imports (million current US$),828n,915,"1 337n,d",International trade: balancen (million current US$),-804,-851,- 1 315d,"Balance of payments, current account (million US$)",...,...,-582b,,,,,,,,,,,,,,,,,,,,,,,,,,,,,,,,,,,,
Labour force participation rate (female/male pop. %),"80.6 /       88.0i,k,l",80.6 /       85.6j,... / ...,CPI: Consumer Price Indexm (2010=100),100,104,115b,International trade: exportsn (million current US$),24,65,22d,International trade: imports (million current US$),828n,915,"1 337n,d",International trade: balancen (million current US$),-804,-851,- 1 315d,"Balance of payments, current account (million US$)",...,...,-582b,,,,,,,,,,,,,,,,,,,,,,,,,,,,,,,,,,,,,,,,
CPI: Consumer Price Indexm (2010=100),100,104,115b,International trade: exportsn (million current US$),24,65,22d,International trade: imports (million current US$),828n,915,"1 337n,d",International trade: balancen (million current US$),-804,-851,- 1 315d,"Balance of payments, current account (million US$)",...,...,-582b,,,,,,,,,,,,,,,,,,,,,,,,,,,,,,,,,,,,,,,,,,,,
International trade: exportsn (million current US$),24,65,22d,International trade: imports (million current US$),828n,915,"1 337n,d",International trade: balancen (million current US$),-804,-851,- 1 315d,"Balance of payments, current account (million US$)",...,...,-582b,,,,,,,,,,,,,,,,,,,,,,,,,,,,,,,,,,,,,,,,,,,,,,,,
International trade: imports (million current US$),828n,915,"1 337n,d",International trade: balancen (million current US$),-804,-851,- 1 315d,"Balance of payments, current account (million US$)",...,...,-582b,,,,,,,,,,,,,,,,,,,,,,,,,,,,,,,,,,,,,,,,,,,,,,,,,,,,
International trade: balancen (million current US$),-804,-851,- 1 315d,"Balance of payments, current account (million US$)",...,...,-582b,,,,,,,,,,,,,,,,,,,,,,,,,,,,,,,,,,,,,,,,,,,,,,,,,,,,,,,,
"Balance of payments, current account (million US$)",...,...,-582b,,,,,,,,,,,,,,,,,,,,,,,,,,,,,,,,,,,,,,,,,,,,,,,,,,,,,,,,,,,,
