0,1,2,3,4,5,6,7,8,9,10,11,12,13,14,15,16,17,18,19,20,21,22,23
,2010,2015,2021,,,,,,,,,,,,,,,,,,,,
Individuals using the Internetn (per 100 inhabitants),66,77,81.1u,Threatened species (number),34,71,93,Forested arean (% of land area),53,53,53.4c,Energy supply per capita (Gigajoules),141,130,136c,Tourist/visitor arrivals at national bordersv (000),288,385,503b,Important sites for terrestrial biodiversity protected (%),31.7,32.5,32.5d
Threatened species (number),34,71,93,Forested arean (% of land area),53,53,53.4c,Energy supply per capita (Gigajoules),141,130,136c,Tourist/visitor arrivals at national bordersv (000),288,385,503b,Important sites for terrestrial biodiversity protected (%),31.7,32.5,32.5d,,,,
Forested arean (% of land area),53,53,53.4c,Energy supply per capita (Gigajoules),141,130,136c,Tourist/visitor arrivals at national bordersv (000),288,385,503b,Important sites for terrestrial biodiversity protected (%),31.7,32.5,32.5d,,,,,,,,
Energy supply per capita (Gigajoules),141,130,136c,Tourist/visitor arrivals at national bordersv (000),288,385,503b,Important sites for terrestrial biodiversity protected (%),31.7,32.5,32.5d,,,,,,,,,,,,
Tourist/visitor arrivals at national bordersv (000),288,385,503b,Important sites for terrestrial biodiversity protected (%),31.7,32.5,32.5d,,,,,,,,,,,,,,,,
Important sites for terrestrial biodiversity protected (%),31.7,32.5,32.5d,,,,,,,,,,,,,,,,,,,,
