0,1,2,3,4,5,6,7,8,9,10,11,12,13,14,15,16,17,18,19,20,21,22,23,24,25,26,27,28,29,30,31,32,33,34,35,36,37,38,39,40,41,42,43,44,45,46,47,48,49,50,51,52,53,54,55,56,57,58,59,60,61,62,63,64,65,66,67
,2010,2015,2021,,,,,,,,,,,,,,,,,,,,,,,,,,,,,,,,,,,,,,,,,,,,,,,,,,,,,,,,,,,,,,,,
GDP: Gross domestic product (million current US$),69 555,99 290,107 436b,"GDP growth rate (annual %, const. 2015 prices)",3.5,0.1,0.1b,GDP per capita (current US$),4 633.6,6 124.5,6 183.8b,Economy: Agricultured (% of Gross Value Added),10.2,10.2,9.7b,"Economy: Industrye,f (% of Gross Value Added)",36.3,34.4,34.7b,Economy: Services and other activityg (% of GVA),53.5,55.4,55.7b,Employment in agriculture (% of employed),27.9,26.2,"29.4h,c",Employment in industry (% of employed),18.5,19.7,"18.2h,c",Employment in services (% employed),53.6,54.1,"52.5h,c",Unemploymenth (% of labour force),4.1,3.6,4.2c,Labour force participation rateh (female/male pop. %),49.9 /       80.5,52.1 /       81.0,55.3 /       81.0c,CPI: Consumer Price Index (2010=100),100,121,124c,Agricultural production index (2014-2016=100),102,104,98b,International trade: exports (million current US$),17 490,18 331,"20 224h,c",International trade: imports (million current US$),20 591,21 387,"16 140h,c",International trade: balance (million current US$),- 3 101,- 3 057,"4 084h,c","Balance of payments, current account (million US$)",- 1 582,- 2 221,2 474c
"GDP growth rate (annual %, const. 2015 prices)",3.5,0.1,0.1b,GDP per capita (current US$),4 633.6,6 124.5,6 183.8b,Economy: Agricultured (% of Gross Value Added),10.2,10.2,9.7b,"Economy: Industrye,f (% of Gross Value Added)",36.3,34.4,34.7b,Economy: Services and other activityg (% of GVA),53.5,55.4,55.7b,Employment in agriculture (% of employed),27.9,26.2,"29.4h,c",Employment in industry (% of employed),18.5,19.7,"18.2h,c",Employment in services (% employed),53.6,54.1,"52.5h,c",Unemploymenth (% of labour force),4.1,3.6,4.2c,Labour force participation rateh (female/male pop. %),49.9 /       80.5,52.1 /       81.0,55.3 /       81.0c,CPI: Consumer Price Index (2010=100),100,121,124c,Agricultural production index (2014-2016=100),102,104,98b,International trade: exports (million current US$),17 490,18 331,"20 224h,c",International trade: imports (million current US$),20 591,21 387,"16 140h,c",International trade: balance (million current US$),- 3 101,- 3 057,"4 084h,c","Balance of payments, current account (million US$)",- 1 582,- 2 221,2 474c,,,,
GDP per capita (current US$),4 633.6,6 124.5,6 183.8b,Economy: Agricultured (% of Gross Value Added),10.2,10.2,9.7b,"Economy: Industrye,f (% of Gross Value Added)",36.3,34.4,34.7b,Economy: Services and other activityg (% of GVA),53.5,55.4,55.7b,Employment in agriculture (% of employed),27.9,26.2,"29.4h,c",Employment in industry (% of employed),18.5,19.7,"18.2h,c",Employment in services (% employed),53.6,54.1,"52.5h,c",Unemploymenth (% of labour force),4.1,3.6,4.2c,Labour force participation rateh (female/male pop. %),49.9 /       80.5,52.1 /       81.0,55.3 /       81.0c,CPI: Consumer Price Index (2010=100),100,121,124c,Agricultural production index (2014-2016=100),102,104,98b,International trade: exports (million current US$),17 490,18 331,"20 224h,c",International trade: imports (million current US$),20 591,21 387,"16 140h,c",International trade: balance (million current US$),- 3 101,- 3 057,"4 084h,c","Balance of payments, current account (million US$)",- 1 582,- 2 221,2 474c,,,,,,,,
Economy: Agricultured (% of Gross Value Added),10.2,10.2,9.7b,"Economy: Industrye,f (% of Gross Value Added)",36.3,34.4,34.7b,Economy: Services and other activityg (% of GVA),53.5,55.4,55.7b,Employment in agriculture (% of employed),27.9,26.2,"29.4h,c",Employment in industry (% of employed),18.5,19.7,"18.2h,c",Employment in services (% employed),53.6,54.1,"52.5h,c",Unemploymenth (% of labour force),4.1,3.6,4.2c,Labour force participation rateh (female/male pop. %),49.9 /       80.5,52.1 /       81.0,55.3 /       81.0c,CPI: Consumer Price Index (2010=100),100,121,124c,Agricultural production index (2014-2016=100),102,104,98b,International trade: exports (million current US$),17 490,18 331,"20 224h,c",International trade: imports (million current US$),20 591,21 387,"16 140h,c",International trade: balance (million current US$),- 3 101,- 3 057,"4 084h,c","Balance of payments, current account (million US$)",- 1 582,- 2 221,2 474c,,,,,,,,,,,,
"Economy: Industrye,f (% of Gross Value Added)",36.3,34.4,34.7b,Economy: Services and other activityg (% of GVA),53.5,55.4,55.7b,Employment in agriculture (% of employed),27.9,26.2,"29.4h,c",Employment in industry (% of employed),18.5,19.7,"18.2h,c",Employment in services (% employed),53.6,54.1,"52.5h,c",Unemploymenth (% of labour force),4.1,3.6,4.2c,Labour force participation rateh (female/male pop. %),49.9 /       80.5,52.1 /       81.0,55.3 /       81.0c,CPI: Consumer Price Index (2010=100),100,121,124c,Agricultural production index (2014-2016=100),102,104,98b,International trade: exports (million current US$),17 490,18 331,"20 224h,c",International trade: imports (million current US$),20 591,21 387,"16 140h,c",International trade: balance (million current US$),- 3 101,- 3 057,"4 084h,c","Balance of payments, current account (million US$)",- 1 582,- 2 221,2 474c,,,,,,,,,,,,,,,,
Economy: Services and other activityg (% of GVA),53.5,55.4,55.7b,Employment in agriculture (% of employed),27.9,26.2,"29.4h,c",Employment in industry (% of employed),18.5,19.7,"18.2h,c",Employment in services (% employed),53.6,54.1,"52.5h,c",Unemploymenth (% of labour force),4.1,3.6,4.2c,Labour force participation rateh (female/male pop. %),49.9 /       80.5,52.1 /       81.0,55.3 /       81.0c,CPI: Consumer Price Index (2010=100),100,121,124c,Agricultural production index (2014-2016=100),102,104,98b,International trade: exports (million current US$),17 490,18 331,"20 224h,c",International trade: imports (million current US$),20 591,21 387,"16 140h,c",International trade: balance (million current US$),- 3 101,- 3 057,"4 084h,c","Balance of payments, current account (million US$)",- 1 582,- 2 221,2 474c,,,,,,,,,,,,,,,,,,,,
Employment in agriculture (% of employed),27.9,26.2,"29.4h,c",Employment in industry (% of employed),18.5,19.7,"18.2h,c",Employment in services (% employed),53.6,54.1,"52.5h,c",Unemploymenth (% of labour force),4.1,3.6,4.2c,Labour force participation rateh (female/male pop. %),49.9 /       80.5,52.1 /       81.0,55.3 /       81.0c,CPI: Consumer Price Index (2010=100),100,121,124c,Agricultural production index (2014-2016=100),102,104,98b,International trade: exports (million current US$),17 490,18 331,"20 224h,c",International trade: imports (million current US$),20 591,21 387,"16 140h,c",International trade: balance (million current US$),- 3 101,- 3 057,"4 084h,c","Balance of payments, current account (million US$)",- 1 582,- 2 221,2 474c,,,,,,,,,,,,,,,,,,,,,,,,
Employment in industry (% of employed),18.5,19.7,"18.2h,c",Employment in services (% employed),53.6,54.1,"52.5h,c",Unemploymenth (% of labour force),4.1,3.6,4.2c,Labour force participation rateh (female/male pop. %),49.9 /       80.5,52.1 /       81.0,55.3 /       81.0c,CPI: Consumer Price Index (2010=100),100,121,124c,Agricultural production index (2014-2016=100),102,104,98b,International trade: exports (million current US$),17 490,18 331,"20 224h,c",International trade: imports (million current US$),20 591,21 387,"16 140h,c",International trade: balance (million current US$),- 3 101,- 3 057,"4 084h,c","Balance of payments, current account (million US$)",- 1 582,- 2 221,2 474c,,,,,,,,,,,,,,,,,,,,,,,,,,,,
Employment in services (% employed),53.6,54.1,"52.5h,c",Unemploymenth (% of labour force),4.1,3.6,4.2c,Labour force participation rateh (female/male pop. %),49.9 /       80.5,52.1 /       81.0,55.3 /       81.0c,CPI: Consumer Price Index (2010=100),100,121,124c,Agricultural production index (2014-2016=100),102,104,98b,International trade: exports (million current US$),17 490,18 331,"20 224h,c",International trade: imports (million current US$),20 591,21 387,"16 140h,c",International trade: balance (million current US$),- 3 101,- 3 057,"4 084h,c","Balance of payments, current account (million US$)",- 1 582,- 2 221,2 474c,,,,,,,,,,,,,,,,,,,,,,,,,,,,,,,,
Unemploymenth (% of labour force),4.1,3.6,4.2c,Labour force participation rateh (female/male pop. %),49.9 /       80.5,52.1 /       81.0,55.3 /       81.0c,CPI: Consumer Price Index (2010=100),100,121,124c,Agricultural production index (2014-2016=100),102,104,98b,International trade: exports (million current US$),17 490,18 331,"20 224h,c",International trade: imports (million current US$),20 591,21 387,"16 140h,c",International trade: balance (million current US$),- 3 101,- 3 057,"4 084h,c","Balance of payments, current account (million US$)",- 1 582,- 2 221,2 474c,,,,,,,,,,,,,,,,,,,,,,,,,,,,,,,,,,,,
Labour force participation rateh (female/male pop. %),49.9 /       80.5,52.1 /       81.0,55.3 /       81.0c,CPI: Consumer Price Index (2010=100),100,121,124c,Agricultural production index (2014-2016=100),102,104,98b,International trade: exports (million current US$),17 490,18 331,"20 224h,c",International trade: imports (million current US$),20 591,21 387,"16 140h,c",International trade: balance (million current US$),- 3 101,- 3 057,"4 084h,c","Balance of payments, current account (million US$)",- 1 582,- 2 221,2 474c,,,,,,,,,,,,,,,,,,,,,,,,,,,,,,,,,,,,,,,,
CPI: Consumer Price Index (2010=100),100,121,124c,Agricultural production index (2014-2016=100),102,104,98b,International trade: exports (million current US$),17 490,18 331,"20 224h,c",International trade: imports (million current US$),20 591,21 387,"16 140h,c",International trade: balance (million current US$),- 3 101,- 3 057,"4 084h,c","Balance of payments, current account (million US$)",- 1 582,- 2 221,2 474c,,,,,,,,,,,,,,,,,,,,,,,,,,,,,,,,,,,,,,,,,,,,
Agricultural production index (2014-2016=100),102,104,98b,International trade: exports (million current US$),17 490,18 331,"20 224h,c",International trade: imports (million current US$),20 591,21 387,"16 140h,c",International trade: balance (million current US$),- 3 101,- 3 057,"4 084h,c","Balance of payments, current account (million US$)",- 1 582,- 2 221,2 474c,,,,,,,,,,,,,,,,,,,,,,,,,,,,,,,,,,,,,,,,,,,,,,,,
International trade: exports (million current US$),17 490,18 331,"20 224h,c",International trade: imports (million current US$),20 591,21 387,"16 140h,c",International trade: balance (million current US$),- 3 101,- 3 057,"4 084h,c","Balance of payments, current account (million US$)",- 1 582,- 2 221,2 474c,,,,,,,,,,,,,,,,,,,,,,,,,,,,,,,,,,,,,,,,,,,,,,,,,,,,
International trade: imports (million current US$),20 591,21 387,"16 140h,c",International trade: balance (million current US$),- 3 101,- 3 057,"4 084h,c","Balance of payments, current account (million US$)",- 1 582,- 2 221,2 474c,,,,,,,,,,,,,,,,,,,,,,,,,,,,,,,,,,,,,,,,,,,,,,,,,,,,,,,,
International trade: balance (million current US$),- 3 101,- 3 057,"4 084h,c","Balance of payments, current account (million US$)",- 1 582,- 2 221,2 474c,,,,,,,,,,,,,,,,,,,,,,,,,,,,,,,,,,,,,,,,,,,,,,,,,,,,,,,,,,,,
"Balance of payments, current account (million US$)",- 1 582,- 2 221,2 474c,,,,,,,,,,,,,,,,,,,,,,,,,,,,,,,,,,,,,,,,,,,,,,,,,,,,,,,,,,,,,,,,
