0,1,2,3,4,5,6,7,8,9,10,11,12,13,14,15,16,17,18,19,20,21,22,23,24,25,26,27,28,29,30,31,32,33,34,35,36,37,38,39,40,41,42,43,44,45,46,47,48,49,50,51,52,53,54,55,56,57,58,59,60,61,62,63,64,65,66,67
,2010,2015,2021,,,,,,,,,,,,,,,,,,,,,,,,,,,,,,,,,,,,,,,,,,,,,,,,,,,,,,,,,,,,,,,,
Population growth ratei (average annual %),1.6,1.5,1.7c,Urban population (% of total population),62.7,63.4,64b,Urban population growth ratei (average annual %),2,1.8,...,"Fertility rate, totali (live births per woman)",2.7,2.6,2.4c,"Life expectancy at birthi (females/males, years)",77.6 /       71.7,78.5 /       72.8,79.6 /       74.0c,"Population age distribution (0-14/60+ years old, %)",31.0 /        8.6,29.1 /        9.8,27.2 /       11.3a,International migrant stockj (000/% of total pop.),375.3 /        2.5,387.5 /        2.4,784.8 /        4.4c,Refugees and others of concern to UNHCR (000),171.1k,133.1k,498.9c,Infant mortality ratei (per 1 000 live births),19.1,15.1,13.6c,Health: Current expenditure (% of GDP),7.1,8.6,8.1l,Health: Physicians (per 1 000 pop.),2.1,2.1,2.2m,Education: Government expenditure (% of GDP),4.5,5,...,Education: Primary gross enrol. ratio (f/m per 100 pop.),113.2 /      112.9,107.9 /      107.4,104.1 /      102.4l,Education: Secondary gross enrol. ratio (f/m per 100 pop.),94.5 /       90.3,106.2 /      102.0,102.8 /      100.1l,Education: Upper secondary gross enrol. ratio (f/m per 100 pop.),82.9 /       76.5,98.5 /       93.3,99.6 /       95.6l,Intentional homicide rate (per 100 000 pop.),17.5,6.5,5.8l,Seats held by women in national parliaments (%),32.3,41.6,39.4n
Urban population (% of total population),62.7,63.4,64b,Urban population growth ratei (average annual %),2,1.8,...,"Fertility rate, totali (live births per woman)",2.7,2.6,2.4c,"Life expectancy at birthi (females/males, years)",77.6 /       71.7,78.5 /       72.8,79.6 /       74.0c,"Population age distribution (0-14/60+ years old, %)",31.0 /        8.6,29.1 /        9.8,27.2 /       11.3a,International migrant stockj (000/% of total pop.),375.3 /        2.5,387.5 /        2.4,784.8 /        4.4c,Refugees and others of concern to UNHCR (000),171.1k,133.1k,498.9c,Infant mortality ratei (per 1 000 live births),19.1,15.1,13.6c,Health: Current expenditure (% of GDP),7.1,8.6,8.1l,Health: Physicians (per 1 000 pop.),2.1,2.1,2.2m,Education: Government expenditure (% of GDP),4.5,5,...,Education: Primary gross enrol. ratio (f/m per 100 pop.),113.2 /      112.9,107.9 /      107.4,104.1 /      102.4l,Education: Secondary gross enrol. ratio (f/m per 100 pop.),94.5 /       90.3,106.2 /      102.0,102.8 /      100.1l,Education: Upper secondary gross enrol. ratio (f/m per 100 pop.),82.9 /       76.5,98.5 /       93.3,99.6 /       95.6l,Intentional homicide rate (per 100 000 pop.),17.5,6.5,5.8l,Seats held by women in national parliaments (%),32.3,41.6,39.4n,,,,
Urban population growth ratei (average annual %),2,1.8,...,"Fertility rate, totali (live births per woman)",2.7,2.6,2.4c,"Life expectancy at birthi (females/males, years)",77.6 /       71.7,78.5 /       72.8,79.6 /       74.0c,"Population age distribution (0-14/60+ years old, %)",31.0 /        8.6,29.1 /        9.8,27.2 /       11.3a,International migrant stockj (000/% of total pop.),375.3 /        2.5,387.5 /        2.4,784.8 /        4.4c,Refugees and others of concern to UNHCR (000),171.1k,133.1k,498.9c,Infant mortality ratei (per 1 000 live births),19.1,15.1,13.6c,Health: Current expenditure (% of GDP),7.1,8.6,8.1l,Health: Physicians (per 1 000 pop.),2.1,2.1,2.2m,Education: Government expenditure (% of GDP),4.5,5,...,Education: Primary gross enrol. ratio (f/m per 100 pop.),113.2 /      112.9,107.9 /      107.4,104.1 /      102.4l,Education: Secondary gross enrol. ratio (f/m per 100 pop.),94.5 /       90.3,106.2 /      102.0,102.8 /      100.1l,Education: Upper secondary gross enrol. ratio (f/m per 100 pop.),82.9 /       76.5,98.5 /       93.3,99.6 /       95.6l,Intentional homicide rate (per 100 000 pop.),17.5,6.5,5.8l,Seats held by women in national parliaments (%),32.3,41.6,39.4n,,,,,,,,
"Fertility rate, totali (live births per woman)",2.7,2.6,2.4c,"Life expectancy at birthi (females/males, years)",77.6 /       71.7,78.5 /       72.8,79.6 /       74.0c,"Population age distribution (0-14/60+ years old, %)",31.0 /        8.6,29.1 /        9.8,27.2 /       11.3a,International migrant stockj (000/% of total pop.),375.3 /        2.5,387.5 /        2.4,784.8 /        4.4c,Refugees and others of concern to UNHCR (000),171.1k,133.1k,498.9c,Infant mortality ratei (per 1 000 live births),19.1,15.1,13.6c,Health: Current expenditure (% of GDP),7.1,8.6,8.1l,Health: Physicians (per 1 000 pop.),2.1,2.1,2.2m,Education: Government expenditure (% of GDP),4.5,5,...,Education: Primary gross enrol. ratio (f/m per 100 pop.),113.2 /      112.9,107.9 /      107.4,104.1 /      102.4l,Education: Secondary gross enrol. ratio (f/m per 100 pop.),94.5 /       90.3,106.2 /      102.0,102.8 /      100.1l,Education: Upper secondary gross enrol. ratio (f/m per 100 pop.),82.9 /       76.5,98.5 /       93.3,99.6 /       95.6l,Intentional homicide rate (per 100 000 pop.),17.5,6.5,5.8l,Seats held by women in national parliaments (%),32.3,41.6,39.4n,,,,,,,,,,,,
"Life expectancy at birthi (females/males, years)",77.6 /       71.7,78.5 /       72.8,79.6 /       74.0c,"Population age distribution (0-14/60+ years old, %)",31.0 /        8.6,29.1 /        9.8,27.2 /       11.3a,International migrant stockj (000/% of total pop.),375.3 /        2.5,387.5 /        2.4,784.8 /        4.4c,Refugees and others of concern to UNHCR (000),171.1k,133.1k,498.9c,Infant mortality ratei (per 1 000 live births),19.1,15.1,13.6c,Health: Current expenditure (% of GDP),7.1,8.6,8.1l,Health: Physicians (per 1 000 pop.),2.1,2.1,2.2m,Education: Government expenditure (% of GDP),4.5,5,...,Education: Primary gross enrol. ratio (f/m per 100 pop.),113.2 /      112.9,107.9 /      107.4,104.1 /      102.4l,Education: Secondary gross enrol. ratio (f/m per 100 pop.),94.5 /       90.3,106.2 /      102.0,102.8 /      100.1l,Education: Upper secondary gross enrol. ratio (f/m per 100 pop.),82.9 /       76.5,98.5 /       93.3,99.6 /       95.6l,Intentional homicide rate (per 100 000 pop.),17.5,6.5,5.8l,Seats held by women in national parliaments (%),32.3,41.6,39.4n,,,,,,,,,,,,,,,,
"Population age distribution (0-14/60+ years old, %)",31.0 /        8.6,29.1 /        9.8,27.2 /       11.3a,International migrant stockj (000/% of total pop.),375.3 /        2.5,387.5 /        2.4,784.8 /        4.4c,Refugees and others of concern to UNHCR (000),171.1k,133.1k,498.9c,Infant mortality ratei (per 1 000 live births),19.1,15.1,13.6c,Health: Current expenditure (% of GDP),7.1,8.6,8.1l,Health: Physicians (per 1 000 pop.),2.1,2.1,2.2m,Education: Government expenditure (% of GDP),4.5,5,...,Education: Primary gross enrol. ratio (f/m per 100 pop.),113.2 /      112.9,107.9 /      107.4,104.1 /      102.4l,Education: Secondary gross enrol. ratio (f/m per 100 pop.),94.5 /       90.3,106.2 /      102.0,102.8 /      100.1l,Education: Upper secondary gross enrol. ratio (f/m per 100 pop.),82.9 /       76.5,98.5 /       93.3,99.6 /       95.6l,Intentional homicide rate (per 100 000 pop.),17.5,6.5,5.8l,Seats held by women in national parliaments (%),32.3,41.6,39.4n,,,,,,,,,,,,,,,,,,,,
International migrant stockj (000/% of total pop.),375.3 /        2.5,387.5 /        2.4,784.8 /        4.4c,Refugees and others of concern to UNHCR (000),171.1k,133.1k,498.9c,Infant mortality ratei (per 1 000 live births),19.1,15.1,13.6c,Health: Current expenditure (% of GDP),7.1,8.6,8.1l,Health: Physicians (per 1 000 pop.),2.1,2.1,2.2m,Education: Government expenditure (% of GDP),4.5,5,...,Education: Primary gross enrol. ratio (f/m per 100 pop.),113.2 /      112.9,107.9 /      107.4,104.1 /      102.4l,Education: Secondary gross enrol. ratio (f/m per 100 pop.),94.5 /       90.3,106.2 /      102.0,102.8 /      100.1l,Education: Upper secondary gross enrol. ratio (f/m per 100 pop.),82.9 /       76.5,98.5 /       93.3,99.6 /       95.6l,Intentional homicide rate (per 100 000 pop.),17.5,6.5,5.8l,Seats held by women in national parliaments (%),32.3,41.6,39.4n,,,,,,,,,,,,,,,,,,,,,,,,
Refugees and others of concern to UNHCR (000),171.1k,133.1k,498.9c,Infant mortality ratei (per 1 000 live births),19.1,15.1,13.6c,Health: Current expenditure (% of GDP),7.1,8.6,8.1l,Health: Physicians (per 1 000 pop.),2.1,2.1,2.2m,Education: Government expenditure (% of GDP),4.5,5,...,Education: Primary gross enrol. ratio (f/m per 100 pop.),113.2 /      112.9,107.9 /      107.4,104.1 /      102.4l,Education: Secondary gross enrol. ratio (f/m per 100 pop.),94.5 /       90.3,106.2 /      102.0,102.8 /      100.1l,Education: Upper secondary gross enrol. ratio (f/m per 100 pop.),82.9 /       76.5,98.5 /       93.3,99.6 /       95.6l,Intentional homicide rate (per 100 000 pop.),17.5,6.5,5.8l,Seats held by women in national parliaments (%),32.3,41.6,39.4n,,,,,,,,,,,,,,,,,,,,,,,,,,,,
Infant mortality ratei (per 1 000 live births),19.1,15.1,13.6c,Health: Current expenditure (% of GDP),7.1,8.6,8.1l,Health: Physicians (per 1 000 pop.),2.1,2.1,2.2m,Education: Government expenditure (% of GDP),4.5,5,...,Education: Primary gross enrol. ratio (f/m per 100 pop.),113.2 /      112.9,107.9 /      107.4,104.1 /      102.4l,Education: Secondary gross enrol. ratio (f/m per 100 pop.),94.5 /       90.3,106.2 /      102.0,102.8 /      100.1l,Education: Upper secondary gross enrol. ratio (f/m per 100 pop.),82.9 /       76.5,98.5 /       93.3,99.6 /       95.6l,Intentional homicide rate (per 100 000 pop.),17.5,6.5,5.8l,Seats held by women in national parliaments (%),32.3,41.6,39.4n,,,,,,,,,,,,,,,,,,,,,,,,,,,,,,,,
Health: Current expenditure (% of GDP),7.1,8.6,8.1l,Health: Physicians (per 1 000 pop.),2.1,2.1,2.2m,Education: Government expenditure (% of GDP),4.5,5,...,Education: Primary gross enrol. ratio (f/m per 100 pop.),113.2 /      112.9,107.9 /      107.4,104.1 /      102.4l,Education: Secondary gross enrol. ratio (f/m per 100 pop.),94.5 /       90.3,106.2 /      102.0,102.8 /      100.1l,Education: Upper secondary gross enrol. ratio (f/m per 100 pop.),82.9 /       76.5,98.5 /       93.3,99.6 /       95.6l,Intentional homicide rate (per 100 000 pop.),17.5,6.5,5.8l,Seats held by women in national parliaments (%),32.3,41.6,39.4n,,,,,,,,,,,,,,,,,,,,,,,,,,,,,,,,,,,,
Health: Physicians (per 1 000 pop.),2.1,2.1,2.2m,Education: Government expenditure (% of GDP),4.5,5,...,Education: Primary gross enrol. ratio (f/m per 100 pop.),113.2 /      112.9,107.9 /      107.4,104.1 /      102.4l,Education: Secondary gross enrol. ratio (f/m per 100 pop.),94.5 /       90.3,106.2 /      102.0,102.8 /      100.1l,Education: Upper secondary gross enrol. ratio (f/m per 100 pop.),82.9 /       76.5,98.5 /       93.3,99.6 /       95.6l,Intentional homicide rate (per 100 000 pop.),17.5,6.5,5.8l,Seats held by women in national parliaments (%),32.3,41.6,39.4n,,,,,,,,,,,,,,,,,,,,,,,,,,,,,,,,,,,,,,,,
Education: Government expenditure (% of GDP),4.5,5,...,Education: Primary gross enrol. ratio (f/m per 100 pop.),113.2 /      112.9,107.9 /      107.4,104.1 /      102.4l,Education: Secondary gross enrol. ratio (f/m per 100 pop.),94.5 /       90.3,106.2 /      102.0,102.8 /      100.1l,Education: Upper secondary gross enrol. ratio (f/m per 100 pop.),82.9 /       76.5,98.5 /       93.3,99.6 /       95.6l,Intentional homicide rate (per 100 000 pop.),17.5,6.5,5.8l,Seats held by women in national parliaments (%),32.3,41.6,39.4n,,,,,,,,,,,,,,,,,,,,,,,,,,,,,,,,,,,,,,,,,,,,
Education: Primary gross enrol. ratio (f/m per 100 pop.),113.2 /      112.9,107.9 /      107.4,104.1 /      102.4l,Education: Secondary gross enrol. ratio (f/m per 100 pop.),94.5 /       90.3,106.2 /      102.0,102.8 /      100.1l,Education: Upper secondary gross enrol. ratio (f/m per 100 pop.),82.9 /       76.5,98.5 /       93.3,99.6 /       95.6l,Intentional homicide rate (per 100 000 pop.),17.5,6.5,5.8l,Seats held by women in national parliaments (%),32.3,41.6,39.4n,,,,,,,,,,,,,,,,,,,,,,,,,,,,,,,,,,,,,,,,,,,,,,,,
Education: Secondary gross enrol. ratio (f/m per 100 pop.),94.5 /       90.3,106.2 /      102.0,102.8 /      100.1l,Education: Upper secondary gross enrol. ratio (f/m per 100 pop.),82.9 /       76.5,98.5 /       93.3,99.6 /       95.6l,Intentional homicide rate (per 100 000 pop.),17.5,6.5,5.8l,Seats held by women in national parliaments (%),32.3,41.6,39.4n,,,,,,,,,,,,,,,,,,,,,,,,,,,,,,,,,,,,,,,,,,,,,,,,,,,,
Education: Upper secondary gross enrol. ratio (f/m per 100 pop.),82.9 /       76.5,98.5 /       93.3,99.6 /       95.6l,Intentional homicide rate (per 100 000 pop.),17.5,6.5,5.8l,Seats held by women in national parliaments (%),32.3,41.6,39.4n,,,,,,,,,,,,,,,,,,,,,,,,,,,,,,,,,,,,,,,,,,,,,,,,,,,,,,,,
Intentional homicide rate (per 100 000 pop.),17.5,6.5,5.8l,Seats held by women in national parliaments (%),32.3,41.6,39.4n,,,,,,,,,,,,,,,,,,,,,,,,,,,,,,,,,,,,,,,,,,,,,,,,,,,,,,,,,,,,
Seats held by women in national parliaments (%),32.3,41.6,39.4n,,,,,,,,,,,,,,,,,,,,,,,,,,,,,,,,,,,,,,,,,,,,,,,,,,,,,,,,,,,,,,,,
