0,1,2,3,4,5,6,7,8,9,10,11,12,13,14,15,16,17,18,19,20,21,22,23,24,25,26,27,28,29,30,31,32,33,34,35,36,37,38,39,40,41,42,43,44,45,46,47,48,49,50,51,52,53,54,55,56,57,58,59,60,61,62,63,64,65,66,67
,2010,2015,2021,,,,,,,,,,,,,,,,,,,,,,,,,,,,,,,,,,,,,,,,,,,,,,,,,,,,,,,,,,,,,,,,
GDP: Gross domestic product (million current US$),7 313,14 390,18 823b,"GDP growth rate (annual %, const. 2015 prices)",8.1,7.3,4.7b,GDP per capita (current US$),1 170.3,2 134.7,2 625.4b,Economy: Agricultured (% of Gross Value Added),23.6,19.7,17.2b,"Economy: Industrye,f (% of Gross Value Added)",30.9,31,34.8b,Economy: Services and other activityg (% of GVA),45.5,49.4,48b,Employment in agriculture (% of employed),71.5,65.9h,"61.7h,c",Employment in industry (% of employed),8.3,10.6h,"12.2h,c",Employment in services (% employed),20.2,23.5h,"26.2h,c",Unemploymenth (% of labour force),0.7,0.7,0.6c,Labour force participation rateh (female/male pop. %),76.8 /       79.4,76.8 /       80.2,76.8 /       80.2c,CPI: Consumer Price Indexh (2010=100),100i,126,143c,Agricultural production index (2014-2016=100),62,104,102b,International trade: exports (million current US$),1 909,2 985,"5 669h,c",International trade: imports (million current US$),1 837,3 778,"6 309h,c",International trade: balance (million current US$),72,-793,"-639h,c","Balance of payments, current account (million US$)",29,- 2 268,-947b
"GDP growth rate (annual %, const. 2015 prices)",8.1,7.3,4.7b,GDP per capita (current US$),1 170.3,2 134.7,2 625.4b,Economy: Agricultured (% of Gross Value Added),23.6,19.7,17.2b,"Economy: Industrye,f (% of Gross Value Added)",30.9,31,34.8b,Economy: Services and other activityg (% of GVA),45.5,49.4,48b,Employment in agriculture (% of employed),71.5,65.9h,"61.7h,c",Employment in industry (% of employed),8.3,10.6h,"12.2h,c",Employment in services (% employed),20.2,23.5h,"26.2h,c",Unemploymenth (% of labour force),0.7,0.7,0.6c,Labour force participation rateh (female/male pop. %),76.8 /       79.4,76.8 /       80.2,76.8 /       80.2c,CPI: Consumer Price Indexh (2010=100),100i,126,143c,Agricultural production index (2014-2016=100),62,104,102b,International trade: exports (million current US$),1 909,2 985,"5 669h,c",International trade: imports (million current US$),1 837,3 778,"6 309h,c",International trade: balance (million current US$),72,-793,"-639h,c","Balance of payments, current account (million US$)",29,- 2 268,-947b,,,,
GDP per capita (current US$),1 170.3,2 134.7,2 625.4b,Economy: Agricultured (% of Gross Value Added),23.6,19.7,17.2b,"Economy: Industrye,f (% of Gross Value Added)",30.9,31,34.8b,Economy: Services and other activityg (% of GVA),45.5,49.4,48b,Employment in agriculture (% of employed),71.5,65.9h,"61.7h,c",Employment in industry (% of employed),8.3,10.6h,"12.2h,c",Employment in services (% employed),20.2,23.5h,"26.2h,c",Unemploymenth (% of labour force),0.7,0.7,0.6c,Labour force participation rateh (female/male pop. %),76.8 /       79.4,76.8 /       80.2,76.8 /       80.2c,CPI: Consumer Price Indexh (2010=100),100i,126,143c,Agricultural production index (2014-2016=100),62,104,102b,International trade: exports (million current US$),1 909,2 985,"5 669h,c",International trade: imports (million current US$),1 837,3 778,"6 309h,c",International trade: balance (million current US$),72,-793,"-639h,c","Balance of payments, current account (million US$)",29,- 2 268,-947b,,,,,,,,
Economy: Agricultured (% of Gross Value Added),23.6,19.7,17.2b,"Economy: Industrye,f (% of Gross Value Added)",30.9,31,34.8b,Economy: Services and other activityg (% of GVA),45.5,49.4,48b,Employment in agriculture (% of employed),71.5,65.9h,"61.7h,c",Employment in industry (% of employed),8.3,10.6h,"12.2h,c",Employment in services (% employed),20.2,23.5h,"26.2h,c",Unemploymenth (% of labour force),0.7,0.7,0.6c,Labour force participation rateh (female/male pop. %),76.8 /       79.4,76.8 /       80.2,76.8 /       80.2c,CPI: Consumer Price Indexh (2010=100),100i,126,143c,Agricultural production index (2014-2016=100),62,104,102b,International trade: exports (million current US$),1 909,2 985,"5 669h,c",International trade: imports (million current US$),1 837,3 778,"6 309h,c",International trade: balance (million current US$),72,-793,"-639h,c","Balance of payments, current account (million US$)",29,- 2 268,-947b,,,,,,,,,,,,
"Economy: Industrye,f (% of Gross Value Added)",30.9,31,34.8b,Economy: Services and other activityg (% of GVA),45.5,49.4,48b,Employment in agriculture (% of employed),71.5,65.9h,"61.7h,c",Employment in industry (% of employed),8.3,10.6h,"12.2h,c",Employment in services (% employed),20.2,23.5h,"26.2h,c",Unemploymenth (% of labour force),0.7,0.7,0.6c,Labour force participation rateh (female/male pop. %),76.8 /       79.4,76.8 /       80.2,76.8 /       80.2c,CPI: Consumer Price Indexh (2010=100),100i,126,143c,Agricultural production index (2014-2016=100),62,104,102b,International trade: exports (million current US$),1 909,2 985,"5 669h,c",International trade: imports (million current US$),1 837,3 778,"6 309h,c",International trade: balance (million current US$),72,-793,"-639h,c","Balance of payments, current account (million US$)",29,- 2 268,-947b,,,,,,,,,,,,,,,,
Economy: Services and other activityg (% of GVA),45.5,49.4,48b,Employment in agriculture (% of employed),71.5,65.9h,"61.7h,c",Employment in industry (% of employed),8.3,10.6h,"12.2h,c",Employment in services (% employed),20.2,23.5h,"26.2h,c",Unemploymenth (% of labour force),0.7,0.7,0.6c,Labour force participation rateh (female/male pop. %),76.8 /       79.4,76.8 /       80.2,76.8 /       80.2c,CPI: Consumer Price Indexh (2010=100),100i,126,143c,Agricultural production index (2014-2016=100),62,104,102b,International trade: exports (million current US$),1 909,2 985,"5 669h,c",International trade: imports (million current US$),1 837,3 778,"6 309h,c",International trade: balance (million current US$),72,-793,"-639h,c","Balance of payments, current account (million US$)",29,- 2 268,-947b,,,,,,,,,,,,,,,,,,,,
Employment in agriculture (% of employed),71.5,65.9h,"61.7h,c",Employment in industry (% of employed),8.3,10.6h,"12.2h,c",Employment in services (% employed),20.2,23.5h,"26.2h,c",Unemploymenth (% of labour force),0.7,0.7,0.6c,Labour force participation rateh (female/male pop. %),76.8 /       79.4,76.8 /       80.2,76.8 /       80.2c,CPI: Consumer Price Indexh (2010=100),100i,126,143c,Agricultural production index (2014-2016=100),62,104,102b,International trade: exports (million current US$),1 909,2 985,"5 669h,c",International trade: imports (million current US$),1 837,3 778,"6 309h,c",International trade: balance (million current US$),72,-793,"-639h,c","Balance of payments, current account (million US$)",29,- 2 268,-947b,,,,,,,,,,,,,,,,,,,,,,,,
Employment in industry (% of employed),8.3,10.6h,"12.2h,c",Employment in services (% employed),20.2,23.5h,"26.2h,c",Unemploymenth (% of labour force),0.7,0.7,0.6c,Labour force participation rateh (female/male pop. %),76.8 /       79.4,76.8 /       80.2,76.8 /       80.2c,CPI: Consumer Price Indexh (2010=100),100i,126,143c,Agricultural production index (2014-2016=100),62,104,102b,International trade: exports (million current US$),1 909,2 985,"5 669h,c",International trade: imports (million current US$),1 837,3 778,"6 309h,c",International trade: balance (million current US$),72,-793,"-639h,c","Balance of payments, current account (million US$)",29,- 2 268,-947b,,,,,,,,,,,,,,,,,,,,,,,,,,,,
Employment in services (% employed),20.2,23.5h,"26.2h,c",Unemploymenth (% of labour force),0.7,0.7,0.6c,Labour force participation rateh (female/male pop. %),76.8 /       79.4,76.8 /       80.2,76.8 /       80.2c,CPI: Consumer Price Indexh (2010=100),100i,126,143c,Agricultural production index (2014-2016=100),62,104,102b,International trade: exports (million current US$),1 909,2 985,"5 669h,c",International trade: imports (million current US$),1 837,3 778,"6 309h,c",International trade: balance (million current US$),72,-793,"-639h,c","Balance of payments, current account (million US$)",29,- 2 268,-947b,,,,,,,,,,,,,,,,,,,,,,,,,,,,,,,,
Unemploymenth (% of labour force),0.7,0.7,0.6c,Labour force participation rateh (female/male pop. %),76.8 /       79.4,76.8 /       80.2,76.8 /       80.2c,CPI: Consumer Price Indexh (2010=100),100i,126,143c,Agricultural production index (2014-2016=100),62,104,102b,International trade: exports (million current US$),1 909,2 985,"5 669h,c",International trade: imports (million current US$),1 837,3 778,"6 309h,c",International trade: balance (million current US$),72,-793,"-639h,c","Balance of payments, current account (million US$)",29,- 2 268,-947b,,,,,,,,,,,,,,,,,,,,,,,,,,,,,,,,,,,,
Labour force participation rateh (female/male pop. %),76.8 /       79.4,76.8 /       80.2,76.8 /       80.2c,CPI: Consumer Price Indexh (2010=100),100i,126,143c,Agricultural production index (2014-2016=100),62,104,102b,International trade: exports (million current US$),1 909,2 985,"5 669h,c",International trade: imports (million current US$),1 837,3 778,"6 309h,c",International trade: balance (million current US$),72,-793,"-639h,c","Balance of payments, current account (million US$)",29,- 2 268,-947b,,,,,,,,,,,,,,,,,,,,,,,,,,,,,,,,,,,,,,,,
CPI: Consumer Price Indexh (2010=100),100i,126,143c,Agricultural production index (2014-2016=100),62,104,102b,International trade: exports (million current US$),1 909,2 985,"5 669h,c",International trade: imports (million current US$),1 837,3 778,"6 309h,c",International trade: balance (million current US$),72,-793,"-639h,c","Balance of payments, current account (million US$)",29,- 2 268,-947b,,,,,,,,,,,,,,,,,,,,,,,,,,,,,,,,,,,,,,,,,,,,
Agricultural production index (2014-2016=100),62,104,102b,International trade: exports (million current US$),1 909,2 985,"5 669h,c",International trade: imports (million current US$),1 837,3 778,"6 309h,c",International trade: balance (million current US$),72,-793,"-639h,c","Balance of payments, current account (million US$)",29,- 2 268,-947b,,,,,,,,,,,,,,,,,,,,,,,,,,,,,,,,,,,,,,,,,,,,,,,,
International trade: exports (million current US$),1 909,2 985,"5 669h,c",International trade: imports (million current US$),1 837,3 778,"6 309h,c",International trade: balance (million current US$),72,-793,"-639h,c","Balance of payments, current account (million US$)",29,- 2 268,-947b,,,,,,,,,,,,,,,,,,,,,,,,,,,,,,,,,,,,,,,,,,,,,,,,,,,,
International trade: imports (million current US$),1 837,3 778,"6 309h,c",International trade: balance (million current US$),72,-793,"-639h,c","Balance of payments, current account (million US$)",29,- 2 268,-947b,,,,,,,,,,,,,,,,,,,,,,,,,,,,,,,,,,,,,,,,,,,,,,,,,,,,,,,,
International trade: balance (million current US$),72,-793,"-639h,c","Balance of payments, current account (million US$)",29,- 2 268,-947b,,,,,,,,,,,,,,,,,,,,,,,,,,,,,,,,,,,,,,,,,,,,,,,,,,,,,,,,,,,,
"Balance of payments, current account (million US$)",29,- 2 268,-947b,,,,,,,,,,,,,,,,,,,,,,,,,,,,,,,,,,,,,,,,,,,,,,,,,,,,,,,,,,,,,,,,
