0,1,2,3,4,5,6,7,8,9,10,11,12,13,14,15,16,17,18,19,20,21,22,23,24,25,26,27,28,29,30,31,32,33,34,35,36,37,38,39,40,41,42,43
,2010,2015,2021,,,,,,,,,,,,,,,,,,,,,,,,,,,,,,,,,,,,,,,,
Individuals using the Internet (per 100 inhabitants),7,18.2h,"25.5h,r",Threatened species (number),132,210,267,Forested areah (% of land area),73.4,72.7,72.2o,CO2 emission estimates (million tons/tons per capita),2.4 /        0.4,7.7 /        1.1,17.8 /        2.5o,"Energy production, primary (Petajoules)",98,162,"291h,o",Energy supply per capita (Gigajoules),16,25,34o,Tourist/visitor arrivals at national borders (000),1 670,3 543,4 384b,Important sites for terrestrial biodiversity protected (%),44,44,44c,"Pop. using safely managed drinking water (urban/rural, %)",24.3 /        9.2,25.8 /       11.0,27.0 /       12.4c,Pop. using safely managed sanitation (urban/rural %),55.7 /       39.1,60.9 /       50.7,63.3 /       60.3c,Net Official Development Assist. received (% of GNI),5.83,3.43,3.5b
Threatened species (number),132,210,267,Forested areah (% of land area),73.4,72.7,72.2o,CO2 emission estimates (million tons/tons per capita),2.4 /        0.4,7.7 /        1.1,17.8 /        2.5o,"Energy production, primary (Petajoules)",98,162,"291h,o",Energy supply per capita (Gigajoules),16,25,34o,Tourist/visitor arrivals at national borders (000),1 670,3 543,4 384b,Important sites for terrestrial biodiversity protected (%),44,44,44c,"Pop. using safely managed drinking water (urban/rural, %)",24.3 /        9.2,25.8 /       11.0,27.0 /       12.4c,Pop. using safely managed sanitation (urban/rural %),55.7 /       39.1,60.9 /       50.7,63.3 /       60.3c,Net Official Development Assist. received (% of GNI),5.83,3.43,3.5b,,,,
Forested areah (% of land area),73.4,72.7,72.2o,CO2 emission estimates (million tons/tons per capita),2.4 /        0.4,7.7 /        1.1,17.8 /        2.5o,"Energy production, primary (Petajoules)",98,162,"291h,o",Energy supply per capita (Gigajoules),16,25,34o,Tourist/visitor arrivals at national borders (000),1 670,3 543,4 384b,Important sites for terrestrial biodiversity protected (%),44,44,44c,"Pop. using safely managed drinking water (urban/rural, %)",24.3 /        9.2,25.8 /       11.0,27.0 /       12.4c,Pop. using safely managed sanitation (urban/rural %),55.7 /       39.1,60.9 /       50.7,63.3 /       60.3c,Net Official Development Assist. received (% of GNI),5.83,3.43,3.5b,,,,,,,,
CO2 emission estimates (million tons/tons per capita),2.4 /        0.4,7.7 /        1.1,17.8 /        2.5o,"Energy production, primary (Petajoules)",98,162,"291h,o",Energy supply per capita (Gigajoules),16,25,34o,Tourist/visitor arrivals at national borders (000),1 670,3 543,4 384b,Important sites for terrestrial biodiversity protected (%),44,44,44c,"Pop. using safely managed drinking water (urban/rural, %)",24.3 /        9.2,25.8 /       11.0,27.0 /       12.4c,Pop. using safely managed sanitation (urban/rural %),55.7 /       39.1,60.9 /       50.7,63.3 /       60.3c,Net Official Development Assist. received (% of GNI),5.83,3.43,3.5b,,,,,,,,,,,,
"Energy production, primary (Petajoules)",98,162,"291h,o",Energy supply per capita (Gigajoules),16,25,34o,Tourist/visitor arrivals at national borders (000),1 670,3 543,4 384b,Important sites for terrestrial biodiversity protected (%),44,44,44c,"Pop. using safely managed drinking water (urban/rural, %)",24.3 /        9.2,25.8 /       11.0,27.0 /       12.4c,Pop. using safely managed sanitation (urban/rural %),55.7 /       39.1,60.9 /       50.7,63.3 /       60.3c,Net Official Development Assist. received (% of GNI),5.83,3.43,3.5b,,,,,,,,,,,,,,,,
Energy supply per capita (Gigajoules),16,25,34o,Tourist/visitor arrivals at national borders (000),1 670,3 543,4 384b,Important sites for terrestrial biodiversity protected (%),44,44,44c,"Pop. using safely managed drinking water (urban/rural, %)",24.3 /        9.2,25.8 /       11.0,27.0 /       12.4c,Pop. using safely managed sanitation (urban/rural %),55.7 /       39.1,60.9 /       50.7,63.3 /       60.3c,Net Official Development Assist. received (% of GNI),5.83,3.43,3.5b,,,,,,,,,,,,,,,,,,,,
Tourist/visitor arrivals at national borders (000),1 670,3 543,4 384b,Important sites for terrestrial biodiversity protected (%),44,44,44c,"Pop. using safely managed drinking water (urban/rural, %)",24.3 /        9.2,25.8 /       11.0,27.0 /       12.4c,Pop. using safely managed sanitation (urban/rural %),55.7 /       39.1,60.9 /       50.7,63.3 /       60.3c,Net Official Development Assist. received (% of GNI),5.83,3.43,3.5b,,,,,,,,,,,,,,,,,,,,,,,,
Important sites for terrestrial biodiversity protected (%),44,44,44c,"Pop. using safely managed drinking water (urban/rural, %)",24.3 /        9.2,25.8 /       11.0,27.0 /       12.4c,Pop. using safely managed sanitation (urban/rural %),55.7 /       39.1,60.9 /       50.7,63.3 /       60.3c,Net Official Development Assist. received (% of GNI),5.83,3.43,3.5b,,,,,,,,,,,,,,,,,,,,,,,,,,,,
"Pop. using safely managed drinking water (urban/rural, %)",24.3 /        9.2,25.8 /       11.0,27.0 /       12.4c,Pop. using safely managed sanitation (urban/rural %),55.7 /       39.1,60.9 /       50.7,63.3 /       60.3c,Net Official Development Assist. received (% of GNI),5.83,3.43,3.5b,,,,,,,,,,,,,,,,,,,,,,,,,,,,,,,,
Pop. using safely managed sanitation (urban/rural %),55.7 /       39.1,60.9 /       50.7,63.3 /       60.3c,Net Official Development Assist. received (% of GNI),5.83,3.43,3.5b,,,,,,,,,,,,,,,,,,,,,,,,,,,,,,,,,,,,
Net Official Development Assist. received (% of GNI),5.83,3.43,3.5b,,,,,,,,,,,,,,,,,,,,,,,,,,,,,,,,,,,,,,,,
