0,1,2,3,4,5,6,7,8,9,10,11,12,13,14,15,16,17,18,19,20,21,22,23,24,25,26,27,28,29,30,31,32,33,34,35,36,37,38,39,40,41,42,43,44,45,46,47,48,49,50,51,52,53,54,55,56,57,58,59
,2010,2015,2021,,,,,,,,,,,,,,,,,,,,,,,,,,,,,,,,,,,,,,,,,,,,,,,,,,,,,,,,
GDP: Gross domestic product (million current US$),13 945,16 283,16 331b,"GDP growth rate (annual %, const. 2015 prices)",-0.5,-1.1,0.4b,GDP per capita (current US$),571,649.9,639.6b,Economy: Agriculture (% of Gross Value Added),20.8,21.6,21.2b,Economy: Industry (% of Gross Value Added),48.2,46.2,44.7b,Economy: Services and other activity (% of GVA),31,32.2,34.1b,Employment in agriculturee (% of employed),53.5,52,51.1d,Employment in industrye (% of employed),15.4,14.5,13.2d,Employment in servicese (% employed),31.1,33.5,35.7d,Unemploymente (% of labour force),2.9,2.9,2.8d,Labour force participation ratee (female/male pop. %),74.2 /       88.0,73.7 /       87.7,73.3 /       87.7d,Agricultural production index (2014-2016=100),99,99,102b,International trade: exportse (million current US$),882,987,1 104d,International trade: importse (million current US$),1 957,2 604,3 466d,International trade: balancee (million current US$),- 1 075,- 1 617,- 2 362d
"GDP growth rate (annual %, const. 2015 prices)",-0.5,-1.1,0.4b,GDP per capita (current US$),571,649.9,639.6b,Economy: Agriculture (% of Gross Value Added),20.8,21.6,21.2b,Economy: Industry (% of Gross Value Added),48.2,46.2,44.7b,Economy: Services and other activity (% of GVA),31,32.2,34.1b,Employment in agriculturee (% of employed),53.5,52,51.1d,Employment in industrye (% of employed),15.4,14.5,13.2d,Employment in servicese (% employed),31.1,33.5,35.7d,Unemploymente (% of labour force),2.9,2.9,2.8d,Labour force participation ratee (female/male pop. %),74.2 /       88.0,73.7 /       87.7,73.3 /       87.7d,Agricultural production index (2014-2016=100),99,99,102b,International trade: exportse (million current US$),882,987,1 104d,International trade: importse (million current US$),1 957,2 604,3 466d,International trade: balancee (million current US$),- 1 075,- 1 617,- 2 362d,,,,
GDP per capita (current US$),571,649.9,639.6b,Economy: Agriculture (% of Gross Value Added),20.8,21.6,21.2b,Economy: Industry (% of Gross Value Added),48.2,46.2,44.7b,Economy: Services and other activity (% of GVA),31,32.2,34.1b,Employment in agriculturee (% of employed),53.5,52,51.1d,Employment in industrye (% of employed),15.4,14.5,13.2d,Employment in servicese (% employed),31.1,33.5,35.7d,Unemploymente (% of labour force),2.9,2.9,2.8d,Labour force participation ratee (female/male pop. %),74.2 /       88.0,73.7 /       87.7,73.3 /       87.7d,Agricultural production index (2014-2016=100),99,99,102b,International trade: exportse (million current US$),882,987,1 104d,International trade: importse (million current US$),1 957,2 604,3 466d,International trade: balancee (million current US$),- 1 075,- 1 617,- 2 362d,,,,,,,,
Economy: Agriculture (% of Gross Value Added),20.8,21.6,21.2b,Economy: Industry (% of Gross Value Added),48.2,46.2,44.7b,Economy: Services and other activity (% of GVA),31,32.2,34.1b,Employment in agriculturee (% of employed),53.5,52,51.1d,Employment in industrye (% of employed),15.4,14.5,13.2d,Employment in servicese (% employed),31.1,33.5,35.7d,Unemploymente (% of labour force),2.9,2.9,2.8d,Labour force participation ratee (female/male pop. %),74.2 /       88.0,73.7 /       87.7,73.3 /       87.7d,Agricultural production index (2014-2016=100),99,99,102b,International trade: exportse (million current US$),882,987,1 104d,International trade: importse (million current US$),1 957,2 604,3 466d,International trade: balancee (million current US$),- 1 075,- 1 617,- 2 362d,,,,,,,,,,,,
Economy: Industry (% of Gross Value Added),48.2,46.2,44.7b,Economy: Services and other activity (% of GVA),31,32.2,34.1b,Employment in agriculturee (% of employed),53.5,52,51.1d,Employment in industrye (% of employed),15.4,14.5,13.2d,Employment in servicese (% employed),31.1,33.5,35.7d,Unemploymente (% of labour force),2.9,2.9,2.8d,Labour force participation ratee (female/male pop. %),74.2 /       88.0,73.7 /       87.7,73.3 /       87.7d,Agricultural production index (2014-2016=100),99,99,102b,International trade: exportse (million current US$),882,987,1 104d,International trade: importse (million current US$),1 957,2 604,3 466d,International trade: balancee (million current US$),- 1 075,- 1 617,- 2 362d,,,,,,,,,,,,,,,,
Economy: Services and other activity (% of GVA),31,32.2,34.1b,Employment in agriculturee (% of employed),53.5,52,51.1d,Employment in industrye (% of employed),15.4,14.5,13.2d,Employment in servicese (% employed),31.1,33.5,35.7d,Unemploymente (% of labour force),2.9,2.9,2.8d,Labour force participation ratee (female/male pop. %),74.2 /       88.0,73.7 /       87.7,73.3 /       87.7d,Agricultural production index (2014-2016=100),99,99,102b,International trade: exportse (million current US$),882,987,1 104d,International trade: importse (million current US$),1 957,2 604,3 466d,International trade: balancee (million current US$),- 1 075,- 1 617,- 2 362d,,,,,,,,,,,,,,,,,,,,
Employment in agriculturee (% of employed),53.5,52,51.1d,Employment in industrye (% of employed),15.4,14.5,13.2d,Employment in servicese (% employed),31.1,33.5,35.7d,Unemploymente (% of labour force),2.9,2.9,2.8d,Labour force participation ratee (female/male pop. %),74.2 /       88.0,73.7 /       87.7,73.3 /       87.7d,Agricultural production index (2014-2016=100),99,99,102b,International trade: exportse (million current US$),882,987,1 104d,International trade: importse (million current US$),1 957,2 604,3 466d,International trade: balancee (million current US$),- 1 075,- 1 617,- 2 362d,,,,,,,,,,,,,,,,,,,,,,,,
Employment in industrye (% of employed),15.4,14.5,13.2d,Employment in servicese (% employed),31.1,33.5,35.7d,Unemploymente (% of labour force),2.9,2.9,2.8d,Labour force participation ratee (female/male pop. %),74.2 /       88.0,73.7 /       87.7,73.3 /       87.7d,Agricultural production index (2014-2016=100),99,99,102b,International trade: exportse (million current US$),882,987,1 104d,International trade: importse (million current US$),1 957,2 604,3 466d,International trade: balancee (million current US$),- 1 075,- 1 617,- 2 362d,,,,,,,,,,,,,,,,,,,,,,,,,,,,
Employment in servicese (% employed),31.1,33.5,35.7d,Unemploymente (% of labour force),2.9,2.9,2.8d,Labour force participation ratee (female/male pop. %),74.2 /       88.0,73.7 /       87.7,73.3 /       87.7d,Agricultural production index (2014-2016=100),99,99,102b,International trade: exportse (million current US$),882,987,1 104d,International trade: importse (million current US$),1 957,2 604,3 466d,International trade: balancee (million current US$),- 1 075,- 1 617,- 2 362d,,,,,,,,,,,,,,,,,,,,,,,,,,,,,,,,
Unemploymente (% of labour force),2.9,2.9,2.8d,Labour force participation ratee (female/male pop. %),74.2 /       88.0,73.7 /       87.7,73.3 /       87.7d,Agricultural production index (2014-2016=100),99,99,102b,International trade: exportse (million current US$),882,987,1 104d,International trade: importse (million current US$),1 957,2 604,3 466d,International trade: balancee (million current US$),- 1 075,- 1 617,- 2 362d,,,,,,,,,,,,,,,,,,,,,,,,,,,,,,,,,,,,
Labour force participation ratee (female/male pop. %),74.2 /       88.0,73.7 /       87.7,73.3 /       87.7d,Agricultural production index (2014-2016=100),99,99,102b,International trade: exportse (million current US$),882,987,1 104d,International trade: importse (million current US$),1 957,2 604,3 466d,International trade: balancee (million current US$),- 1 075,- 1 617,- 2 362d,,,,,,,,,,,,,,,,,,,,,,,,,,,,,,,,,,,,,,,,
Agricultural production index (2014-2016=100),99,99,102b,International trade: exportse (million current US$),882,987,1 104d,International trade: importse (million current US$),1 957,2 604,3 466d,International trade: balancee (million current US$),- 1 075,- 1 617,- 2 362d,,,,,,,,,,,,,,,,,,,,,,,,,,,,,,,,,,,,,,,,,,,,
International trade: exportse (million current US$),882,987,1 104d,International trade: importse (million current US$),1 957,2 604,3 466d,International trade: balancee (million current US$),- 1 075,- 1 617,- 2 362d,,,,,,,,,,,,,,,,,,,,,,,,,,,,,,,,,,,,,,,,,,,,,,,,
International trade: importse (million current US$),1 957,2 604,3 466d,International trade: balancee (million current US$),- 1 075,- 1 617,- 2 362d,,,,,,,,,,,,,,,,,,,,,,,,,,,,,,,,,,,,,,,,,,,,,,,,,,,,
International trade: balancee (million current US$),- 1 075,- 1 617,- 2 362d,,,,,,,,,,,,,,,,,,,,,,,,,,,,,,,,,,,,,,,,,,,,,,,,,,,,,,,,
