0,1,2,3,4,5,6,7,8,9,10,11,12,13,14,15,16,17,18,19,20,21,22,23,24,25,26,27,28,29,30,31,32,33,34,35,36,37,38,39,40,41,42,43,44,45,46,47,48,49,50,51
,2010,2015,2021,,,,,,,,,,,,,,,,,,,,,,,,,,,,,,,,,,,,,,,,,,,,,,,,
Population growth ratef (average annual %),0.5,0.5,0.5d,Urban population (% of total population),60.4,61.3,62.1b,Urban population growth ratef (average annual %),0.8,0.8,...,"Fertility rate, totalf (live births per woman)",2,1.9,1.9d,"Life expectancy at birthf (females/males, years)",71.8 /       64.8,74.1 /       67.2,75.4 /       68.3d,"Population age distribution (0-14/60+ years old, %)",22.6 /       12.9,20.9 /       12.7,19.8 /       15.4a,International migrant stocke (000/% of total pop.),44.0 /        0.2,48.5 /        0.2,49.5 /        0.2d,Infant mortality ratef (per 1 000 live births),27.3,18.5,13.9d,Health: Physicians (per 1 000 pop.),3.3g,3.5h,3.7i,Education: Primary gross enrol. ratio (f/m per 100 pop.),99.4 /       99.4j,... / ...,89.3 /       89.3k,Education: Secondary gross enrol. ratio (f/m per 100 pop.),... / ...,92.9 /       91.7,... / ...,Education: Upper secondary gross enrol. ratio (f/m per 100 pop.),... / ...,94.9 /       93.1,95.4 /       93.4k,Seats held by women in national parliaments (%),15.6,16.3,17.6l
Urban population (% of total population),60.4,61.3,62.1b,Urban population growth ratef (average annual %),0.8,0.8,...,"Fertility rate, totalf (live births per woman)",2,1.9,1.9d,"Life expectancy at birthf (females/males, years)",71.8 /       64.8,74.1 /       67.2,75.4 /       68.3d,"Population age distribution (0-14/60+ years old, %)",22.6 /       12.9,20.9 /       12.7,19.8 /       15.4a,International migrant stocke (000/% of total pop.),44.0 /        0.2,48.5 /        0.2,49.5 /        0.2d,Infant mortality ratef (per 1 000 live births),27.3,18.5,13.9d,Health: Physicians (per 1 000 pop.),3.3g,3.5h,3.7i,Education: Primary gross enrol. ratio (f/m per 100 pop.),99.4 /       99.4j,... / ...,89.3 /       89.3k,Education: Secondary gross enrol. ratio (f/m per 100 pop.),... / ...,92.9 /       91.7,... / ...,Education: Upper secondary gross enrol. ratio (f/m per 100 pop.),... / ...,94.9 /       93.1,95.4 /       93.4k,Seats held by women in national parliaments (%),15.6,16.3,17.6l,,,,
Urban population growth ratef (average annual %),0.8,0.8,...,"Fertility rate, totalf (live births per woman)",2,1.9,1.9d,"Life expectancy at birthf (females/males, years)",71.8 /       64.8,74.1 /       67.2,75.4 /       68.3d,"Population age distribution (0-14/60+ years old, %)",22.6 /       12.9,20.9 /       12.7,19.8 /       15.4a,International migrant stocke (000/% of total pop.),44.0 /        0.2,48.5 /        0.2,49.5 /        0.2d,Infant mortality ratef (per 1 000 live births),27.3,18.5,13.9d,Health: Physicians (per 1 000 pop.),3.3g,3.5h,3.7i,Education: Primary gross enrol. ratio (f/m per 100 pop.),99.4 /       99.4j,... / ...,89.3 /       89.3k,Education: Secondary gross enrol. ratio (f/m per 100 pop.),... / ...,92.9 /       91.7,... / ...,Education: Upper secondary gross enrol. ratio (f/m per 100 pop.),... / ...,94.9 /       93.1,95.4 /       93.4k,Seats held by women in national parliaments (%),15.6,16.3,17.6l,,,,,,,,
"Fertility rate, totalf (live births per woman)",2,1.9,1.9d,"Life expectancy at birthf (females/males, years)",71.8 /       64.8,74.1 /       67.2,75.4 /       68.3d,"Population age distribution (0-14/60+ years old, %)",22.6 /       12.9,20.9 /       12.7,19.8 /       15.4a,International migrant stocke (000/% of total pop.),44.0 /        0.2,48.5 /        0.2,49.5 /        0.2d,Infant mortality ratef (per 1 000 live births),27.3,18.5,13.9d,Health: Physicians (per 1 000 pop.),3.3g,3.5h,3.7i,Education: Primary gross enrol. ratio (f/m per 100 pop.),99.4 /       99.4j,... / ...,89.3 /       89.3k,Education: Secondary gross enrol. ratio (f/m per 100 pop.),... / ...,92.9 /       91.7,... / ...,Education: Upper secondary gross enrol. ratio (f/m per 100 pop.),... / ...,94.9 /       93.1,95.4 /       93.4k,Seats held by women in national parliaments (%),15.6,16.3,17.6l,,,,,,,,,,,,
"Life expectancy at birthf (females/males, years)",71.8 /       64.8,74.1 /       67.2,75.4 /       68.3d,"Population age distribution (0-14/60+ years old, %)",22.6 /       12.9,20.9 /       12.7,19.8 /       15.4a,International migrant stocke (000/% of total pop.),44.0 /        0.2,48.5 /        0.2,49.5 /        0.2d,Infant mortality ratef (per 1 000 live births),27.3,18.5,13.9d,Health: Physicians (per 1 000 pop.),3.3g,3.5h,3.7i,Education: Primary gross enrol. ratio (f/m per 100 pop.),99.4 /       99.4j,... / ...,89.3 /       89.3k,Education: Secondary gross enrol. ratio (f/m per 100 pop.),... / ...,92.9 /       91.7,... / ...,Education: Upper secondary gross enrol. ratio (f/m per 100 pop.),... / ...,94.9 /       93.1,95.4 /       93.4k,Seats held by women in national parliaments (%),15.6,16.3,17.6l,,,,,,,,,,,,,,,,
"Population age distribution (0-14/60+ years old, %)",22.6 /       12.9,20.9 /       12.7,19.8 /       15.4a,International migrant stocke (000/% of total pop.),44.0 /        0.2,48.5 /        0.2,49.5 /        0.2d,Infant mortality ratef (per 1 000 live births),27.3,18.5,13.9d,Health: Physicians (per 1 000 pop.),3.3g,3.5h,3.7i,Education: Primary gross enrol. ratio (f/m per 100 pop.),99.4 /       99.4j,... / ...,89.3 /       89.3k,Education: Secondary gross enrol. ratio (f/m per 100 pop.),... / ...,92.9 /       91.7,... / ...,Education: Upper secondary gross enrol. ratio (f/m per 100 pop.),... / ...,94.9 /       93.1,95.4 /       93.4k,Seats held by women in national parliaments (%),15.6,16.3,17.6l,,,,,,,,,,,,,,,,,,,,
International migrant stocke (000/% of total pop.),44.0 /        0.2,48.5 /        0.2,49.5 /        0.2d,Infant mortality ratef (per 1 000 live births),27.3,18.5,13.9d,Health: Physicians (per 1 000 pop.),3.3g,3.5h,3.7i,Education: Primary gross enrol. ratio (f/m per 100 pop.),99.4 /       99.4j,... / ...,89.3 /       89.3k,Education: Secondary gross enrol. ratio (f/m per 100 pop.),... / ...,92.9 /       91.7,... / ...,Education: Upper secondary gross enrol. ratio (f/m per 100 pop.),... / ...,94.9 /       93.1,95.4 /       93.4k,Seats held by women in national parliaments (%),15.6,16.3,17.6l,,,,,,,,,,,,,,,,,,,,,,,,
Infant mortality ratef (per 1 000 live births),27.3,18.5,13.9d,Health: Physicians (per 1 000 pop.),3.3g,3.5h,3.7i,Education: Primary gross enrol. ratio (f/m per 100 pop.),99.4 /       99.4j,... / ...,89.3 /       89.3k,Education: Secondary gross enrol. ratio (f/m per 100 pop.),... / ...,92.9 /       91.7,... / ...,Education: Upper secondary gross enrol. ratio (f/m per 100 pop.),... / ...,94.9 /       93.1,95.4 /       93.4k,Seats held by women in national parliaments (%),15.6,16.3,17.6l,,,,,,,,,,,,,,,,,,,,,,,,,,,,
Health: Physicians (per 1 000 pop.),3.3g,3.5h,3.7i,Education: Primary gross enrol. ratio (f/m per 100 pop.),99.4 /       99.4j,... / ...,89.3 /       89.3k,Education: Secondary gross enrol. ratio (f/m per 100 pop.),... / ...,92.9 /       91.7,... / ...,Education: Upper secondary gross enrol. ratio (f/m per 100 pop.),... / ...,94.9 /       93.1,95.4 /       93.4k,Seats held by women in national parliaments (%),15.6,16.3,17.6l,,,,,,,,,,,,,,,,,,,,,,,,,,,,,,,,
Education: Primary gross enrol. ratio (f/m per 100 pop.),99.4 /       99.4j,... / ...,89.3 /       89.3k,Education: Secondary gross enrol. ratio (f/m per 100 pop.),... / ...,92.9 /       91.7,... / ...,Education: Upper secondary gross enrol. ratio (f/m per 100 pop.),... / ...,94.9 /       93.1,95.4 /       93.4k,Seats held by women in national parliaments (%),15.6,16.3,17.6l,,,,,,,,,,,,,,,,,,,,,,,,,,,,,,,,,,,,
Education: Secondary gross enrol. ratio (f/m per 100 pop.),... / ...,92.9 /       91.7,... / ...,Education: Upper secondary gross enrol. ratio (f/m per 100 pop.),... / ...,94.9 /       93.1,95.4 /       93.4k,Seats held by women in national parliaments (%),15.6,16.3,17.6l,,,,,,,,,,,,,,,,,,,,,,,,,,,,,,,,,,,,,,,,
Education: Upper secondary gross enrol. ratio (f/m per 100 pop.),... / ...,94.9 /       93.1,95.4 /       93.4k,Seats held by women in national parliaments (%),15.6,16.3,17.6l,,,,,,,,,,,,,,,,,,,,,,,,,,,,,,,,,,,,,,,,,,,,
Seats held by women in national parliaments (%),15.6,16.3,17.6l,,,,,,,,,,,,,,,,,,,,,,,,,,,,,,,,,,,,,,,,,,,,,,,,
