0,1,2,3,4,5,6,7,8,9,10,11,12,13,14,15,16,17,18,19,20,21,22,23,24,25,26,27,28,29,30,31,32,33,34,35,36,37,38,39,40,41,42,43,44,45,46,47,48,49,50,51,52,53,54,55,56,57,58,59,60,61,62,63,64,65,66,67
,2010,2015,2021,,,,,,,,,,,,,,,,,,,,,,,,,,,,,,,,,,,,,,,,,,,,,,,,,,,,,,,,,,,,,,,,
GDP: Gross domestic product (million current US$),255 018,301 355,364 684c,"GDP growth rate (annual %, const. 2015 prices)",7.4,5.1,4.3c,GDP per capita (current US$),9 040.6,9 955.2,11 414.3c,Economy: Agricultureg (% of Gross Value Added),10.2,8.4,7.3c,Economy: Industryg (% of Gross Value Added),40.9,38.9,37.8c,Economy: Services and other activityg (% of GVA),48.9,52.7,54.8c,Employment in agriculture (% of employed),14.2,12.5,"10.1h,f",Employment in industry (% of employed),27.7,27.5,"26.8h,f",Employment in services (% employed),58,60,"63.1h,f",Unemploymenth (% of labour force),3.2,3.1,3.4f,Labour force participation rateh (female/male pop. %),43.5 /       76.2,50.5 /       77.6,50.9 /       77.2f,CPI: Consumer Price Index (2010=100),100,113,120f,Agricultural production index (2014-2016=100),89,104,105c,International trade: exports (million current US$),198 791,200 211,"234 042h,f",International trade: imports (million current US$),164 586,176 175,"189 804h,f",International trade: balance (million current US$),34 204,24 036,"44 238h,f","Balance of payments, current account (million US$)",25 644,9 068,14 848f
"GDP growth rate (annual %, const. 2015 prices)",7.4,5.1,4.3c,GDP per capita (current US$),9 040.6,9 955.2,11 414.3c,Economy: Agricultureg (% of Gross Value Added),10.2,8.4,7.3c,Economy: Industryg (% of Gross Value Added),40.9,38.9,37.8c,Economy: Services and other activityg (% of GVA),48.9,52.7,54.8c,Employment in agriculture (% of employed),14.2,12.5,"10.1h,f",Employment in industry (% of employed),27.7,27.5,"26.8h,f",Employment in services (% employed),58,60,"63.1h,f",Unemploymenth (% of labour force),3.2,3.1,3.4f,Labour force participation rateh (female/male pop. %),43.5 /       76.2,50.5 /       77.6,50.9 /       77.2f,CPI: Consumer Price Index (2010=100),100,113,120f,Agricultural production index (2014-2016=100),89,104,105c,International trade: exports (million current US$),198 791,200 211,"234 042h,f",International trade: imports (million current US$),164 586,176 175,"189 804h,f",International trade: balance (million current US$),34 204,24 036,"44 238h,f","Balance of payments, current account (million US$)",25 644,9 068,14 848f,,,,
GDP per capita (current US$),9 040.6,9 955.2,11 414.3c,Economy: Agricultureg (% of Gross Value Added),10.2,8.4,7.3c,Economy: Industryg (% of Gross Value Added),40.9,38.9,37.8c,Economy: Services and other activityg (% of GVA),48.9,52.7,54.8c,Employment in agriculture (% of employed),14.2,12.5,"10.1h,f",Employment in industry (% of employed),27.7,27.5,"26.8h,f",Employment in services (% employed),58,60,"63.1h,f",Unemploymenth (% of labour force),3.2,3.1,3.4f,Labour force participation rateh (female/male pop. %),43.5 /       76.2,50.5 /       77.6,50.9 /       77.2f,CPI: Consumer Price Index (2010=100),100,113,120f,Agricultural production index (2014-2016=100),89,104,105c,International trade: exports (million current US$),198 791,200 211,"234 042h,f",International trade: imports (million current US$),164 586,176 175,"189 804h,f",International trade: balance (million current US$),34 204,24 036,"44 238h,f","Balance of payments, current account (million US$)",25 644,9 068,14 848f,,,,,,,,
Economy: Agricultureg (% of Gross Value Added),10.2,8.4,7.3c,Economy: Industryg (% of Gross Value Added),40.9,38.9,37.8c,Economy: Services and other activityg (% of GVA),48.9,52.7,54.8c,Employment in agriculture (% of employed),14.2,12.5,"10.1h,f",Employment in industry (% of employed),27.7,27.5,"26.8h,f",Employment in services (% employed),58,60,"63.1h,f",Unemploymenth (% of labour force),3.2,3.1,3.4f,Labour force participation rateh (female/male pop. %),43.5 /       76.2,50.5 /       77.6,50.9 /       77.2f,CPI: Consumer Price Index (2010=100),100,113,120f,Agricultural production index (2014-2016=100),89,104,105c,International trade: exports (million current US$),198 791,200 211,"234 042h,f",International trade: imports (million current US$),164 586,176 175,"189 804h,f",International trade: balance (million current US$),34 204,24 036,"44 238h,f","Balance of payments, current account (million US$)",25 644,9 068,14 848f,,,,,,,,,,,,
Economy: Industryg (% of Gross Value Added),40.9,38.9,37.8c,Economy: Services and other activityg (% of GVA),48.9,52.7,54.8c,Employment in agriculture (% of employed),14.2,12.5,"10.1h,f",Employment in industry (% of employed),27.7,27.5,"26.8h,f",Employment in services (% employed),58,60,"63.1h,f",Unemploymenth (% of labour force),3.2,3.1,3.4f,Labour force participation rateh (female/male pop. %),43.5 /       76.2,50.5 /       77.6,50.9 /       77.2f,CPI: Consumer Price Index (2010=100),100,113,120f,Agricultural production index (2014-2016=100),89,104,105c,International trade: exports (million current US$),198 791,200 211,"234 042h,f",International trade: imports (million current US$),164 586,176 175,"189 804h,f",International trade: balance (million current US$),34 204,24 036,"44 238h,f","Balance of payments, current account (million US$)",25 644,9 068,14 848f,,,,,,,,,,,,,,,,
Economy: Services and other activityg (% of GVA),48.9,52.7,54.8c,Employment in agriculture (% of employed),14.2,12.5,"10.1h,f",Employment in industry (% of employed),27.7,27.5,"26.8h,f",Employment in services (% employed),58,60,"63.1h,f",Unemploymenth (% of labour force),3.2,3.1,3.4f,Labour force participation rateh (female/male pop. %),43.5 /       76.2,50.5 /       77.6,50.9 /       77.2f,CPI: Consumer Price Index (2010=100),100,113,120f,Agricultural production index (2014-2016=100),89,104,105c,International trade: exports (million current US$),198 791,200 211,"234 042h,f",International trade: imports (million current US$),164 586,176 175,"189 804h,f",International trade: balance (million current US$),34 204,24 036,"44 238h,f","Balance of payments, current account (million US$)",25 644,9 068,14 848f,,,,,,,,,,,,,,,,,,,,
Employment in agriculture (% of employed),14.2,12.5,"10.1h,f",Employment in industry (% of employed),27.7,27.5,"26.8h,f",Employment in services (% employed),58,60,"63.1h,f",Unemploymenth (% of labour force),3.2,3.1,3.4f,Labour force participation rateh (female/male pop. %),43.5 /       76.2,50.5 /       77.6,50.9 /       77.2f,CPI: Consumer Price Index (2010=100),100,113,120f,Agricultural production index (2014-2016=100),89,104,105c,International trade: exports (million current US$),198 791,200 211,"234 042h,f",International trade: imports (million current US$),164 586,176 175,"189 804h,f",International trade: balance (million current US$),34 204,24 036,"44 238h,f","Balance of payments, current account (million US$)",25 644,9 068,14 848f,,,,,,,,,,,,,,,,,,,,,,,,
Employment in industry (% of employed),27.7,27.5,"26.8h,f",Employment in services (% employed),58,60,"63.1h,f",Unemploymenth (% of labour force),3.2,3.1,3.4f,Labour force participation rateh (female/male pop. %),43.5 /       76.2,50.5 /       77.6,50.9 /       77.2f,CPI: Consumer Price Index (2010=100),100,113,120f,Agricultural production index (2014-2016=100),89,104,105c,International trade: exports (million current US$),198 791,200 211,"234 042h,f",International trade: imports (million current US$),164 586,176 175,"189 804h,f",International trade: balance (million current US$),34 204,24 036,"44 238h,f","Balance of payments, current account (million US$)",25 644,9 068,14 848f,,,,,,,,,,,,,,,,,,,,,,,,,,,,
Employment in services (% employed),58,60,"63.1h,f",Unemploymenth (% of labour force),3.2,3.1,3.4f,Labour force participation rateh (female/male pop. %),43.5 /       76.2,50.5 /       77.6,50.9 /       77.2f,CPI: Consumer Price Index (2010=100),100,113,120f,Agricultural production index (2014-2016=100),89,104,105c,International trade: exports (million current US$),198 791,200 211,"234 042h,f",International trade: imports (million current US$),164 586,176 175,"189 804h,f",International trade: balance (million current US$),34 204,24 036,"44 238h,f","Balance of payments, current account (million US$)",25 644,9 068,14 848f,,,,,,,,,,,,,,,,,,,,,,,,,,,,,,,,
Unemploymenth (% of labour force),3.2,3.1,3.4f,Labour force participation rateh (female/male pop. %),43.5 /       76.2,50.5 /       77.6,50.9 /       77.2f,CPI: Consumer Price Index (2010=100),100,113,120f,Agricultural production index (2014-2016=100),89,104,105c,International trade: exports (million current US$),198 791,200 211,"234 042h,f",International trade: imports (million current US$),164 586,176 175,"189 804h,f",International trade: balance (million current US$),34 204,24 036,"44 238h,f","Balance of payments, current account (million US$)",25 644,9 068,14 848f,,,,,,,,,,,,,,,,,,,,,,,,,,,,,,,,,,,,
Labour force participation rateh (female/male pop. %),43.5 /       76.2,50.5 /       77.6,50.9 /       77.2f,CPI: Consumer Price Index (2010=100),100,113,120f,Agricultural production index (2014-2016=100),89,104,105c,International trade: exports (million current US$),198 791,200 211,"234 042h,f",International trade: imports (million current US$),164 586,176 175,"189 804h,f",International trade: balance (million current US$),34 204,24 036,"44 238h,f","Balance of payments, current account (million US$)",25 644,9 068,14 848f,,,,,,,,,,,,,,,,,,,,,,,,,,,,,,,,,,,,,,,,
CPI: Consumer Price Index (2010=100),100,113,120f,Agricultural production index (2014-2016=100),89,104,105c,International trade: exports (million current US$),198 791,200 211,"234 042h,f",International trade: imports (million current US$),164 586,176 175,"189 804h,f",International trade: balance (million current US$),34 204,24 036,"44 238h,f","Balance of payments, current account (million US$)",25 644,9 068,14 848f,,,,,,,,,,,,,,,,,,,,,,,,,,,,,,,,,,,,,,,,,,,,
Agricultural production index (2014-2016=100),89,104,105c,International trade: exports (million current US$),198 791,200 211,"234 042h,f",International trade: imports (million current US$),164 586,176 175,"189 804h,f",International trade: balance (million current US$),34 204,24 036,"44 238h,f","Balance of payments, current account (million US$)",25 644,9 068,14 848f,,,,,,,,,,,,,,,,,,,,,,,,,,,,,,,,,,,,,,,,,,,,,,,,
International trade: exports (million current US$),198 791,200 211,"234 042h,f",International trade: imports (million current US$),164 586,176 175,"189 804h,f",International trade: balance (million current US$),34 204,24 036,"44 238h,f","Balance of payments, current account (million US$)",25 644,9 068,14 848f,,,,,,,,,,,,,,,,,,,,,,,,,,,,,,,,,,,,,,,,,,,,,,,,,,,,
International trade: imports (million current US$),164 586,176 175,"189 804h,f",International trade: balance (million current US$),34 204,24 036,"44 238h,f","Balance of payments, current account (million US$)",25 644,9 068,14 848f,,,,,,,,,,,,,,,,,,,,,,,,,,,,,,,,,,,,,,,,,,,,,,,,,,,,,,,,
International trade: balance (million current US$),34 204,24 036,"44 238h,f","Balance of payments, current account (million US$)",25 644,9 068,14 848f,,,,,,,,,,,,,,,,,,,,,,,,,,,,,,,,,,,,,,,,,,,,,,,,,,,,,,,,,,,,
"Balance of payments, current account (million US$)",25 644,9 068,14 848f,,,,,,,,,,,,,,,,,,,,,,,,,,,,,,,,,,,,,,,,,,,,,,,,,,,,,,,,,,,,,,,,
