0,1,2,3,4,5,6,7,8,9,10,11,12,13,14,15,16,17,18,19,20,21,22,23,24,25,26,27,28,29,30,31,32,33,34,35,36,37,38,39
,2010,2015,2021,,,,,,,,,,,,,,,,,,,,,,,,,,,,,,,,,,,,
Individuals using the Internet (per 100 inhabitants),56.3r,71.1,84.2c,Research & Development expenditure (% of GDP),1,1.3,1n,Threatened species (number),1 180,1 252,1 928,Forested areah (% of land area),57.7,59.2,58.5n,CO2 emission estimates (million tons/tons per capita),189.9 /        6.7,220.2 /        7.3,228.0 /        7.2n,"Energy production, primary (Petajoules)",3 450,3 748,3 952n,Energy supply per capita (Gigajoules),105,113,122n,Tourist/visitor arrivals at national borderss (000),24 577,25 721,26 101c,Important sites for terrestrial biodiversity protected (%),28.5,28.5,28.5f,Net Official Development Assist. received (% of GNI),0,0,0c
Research & Development expenditure (% of GDP),1,1.3,1n,Threatened species (number),1 180,1 252,1 928,Forested areah (% of land area),57.7,59.2,58.5n,CO2 emission estimates (million tons/tons per capita),189.9 /        6.7,220.2 /        7.3,228.0 /        7.2n,"Energy production, primary (Petajoules)",3 450,3 748,3 952n,Energy supply per capita (Gigajoules),105,113,122n,Tourist/visitor arrivals at national borderss (000),24 577,25 721,26 101c,Important sites for terrestrial biodiversity protected (%),28.5,28.5,28.5f,Net Official Development Assist. received (% of GNI),0,0,0c,,,,
Threatened species (number),1 180,1 252,1 928,Forested areah (% of land area),57.7,59.2,58.5n,CO2 emission estimates (million tons/tons per capita),189.9 /        6.7,220.2 /        7.3,228.0 /        7.2n,"Energy production, primary (Petajoules)",3 450,3 748,3 952n,Energy supply per capita (Gigajoules),105,113,122n,Tourist/visitor arrivals at national borderss (000),24 577,25 721,26 101c,Important sites for terrestrial biodiversity protected (%),28.5,28.5,28.5f,Net Official Development Assist. received (% of GNI),0,0,0c,,,,,,,,
Forested areah (% of land area),57.7,59.2,58.5n,CO2 emission estimates (million tons/tons per capita),189.9 /        6.7,220.2 /        7.3,228.0 /        7.2n,"Energy production, primary (Petajoules)",3 450,3 748,3 952n,Energy supply per capita (Gigajoules),105,113,122n,Tourist/visitor arrivals at national borderss (000),24 577,25 721,26 101c,Important sites for terrestrial biodiversity protected (%),28.5,28.5,28.5f,Net Official Development Assist. received (% of GNI),0,0,0c,,,,,,,,,,,,
CO2 emission estimates (million tons/tons per capita),189.9 /        6.7,220.2 /        7.3,228.0 /        7.2n,"Energy production, primary (Petajoules)",3 450,3 748,3 952n,Energy supply per capita (Gigajoules),105,113,122n,Tourist/visitor arrivals at national borderss (000),24 577,25 721,26 101c,Important sites for terrestrial biodiversity protected (%),28.5,28.5,28.5f,Net Official Development Assist. received (% of GNI),0,0,0c,,,,,,,,,,,,,,,,
"Energy production, primary (Petajoules)",3 450,3 748,3 952n,Energy supply per capita (Gigajoules),105,113,122n,Tourist/visitor arrivals at national borderss (000),24 577,25 721,26 101c,Important sites for terrestrial biodiversity protected (%),28.5,28.5,28.5f,Net Official Development Assist. received (% of GNI),0,0,0c,,,,,,,,,,,,,,,,,,,,
Energy supply per capita (Gigajoules),105,113,122n,Tourist/visitor arrivals at national borderss (000),24 577,25 721,26 101c,Important sites for terrestrial biodiversity protected (%),28.5,28.5,28.5f,Net Official Development Assist. received (% of GNI),0,0,0c,,,,,,,,,,,,,,,,,,,,,,,,
Tourist/visitor arrivals at national borderss (000),24 577,25 721,26 101c,Important sites for terrestrial biodiversity protected (%),28.5,28.5,28.5f,Net Official Development Assist. received (% of GNI),0,0,0c,,,,,,,,,,,,,,,,,,,,,,,,,,,,
Important sites for terrestrial biodiversity protected (%),28.5,28.5,28.5f,Net Official Development Assist. received (% of GNI),0,0,0c,,,,,,,,,,,,,,,,,,,,,,,,,,,,,,,,
Net Official Development Assist. received (% of GNI),0,0,0c,,,,,,,,,,,,,,,,,,,,,,,,,,,,,,,,,,,,
