0,1,2,3,4,5,6,7,8,9,10,11,12,13,14,15,16,17,18,19,20,21,22,23,24,25,26,27,28,29,30,31,32,33,34,35,36,37,38,39,40,41,42,43,44,45,46,47,48,49,50,51,52,53,54,55,56,57,58,59,60,61,62,63,64,65,66,67
,2010,2015,2021,,,,,,,,,,,,,,,,,,,,,,,,,,,,,,,,,,,,,,,,,,,,,,,,,,,,,,,,,,,,,,,,
GDP: Gross domestic product (million current US$),11 242,18 050,27 098b,"GDP growth rate (annual %, const. 2015 prices)",6,7,6.8b,GDP per capita (current US$),785.5,1 162.9,1 643.6b,Economy: Agriculture (% of Gross Value Added),36,28.2,22b,Economy: Industry (% of Gross Value Added),23.3,29.4,36.4b,Economy: Services and other activity (% of GVA),40.7,42.3,41.6b,Employment in agriculture (% of employed),57.3e,42.5,"31.2e,d",Employment in industry (% of employed),16e,24.9,"29.6e,d",Employment in services (% employed),26.7e,32.6,"39.2e,d",Unemploymente (% of labour force),0.8,0.4,0.7d,Labour force participation ratee (female/male pop. %),81.8 /       89.0,74.3 /       86.9,76.3 /       89.0d,CPI: Consumer Price Indexf (2010=100),100,117,128g,Agricultural production index (2014-2016=100),79,99,121b,International trade: exports (million current US$),5 590,8 542,"17 543e,d",International trade: imports (million current US$),4 903,10 669,"18 696e,d",International trade: balance (million current US$),688,- 2 126,"- 1 153e,d","Balance of payments, current account (million US$)",-981,- 1 598,- 3 076d
"GDP growth rate (annual %, const. 2015 prices)",6,7,6.8b,GDP per capita (current US$),785.5,1 162.9,1 643.6b,Economy: Agriculture (% of Gross Value Added),36,28.2,22b,Economy: Industry (% of Gross Value Added),23.3,29.4,36.4b,Economy: Services and other activity (% of GVA),40.7,42.3,41.6b,Employment in agriculture (% of employed),57.3e,42.5,"31.2e,d",Employment in industry (% of employed),16e,24.9,"29.6e,d",Employment in services (% employed),26.7e,32.6,"39.2e,d",Unemploymente (% of labour force),0.8,0.4,0.7d,Labour force participation ratee (female/male pop. %),81.8 /       89.0,74.3 /       86.9,76.3 /       89.0d,CPI: Consumer Price Indexf (2010=100),100,117,128g,Agricultural production index (2014-2016=100),79,99,121b,International trade: exports (million current US$),5 590,8 542,"17 543e,d",International trade: imports (million current US$),4 903,10 669,"18 696e,d",International trade: balance (million current US$),688,- 2 126,"- 1 153e,d","Balance of payments, current account (million US$)",-981,- 1 598,- 3 076d,,,,
GDP per capita (current US$),785.5,1 162.9,1 643.6b,Economy: Agriculture (% of Gross Value Added),36,28.2,22b,Economy: Industry (% of Gross Value Added),23.3,29.4,36.4b,Economy: Services and other activity (% of GVA),40.7,42.3,41.6b,Employment in agriculture (% of employed),57.3e,42.5,"31.2e,d",Employment in industry (% of employed),16e,24.9,"29.6e,d",Employment in services (% employed),26.7e,32.6,"39.2e,d",Unemploymente (% of labour force),0.8,0.4,0.7d,Labour force participation ratee (female/male pop. %),81.8 /       89.0,74.3 /       86.9,76.3 /       89.0d,CPI: Consumer Price Indexf (2010=100),100,117,128g,Agricultural production index (2014-2016=100),79,99,121b,International trade: exports (million current US$),5 590,8 542,"17 543e,d",International trade: imports (million current US$),4 903,10 669,"18 696e,d",International trade: balance (million current US$),688,- 2 126,"- 1 153e,d","Balance of payments, current account (million US$)",-981,- 1 598,- 3 076d,,,,,,,,
Economy: Agriculture (% of Gross Value Added),36,28.2,22b,Economy: Industry (% of Gross Value Added),23.3,29.4,36.4b,Economy: Services and other activity (% of GVA),40.7,42.3,41.6b,Employment in agriculture (% of employed),57.3e,42.5,"31.2e,d",Employment in industry (% of employed),16e,24.9,"29.6e,d",Employment in services (% employed),26.7e,32.6,"39.2e,d",Unemploymente (% of labour force),0.8,0.4,0.7d,Labour force participation ratee (female/male pop. %),81.8 /       89.0,74.3 /       86.9,76.3 /       89.0d,CPI: Consumer Price Indexf (2010=100),100,117,128g,Agricultural production index (2014-2016=100),79,99,121b,International trade: exports (million current US$),5 590,8 542,"17 543e,d",International trade: imports (million current US$),4 903,10 669,"18 696e,d",International trade: balance (million current US$),688,- 2 126,"- 1 153e,d","Balance of payments, current account (million US$)",-981,- 1 598,- 3 076d,,,,,,,,,,,,
Economy: Industry (% of Gross Value Added),23.3,29.4,36.4b,Economy: Services and other activity (% of GVA),40.7,42.3,41.6b,Employment in agriculture (% of employed),57.3e,42.5,"31.2e,d",Employment in industry (% of employed),16e,24.9,"29.6e,d",Employment in services (% employed),26.7e,32.6,"39.2e,d",Unemploymente (% of labour force),0.8,0.4,0.7d,Labour force participation ratee (female/male pop. %),81.8 /       89.0,74.3 /       86.9,76.3 /       89.0d,CPI: Consumer Price Indexf (2010=100),100,117,128g,Agricultural production index (2014-2016=100),79,99,121b,International trade: exports (million current US$),5 590,8 542,"17 543e,d",International trade: imports (million current US$),4 903,10 669,"18 696e,d",International trade: balance (million current US$),688,- 2 126,"- 1 153e,d","Balance of payments, current account (million US$)",-981,- 1 598,- 3 076d,,,,,,,,,,,,,,,,
Economy: Services and other activity (% of GVA),40.7,42.3,41.6b,Employment in agriculture (% of employed),57.3e,42.5,"31.2e,d",Employment in industry (% of employed),16e,24.9,"29.6e,d",Employment in services (% employed),26.7e,32.6,"39.2e,d",Unemploymente (% of labour force),0.8,0.4,0.7d,Labour force participation ratee (female/male pop. %),81.8 /       89.0,74.3 /       86.9,76.3 /       89.0d,CPI: Consumer Price Indexf (2010=100),100,117,128g,Agricultural production index (2014-2016=100),79,99,121b,International trade: exports (million current US$),5 590,8 542,"17 543e,d",International trade: imports (million current US$),4 903,10 669,"18 696e,d",International trade: balance (million current US$),688,- 2 126,"- 1 153e,d","Balance of payments, current account (million US$)",-981,- 1 598,- 3 076d,,,,,,,,,,,,,,,,,,,,
Employment in agriculture (% of employed),57.3e,42.5,"31.2e,d",Employment in industry (% of employed),16e,24.9,"29.6e,d",Employment in services (% employed),26.7e,32.6,"39.2e,d",Unemploymente (% of labour force),0.8,0.4,0.7d,Labour force participation ratee (female/male pop. %),81.8 /       89.0,74.3 /       86.9,76.3 /       89.0d,CPI: Consumer Price Indexf (2010=100),100,117,128g,Agricultural production index (2014-2016=100),79,99,121b,International trade: exports (million current US$),5 590,8 542,"17 543e,d",International trade: imports (million current US$),4 903,10 669,"18 696e,d",International trade: balance (million current US$),688,- 2 126,"- 1 153e,d","Balance of payments, current account (million US$)",-981,- 1 598,- 3 076d,,,,,,,,,,,,,,,,,,,,,,,,
Employment in industry (% of employed),16e,24.9,"29.6e,d",Employment in services (% employed),26.7e,32.6,"39.2e,d",Unemploymente (% of labour force),0.8,0.4,0.7d,Labour force participation ratee (female/male pop. %),81.8 /       89.0,74.3 /       86.9,76.3 /       89.0d,CPI: Consumer Price Indexf (2010=100),100,117,128g,Agricultural production index (2014-2016=100),79,99,121b,International trade: exports (million current US$),5 590,8 542,"17 543e,d",International trade: imports (million current US$),4 903,10 669,"18 696e,d",International trade: balance (million current US$),688,- 2 126,"- 1 153e,d","Balance of payments, current account (million US$)",-981,- 1 598,- 3 076d,,,,,,,,,,,,,,,,,,,,,,,,,,,,
Employment in services (% employed),26.7e,32.6,"39.2e,d",Unemploymente (% of labour force),0.8,0.4,0.7d,Labour force participation ratee (female/male pop. %),81.8 /       89.0,74.3 /       86.9,76.3 /       89.0d,CPI: Consumer Price Indexf (2010=100),100,117,128g,Agricultural production index (2014-2016=100),79,99,121b,International trade: exports (million current US$),5 590,8 542,"17 543e,d",International trade: imports (million current US$),4 903,10 669,"18 696e,d",International trade: balance (million current US$),688,- 2 126,"- 1 153e,d","Balance of payments, current account (million US$)",-981,- 1 598,- 3 076d,,,,,,,,,,,,,,,,,,,,,,,,,,,,,,,,
Unemploymente (% of labour force),0.8,0.4,0.7d,Labour force participation ratee (female/male pop. %),81.8 /       89.0,74.3 /       86.9,76.3 /       89.0d,CPI: Consumer Price Indexf (2010=100),100,117,128g,Agricultural production index (2014-2016=100),79,99,121b,International trade: exports (million current US$),5 590,8 542,"17 543e,d",International trade: imports (million current US$),4 903,10 669,"18 696e,d",International trade: balance (million current US$),688,- 2 126,"- 1 153e,d","Balance of payments, current account (million US$)",-981,- 1 598,- 3 076d,,,,,,,,,,,,,,,,,,,,,,,,,,,,,,,,,,,,
Labour force participation ratee (female/male pop. %),81.8 /       89.0,74.3 /       86.9,76.3 /       89.0d,CPI: Consumer Price Indexf (2010=100),100,117,128g,Agricultural production index (2014-2016=100),79,99,121b,International trade: exports (million current US$),5 590,8 542,"17 543e,d",International trade: imports (million current US$),4 903,10 669,"18 696e,d",International trade: balance (million current US$),688,- 2 126,"- 1 153e,d","Balance of payments, current account (million US$)",-981,- 1 598,- 3 076d,,,,,,,,,,,,,,,,,,,,,,,,,,,,,,,,,,,,,,,,
CPI: Consumer Price Indexf (2010=100),100,117,128g,Agricultural production index (2014-2016=100),79,99,121b,International trade: exports (million current US$),5 590,8 542,"17 543e,d",International trade: imports (million current US$),4 903,10 669,"18 696e,d",International trade: balance (million current US$),688,- 2 126,"- 1 153e,d","Balance of payments, current account (million US$)",-981,- 1 598,- 3 076d,,,,,,,,,,,,,,,,,,,,,,,,,,,,,,,,,,,,,,,,,,,,
Agricultural production index (2014-2016=100),79,99,121b,International trade: exports (million current US$),5 590,8 542,"17 543e,d",International trade: imports (million current US$),4 903,10 669,"18 696e,d",International trade: balance (million current US$),688,- 2 126,"- 1 153e,d","Balance of payments, current account (million US$)",-981,- 1 598,- 3 076d,,,,,,,,,,,,,,,,,,,,,,,,,,,,,,,,,,,,,,,,,,,,,,,,
International trade: exports (million current US$),5 590,8 542,"17 543e,d",International trade: imports (million current US$),4 903,10 669,"18 696e,d",International trade: balance (million current US$),688,- 2 126,"- 1 153e,d","Balance of payments, current account (million US$)",-981,- 1 598,- 3 076d,,,,,,,,,,,,,,,,,,,,,,,,,,,,,,,,,,,,,,,,,,,,,,,,,,,,
International trade: imports (million current US$),4 903,10 669,"18 696e,d",International trade: balance (million current US$),688,- 2 126,"- 1 153e,d","Balance of payments, current account (million US$)",-981,- 1 598,- 3 076d,,,,,,,,,,,,,,,,,,,,,,,,,,,,,,,,,,,,,,,,,,,,,,,,,,,,,,,,
International trade: balance (million current US$),688,- 2 126,"- 1 153e,d","Balance of payments, current account (million US$)",-981,- 1 598,- 3 076d,,,,,,,,,,,,,,,,,,,,,,,,,,,,,,,,,,,,,,,,,,,,,,,,,,,,,,,,,,,,
"Balance of payments, current account (million US$)",-981,- 1 598,- 3 076d,,,,,,,,,,,,,,,,,,,,,,,,,,,,,,,,,,,,,,,,,,,,,,,,,,,,,,,,,,,,,,,,
