0,1,2,3,4,5,6,7,8,9,10,11,12,13,14,15,16,17,18,19,20,21,22,23,24,25,26,27,28,29,30,31,32,33,34,35,36,37,38,39,40,41,42,43,44,45,46,47,48,49,50,51,52,53,54,55,56,57,58,59,60,61,62,63,64,65,66,67
,2010,2015,2021,,,,,,,,,,,,,,,,,,,,,,,,,,,,,,,,,,,,,,,,,,,,,,,,,,,,,,,,,,,,,,,,
GDP: Gross domestic product (million current US$),37 269,54 776,61 774b,"GDP growth rate (annual %, const. 2015 prices)",5,3.6,2.1b,GDP per capita (current US$),8 141.9,11 299.1,12 238.4b,Economy: Agriculturee (% of Gross Value Added),7.2,5.4,4.6b,"Economy: Industryf,g (% of Gross Value Added)",25.4,21.2,20b,Economy: Services and other activityh (% of GVA),67.4,73.4,75.4b,Employment in agriculture (% of employed),11.4i,12.3,"11.9i,d",Employment in industry (% of employed),20i,19.2,"19.8i,d",Employment in services (% employed),68.6i,68.5,"68.3i,d",Unemploymenti (% of labour force),7.2,9,12.7d,Labour force participation ratei (female/male pop. %),45.3 /       76.5,48.4 /       75.6,48.2 /       75.9d,"CPI: Consumer Price Indexj,k (2010=100)",100,122,130d,Agricultural production index (2014-2016=100),88,98,107b,International trade: exports (million current US$),9 045,9 578,"12 011i,d",International trade: imports (million current US$),13 920,15 504,"13 965i,d",International trade: balance (million current US$),- 4 875,- 5 926,"- 1 954i,d","Balance of payments, current account (million US$)",- 1 214,- 1 921,- 1 289b
"GDP growth rate (annual %, const. 2015 prices)",5,3.6,2.1b,GDP per capita (current US$),8 141.9,11 299.1,12 238.4b,Economy: Agriculturee (% of Gross Value Added),7.2,5.4,4.6b,"Economy: Industryf,g (% of Gross Value Added)",25.4,21.2,20b,Economy: Services and other activityh (% of GVA),67.4,73.4,75.4b,Employment in agriculture (% of employed),11.4i,12.3,"11.9i,d",Employment in industry (% of employed),20i,19.2,"19.8i,d",Employment in services (% employed),68.6i,68.5,"68.3i,d",Unemploymenti (% of labour force),7.2,9,12.7d,Labour force participation ratei (female/male pop. %),45.3 /       76.5,48.4 /       75.6,48.2 /       75.9d,"CPI: Consumer Price Indexj,k (2010=100)",100,122,130d,Agricultural production index (2014-2016=100),88,98,107b,International trade: exports (million current US$),9 045,9 578,"12 011i,d",International trade: imports (million current US$),13 920,15 504,"13 965i,d",International trade: balance (million current US$),- 4 875,- 5 926,"- 1 954i,d","Balance of payments, current account (million US$)",- 1 214,- 1 921,- 1 289b,,,,
GDP per capita (current US$),8 141.9,11 299.1,12 238.4b,Economy: Agriculturee (% of Gross Value Added),7.2,5.4,4.6b,"Economy: Industryf,g (% of Gross Value Added)",25.4,21.2,20b,Economy: Services and other activityh (% of GVA),67.4,73.4,75.4b,Employment in agriculture (% of employed),11.4i,12.3,"11.9i,d",Employment in industry (% of employed),20i,19.2,"19.8i,d",Employment in services (% employed),68.6i,68.5,"68.3i,d",Unemploymenti (% of labour force),7.2,9,12.7d,Labour force participation ratei (female/male pop. %),45.3 /       76.5,48.4 /       75.6,48.2 /       75.9d,"CPI: Consumer Price Indexj,k (2010=100)",100,122,130d,Agricultural production index (2014-2016=100),88,98,107b,International trade: exports (million current US$),9 045,9 578,"12 011i,d",International trade: imports (million current US$),13 920,15 504,"13 965i,d",International trade: balance (million current US$),- 4 875,- 5 926,"- 1 954i,d","Balance of payments, current account (million US$)",- 1 214,- 1 921,- 1 289b,,,,,,,,
Economy: Agriculturee (% of Gross Value Added),7.2,5.4,4.6b,"Economy: Industryf,g (% of Gross Value Added)",25.4,21.2,20b,Economy: Services and other activityh (% of GVA),67.4,73.4,75.4b,Employment in agriculture (% of employed),11.4i,12.3,"11.9i,d",Employment in industry (% of employed),20i,19.2,"19.8i,d",Employment in services (% employed),68.6i,68.5,"68.3i,d",Unemploymenti (% of labour force),7.2,9,12.7d,Labour force participation ratei (female/male pop. %),45.3 /       76.5,48.4 /       75.6,48.2 /       75.9d,"CPI: Consumer Price Indexj,k (2010=100)",100,122,130d,Agricultural production index (2014-2016=100),88,98,107b,International trade: exports (million current US$),9 045,9 578,"12 011i,d",International trade: imports (million current US$),13 920,15 504,"13 965i,d",International trade: balance (million current US$),- 4 875,- 5 926,"- 1 954i,d","Balance of payments, current account (million US$)",- 1 214,- 1 921,- 1 289b,,,,,,,,,,,,
"Economy: Industryf,g (% of Gross Value Added)",25.4,21.2,20b,Economy: Services and other activityh (% of GVA),67.4,73.4,75.4b,Employment in agriculture (% of employed),11.4i,12.3,"11.9i,d",Employment in industry (% of employed),20i,19.2,"19.8i,d",Employment in services (% employed),68.6i,68.5,"68.3i,d",Unemploymenti (% of labour force),7.2,9,12.7d,Labour force participation ratei (female/male pop. %),45.3 /       76.5,48.4 /       75.6,48.2 /       75.9d,"CPI: Consumer Price Indexj,k (2010=100)",100,122,130d,Agricultural production index (2014-2016=100),88,98,107b,International trade: exports (million current US$),9 045,9 578,"12 011i,d",International trade: imports (million current US$),13 920,15 504,"13 965i,d",International trade: balance (million current US$),- 4 875,- 5 926,"- 1 954i,d","Balance of payments, current account (million US$)",- 1 214,- 1 921,- 1 289b,,,,,,,,,,,,,,,,
Economy: Services and other activityh (% of GVA),67.4,73.4,75.4b,Employment in agriculture (% of employed),11.4i,12.3,"11.9i,d",Employment in industry (% of employed),20i,19.2,"19.8i,d",Employment in services (% employed),68.6i,68.5,"68.3i,d",Unemploymenti (% of labour force),7.2,9,12.7d,Labour force participation ratei (female/male pop. %),45.3 /       76.5,48.4 /       75.6,48.2 /       75.9d,"CPI: Consumer Price Indexj,k (2010=100)",100,122,130d,Agricultural production index (2014-2016=100),88,98,107b,International trade: exports (million current US$),9 045,9 578,"12 011i,d",International trade: imports (million current US$),13 920,15 504,"13 965i,d",International trade: balance (million current US$),- 4 875,- 5 926,"- 1 954i,d","Balance of payments, current account (million US$)",- 1 214,- 1 921,- 1 289b,,,,,,,,,,,,,,,,,,,,
Employment in agriculture (% of employed),11.4i,12.3,"11.9i,d",Employment in industry (% of employed),20i,19.2,"19.8i,d",Employment in services (% employed),68.6i,68.5,"68.3i,d",Unemploymenti (% of labour force),7.2,9,12.7d,Labour force participation ratei (female/male pop. %),45.3 /       76.5,48.4 /       75.6,48.2 /       75.9d,"CPI: Consumer Price Indexj,k (2010=100)",100,122,130d,Agricultural production index (2014-2016=100),88,98,107b,International trade: exports (million current US$),9 045,9 578,"12 011i,d",International trade: imports (million current US$),13 920,15 504,"13 965i,d",International trade: balance (million current US$),- 4 875,- 5 926,"- 1 954i,d","Balance of payments, current account (million US$)",- 1 214,- 1 921,- 1 289b,,,,,,,,,,,,,,,,,,,,,,,,
Employment in industry (% of employed),20i,19.2,"19.8i,d",Employment in services (% employed),68.6i,68.5,"68.3i,d",Unemploymenti (% of labour force),7.2,9,12.7d,Labour force participation ratei (female/male pop. %),45.3 /       76.5,48.4 /       75.6,48.2 /       75.9d,"CPI: Consumer Price Indexj,k (2010=100)",100,122,130d,Agricultural production index (2014-2016=100),88,98,107b,International trade: exports (million current US$),9 045,9 578,"12 011i,d",International trade: imports (million current US$),13 920,15 504,"13 965i,d",International trade: balance (million current US$),- 4 875,- 5 926,"- 1 954i,d","Balance of payments, current account (million US$)",- 1 214,- 1 921,- 1 289b,,,,,,,,,,,,,,,,,,,,,,,,,,,,
Employment in services (% employed),68.6i,68.5,"68.3i,d",Unemploymenti (% of labour force),7.2,9,12.7d,Labour force participation ratei (female/male pop. %),45.3 /       76.5,48.4 /       75.6,48.2 /       75.9d,"CPI: Consumer Price Indexj,k (2010=100)",100,122,130d,Agricultural production index (2014-2016=100),88,98,107b,International trade: exports (million current US$),9 045,9 578,"12 011i,d",International trade: imports (million current US$),13 920,15 504,"13 965i,d",International trade: balance (million current US$),- 4 875,- 5 926,"- 1 954i,d","Balance of payments, current account (million US$)",- 1 214,- 1 921,- 1 289b,,,,,,,,,,,,,,,,,,,,,,,,,,,,,,,,
Unemploymenti (% of labour force),7.2,9,12.7d,Labour force participation ratei (female/male pop. %),45.3 /       76.5,48.4 /       75.6,48.2 /       75.9d,"CPI: Consumer Price Indexj,k (2010=100)",100,122,130d,Agricultural production index (2014-2016=100),88,98,107b,International trade: exports (million current US$),9 045,9 578,"12 011i,d",International trade: imports (million current US$),13 920,15 504,"13 965i,d",International trade: balance (million current US$),- 4 875,- 5 926,"- 1 954i,d","Balance of payments, current account (million US$)",- 1 214,- 1 921,- 1 289b,,,,,,,,,,,,,,,,,,,,,,,,,,,,,,,,,,,,
Labour force participation ratei (female/male pop. %),45.3 /       76.5,48.4 /       75.6,48.2 /       75.9d,"CPI: Consumer Price Indexj,k (2010=100)",100,122,130d,Agricultural production index (2014-2016=100),88,98,107b,International trade: exports (million current US$),9 045,9 578,"12 011i,d",International trade: imports (million current US$),13 920,15 504,"13 965i,d",International trade: balance (million current US$),- 4 875,- 5 926,"- 1 954i,d","Balance of payments, current account (million US$)",- 1 214,- 1 921,- 1 289b,,,,,,,,,,,,,,,,,,,,,,,,,,,,,,,,,,,,,,,,
"CPI: Consumer Price Indexj,k (2010=100)",100,122,130d,Agricultural production index (2014-2016=100),88,98,107b,International trade: exports (million current US$),9 045,9 578,"12 011i,d",International trade: imports (million current US$),13 920,15 504,"13 965i,d",International trade: balance (million current US$),- 4 875,- 5 926,"- 1 954i,d","Balance of payments, current account (million US$)",- 1 214,- 1 921,- 1 289b,,,,,,,,,,,,,,,,,,,,,,,,,,,,,,,,,,,,,,,,,,,,
Agricultural production index (2014-2016=100),88,98,107b,International trade: exports (million current US$),9 045,9 578,"12 011i,d",International trade: imports (million current US$),13 920,15 504,"13 965i,d",International trade: balance (million current US$),- 4 875,- 5 926,"- 1 954i,d","Balance of payments, current account (million US$)",- 1 214,- 1 921,- 1 289b,,,,,,,,,,,,,,,,,,,,,,,,,,,,,,,,,,,,,,,,,,,,,,,,
International trade: exports (million current US$),9 045,9 578,"12 011i,d",International trade: imports (million current US$),13 920,15 504,"13 965i,d",International trade: balance (million current US$),- 4 875,- 5 926,"- 1 954i,d","Balance of payments, current account (million US$)",- 1 214,- 1 921,- 1 289b,,,,,,,,,,,,,,,,,,,,,,,,,,,,,,,,,,,,,,,,,,,,,,,,,,,,
International trade: imports (million current US$),13 920,15 504,"13 965i,d",International trade: balance (million current US$),- 4 875,- 5 926,"- 1 954i,d","Balance of payments, current account (million US$)",- 1 214,- 1 921,- 1 289b,,,,,,,,,,,,,,,,,,,,,,,,,,,,,,,,,,,,,,,,,,,,,,,,,,,,,,,,
International trade: balance (million current US$),- 4 875,- 5 926,"- 1 954i,d","Balance of payments, current account (million US$)",- 1 214,- 1 921,- 1 289b,,,,,,,,,,,,,,,,,,,,,,,,,,,,,,,,,,,,,,,,,,,,,,,,,,,,,,,,,,,,
"Balance of payments, current account (million US$)",- 1 214,- 1 921,- 1 289b,,,,,,,,,,,,,,,,,,,,,,,,,,,,,,,,,,,,,,,,,,,,,,,,,,,,,,,,,,,,,,,,
