0,1,2,3,4,5,6,7,8,9,10,11,12,13,14,15,16,17,18,19,20,21,22,23,24,25,26,27,28,29,30,31,32,33,34,35,36,37,38,39,40,41,42,43,44,45,46,47
,2010,2015,2021,,,,,,,,,,,,,,,,,,,,,,,,,,,,,,,,,,,,,,,,,,,,
Individuals using the Internet (per 100 inhabitants),"36.5r,s","59.8r,s",81.2b,Research & Development expenditure (% of GDP),0.5,0.4,0.4p,Threatened species (number),285,323,517,Forested areai (% of land area),56.2,57.8,58.8p,CO2 emission estimates (million tons/tons per capita),6.6 /        1.4,6.9 /        1.4,7.6 /        1.5p,"Energy production, primary (Petajoules)",104,110,96p,Energy supply per capita (Gigajoules),44,43,41p,Tourist/visitor arrivals at national borders (000),2 100,2 660,3 139b,Important sites for terrestrial biodiversity protected (%),41.1,41.1,41.1d,"Pop. using safely managed drinking water (urban/rural, %)",80.2 /       77.0,80.3 /       79.9,80.4 /       81.1d,Pop. using safely managed sanitation (urban/rural %),34.4 /       37.0,30.7 /       36.6,28.7 /       36.6d,Net Official Development Assist. received (% of GNI),0.28,0.21,0.1b
Research & Development expenditure (% of GDP),0.5,0.4,0.4p,Threatened species (number),285,323,517,Forested areai (% of land area),56.2,57.8,58.8p,CO2 emission estimates (million tons/tons per capita),6.6 /        1.4,6.9 /        1.4,7.6 /        1.5p,"Energy production, primary (Petajoules)",104,110,96p,Energy supply per capita (Gigajoules),44,43,41p,Tourist/visitor arrivals at national borders (000),2 100,2 660,3 139b,Important sites for terrestrial biodiversity protected (%),41.1,41.1,41.1d,"Pop. using safely managed drinking water (urban/rural, %)",80.2 /       77.0,80.3 /       79.9,80.4 /       81.1d,Pop. using safely managed sanitation (urban/rural %),34.4 /       37.0,30.7 /       36.6,28.7 /       36.6d,Net Official Development Assist. received (% of GNI),0.28,0.21,0.1b,,,,
Threatened species (number),285,323,517,Forested areai (% of land area),56.2,57.8,58.8p,CO2 emission estimates (million tons/tons per capita),6.6 /        1.4,6.9 /        1.4,7.6 /        1.5p,"Energy production, primary (Petajoules)",104,110,96p,Energy supply per capita (Gigajoules),44,43,41p,Tourist/visitor arrivals at national borders (000),2 100,2 660,3 139b,Important sites for terrestrial biodiversity protected (%),41.1,41.1,41.1d,"Pop. using safely managed drinking water (urban/rural, %)",80.2 /       77.0,80.3 /       79.9,80.4 /       81.1d,Pop. using safely managed sanitation (urban/rural %),34.4 /       37.0,30.7 /       36.6,28.7 /       36.6d,Net Official Development Assist. received (% of GNI),0.28,0.21,0.1b,,,,,,,,
Forested areai (% of land area),56.2,57.8,58.8p,CO2 emission estimates (million tons/tons per capita),6.6 /        1.4,6.9 /        1.4,7.6 /        1.5p,"Energy production, primary (Petajoules)",104,110,96p,Energy supply per capita (Gigajoules),44,43,41p,Tourist/visitor arrivals at national borders (000),2 100,2 660,3 139b,Important sites for terrestrial biodiversity protected (%),41.1,41.1,41.1d,"Pop. using safely managed drinking water (urban/rural, %)",80.2 /       77.0,80.3 /       79.9,80.4 /       81.1d,Pop. using safely managed sanitation (urban/rural %),34.4 /       37.0,30.7 /       36.6,28.7 /       36.6d,Net Official Development Assist. received (% of GNI),0.28,0.21,0.1b,,,,,,,,,,,,
CO2 emission estimates (million tons/tons per capita),6.6 /        1.4,6.9 /        1.4,7.6 /        1.5p,"Energy production, primary (Petajoules)",104,110,96p,Energy supply per capita (Gigajoules),44,43,41p,Tourist/visitor arrivals at national borders (000),2 100,2 660,3 139b,Important sites for terrestrial biodiversity protected (%),41.1,41.1,41.1d,"Pop. using safely managed drinking water (urban/rural, %)",80.2 /       77.0,80.3 /       79.9,80.4 /       81.1d,Pop. using safely managed sanitation (urban/rural %),34.4 /       37.0,30.7 /       36.6,28.7 /       36.6d,Net Official Development Assist. received (% of GNI),0.28,0.21,0.1b,,,,,,,,,,,,,,,,
"Energy production, primary (Petajoules)",104,110,96p,Energy supply per capita (Gigajoules),44,43,41p,Tourist/visitor arrivals at national borders (000),2 100,2 660,3 139b,Important sites for terrestrial biodiversity protected (%),41.1,41.1,41.1d,"Pop. using safely managed drinking water (urban/rural, %)",80.2 /       77.0,80.3 /       79.9,80.4 /       81.1d,Pop. using safely managed sanitation (urban/rural %),34.4 /       37.0,30.7 /       36.6,28.7 /       36.6d,Net Official Development Assist. received (% of GNI),0.28,0.21,0.1b,,,,,,,,,,,,,,,,,,,,
Energy supply per capita (Gigajoules),44,43,41p,Tourist/visitor arrivals at national borders (000),2 100,2 660,3 139b,Important sites for terrestrial biodiversity protected (%),41.1,41.1,41.1d,"Pop. using safely managed drinking water (urban/rural, %)",80.2 /       77.0,80.3 /       79.9,80.4 /       81.1d,Pop. using safely managed sanitation (urban/rural %),34.4 /       37.0,30.7 /       36.6,28.7 /       36.6d,Net Official Development Assist. received (% of GNI),0.28,0.21,0.1b,,,,,,,,,,,,,,,,,,,,,,,,
Tourist/visitor arrivals at national borders (000),2 100,2 660,3 139b,Important sites for terrestrial biodiversity protected (%),41.1,41.1,41.1d,"Pop. using safely managed drinking water (urban/rural, %)",80.2 /       77.0,80.3 /       79.9,80.4 /       81.1d,Pop. using safely managed sanitation (urban/rural %),34.4 /       37.0,30.7 /       36.6,28.7 /       36.6d,Net Official Development Assist. received (% of GNI),0.28,0.21,0.1b,,,,,,,,,,,,,,,,,,,,,,,,,,,,
Important sites for terrestrial biodiversity protected (%),41.1,41.1,41.1d,"Pop. using safely managed drinking water (urban/rural, %)",80.2 /       77.0,80.3 /       79.9,80.4 /       81.1d,Pop. using safely managed sanitation (urban/rural %),34.4 /       37.0,30.7 /       36.6,28.7 /       36.6d,Net Official Development Assist. received (% of GNI),0.28,0.21,0.1b,,,,,,,,,,,,,,,,,,,,,,,,,,,,,,,,
"Pop. using safely managed drinking water (urban/rural, %)",80.2 /       77.0,80.3 /       79.9,80.4 /       81.1d,Pop. using safely managed sanitation (urban/rural %),34.4 /       37.0,30.7 /       36.6,28.7 /       36.6d,Net Official Development Assist. received (% of GNI),0.28,0.21,0.1b,,,,,,,,,,,,,,,,,,,,,,,,,,,,,,,,,,,,
Pop. using safely managed sanitation (urban/rural %),34.4 /       37.0,30.7 /       36.6,28.7 /       36.6d,Net Official Development Assist. received (% of GNI),0.28,0.21,0.1b,,,,,,,,,,,,,,,,,,,,,,,,,,,,,,,,,,,,,,,,
Net Official Development Assist. received (% of GNI),0.28,0.21,0.1b,,,,,,,,,,,,,,,,,,,,,,,,,,,,,,,,,,,,,,,,,,,,
