0,1,2,3,4,5,6,7,8,9,10,11,12,13,14,15,16,17,18,19,20,21,22,23,24,25,26,27,28,29,30,31,32,33,34,35,36,37,38,39,40,41,42,43,44,45,46,47,48,49,50,51,52,53,54,55,56,57,58,59,60,61,62,63,64,65,66,67
,2010,2015,2021,,,,,,,,,,,,,,,,,,,,,,,,,,,,,,,,,,,,,,,,,,,,,,,,,,,,,,,,,,,,,,,,
Population growth ratel (average annual %),1.3,1.1,1d,Urban population (% of total population),71.7,76.9,80.1b,Urban population growth ratel (average annual %),3.1,2.5,...,"Fertility rate, totall (live births per woman)",1.9,1.9,1.8d,"Life expectancy at birthl (females/males, years)",80.8 /       76.1,81.7 /       76.7,82.7 /       77.4d,"Population age distribution (0-14/60+ years old, %)",24.3 /       10.8,22.1 /       12.6,20.6 /       15.6a,International migrant stockm (000/% of total pop.),405.8 /        8.9,411.7 /        8.5,520.7 /       10.2d,Refugees and others of concern to UNHCR (000),19.9n,7.9,121.9d,Infant mortality ratel (per 1 000 live births),10,9.3,7.3d,Health: Current expenditure (% of GDP),8.1,7.8o,"7.6o,p",Health: Physicians (per 1 000 pop.),2.3,1.4,2.9p,Education: Government expenditure (% of GDP),6.6,7.1,7b,Education: Primary gross enrol. ratio (f/m per 100 pop.),115.7 /      118.0,111.0 /      111.6,116.6 /      115.8b,Education: Secondary gross enrol. ratio (f/m per 100 pop.),103.2 /       99.0,125.3 /      120.4,146.6 /      136.3b,Education: Upper secondary gross enrol. ratio (f/m per 100 pop.),82.2 /       70.6,118.2 /       99.9,155.4 /      132.3b,Intentional homicide rate (per 100 000 pop.),11.5,11.5,11.3p,Seats held by women in national parliaments (%),36.8,33.3,45.6q
Urban population (% of total population),71.7,76.9,80.1b,Urban population growth ratel (average annual %),3.1,2.5,...,"Fertility rate, totall (live births per woman)",1.9,1.9,1.8d,"Life expectancy at birthl (females/males, years)",80.8 /       76.1,81.7 /       76.7,82.7 /       77.4d,"Population age distribution (0-14/60+ years old, %)",24.3 /       10.8,22.1 /       12.6,20.6 /       15.6a,International migrant stockm (000/% of total pop.),405.8 /        8.9,411.7 /        8.5,520.7 /       10.2d,Refugees and others of concern to UNHCR (000),19.9n,7.9,121.9d,Infant mortality ratel (per 1 000 live births),10,9.3,7.3d,Health: Current expenditure (% of GDP),8.1,7.8o,"7.6o,p",Health: Physicians (per 1 000 pop.),2.3,1.4,2.9p,Education: Government expenditure (% of GDP),6.6,7.1,7b,Education: Primary gross enrol. ratio (f/m per 100 pop.),115.7 /      118.0,111.0 /      111.6,116.6 /      115.8b,Education: Secondary gross enrol. ratio (f/m per 100 pop.),103.2 /       99.0,125.3 /      120.4,146.6 /      136.3b,Education: Upper secondary gross enrol. ratio (f/m per 100 pop.),82.2 /       70.6,118.2 /       99.9,155.4 /      132.3b,Intentional homicide rate (per 100 000 pop.),11.5,11.5,11.3p,Seats held by women in national parliaments (%),36.8,33.3,45.6q,,,,
Urban population growth ratel (average annual %),3.1,2.5,...,"Fertility rate, totall (live births per woman)",1.9,1.9,1.8d,"Life expectancy at birthl (females/males, years)",80.8 /       76.1,81.7 /       76.7,82.7 /       77.4d,"Population age distribution (0-14/60+ years old, %)",24.3 /       10.8,22.1 /       12.6,20.6 /       15.6a,International migrant stockm (000/% of total pop.),405.8 /        8.9,411.7 /        8.5,520.7 /       10.2d,Refugees and others of concern to UNHCR (000),19.9n,7.9,121.9d,Infant mortality ratel (per 1 000 live births),10,9.3,7.3d,Health: Current expenditure (% of GDP),8.1,7.8o,"7.6o,p",Health: Physicians (per 1 000 pop.),2.3,1.4,2.9p,Education: Government expenditure (% of GDP),6.6,7.1,7b,Education: Primary gross enrol. ratio (f/m per 100 pop.),115.7 /      118.0,111.0 /      111.6,116.6 /      115.8b,Education: Secondary gross enrol. ratio (f/m per 100 pop.),103.2 /       99.0,125.3 /      120.4,146.6 /      136.3b,Education: Upper secondary gross enrol. ratio (f/m per 100 pop.),82.2 /       70.6,118.2 /       99.9,155.4 /      132.3b,Intentional homicide rate (per 100 000 pop.),11.5,11.5,11.3p,Seats held by women in national parliaments (%),36.8,33.3,45.6q,,,,,,,,
"Fertility rate, totall (live births per woman)",1.9,1.9,1.8d,"Life expectancy at birthl (females/males, years)",80.8 /       76.1,81.7 /       76.7,82.7 /       77.4d,"Population age distribution (0-14/60+ years old, %)",24.3 /       10.8,22.1 /       12.6,20.6 /       15.6a,International migrant stockm (000/% of total pop.),405.8 /        8.9,411.7 /        8.5,520.7 /       10.2d,Refugees and others of concern to UNHCR (000),19.9n,7.9,121.9d,Infant mortality ratel (per 1 000 live births),10,9.3,7.3d,Health: Current expenditure (% of GDP),8.1,7.8o,"7.6o,p",Health: Physicians (per 1 000 pop.),2.3,1.4,2.9p,Education: Government expenditure (% of GDP),6.6,7.1,7b,Education: Primary gross enrol. ratio (f/m per 100 pop.),115.7 /      118.0,111.0 /      111.6,116.6 /      115.8b,Education: Secondary gross enrol. ratio (f/m per 100 pop.),103.2 /       99.0,125.3 /      120.4,146.6 /      136.3b,Education: Upper secondary gross enrol. ratio (f/m per 100 pop.),82.2 /       70.6,118.2 /       99.9,155.4 /      132.3b,Intentional homicide rate (per 100 000 pop.),11.5,11.5,11.3p,Seats held by women in national parliaments (%),36.8,33.3,45.6q,,,,,,,,,,,,
"Life expectancy at birthl (females/males, years)",80.8 /       76.1,81.7 /       76.7,82.7 /       77.4d,"Population age distribution (0-14/60+ years old, %)",24.3 /       10.8,22.1 /       12.6,20.6 /       15.6a,International migrant stockm (000/% of total pop.),405.8 /        8.9,411.7 /        8.5,520.7 /       10.2d,Refugees and others of concern to UNHCR (000),19.9n,7.9,121.9d,Infant mortality ratel (per 1 000 live births),10,9.3,7.3d,Health: Current expenditure (% of GDP),8.1,7.8o,"7.6o,p",Health: Physicians (per 1 000 pop.),2.3,1.4,2.9p,Education: Government expenditure (% of GDP),6.6,7.1,7b,Education: Primary gross enrol. ratio (f/m per 100 pop.),115.7 /      118.0,111.0 /      111.6,116.6 /      115.8b,Education: Secondary gross enrol. ratio (f/m per 100 pop.),103.2 /       99.0,125.3 /      120.4,146.6 /      136.3b,Education: Upper secondary gross enrol. ratio (f/m per 100 pop.),82.2 /       70.6,118.2 /       99.9,155.4 /      132.3b,Intentional homicide rate (per 100 000 pop.),11.5,11.5,11.3p,Seats held by women in national parliaments (%),36.8,33.3,45.6q,,,,,,,,,,,,,,,,
"Population age distribution (0-14/60+ years old, %)",24.3 /       10.8,22.1 /       12.6,20.6 /       15.6a,International migrant stockm (000/% of total pop.),405.8 /        8.9,411.7 /        8.5,520.7 /       10.2d,Refugees and others of concern to UNHCR (000),19.9n,7.9,121.9d,Infant mortality ratel (per 1 000 live births),10,9.3,7.3d,Health: Current expenditure (% of GDP),8.1,7.8o,"7.6o,p",Health: Physicians (per 1 000 pop.),2.3,1.4,2.9p,Education: Government expenditure (% of GDP),6.6,7.1,7b,Education: Primary gross enrol. ratio (f/m per 100 pop.),115.7 /      118.0,111.0 /      111.6,116.6 /      115.8b,Education: Secondary gross enrol. ratio (f/m per 100 pop.),103.2 /       99.0,125.3 /      120.4,146.6 /      136.3b,Education: Upper secondary gross enrol. ratio (f/m per 100 pop.),82.2 /       70.6,118.2 /       99.9,155.4 /      132.3b,Intentional homicide rate (per 100 000 pop.),11.5,11.5,11.3p,Seats held by women in national parliaments (%),36.8,33.3,45.6q,,,,,,,,,,,,,,,,,,,,
International migrant stockm (000/% of total pop.),405.8 /        8.9,411.7 /        8.5,520.7 /       10.2d,Refugees and others of concern to UNHCR (000),19.9n,7.9,121.9d,Infant mortality ratel (per 1 000 live births),10,9.3,7.3d,Health: Current expenditure (% of GDP),8.1,7.8o,"7.6o,p",Health: Physicians (per 1 000 pop.),2.3,1.4,2.9p,Education: Government expenditure (% of GDP),6.6,7.1,7b,Education: Primary gross enrol. ratio (f/m per 100 pop.),115.7 /      118.0,111.0 /      111.6,116.6 /      115.8b,Education: Secondary gross enrol. ratio (f/m per 100 pop.),103.2 /       99.0,125.3 /      120.4,146.6 /      136.3b,Education: Upper secondary gross enrol. ratio (f/m per 100 pop.),82.2 /       70.6,118.2 /       99.9,155.4 /      132.3b,Intentional homicide rate (per 100 000 pop.),11.5,11.5,11.3p,Seats held by women in national parliaments (%),36.8,33.3,45.6q,,,,,,,,,,,,,,,,,,,,,,,,
Refugees and others of concern to UNHCR (000),19.9n,7.9,121.9d,Infant mortality ratel (per 1 000 live births),10,9.3,7.3d,Health: Current expenditure (% of GDP),8.1,7.8o,"7.6o,p",Health: Physicians (per 1 000 pop.),2.3,1.4,2.9p,Education: Government expenditure (% of GDP),6.6,7.1,7b,Education: Primary gross enrol. ratio (f/m per 100 pop.),115.7 /      118.0,111.0 /      111.6,116.6 /      115.8b,Education: Secondary gross enrol. ratio (f/m per 100 pop.),103.2 /       99.0,125.3 /      120.4,146.6 /      136.3b,Education: Upper secondary gross enrol. ratio (f/m per 100 pop.),82.2 /       70.6,118.2 /       99.9,155.4 /      132.3b,Intentional homicide rate (per 100 000 pop.),11.5,11.5,11.3p,Seats held by women in national parliaments (%),36.8,33.3,45.6q,,,,,,,,,,,,,,,,,,,,,,,,,,,,
Infant mortality ratel (per 1 000 live births),10,9.3,7.3d,Health: Current expenditure (% of GDP),8.1,7.8o,"7.6o,p",Health: Physicians (per 1 000 pop.),2.3,1.4,2.9p,Education: Government expenditure (% of GDP),6.6,7.1,7b,Education: Primary gross enrol. ratio (f/m per 100 pop.),115.7 /      118.0,111.0 /      111.6,116.6 /      115.8b,Education: Secondary gross enrol. ratio (f/m per 100 pop.),103.2 /       99.0,125.3 /      120.4,146.6 /      136.3b,Education: Upper secondary gross enrol. ratio (f/m per 100 pop.),82.2 /       70.6,118.2 /       99.9,155.4 /      132.3b,Intentional homicide rate (per 100 000 pop.),11.5,11.5,11.3p,Seats held by women in national parliaments (%),36.8,33.3,45.6q,,,,,,,,,,,,,,,,,,,,,,,,,,,,,,,,
Health: Current expenditure (% of GDP),8.1,7.8o,"7.6o,p",Health: Physicians (per 1 000 pop.),2.3,1.4,2.9p,Education: Government expenditure (% of GDP),6.6,7.1,7b,Education: Primary gross enrol. ratio (f/m per 100 pop.),115.7 /      118.0,111.0 /      111.6,116.6 /      115.8b,Education: Secondary gross enrol. ratio (f/m per 100 pop.),103.2 /       99.0,125.3 /      120.4,146.6 /      136.3b,Education: Upper secondary gross enrol. ratio (f/m per 100 pop.),82.2 /       70.6,118.2 /       99.9,155.4 /      132.3b,Intentional homicide rate (per 100 000 pop.),11.5,11.5,11.3p,Seats held by women in national parliaments (%),36.8,33.3,45.6q,,,,,,,,,,,,,,,,,,,,,,,,,,,,,,,,,,,,
Health: Physicians (per 1 000 pop.),2.3,1.4,2.9p,Education: Government expenditure (% of GDP),6.6,7.1,7b,Education: Primary gross enrol. ratio (f/m per 100 pop.),115.7 /      118.0,111.0 /      111.6,116.6 /      115.8b,Education: Secondary gross enrol. ratio (f/m per 100 pop.),103.2 /       99.0,125.3 /      120.4,146.6 /      136.3b,Education: Upper secondary gross enrol. ratio (f/m per 100 pop.),82.2 /       70.6,118.2 /       99.9,155.4 /      132.3b,Intentional homicide rate (per 100 000 pop.),11.5,11.5,11.3p,Seats held by women in national parliaments (%),36.8,33.3,45.6q,,,,,,,,,,,,,,,,,,,,,,,,,,,,,,,,,,,,,,,,
Education: Government expenditure (% of GDP),6.6,7.1,7b,Education: Primary gross enrol. ratio (f/m per 100 pop.),115.7 /      118.0,111.0 /      111.6,116.6 /      115.8b,Education: Secondary gross enrol. ratio (f/m per 100 pop.),103.2 /       99.0,125.3 /      120.4,146.6 /      136.3b,Education: Upper secondary gross enrol. ratio (f/m per 100 pop.),82.2 /       70.6,118.2 /       99.9,155.4 /      132.3b,Intentional homicide rate (per 100 000 pop.),11.5,11.5,11.3p,Seats held by women in national parliaments (%),36.8,33.3,45.6q,,,,,,,,,,,,,,,,,,,,,,,,,,,,,,,,,,,,,,,,,,,,
Education: Primary gross enrol. ratio (f/m per 100 pop.),115.7 /      118.0,111.0 /      111.6,116.6 /      115.8b,Education: Secondary gross enrol. ratio (f/m per 100 pop.),103.2 /       99.0,125.3 /      120.4,146.6 /      136.3b,Education: Upper secondary gross enrol. ratio (f/m per 100 pop.),82.2 /       70.6,118.2 /       99.9,155.4 /      132.3b,Intentional homicide rate (per 100 000 pop.),11.5,11.5,11.3p,Seats held by women in national parliaments (%),36.8,33.3,45.6q,,,,,,,,,,,,,,,,,,,,,,,,,,,,,,,,,,,,,,,,,,,,,,,,
Education: Secondary gross enrol. ratio (f/m per 100 pop.),103.2 /       99.0,125.3 /      120.4,146.6 /      136.3b,Education: Upper secondary gross enrol. ratio (f/m per 100 pop.),82.2 /       70.6,118.2 /       99.9,155.4 /      132.3b,Intentional homicide rate (per 100 000 pop.),11.5,11.5,11.3p,Seats held by women in national parliaments (%),36.8,33.3,45.6q,,,,,,,,,,,,,,,,,,,,,,,,,,,,,,,,,,,,,,,,,,,,,,,,,,,,
Education: Upper secondary gross enrol. ratio (f/m per 100 pop.),82.2 /       70.6,118.2 /       99.9,155.4 /      132.3b,Intentional homicide rate (per 100 000 pop.),11.5,11.5,11.3p,Seats held by women in national parliaments (%),36.8,33.3,45.6q,,,,,,,,,,,,,,,,,,,,,,,,,,,,,,,,,,,,,,,,,,,,,,,,,,,,,,,,
Intentional homicide rate (per 100 000 pop.),11.5,11.5,11.3p,Seats held by women in national parliaments (%),36.8,33.3,45.6q,,,,,,,,,,,,,,,,,,,,,,,,,,,,,,,,,,,,,,,,,,,,,,,,,,,,,,,,,,,,
Seats held by women in national parliaments (%),36.8,33.3,45.6q,,,,,,,,,,,,,,,,,,,,,,,,,,,,,,,,,,,,,,,,,,,,,,,,,,,,,,,,,,,,,,,,
