0,1,2,3,4,5,6,7,8,9,10,11,12,13,14,15,16,17,18,19,20,21,22,23,24,25,26,27
,2010,2015,2021,,,,,,,,,,,,,,,,,,,,,,,,
Individuals using the Interneti (per 100 inhabitants),43,78,85p,Threatened species (number),62,81,121,Forested areai (% of land area),50.9,50.9,50.9c,"Energy production, primary (Petajoules)",0,0,0c,Energy supply per capita (Gigajoules),78,82,101c,Tourist/visitor arrivals at national borderst (000),1 370,1 496,1 802b,Important sites for terrestrial biodiversity protected (%),11.2,29.8,29.8d
Threatened species (number),62,81,121,Forested areai (% of land area),50.9,50.9,50.9c,"Energy production, primary (Petajoules)",0,0,0c,Energy supply per capita (Gigajoules),78,82,101c,Tourist/visitor arrivals at national borderst (000),1 370,1 496,1 802b,Important sites for terrestrial biodiversity protected (%),11.2,29.8,29.8d,,,,
Forested areai (% of land area),50.9,50.9,50.9c,"Energy production, primary (Petajoules)",0,0,0c,Energy supply per capita (Gigajoules),78,82,101c,Tourist/visitor arrivals at national borderst (000),1 370,1 496,1 802b,Important sites for terrestrial biodiversity protected (%),11.2,29.8,29.8d,,,,,,,,
"Energy production, primary (Petajoules)",0,0,0c,Energy supply per capita (Gigajoules),78,82,101c,Tourist/visitor arrivals at national borderst (000),1 370,1 496,1 802b,Important sites for terrestrial biodiversity protected (%),11.2,29.8,29.8d,,,,,,,,,,,,
Energy supply per capita (Gigajoules),78,82,101c,Tourist/visitor arrivals at national borderst (000),1 370,1 496,1 802b,Important sites for terrestrial biodiversity protected (%),11.2,29.8,29.8d,,,,,,,,,,,,,,,,
Tourist/visitor arrivals at national borderst (000),1 370,1 496,1 802b,Important sites for terrestrial biodiversity protected (%),11.2,29.8,29.8d,,,,,,,,,,,,,,,,,,,,
Important sites for terrestrial biodiversity protected (%),11.2,29.8,29.8d,,,,,,,,,,,,,,,,,,,,,,,,
