0,1,2,3,4,5,6,7,8,9,10,11,12,13,14,15,16,17,18,19,20,21,22,23,24,25,26,27,28,29,30,31,32,33,34,35,36,37,38,39,40,41,42,43,44,45,46,47,48,49,50,51,52,53,54,55,56,57,58,59,60,61,62,63
,2010,2015,2021,,,,,,,,,,,,,,,,,,,,,,,,,,,,,,,,,,,,,,,,,,,,,,,,,,,,,,,,,,,,
Population growth ratek (average annual %),1.8,1.1,1d,Urban population (% of total population),82.4,82.7,83.1b,Urban population growth ratek (average annual %),1.9,1.5,...,"Fertility rate, totalk (live births per woman)",1.9,1.8,1.8d,"Life expectancy at birthk (females/males, years)",74.6 /       69.3,74.8 /       70.1,75.9 /       71.5d,"Population age distribution (0-14/60+ years old, %)",26.9 /        9.0,24.0 /       10.2,21.3 /       12.7a,International migrant stockl (000/% of total pop.),54.7 /       15.4,59.2 /       15.8,63.6 /       16.2d,Refugees and others of concern to UNHCR (000),~0.0m,0.1,~0.0d,Infant mortality ratek (per 1 000 live births),11.3,8,5.9d,Health: Current expenditurei (% of GDP),5.3,5.2,6.2c,Health: Physicians (per 1 000 pop.),2.8n,2.3o,1.9p,Education: Primary gross enrol. ratio (f/m per 100 pop.),94.5 /       97.6q,... / ...,... / ...,Education: Secondary gross enrol. ratio (f/m per 100 pop.),91.2 /       87.6,78.9 /       74.9r,... / ...,Education: Upper secondary gross enrol. ratio (f/m per 100 pop.),89.8 /       84.0,78.5 /       72.6r,... / ...,Intentional homicide rate (per 100 000 pop.),26.5,39,32p,Seats held by women in national parliaments (%),12.2,13.2,12.8s
Urban population (% of total population),82.4,82.7,83.1b,Urban population growth ratek (average annual %),1.9,1.5,...,"Fertility rate, totalk (live births per woman)",1.9,1.8,1.8d,"Life expectancy at birthk (females/males, years)",74.6 /       69.3,74.8 /       70.1,75.9 /       71.5d,"Population age distribution (0-14/60+ years old, %)",26.9 /        9.0,24.0 /       10.2,21.3 /       12.7a,International migrant stockl (000/% of total pop.),54.7 /       15.4,59.2 /       15.8,63.6 /       16.2d,Refugees and others of concern to UNHCR (000),~0.0m,0.1,~0.0d,Infant mortality ratek (per 1 000 live births),11.3,8,5.9d,Health: Current expenditurei (% of GDP),5.3,5.2,6.2c,Health: Physicians (per 1 000 pop.),2.8n,2.3o,1.9p,Education: Primary gross enrol. ratio (f/m per 100 pop.),94.5 /       97.6q,... / ...,... / ...,Education: Secondary gross enrol. ratio (f/m per 100 pop.),91.2 /       87.6,78.9 /       74.9r,... / ...,Education: Upper secondary gross enrol. ratio (f/m per 100 pop.),89.8 /       84.0,78.5 /       72.6r,... / ...,Intentional homicide rate (per 100 000 pop.),26.5,39,32p,Seats held by women in national parliaments (%),12.2,13.2,12.8s,,,,
Urban population growth ratek (average annual %),1.9,1.5,...,"Fertility rate, totalk (live births per woman)",1.9,1.8,1.8d,"Life expectancy at birthk (females/males, years)",74.6 /       69.3,74.8 /       70.1,75.9 /       71.5d,"Population age distribution (0-14/60+ years old, %)",26.9 /        9.0,24.0 /       10.2,21.3 /       12.7a,International migrant stockl (000/% of total pop.),54.7 /       15.4,59.2 /       15.8,63.6 /       16.2d,Refugees and others of concern to UNHCR (000),~0.0m,0.1,~0.0d,Infant mortality ratek (per 1 000 live births),11.3,8,5.9d,Health: Current expenditurei (% of GDP),5.3,5.2,6.2c,Health: Physicians (per 1 000 pop.),2.8n,2.3o,1.9p,Education: Primary gross enrol. ratio (f/m per 100 pop.),94.5 /       97.6q,... / ...,... / ...,Education: Secondary gross enrol. ratio (f/m per 100 pop.),91.2 /       87.6,78.9 /       74.9r,... / ...,Education: Upper secondary gross enrol. ratio (f/m per 100 pop.),89.8 /       84.0,78.5 /       72.6r,... / ...,Intentional homicide rate (per 100 000 pop.),26.5,39,32p,Seats held by women in national parliaments (%),12.2,13.2,12.8s,,,,,,,,
"Fertility rate, totalk (live births per woman)",1.9,1.8,1.8d,"Life expectancy at birthk (females/males, years)",74.6 /       69.3,74.8 /       70.1,75.9 /       71.5d,"Population age distribution (0-14/60+ years old, %)",26.9 /        9.0,24.0 /       10.2,21.3 /       12.7a,International migrant stockl (000/% of total pop.),54.7 /       15.4,59.2 /       15.8,63.6 /       16.2d,Refugees and others of concern to UNHCR (000),~0.0m,0.1,~0.0d,Infant mortality ratek (per 1 000 live births),11.3,8,5.9d,Health: Current expenditurei (% of GDP),5.3,5.2,6.2c,Health: Physicians (per 1 000 pop.),2.8n,2.3o,1.9p,Education: Primary gross enrol. ratio (f/m per 100 pop.),94.5 /       97.6q,... / ...,... / ...,Education: Secondary gross enrol. ratio (f/m per 100 pop.),91.2 /       87.6,78.9 /       74.9r,... / ...,Education: Upper secondary gross enrol. ratio (f/m per 100 pop.),89.8 /       84.0,78.5 /       72.6r,... / ...,Intentional homicide rate (per 100 000 pop.),26.5,39,32p,Seats held by women in national parliaments (%),12.2,13.2,12.8s,,,,,,,,,,,,
"Life expectancy at birthk (females/males, years)",74.6 /       69.3,74.8 /       70.1,75.9 /       71.5d,"Population age distribution (0-14/60+ years old, %)",26.9 /        9.0,24.0 /       10.2,21.3 /       12.7a,International migrant stockl (000/% of total pop.),54.7 /       15.4,59.2 /       15.8,63.6 /       16.2d,Refugees and others of concern to UNHCR (000),~0.0m,0.1,~0.0d,Infant mortality ratek (per 1 000 live births),11.3,8,5.9d,Health: Current expenditurei (% of GDP),5.3,5.2,6.2c,Health: Physicians (per 1 000 pop.),2.8n,2.3o,1.9p,Education: Primary gross enrol. ratio (f/m per 100 pop.),94.5 /       97.6q,... / ...,... / ...,Education: Secondary gross enrol. ratio (f/m per 100 pop.),91.2 /       87.6,78.9 /       74.9r,... / ...,Education: Upper secondary gross enrol. ratio (f/m per 100 pop.),89.8 /       84.0,78.5 /       72.6r,... / ...,Intentional homicide rate (per 100 000 pop.),26.5,39,32p,Seats held by women in national parliaments (%),12.2,13.2,12.8s,,,,,,,,,,,,,,,,
"Population age distribution (0-14/60+ years old, %)",26.9 /        9.0,24.0 /       10.2,21.3 /       12.7a,International migrant stockl (000/% of total pop.),54.7 /       15.4,59.2 /       15.8,63.6 /       16.2d,Refugees and others of concern to UNHCR (000),~0.0m,0.1,~0.0d,Infant mortality ratek (per 1 000 live births),11.3,8,5.9d,Health: Current expenditurei (% of GDP),5.3,5.2,6.2c,Health: Physicians (per 1 000 pop.),2.8n,2.3o,1.9p,Education: Primary gross enrol. ratio (f/m per 100 pop.),94.5 /       97.6q,... / ...,... / ...,Education: Secondary gross enrol. ratio (f/m per 100 pop.),91.2 /       87.6,78.9 /       74.9r,... / ...,Education: Upper secondary gross enrol. ratio (f/m per 100 pop.),89.8 /       84.0,78.5 /       72.6r,... / ...,Intentional homicide rate (per 100 000 pop.),26.5,39,32p,Seats held by women in national parliaments (%),12.2,13.2,12.8s,,,,,,,,,,,,,,,,,,,,
International migrant stockl (000/% of total pop.),54.7 /       15.4,59.2 /       15.8,63.6 /       16.2d,Refugees and others of concern to UNHCR (000),~0.0m,0.1,~0.0d,Infant mortality ratek (per 1 000 live births),11.3,8,5.9d,Health: Current expenditurei (% of GDP),5.3,5.2,6.2c,Health: Physicians (per 1 000 pop.),2.8n,2.3o,1.9p,Education: Primary gross enrol. ratio (f/m per 100 pop.),94.5 /       97.6q,... / ...,... / ...,Education: Secondary gross enrol. ratio (f/m per 100 pop.),91.2 /       87.6,78.9 /       74.9r,... / ...,Education: Upper secondary gross enrol. ratio (f/m per 100 pop.),89.8 /       84.0,78.5 /       72.6r,... / ...,Intentional homicide rate (per 100 000 pop.),26.5,39,32p,Seats held by women in national parliaments (%),12.2,13.2,12.8s,,,,,,,,,,,,,,,,,,,,,,,,
Refugees and others of concern to UNHCR (000),~0.0m,0.1,~0.0d,Infant mortality ratek (per 1 000 live births),11.3,8,5.9d,Health: Current expenditurei (% of GDP),5.3,5.2,6.2c,Health: Physicians (per 1 000 pop.),2.8n,2.3o,1.9p,Education: Primary gross enrol. ratio (f/m per 100 pop.),94.5 /       97.6q,... / ...,... / ...,Education: Secondary gross enrol. ratio (f/m per 100 pop.),91.2 /       87.6,78.9 /       74.9r,... / ...,Education: Upper secondary gross enrol. ratio (f/m per 100 pop.),89.8 /       84.0,78.5 /       72.6r,... / ...,Intentional homicide rate (per 100 000 pop.),26.5,39,32p,Seats held by women in national parliaments (%),12.2,13.2,12.8s,,,,,,,,,,,,,,,,,,,,,,,,,,,,
Infant mortality ratek (per 1 000 live births),11.3,8,5.9d,Health: Current expenditurei (% of GDP),5.3,5.2,6.2c,Health: Physicians (per 1 000 pop.),2.8n,2.3o,1.9p,Education: Primary gross enrol. ratio (f/m per 100 pop.),94.5 /       97.6q,... / ...,... / ...,Education: Secondary gross enrol. ratio (f/m per 100 pop.),91.2 /       87.6,78.9 /       74.9r,... / ...,Education: Upper secondary gross enrol. ratio (f/m per 100 pop.),89.8 /       84.0,78.5 /       72.6r,... / ...,Intentional homicide rate (per 100 000 pop.),26.5,39,32p,Seats held by women in national parliaments (%),12.2,13.2,12.8s,,,,,,,,,,,,,,,,,,,,,,,,,,,,,,,,
Health: Current expenditurei (% of GDP),5.3,5.2,6.2c,Health: Physicians (per 1 000 pop.),2.8n,2.3o,1.9p,Education: Primary gross enrol. ratio (f/m per 100 pop.),94.5 /       97.6q,... / ...,... / ...,Education: Secondary gross enrol. ratio (f/m per 100 pop.),91.2 /       87.6,78.9 /       74.9r,... / ...,Education: Upper secondary gross enrol. ratio (f/m per 100 pop.),89.8 /       84.0,78.5 /       72.6r,... / ...,Intentional homicide rate (per 100 000 pop.),26.5,39,32p,Seats held by women in national parliaments (%),12.2,13.2,12.8s,,,,,,,,,,,,,,,,,,,,,,,,,,,,,,,,,,,,
Health: Physicians (per 1 000 pop.),2.8n,2.3o,1.9p,Education: Primary gross enrol. ratio (f/m per 100 pop.),94.5 /       97.6q,... / ...,... / ...,Education: Secondary gross enrol. ratio (f/m per 100 pop.),91.2 /       87.6,78.9 /       74.9r,... / ...,Education: Upper secondary gross enrol. ratio (f/m per 100 pop.),89.8 /       84.0,78.5 /       72.6r,... / ...,Intentional homicide rate (per 100 000 pop.),26.5,39,32p,Seats held by women in national parliaments (%),12.2,13.2,12.8s,,,,,,,,,,,,,,,,,,,,,,,,,,,,,,,,,,,,,,,,
Education: Primary gross enrol. ratio (f/m per 100 pop.),94.5 /       97.6q,... / ...,... / ...,Education: Secondary gross enrol. ratio (f/m per 100 pop.),91.2 /       87.6,78.9 /       74.9r,... / ...,Education: Upper secondary gross enrol. ratio (f/m per 100 pop.),89.8 /       84.0,78.5 /       72.6r,... / ...,Intentional homicide rate (per 100 000 pop.),26.5,39,32p,Seats held by women in national parliaments (%),12.2,13.2,12.8s,,,,,,,,,,,,,,,,,,,,,,,,,,,,,,,,,,,,,,,,,,,,
Education: Secondary gross enrol. ratio (f/m per 100 pop.),91.2 /       87.6,78.9 /       74.9r,... / ...,Education: Upper secondary gross enrol. ratio (f/m per 100 pop.),89.8 /       84.0,78.5 /       72.6r,... / ...,Intentional homicide rate (per 100 000 pop.),26.5,39,32p,Seats held by women in national parliaments (%),12.2,13.2,12.8s,,,,,,,,,,,,,,,,,,,,,,,,,,,,,,,,,,,,,,,,,,,,,,,,
Education: Upper secondary gross enrol. ratio (f/m per 100 pop.),89.8 /       84.0,78.5 /       72.6r,... / ...,Intentional homicide rate (per 100 000 pop.),26.5,39,32p,Seats held by women in national parliaments (%),12.2,13.2,12.8s,,,,,,,,,,,,,,,,,,,,,,,,,,,,,,,,,,,,,,,,,,,,,,,,,,,,
Intentional homicide rate (per 100 000 pop.),26.5,39,32p,Seats held by women in national parliaments (%),12.2,13.2,12.8s,,,,,,,,,,,,,,,,,,,,,,,,,,,,,,,,,,,,,,,,,,,,,,,,,,,,,,,,
Seats held by women in national parliaments (%),12.2,13.2,12.8s,,,,,,,,,,,,,,,,,,,,,,,,,,,,,,,,,,,,,,,,,,,,,,,,,,,,,,,,,,,,
