0,1,2,3,4,5,6,7,8,9,10,11,12,13,14,15,16,17,18,19,20,21,22,23,24,25,26,27,28,29,30,31,32,33,34,35,36,37,38,39,40,41,42,43
,2010,2015,2021,,,,,,,,,,,,,,,,,,,,,,,,,,,,,,,,,,,,,,,,
GDP: Gross domestic product (million current US$),3 447,2 789,3 154b,"GDP growth rate (annual %, const. 2015 prices)",-2,1.4,1.8b,GDP per capita (current US$),40 812.4,35 748.3,40 887.4b,Economy: Agriculturee (% of Gross Value Added),0.5,0.6,0.6b,"Economy: Industryf,g (% of Gross Value Added)",14.5,11.2,11.8b,Economy: Services and other activityh (% of GVA),85,88.2,87.5b,CPI: Consumer Price Indexi (2010=100),100,103,106d,International trade: exports (million current US$),92,90,"165j,d",International trade: imports (million current US$),1 541,1 294,"1 499j,d",International trade: balance (million current US$),- 1 448,- 1 204,"- 1 334j,d","Balance of payments, current account (million US$)",...,...,568b
"GDP growth rate (annual %, const. 2015 prices)",-2,1.4,1.8b,GDP per capita (current US$),40 812.4,35 748.3,40 887.4b,Economy: Agriculturee (% of Gross Value Added),0.5,0.6,0.6b,"Economy: Industryf,g (% of Gross Value Added)",14.5,11.2,11.8b,Economy: Services and other activityh (% of GVA),85,88.2,87.5b,CPI: Consumer Price Indexi (2010=100),100,103,106d,International trade: exports (million current US$),92,90,"165j,d",International trade: imports (million current US$),1 541,1 294,"1 499j,d",International trade: balance (million current US$),- 1 448,- 1 204,"- 1 334j,d","Balance of payments, current account (million US$)",...,...,568b,,,,
GDP per capita (current US$),40 812.4,35 748.3,40 887.4b,Economy: Agriculturee (% of Gross Value Added),0.5,0.6,0.6b,"Economy: Industryf,g (% of Gross Value Added)",14.5,11.2,11.8b,Economy: Services and other activityh (% of GVA),85,88.2,87.5b,CPI: Consumer Price Indexi (2010=100),100,103,106d,International trade: exports (million current US$),92,90,"165j,d",International trade: imports (million current US$),1 541,1 294,"1 499j,d",International trade: balance (million current US$),- 1 448,- 1 204,"- 1 334j,d","Balance of payments, current account (million US$)",...,...,568b,,,,,,,,
Economy: Agriculturee (% of Gross Value Added),0.5,0.6,0.6b,"Economy: Industryf,g (% of Gross Value Added)",14.5,11.2,11.8b,Economy: Services and other activityh (% of GVA),85,88.2,87.5b,CPI: Consumer Price Indexi (2010=100),100,103,106d,International trade: exports (million current US$),92,90,"165j,d",International trade: imports (million current US$),1 541,1 294,"1 499j,d",International trade: balance (million current US$),- 1 448,- 1 204,"- 1 334j,d","Balance of payments, current account (million US$)",...,...,568b,,,,,,,,,,,,
"Economy: Industryf,g (% of Gross Value Added)",14.5,11.2,11.8b,Economy: Services and other activityh (% of GVA),85,88.2,87.5b,CPI: Consumer Price Indexi (2010=100),100,103,106d,International trade: exports (million current US$),92,90,"165j,d",International trade: imports (million current US$),1 541,1 294,"1 499j,d",International trade: balance (million current US$),- 1 448,- 1 204,"- 1 334j,d","Balance of payments, current account (million US$)",...,...,568b,,,,,,,,,,,,,,,,
Economy: Services and other activityh (% of GVA),85,88.2,87.5b,CPI: Consumer Price Indexi (2010=100),100,103,106d,International trade: exports (million current US$),92,90,"165j,d",International trade: imports (million current US$),1 541,1 294,"1 499j,d",International trade: balance (million current US$),- 1 448,- 1 204,"- 1 334j,d","Balance of payments, current account (million US$)",...,...,568b,,,,,,,,,,,,,,,,,,,,
CPI: Consumer Price Indexi (2010=100),100,103,106d,International trade: exports (million current US$),92,90,"165j,d",International trade: imports (million current US$),1 541,1 294,"1 499j,d",International trade: balance (million current US$),- 1 448,- 1 204,"- 1 334j,d","Balance of payments, current account (million US$)",...,...,568b,,,,,,,,,,,,,,,,,,,,,,,,
International trade: exports (million current US$),92,90,"165j,d",International trade: imports (million current US$),1 541,1 294,"1 499j,d",International trade: balance (million current US$),- 1 448,- 1 204,"- 1 334j,d","Balance of payments, current account (million US$)",...,...,568b,,,,,,,,,,,,,,,,,,,,,,,,,,,,
International trade: imports (million current US$),1 541,1 294,"1 499j,d",International trade: balance (million current US$),- 1 448,- 1 204,"- 1 334j,d","Balance of payments, current account (million US$)",...,...,568b,,,,,,,,,,,,,,,,,,,,,,,,,,,,,,,,
International trade: balance (million current US$),- 1 448,- 1 204,"- 1 334j,d","Balance of payments, current account (million US$)",...,...,568b,,,,,,,,,,,,,,,,,,,,,,,,,,,,,,,,,,,,
"Balance of payments, current account (million US$)",...,...,568b,,,,,,,,,,,,,,,,,,,,,,,,,,,,,,,,,,,,,,,,
