0,1,2,3,4,5,6,7,8,9,10,11,12,13,14,15,16,17,18,19,20,21,22,23,24,25,26,27,28,29,30,31,32,33,34,35
,2010,2015,2021,,,,,,,,,,,,,,,,,,,,,,,,,,,,,,,,
Individuals using the Internetd (per 100 inhabitants),0.6,1.1,1.3j,Threatened species (number),97,113,154,Forested aread (% of land area),10.8,10.6,10.5h,CO2 emission estimates (million tons/tons per capita),0.5 /        0.2,0.6 /        0.1,0.7 /        0.1h,"Energy production, primary (Petajoules)",24,26,27h,Energy supply per capita (Gigajoules),10,10,11h,Tourist/visitor arrivals at national bordersk (000),84,114,142l,Important sites for terrestrial biodiversity protected (%),13.3,13.3,13.3c,Net Official Development Assist. received (% of GNI),10.34,...,...
Threatened species (number),97,113,154,Forested aread (% of land area),10.8,10.6,10.5h,CO2 emission estimates (million tons/tons per capita),0.5 /        0.2,0.6 /        0.1,0.7 /        0.1h,"Energy production, primary (Petajoules)",24,26,27h,Energy supply per capita (Gigajoules),10,10,11h,Tourist/visitor arrivals at national bordersk (000),84,114,142l,Important sites for terrestrial biodiversity protected (%),13.3,13.3,13.3c,Net Official Development Assist. received (% of GNI),10.34,...,...,,,,
Forested aread (% of land area),10.8,10.6,10.5h,CO2 emission estimates (million tons/tons per capita),0.5 /        0.2,0.6 /        0.1,0.7 /        0.1h,"Energy production, primary (Petajoules)",24,26,27h,Energy supply per capita (Gigajoules),10,10,11h,Tourist/visitor arrivals at national bordersk (000),84,114,142l,Important sites for terrestrial biodiversity protected (%),13.3,13.3,13.3c,Net Official Development Assist. received (% of GNI),10.34,...,...,,,,,,,,
CO2 emission estimates (million tons/tons per capita),0.5 /        0.2,0.6 /        0.1,0.7 /        0.1h,"Energy production, primary (Petajoules)",24,26,27h,Energy supply per capita (Gigajoules),10,10,11h,Tourist/visitor arrivals at national bordersk (000),84,114,142l,Important sites for terrestrial biodiversity protected (%),13.3,13.3,13.3c,Net Official Development Assist. received (% of GNI),10.34,...,...,,,,,,,,,,,,
"Energy production, primary (Petajoules)",24,26,27h,Energy supply per capita (Gigajoules),10,10,11h,Tourist/visitor arrivals at national bordersk (000),84,114,142l,Important sites for terrestrial biodiversity protected (%),13.3,13.3,13.3c,Net Official Development Assist. received (% of GNI),10.34,...,...,,,,,,,,,,,,,,,,
Energy supply per capita (Gigajoules),10,10,11h,Tourist/visitor arrivals at national bordersk (000),84,114,142l,Important sites for terrestrial biodiversity protected (%),13.3,13.3,13.3c,Net Official Development Assist. received (% of GNI),10.34,...,...,,,,,,,,,,,,,,,,,,,,
Tourist/visitor arrivals at national bordersk (000),84,114,142l,Important sites for terrestrial biodiversity protected (%),13.3,13.3,13.3c,Net Official Development Assist. received (% of GNI),10.34,...,...,,,,,,,,,,,,,,,,,,,,,,,,
Important sites for terrestrial biodiversity protected (%),13.3,13.3,13.3c,Net Official Development Assist. received (% of GNI),10.34,...,...,,,,,,,,,,,,,,,,,,,,,,,,,,,,
Net Official Development Assist. received (% of GNI),10.34,...,...,,,,,,,,,,,,,,,,,,,,,,,,,,,,,,,,
