0,1,2,3,4,5,6,7,8,9,10,11,12,13,14,15,16,17,18,19,20,21,22,23,24,25,26,27,28,29,30,31,32,33,34,35,36,37,38,39,40,41,42,43,44,45,46,47
,2010,2015,2021,,,,,,,,,,,,,,,,,,,,,,,,,,,,,,,,,,,,,,,,,,,,
GDP: Gross domestic product (million current US$),494,541,582b,"GDP growth rate (annual %, const. 2015 prices)",0.7,-2.7,3.6b,GDP per capita (current US$),6 967.3,7 596.4,8 110.5b,Economy: Agriculture (% of Gross Value Added),13.7,16.5,16b,Economy: Industry (% of Gross Value Added),14,14.7,18.8b,Economy: Services and other activity (% of GVA),72.2,68.8,65.2b,CPI: Consumer Price Index (2010=100),100,102,105b,Agricultural production index (2014-2016=100),99,99,99b,International trade: exports (million current US$),34,30f,"14f,e",International trade: imports (million current US$),225,214f,"197f,e",International trade: balance (million current US$),-190,-184f,"-183f,e","Balance of payments, current account (million US$)",-80,-41,-225d
"GDP growth rate (annual %, const. 2015 prices)",0.7,-2.7,3.6b,GDP per capita (current US$),6 967.3,7 596.4,8 110.5b,Economy: Agriculture (% of Gross Value Added),13.7,16.5,16b,Economy: Industry (% of Gross Value Added),14,14.7,18.8b,Economy: Services and other activity (% of GVA),72.2,68.8,65.2b,CPI: Consumer Price Index (2010=100),100,102,105b,Agricultural production index (2014-2016=100),99,99,99b,International trade: exports (million current US$),34,30f,"14f,e",International trade: imports (million current US$),225,214f,"197f,e",International trade: balance (million current US$),-190,-184f,"-183f,e","Balance of payments, current account (million US$)",-80,-41,-225d,,,,
GDP per capita (current US$),6 967.3,7 596.4,8 110.5b,Economy: Agriculture (% of Gross Value Added),13.7,16.5,16b,Economy: Industry (% of Gross Value Added),14,14.7,18.8b,Economy: Services and other activity (% of GVA),72.2,68.8,65.2b,CPI: Consumer Price Index (2010=100),100,102,105b,Agricultural production index (2014-2016=100),99,99,99b,International trade: exports (million current US$),34,30f,"14f,e",International trade: imports (million current US$),225,214f,"197f,e",International trade: balance (million current US$),-190,-184f,"-183f,e","Balance of payments, current account (million US$)",-80,-41,-225d,,,,,,,,
Economy: Agriculture (% of Gross Value Added),13.7,16.5,16b,Economy: Industry (% of Gross Value Added),14,14.7,18.8b,Economy: Services and other activity (% of GVA),72.2,68.8,65.2b,CPI: Consumer Price Index (2010=100),100,102,105b,Agricultural production index (2014-2016=100),99,99,99b,International trade: exports (million current US$),34,30f,"14f,e",International trade: imports (million current US$),225,214f,"197f,e",International trade: balance (million current US$),-190,-184f,"-183f,e","Balance of payments, current account (million US$)",-80,-41,-225d,,,,,,,,,,,,
Economy: Industry (% of Gross Value Added),14,14.7,18.8b,Economy: Services and other activity (% of GVA),72.2,68.8,65.2b,CPI: Consumer Price Index (2010=100),100,102,105b,Agricultural production index (2014-2016=100),99,99,99b,International trade: exports (million current US$),34,30f,"14f,e",International trade: imports (million current US$),225,214f,"197f,e",International trade: balance (million current US$),-190,-184f,"-183f,e","Balance of payments, current account (million US$)",-80,-41,-225d,,,,,,,,,,,,,,,,
Economy: Services and other activity (% of GVA),72.2,68.8,65.2b,CPI: Consumer Price Index (2010=100),100,102,105b,Agricultural production index (2014-2016=100),99,99,99b,International trade: exports (million current US$),34,30f,"14f,e",International trade: imports (million current US$),225,214f,"197f,e",International trade: balance (million current US$),-190,-184f,"-183f,e","Balance of payments, current account (million US$)",-80,-41,-225d,,,,,,,,,,,,,,,,,,,,
CPI: Consumer Price Index (2010=100),100,102,105b,Agricultural production index (2014-2016=100),99,99,99b,International trade: exports (million current US$),34,30f,"14f,e",International trade: imports (million current US$),225,214f,"197f,e",International trade: balance (million current US$),-190,-184f,"-183f,e","Balance of payments, current account (million US$)",-80,-41,-225d,,,,,,,,,,,,,,,,,,,,,,,,
Agricultural production index (2014-2016=100),99,99,99b,International trade: exports (million current US$),34,30f,"14f,e",International trade: imports (million current US$),225,214f,"197f,e",International trade: balance (million current US$),-190,-184f,"-183f,e","Balance of payments, current account (million US$)",-80,-41,-225d,,,,,,,,,,,,,,,,,,,,,,,,,,,,
International trade: exports (million current US$),34,30f,"14f,e",International trade: imports (million current US$),225,214f,"197f,e",International trade: balance (million current US$),-190,-184f,"-183f,e","Balance of payments, current account (million US$)",-80,-41,-225d,,,,,,,,,,,,,,,,,,,,,,,,,,,,,,,,
International trade: imports (million current US$),225,214f,"197f,e",International trade: balance (million current US$),-190,-184f,"-183f,e","Balance of payments, current account (million US$)",-80,-41,-225d,,,,,,,,,,,,,,,,,,,,,,,,,,,,,,,,,,,,
International trade: balance (million current US$),-190,-184f,"-183f,e","Balance of payments, current account (million US$)",-80,-41,-225d,,,,,,,,,,,,,,,,,,,,,,,,,,,,,,,,,,,,,,,,
"Balance of payments, current account (million US$)",-80,-41,-225d,,,,,,,,,,,,,,,,,,,,,,,,,,,,,,,,,,,,,,,,,,,,
