0,1,2,3,4,5,6,7,8,9,10,11,12,13,14,15,16,17,18,19,20,21,22,23,24,25,26,27,28,29,30,31
,2010,2015,2021,,,,,,,,,,,,,,,,,,,,,,,,,,,,
Individuals using the Internet (per 100 inhabitants),47.4,65f,"69.6f,h",Threatened species (number),48,62,88,Forested area (% of land area),63.8,63.8,63.8d,"Energy production, primary (Petajoules)",0,0f,"0f,d",Energy supply per capita (Gigajoules),36,37f,"34f,d",Tourist/visitor arrivals at national borders (000),77,75,63d,Important sites for terrestrial biodiversity protected (%),33.3,33.3,33.3e,Net Official Development Assist. received (% of GNI),6.71,2.26,8.76b
Threatened species (number),48,62,88,Forested area (% of land area),63.8,63.8,63.8d,"Energy production, primary (Petajoules)",0,0f,"0f,d",Energy supply per capita (Gigajoules),36,37f,"34f,d",Tourist/visitor arrivals at national borders (000),77,75,63d,Important sites for terrestrial biodiversity protected (%),33.3,33.3,33.3e,Net Official Development Assist. received (% of GNI),6.71,2.26,8.76b,,,,
Forested area (% of land area),63.8,63.8,63.8d,"Energy production, primary (Petajoules)",0,0f,"0f,d",Energy supply per capita (Gigajoules),36,37f,"34f,d",Tourist/visitor arrivals at national borders (000),77,75,63d,Important sites for terrestrial biodiversity protected (%),33.3,33.3,33.3e,Net Official Development Assist. received (% of GNI),6.71,2.26,8.76b,,,,,,,,
"Energy production, primary (Petajoules)",0,0f,"0f,d",Energy supply per capita (Gigajoules),36,37f,"34f,d",Tourist/visitor arrivals at national borders (000),77,75,63d,Important sites for terrestrial biodiversity protected (%),33.3,33.3,33.3e,Net Official Development Assist. received (% of GNI),6.71,2.26,8.76b,,,,,,,,,,,,
Energy supply per capita (Gigajoules),36,37f,"34f,d",Tourist/visitor arrivals at national borders (000),77,75,63d,Important sites for terrestrial biodiversity protected (%),33.3,33.3,33.3e,Net Official Development Assist. received (% of GNI),6.71,2.26,8.76b,,,,,,,,,,,,,,,,
Tourist/visitor arrivals at national borders (000),77,75,63d,Important sites for terrestrial biodiversity protected (%),33.3,33.3,33.3e,Net Official Development Assist. received (% of GNI),6.71,2.26,8.76b,,,,,,,,,,,,,,,,,,,,
Important sites for terrestrial biodiversity protected (%),33.3,33.3,33.3e,Net Official Development Assist. received (% of GNI),6.71,2.26,8.76b,,,,,,,,,,,,,,,,,,,,,,,,
Net Official Development Assist. received (% of GNI),6.71,2.26,8.76b,,,,,,,,,,,,,,,,,,,,,,,,,,,,
