0,1,2,3,4,5,6,7,8,9,10,11,12,13,14,15,16,17,18,19,20,21,22,23,24,25,26,27,28,29,30,31,32,33,34,35,36,37,38,39,40,41,42,43,44,45,46,47,48,49,50,51
,2010,2015,2021,,,,,,,,,,,,,,,,,,,,,,,,,,,,,,,,,,,,,,,,,,,,,,,,
Population growth rateg (average annual %),0.1,0.1,0.2e,Urban population (% of total population),68.1,69.6,70.8b,Urban population growth rateg (average annual %),0.7,0.9,...,International migrant stock (000/% of total pop.),8.1 /       11.4,8.1 /       11.4,8.3 /       11.5e,Refugees and others of concern to UNHCR (000),...,...,~0.0e,Health: Current expendituref (% of GDP),5.2,5.2,6.6d,Health: Physicians (per 1 000 pop.),...,...,1.1d,Education: Government expenditure (% of GDP),...,3.4,5.6b,Education: Primary gross enrol. ratio (f/m per 100 pop.),101.8 /      103.6,115.2 /      117.1,98.7 /      102.0b,Education: Secondary gross enrol. ratio (f/m per 100 pop.),93.0 /       85.1,93.8 /       94.7,102.2 /       99.9b,Education: Upper secondary gross enrol. ratio (f/m per 100 pop.),88.5 /       63.9,80.1 /       71.7,94.4 /       78.7b,Intentional homicide rate (per 100 000 pop.),21.2,12.6,26.6h,Seats held by women in national parliaments (%),14.3,21.9,34.4i
Urban population (% of total population),68.1,69.6,70.8b,Urban population growth rateg (average annual %),0.7,0.9,...,International migrant stock (000/% of total pop.),8.1 /       11.4,8.1 /       11.4,8.3 /       11.5e,Refugees and others of concern to UNHCR (000),...,...,~0.0e,Health: Current expendituref (% of GDP),5.2,5.2,6.6d,Health: Physicians (per 1 000 pop.),...,...,1.1d,Education: Government expenditure (% of GDP),...,3.4,5.6b,Education: Primary gross enrol. ratio (f/m per 100 pop.),101.8 /      103.6,115.2 /      117.1,98.7 /      102.0b,Education: Secondary gross enrol. ratio (f/m per 100 pop.),93.0 /       85.1,93.8 /       94.7,102.2 /       99.9b,Education: Upper secondary gross enrol. ratio (f/m per 100 pop.),88.5 /       63.9,80.1 /       71.7,94.4 /       78.7b,Intentional homicide rate (per 100 000 pop.),21.2,12.6,26.6h,Seats held by women in national parliaments (%),14.3,21.9,34.4i,,,,
Urban population growth rateg (average annual %),0.7,0.9,...,International migrant stock (000/% of total pop.),8.1 /       11.4,8.1 /       11.4,8.3 /       11.5e,Refugees and others of concern to UNHCR (000),...,...,~0.0e,Health: Current expendituref (% of GDP),5.2,5.2,6.6d,Health: Physicians (per 1 000 pop.),...,...,1.1d,Education: Government expenditure (% of GDP),...,3.4,5.6b,Education: Primary gross enrol. ratio (f/m per 100 pop.),101.8 /      103.6,115.2 /      117.1,98.7 /      102.0b,Education: Secondary gross enrol. ratio (f/m per 100 pop.),93.0 /       85.1,93.8 /       94.7,102.2 /       99.9b,Education: Upper secondary gross enrol. ratio (f/m per 100 pop.),88.5 /       63.9,80.1 /       71.7,94.4 /       78.7b,Intentional homicide rate (per 100 000 pop.),21.2,12.6,26.6h,Seats held by women in national parliaments (%),14.3,21.9,34.4i,,,,,,,,
International migrant stock (000/% of total pop.),8.1 /       11.4,8.1 /       11.4,8.3 /       11.5e,Refugees and others of concern to UNHCR (000),...,...,~0.0e,Health: Current expendituref (% of GDP),5.2,5.2,6.6d,Health: Physicians (per 1 000 pop.),...,...,1.1d,Education: Government expenditure (% of GDP),...,3.4,5.6b,Education: Primary gross enrol. ratio (f/m per 100 pop.),101.8 /      103.6,115.2 /      117.1,98.7 /      102.0b,Education: Secondary gross enrol. ratio (f/m per 100 pop.),93.0 /       85.1,93.8 /       94.7,102.2 /       99.9b,Education: Upper secondary gross enrol. ratio (f/m per 100 pop.),88.5 /       63.9,80.1 /       71.7,94.4 /       78.7b,Intentional homicide rate (per 100 000 pop.),21.2,12.6,26.6h,Seats held by women in national parliaments (%),14.3,21.9,34.4i,,,,,,,,,,,,
Refugees and others of concern to UNHCR (000),...,...,~0.0e,Health: Current expendituref (% of GDP),5.2,5.2,6.6d,Health: Physicians (per 1 000 pop.),...,...,1.1d,Education: Government expenditure (% of GDP),...,3.4,5.6b,Education: Primary gross enrol. ratio (f/m per 100 pop.),101.8 /      103.6,115.2 /      117.1,98.7 /      102.0b,Education: Secondary gross enrol. ratio (f/m per 100 pop.),93.0 /       85.1,93.8 /       94.7,102.2 /       99.9b,Education: Upper secondary gross enrol. ratio (f/m per 100 pop.),88.5 /       63.9,80.1 /       71.7,94.4 /       78.7b,Intentional homicide rate (per 100 000 pop.),21.2,12.6,26.6h,Seats held by women in national parliaments (%),14.3,21.9,34.4i,,,,,,,,,,,,,,,,
Health: Current expendituref (% of GDP),5.2,5.2,6.6d,Health: Physicians (per 1 000 pop.),...,...,1.1d,Education: Government expenditure (% of GDP),...,3.4,5.6b,Education: Primary gross enrol. ratio (f/m per 100 pop.),101.8 /      103.6,115.2 /      117.1,98.7 /      102.0b,Education: Secondary gross enrol. ratio (f/m per 100 pop.),93.0 /       85.1,93.8 /       94.7,102.2 /       99.9b,Education: Upper secondary gross enrol. ratio (f/m per 100 pop.),88.5 /       63.9,80.1 /       71.7,94.4 /       78.7b,Intentional homicide rate (per 100 000 pop.),21.2,12.6,26.6h,Seats held by women in national parliaments (%),14.3,21.9,34.4i,,,,,,,,,,,,,,,,,,,,
Health: Physicians (per 1 000 pop.),...,...,1.1d,Education: Government expenditure (% of GDP),...,3.4,5.6b,Education: Primary gross enrol. ratio (f/m per 100 pop.),101.8 /      103.6,115.2 /      117.1,98.7 /      102.0b,Education: Secondary gross enrol. ratio (f/m per 100 pop.),93.0 /       85.1,93.8 /       94.7,102.2 /       99.9b,Education: Upper secondary gross enrol. ratio (f/m per 100 pop.),88.5 /       63.9,80.1 /       71.7,94.4 /       78.7b,Intentional homicide rate (per 100 000 pop.),21.2,12.6,26.6h,Seats held by women in national parliaments (%),14.3,21.9,34.4i,,,,,,,,,,,,,,,,,,,,,,,,
Education: Government expenditure (% of GDP),...,3.4,5.6b,Education: Primary gross enrol. ratio (f/m per 100 pop.),101.8 /      103.6,115.2 /      117.1,98.7 /      102.0b,Education: Secondary gross enrol. ratio (f/m per 100 pop.),93.0 /       85.1,93.8 /       94.7,102.2 /       99.9b,Education: Upper secondary gross enrol. ratio (f/m per 100 pop.),88.5 /       63.9,80.1 /       71.7,94.4 /       78.7b,Intentional homicide rate (per 100 000 pop.),21.2,12.6,26.6h,Seats held by women in national parliaments (%),14.3,21.9,34.4i,,,,,,,,,,,,,,,,,,,,,,,,,,,,
Education: Primary gross enrol. ratio (f/m per 100 pop.),101.8 /      103.6,115.2 /      117.1,98.7 /      102.0b,Education: Secondary gross enrol. ratio (f/m per 100 pop.),93.0 /       85.1,93.8 /       94.7,102.2 /       99.9b,Education: Upper secondary gross enrol. ratio (f/m per 100 pop.),88.5 /       63.9,80.1 /       71.7,94.4 /       78.7b,Intentional homicide rate (per 100 000 pop.),21.2,12.6,26.6h,Seats held by women in national parliaments (%),14.3,21.9,34.4i,,,,,,,,,,,,,,,,,,,,,,,,,,,,,,,,
Education: Secondary gross enrol. ratio (f/m per 100 pop.),93.0 /       85.1,93.8 /       94.7,102.2 /       99.9b,Education: Upper secondary gross enrol. ratio (f/m per 100 pop.),88.5 /       63.9,80.1 /       71.7,94.4 /       78.7b,Intentional homicide rate (per 100 000 pop.),21.2,12.6,26.6h,Seats held by women in national parliaments (%),14.3,21.9,34.4i,,,,,,,,,,,,,,,,,,,,,,,,,,,,,,,,,,,,
Education: Upper secondary gross enrol. ratio (f/m per 100 pop.),88.5 /       63.9,80.1 /       71.7,94.4 /       78.7b,Intentional homicide rate (per 100 000 pop.),21.2,12.6,26.6h,Seats held by women in national parliaments (%),14.3,21.9,34.4i,,,,,,,,,,,,,,,,,,,,,,,,,,,,,,,,,,,,,,,,
Intentional homicide rate (per 100 000 pop.),21.2,12.6,26.6h,Seats held by women in national parliaments (%),14.3,21.9,34.4i,,,,,,,,,,,,,,,,,,,,,,,,,,,,,,,,,,,,,,,,,,,,
Seats held by women in national parliaments (%),14.3,21.9,34.4i,,,,,,,,,,,,,,,,,,,,,,,,,,,,,,,,,,,,,,,,,,,,,,,,
