0,1,2,3,4,5,6,7,8,9,10,11,12,13,14,15,16,17,18,19,20,21,22,23,24,25,26,27,28,29,30,31,32,33,34,35,36,37,38,39,40,41,42,43,44,45,46,47,48,49,50,51,52,53,54,55,56,57,58,59,60,61,62,63,64,65,66,67
,2010,2015,2021,,,,,,,,,,,,,,,,,,,,,,,,,,,,,,,,,,,,,,,,,,,,,,,,,,,,,,,,,,,,,,,,
GDP: Gross domestic product (million current US$),148 047,184 388,181 667b,"GDP growth rate (annual %, const. 2015 prices)",7.3,1.2,4.5b,GDP per capita (current US$),9 109.3,10 493.3,9 792.6b,Economy: Agricultured (% of Gross Value Added),4.7,5,4.8b,"Economy: Industrye,f (% of Gross Value Added)",41.9,32.5,35.5b,Economy: Services and other activityg (% of GVA),53.4,62.5,59.7b,Employment in agriculture (% of employed),28.3,18,"15.4h,c",Employment in industry (% of employed),18.7,20.6,"20.5h,c",Employment in services (% employed),53,61.4,"64.1h,c",Unemploymenth (% of labour force),5.8,4.9,4.6c,Labour force participation rateh (female/male pop. %),65.4 /       75.9,65.4 /       77.0,62.2 /       75.1c,CPI: Consumer Price Index (2010=100),100,137,201c,Agricultural production index (2014-2016=100),77,99,111b,International trade: exports (million current US$),57 244,45 954,"44 929h,c",International trade: imports (million current US$),24 024,30 567,"37 855h,c",International trade: balance (million current US$),33 220,15 387,"7 074h,c","Balance of payments, current account (million US$)",1 386,- 6 012,- 6 273c
"GDP growth rate (annual %, const. 2015 prices)",7.3,1.2,4.5b,GDP per capita (current US$),9 109.3,10 493.3,9 792.6b,Economy: Agricultured (% of Gross Value Added),4.7,5,4.8b,"Economy: Industrye,f (% of Gross Value Added)",41.9,32.5,35.5b,Economy: Services and other activityg (% of GVA),53.4,62.5,59.7b,Employment in agriculture (% of employed),28.3,18,"15.4h,c",Employment in industry (% of employed),18.7,20.6,"20.5h,c",Employment in services (% employed),53,61.4,"64.1h,c",Unemploymenth (% of labour force),5.8,4.9,4.6c,Labour force participation rateh (female/male pop. %),65.4 /       75.9,65.4 /       77.0,62.2 /       75.1c,CPI: Consumer Price Index (2010=100),100,137,201c,Agricultural production index (2014-2016=100),77,99,111b,International trade: exports (million current US$),57 244,45 954,"44 929h,c",International trade: imports (million current US$),24 024,30 567,"37 855h,c",International trade: balance (million current US$),33 220,15 387,"7 074h,c","Balance of payments, current account (million US$)",1 386,- 6 012,- 6 273c,,,,
GDP per capita (current US$),9 109.3,10 493.3,9 792.6b,Economy: Agricultured (% of Gross Value Added),4.7,5,4.8b,"Economy: Industrye,f (% of Gross Value Added)",41.9,32.5,35.5b,Economy: Services and other activityg (% of GVA),53.4,62.5,59.7b,Employment in agriculture (% of employed),28.3,18,"15.4h,c",Employment in industry (% of employed),18.7,20.6,"20.5h,c",Employment in services (% employed),53,61.4,"64.1h,c",Unemploymenth (% of labour force),5.8,4.9,4.6c,Labour force participation rateh (female/male pop. %),65.4 /       75.9,65.4 /       77.0,62.2 /       75.1c,CPI: Consumer Price Index (2010=100),100,137,201c,Agricultural production index (2014-2016=100),77,99,111b,International trade: exports (million current US$),57 244,45 954,"44 929h,c",International trade: imports (million current US$),24 024,30 567,"37 855h,c",International trade: balance (million current US$),33 220,15 387,"7 074h,c","Balance of payments, current account (million US$)",1 386,- 6 012,- 6 273c,,,,,,,,
Economy: Agricultured (% of Gross Value Added),4.7,5,4.8b,"Economy: Industrye,f (% of Gross Value Added)",41.9,32.5,35.5b,Economy: Services and other activityg (% of GVA),53.4,62.5,59.7b,Employment in agriculture (% of employed),28.3,18,"15.4h,c",Employment in industry (% of employed),18.7,20.6,"20.5h,c",Employment in services (% employed),53,61.4,"64.1h,c",Unemploymenth (% of labour force),5.8,4.9,4.6c,Labour force participation rateh (female/male pop. %),65.4 /       75.9,65.4 /       77.0,62.2 /       75.1c,CPI: Consumer Price Index (2010=100),100,137,201c,Agricultural production index (2014-2016=100),77,99,111b,International trade: exports (million current US$),57 244,45 954,"44 929h,c",International trade: imports (million current US$),24 024,30 567,"37 855h,c",International trade: balance (million current US$),33 220,15 387,"7 074h,c","Balance of payments, current account (million US$)",1 386,- 6 012,- 6 273c,,,,,,,,,,,,
"Economy: Industrye,f (% of Gross Value Added)",41.9,32.5,35.5b,Economy: Services and other activityg (% of GVA),53.4,62.5,59.7b,Employment in agriculture (% of employed),28.3,18,"15.4h,c",Employment in industry (% of employed),18.7,20.6,"20.5h,c",Employment in services (% employed),53,61.4,"64.1h,c",Unemploymenth (% of labour force),5.8,4.9,4.6c,Labour force participation rateh (female/male pop. %),65.4 /       75.9,65.4 /       77.0,62.2 /       75.1c,CPI: Consumer Price Index (2010=100),100,137,201c,Agricultural production index (2014-2016=100),77,99,111b,International trade: exports (million current US$),57 244,45 954,"44 929h,c",International trade: imports (million current US$),24 024,30 567,"37 855h,c",International trade: balance (million current US$),33 220,15 387,"7 074h,c","Balance of payments, current account (million US$)",1 386,- 6 012,- 6 273c,,,,,,,,,,,,,,,,
Economy: Services and other activityg (% of GVA),53.4,62.5,59.7b,Employment in agriculture (% of employed),28.3,18,"15.4h,c",Employment in industry (% of employed),18.7,20.6,"20.5h,c",Employment in services (% employed),53,61.4,"64.1h,c",Unemploymenth (% of labour force),5.8,4.9,4.6c,Labour force participation rateh (female/male pop. %),65.4 /       75.9,65.4 /       77.0,62.2 /       75.1c,CPI: Consumer Price Index (2010=100),100,137,201c,Agricultural production index (2014-2016=100),77,99,111b,International trade: exports (million current US$),57 244,45 954,"44 929h,c",International trade: imports (million current US$),24 024,30 567,"37 855h,c",International trade: balance (million current US$),33 220,15 387,"7 074h,c","Balance of payments, current account (million US$)",1 386,- 6 012,- 6 273c,,,,,,,,,,,,,,,,,,,,
Employment in agriculture (% of employed),28.3,18,"15.4h,c",Employment in industry (% of employed),18.7,20.6,"20.5h,c",Employment in services (% employed),53,61.4,"64.1h,c",Unemploymenth (% of labour force),5.8,4.9,4.6c,Labour force participation rateh (female/male pop. %),65.4 /       75.9,65.4 /       77.0,62.2 /       75.1c,CPI: Consumer Price Index (2010=100),100,137,201c,Agricultural production index (2014-2016=100),77,99,111b,International trade: exports (million current US$),57 244,45 954,"44 929h,c",International trade: imports (million current US$),24 024,30 567,"37 855h,c",International trade: balance (million current US$),33 220,15 387,"7 074h,c","Balance of payments, current account (million US$)",1 386,- 6 012,- 6 273c,,,,,,,,,,,,,,,,,,,,,,,,
Employment in industry (% of employed),18.7,20.6,"20.5h,c",Employment in services (% employed),53,61.4,"64.1h,c",Unemploymenth (% of labour force),5.8,4.9,4.6c,Labour force participation rateh (female/male pop. %),65.4 /       75.9,65.4 /       77.0,62.2 /       75.1c,CPI: Consumer Price Index (2010=100),100,137,201c,Agricultural production index (2014-2016=100),77,99,111b,International trade: exports (million current US$),57 244,45 954,"44 929h,c",International trade: imports (million current US$),24 024,30 567,"37 855h,c",International trade: balance (million current US$),33 220,15 387,"7 074h,c","Balance of payments, current account (million US$)",1 386,- 6 012,- 6 273c,,,,,,,,,,,,,,,,,,,,,,,,,,,,
Employment in services (% employed),53,61.4,"64.1h,c",Unemploymenth (% of labour force),5.8,4.9,4.6c,Labour force participation rateh (female/male pop. %),65.4 /       75.9,65.4 /       77.0,62.2 /       75.1c,CPI: Consumer Price Index (2010=100),100,137,201c,Agricultural production index (2014-2016=100),77,99,111b,International trade: exports (million current US$),57 244,45 954,"44 929h,c",International trade: imports (million current US$),24 024,30 567,"37 855h,c",International trade: balance (million current US$),33 220,15 387,"7 074h,c","Balance of payments, current account (million US$)",1 386,- 6 012,- 6 273c,,,,,,,,,,,,,,,,,,,,,,,,,,,,,,,,
Unemploymenth (% of labour force),5.8,4.9,4.6c,Labour force participation rateh (female/male pop. %),65.4 /       75.9,65.4 /       77.0,62.2 /       75.1c,CPI: Consumer Price Index (2010=100),100,137,201c,Agricultural production index (2014-2016=100),77,99,111b,International trade: exports (million current US$),57 244,45 954,"44 929h,c",International trade: imports (million current US$),24 024,30 567,"37 855h,c",International trade: balance (million current US$),33 220,15 387,"7 074h,c","Balance of payments, current account (million US$)",1 386,- 6 012,- 6 273c,,,,,,,,,,,,,,,,,,,,,,,,,,,,,,,,,,,,
Labour force participation rateh (female/male pop. %),65.4 /       75.9,65.4 /       77.0,62.2 /       75.1c,CPI: Consumer Price Index (2010=100),100,137,201c,Agricultural production index (2014-2016=100),77,99,111b,International trade: exports (million current US$),57 244,45 954,"44 929h,c",International trade: imports (million current US$),24 024,30 567,"37 855h,c",International trade: balance (million current US$),33 220,15 387,"7 074h,c","Balance of payments, current account (million US$)",1 386,- 6 012,- 6 273c,,,,,,,,,,,,,,,,,,,,,,,,,,,,,,,,,,,,,,,,
CPI: Consumer Price Index (2010=100),100,137,201c,Agricultural production index (2014-2016=100),77,99,111b,International trade: exports (million current US$),57 244,45 954,"44 929h,c",International trade: imports (million current US$),24 024,30 567,"37 855h,c",International trade: balance (million current US$),33 220,15 387,"7 074h,c","Balance of payments, current account (million US$)",1 386,- 6 012,- 6 273c,,,,,,,,,,,,,,,,,,,,,,,,,,,,,,,,,,,,,,,,,,,,
Agricultural production index (2014-2016=100),77,99,111b,International trade: exports (million current US$),57 244,45 954,"44 929h,c",International trade: imports (million current US$),24 024,30 567,"37 855h,c",International trade: balance (million current US$),33 220,15 387,"7 074h,c","Balance of payments, current account (million US$)",1 386,- 6 012,- 6 273c,,,,,,,,,,,,,,,,,,,,,,,,,,,,,,,,,,,,,,,,,,,,,,,,
International trade: exports (million current US$),57 244,45 954,"44 929h,c",International trade: imports (million current US$),24 024,30 567,"37 855h,c",International trade: balance (million current US$),33 220,15 387,"7 074h,c","Balance of payments, current account (million US$)",1 386,- 6 012,- 6 273c,,,,,,,,,,,,,,,,,,,,,,,,,,,,,,,,,,,,,,,,,,,,,,,,,,,,
International trade: imports (million current US$),24 024,30 567,"37 855h,c",International trade: balance (million current US$),33 220,15 387,"7 074h,c","Balance of payments, current account (million US$)",1 386,- 6 012,- 6 273c,,,,,,,,,,,,,,,,,,,,,,,,,,,,,,,,,,,,,,,,,,,,,,,,,,,,,,,,
International trade: balance (million current US$),33 220,15 387,"7 074h,c","Balance of payments, current account (million US$)",1 386,- 6 012,- 6 273c,,,,,,,,,,,,,,,,,,,,,,,,,,,,,,,,,,,,,,,,,,,,,,,,,,,,,,,,,,,,
"Balance of payments, current account (million US$)",1 386,- 6 012,- 6 273c,,,,,,,,,,,,,,,,,,,,,,,,,,,,,,,,,,,,,,,,,,,,,,,,,,,,,,,,,,,,,,,,
