0,1,2,3,4,5,6,7,8,9,10,11,12,13,14,15,16,17,18,19,20,21,22,23,24,25,26,27,28,29,30,31,32,33,34,35,36,37,38,39,40,41,42,43,44,45,46,47
,2010,2015,2021,,,,,,,,,,,,,,,,,,,,,,,,,,,,,,,,,,,,,,,,,,,,
Individuals using the Internet (per 100 inhabitants),31.6q,70.8,81.9b,Research & Development expenditure (% of GDP),0.2,0.2,0.1l,Threatened species (number),73,78,91,Forested areah (% of land area),1.1,1.2,1.3l,CO2 emission estimates (million tons/tons per capita),221.1 /       13.5,199.1 /       11.3,214.0 /       11.7l,"Energy production, primary (Petajoules)",6 770,6 650,7 378l,Energy supply per capita (Gigajoules),207,172,169l,Tourist/visitor arrivals at national borders (000),4 097,6 430,8 515b,Important sites for terrestrial biodiversity protected (%),11,11,13.1c,Pop. using safely managed sanitation (urban/rural %),91.7 / ...,91.0 / ...,91.0 / ...c,Net Official Development Assist. disbursed (% of GNI),...,0.02,0.02o,Net Official Development Assist. received (% of GNI),0.17,0.05,0.03b
Research & Development expenditure (% of GDP),0.2,0.2,0.1l,Threatened species (number),73,78,91,Forested areah (% of land area),1.1,1.2,1.3l,CO2 emission estimates (million tons/tons per capita),221.1 /       13.5,199.1 /       11.3,214.0 /       11.7l,"Energy production, primary (Petajoules)",6 770,6 650,7 378l,Energy supply per capita (Gigajoules),207,172,169l,Tourist/visitor arrivals at national borders (000),4 097,6 430,8 515b,Important sites for terrestrial biodiversity protected (%),11,11,13.1c,Pop. using safely managed sanitation (urban/rural %),91.7 / ...,91.0 / ...,91.0 / ...c,Net Official Development Assist. disbursed (% of GNI),...,0.02,0.02o,Net Official Development Assist. received (% of GNI),0.17,0.05,0.03b,,,,
Threatened species (number),73,78,91,Forested areah (% of land area),1.1,1.2,1.3l,CO2 emission estimates (million tons/tons per capita),221.1 /       13.5,199.1 /       11.3,214.0 /       11.7l,"Energy production, primary (Petajoules)",6 770,6 650,7 378l,Energy supply per capita (Gigajoules),207,172,169l,Tourist/visitor arrivals at national borders (000),4 097,6 430,8 515b,Important sites for terrestrial biodiversity protected (%),11,11,13.1c,Pop. using safely managed sanitation (urban/rural %),91.7 / ...,91.0 / ...,91.0 / ...c,Net Official Development Assist. disbursed (% of GNI),...,0.02,0.02o,Net Official Development Assist. received (% of GNI),0.17,0.05,0.03b,,,,,,,,
Forested areah (% of land area),1.1,1.2,1.3l,CO2 emission estimates (million tons/tons per capita),221.1 /       13.5,199.1 /       11.3,214.0 /       11.7l,"Energy production, primary (Petajoules)",6 770,6 650,7 378l,Energy supply per capita (Gigajoules),207,172,169l,Tourist/visitor arrivals at national borders (000),4 097,6 430,8 515b,Important sites for terrestrial biodiversity protected (%),11,11,13.1c,Pop. using safely managed sanitation (urban/rural %),91.7 / ...,91.0 / ...,91.0 / ...c,Net Official Development Assist. disbursed (% of GNI),...,0.02,0.02o,Net Official Development Assist. received (% of GNI),0.17,0.05,0.03b,,,,,,,,,,,,
CO2 emission estimates (million tons/tons per capita),221.1 /       13.5,199.1 /       11.3,214.0 /       11.7l,"Energy production, primary (Petajoules)",6 770,6 650,7 378l,Energy supply per capita (Gigajoules),207,172,169l,Tourist/visitor arrivals at national borders (000),4 097,6 430,8 515b,Important sites for terrestrial biodiversity protected (%),11,11,13.1c,Pop. using safely managed sanitation (urban/rural %),91.7 / ...,91.0 / ...,91.0 / ...c,Net Official Development Assist. disbursed (% of GNI),...,0.02,0.02o,Net Official Development Assist. received (% of GNI),0.17,0.05,0.03b,,,,,,,,,,,,,,,,
"Energy production, primary (Petajoules)",6 770,6 650,7 378l,Energy supply per capita (Gigajoules),207,172,169l,Tourist/visitor arrivals at national borders (000),4 097,6 430,8 515b,Important sites for terrestrial biodiversity protected (%),11,11,13.1c,Pop. using safely managed sanitation (urban/rural %),91.7 / ...,91.0 / ...,91.0 / ...c,Net Official Development Assist. disbursed (% of GNI),...,0.02,0.02o,Net Official Development Assist. received (% of GNI),0.17,0.05,0.03b,,,,,,,,,,,,,,,,,,,,
Energy supply per capita (Gigajoules),207,172,169l,Tourist/visitor arrivals at national borders (000),4 097,6 430,8 515b,Important sites for terrestrial biodiversity protected (%),11,11,13.1c,Pop. using safely managed sanitation (urban/rural %),91.7 / ...,91.0 / ...,91.0 / ...c,Net Official Development Assist. disbursed (% of GNI),...,0.02,0.02o,Net Official Development Assist. received (% of GNI),0.17,0.05,0.03b,,,,,,,,,,,,,,,,,,,,,,,,
Tourist/visitor arrivals at national borders (000),4 097,6 430,8 515b,Important sites for terrestrial biodiversity protected (%),11,11,13.1c,Pop. using safely managed sanitation (urban/rural %),91.7 / ...,91.0 / ...,91.0 / ...c,Net Official Development Assist. disbursed (% of GNI),...,0.02,0.02o,Net Official Development Assist. received (% of GNI),0.17,0.05,0.03b,,,,,,,,,,,,,,,,,,,,,,,,,,,,
Important sites for terrestrial biodiversity protected (%),11,11,13.1c,Pop. using safely managed sanitation (urban/rural %),91.7 / ...,91.0 / ...,91.0 / ...c,Net Official Development Assist. disbursed (% of GNI),...,0.02,0.02o,Net Official Development Assist. received (% of GNI),0.17,0.05,0.03b,,,,,,,,,,,,,,,,,,,,,,,,,,,,,,,,
Pop. using safely managed sanitation (urban/rural %),91.7 / ...,91.0 / ...,91.0 / ...c,Net Official Development Assist. disbursed (% of GNI),...,0.02,0.02o,Net Official Development Assist. received (% of GNI),0.17,0.05,0.03b,,,,,,,,,,,,,,,,,,,,,,,,,,,,,,,,,,,,
Net Official Development Assist. disbursed (% of GNI),...,0.02,0.02o,Net Official Development Assist. received (% of GNI),0.17,0.05,0.03b,,,,,,,,,,,,,,,,,,,,,,,,,,,,,,,,,,,,,,,,
Net Official Development Assist. received (% of GNI),0.17,0.05,0.03b,,,,,,,,,,,,,,,,,,,,,,,,,,,,,,,,,,,,,,,,,,,,
