0,1,2,3,4,5,6,7,8,9,10,11,12,13,14,15,16,17,18,19,20,21,22,23,24,25,26,27,28,29,30,31,32,33,34,35,36,37,38,39,40,41,42,43,44,45,46,47,48,49,50,51,52,53,54,55,56,57,58,59,60,61,62,63,64,65,66,67
,2010,2015,2021,,,,,,,,,,,,,,,,,,,,,,,,,,,,,,,,,,,,,,,,,,,,,,,,,,,,,,,,,,,,,,,,
Population growth ratei (average annual %),1.1,1.6,1.3c,Urban population (% of total population),56.8,57.2,57.5b,Urban population growth ratei (average annual %),1.2,1.7,...,"Fertility rate, totali (live births per woman)",2.5,2.7,2.8c,"Life expectancy at birthi (females/males, years)",71.9 /       60.6,73.9 /       64.3,77.4 /       68.8c,"Population age distribution (0-14/60+ years old, %)",24.1 /        9.9,26.7 /       10.7,29.2 /       12.6a,International migrant stockj (000/% of total pop.),3 334.9 /       20.5,3 546.1 /       20.2,3 732.1 /       19.9c,Refugees and others of concern to UNHCR (000),12.7k,7.8,8.5c,Infant mortality ratei (per 1 000 live births),23.9,14.1,7.7c,Health: Current expenditure (% of GDP),2.7,3,2.9l,Health: Physicians (per 1 000 pop.),3.9,4m,...,Education: Government expenditure (% of GDP),3.1n,2.8,2.9b,Education: Primary gross enrol. ratio (f/m per 100 pop.),109.1 /      108.5,111.7 /      111.5,100.2 /      100.4c,Education: Secondary gross enrol. ratio (f/m per 100 pop.),98.8 /       98.2,112.2 /      108.5,103.8 /      103.7c,Education: Upper secondary gross enrol. ratio (f/m per 100 pop.),95.2 /       92.1,109.0 /       99.8,112.4 /      112.6c,Intentional homicide rate (per 100 000 pop.),8.5,4.9,5.1o,Seats held by women in national parliaments (%),17.8,26.2,27.1p
Urban population (% of total population),56.8,57.2,57.5b,Urban population growth ratei (average annual %),1.2,1.7,...,"Fertility rate, totali (live births per woman)",2.5,2.7,2.8c,"Life expectancy at birthi (females/males, years)",71.9 /       60.6,73.9 /       64.3,77.4 /       68.8c,"Population age distribution (0-14/60+ years old, %)",24.1 /        9.9,26.7 /       10.7,29.2 /       12.6a,International migrant stockj (000/% of total pop.),3 334.9 /       20.5,3 546.1 /       20.2,3 732.1 /       19.9c,Refugees and others of concern to UNHCR (000),12.7k,7.8,8.5c,Infant mortality ratei (per 1 000 live births),23.9,14.1,7.7c,Health: Current expenditure (% of GDP),2.7,3,2.9l,Health: Physicians (per 1 000 pop.),3.9,4m,...,Education: Government expenditure (% of GDP),3.1n,2.8,2.9b,Education: Primary gross enrol. ratio (f/m per 100 pop.),109.1 /      108.5,111.7 /      111.5,100.2 /      100.4c,Education: Secondary gross enrol. ratio (f/m per 100 pop.),98.8 /       98.2,112.2 /      108.5,103.8 /      103.7c,Education: Upper secondary gross enrol. ratio (f/m per 100 pop.),95.2 /       92.1,109.0 /       99.8,112.4 /      112.6c,Intentional homicide rate (per 100 000 pop.),8.5,4.9,5.1o,Seats held by women in national parliaments (%),17.8,26.2,27.1p,,,,
Urban population growth ratei (average annual %),1.2,1.7,...,"Fertility rate, totali (live births per woman)",2.5,2.7,2.8c,"Life expectancy at birthi (females/males, years)",71.9 /       60.6,73.9 /       64.3,77.4 /       68.8c,"Population age distribution (0-14/60+ years old, %)",24.1 /        9.9,26.7 /       10.7,29.2 /       12.6a,International migrant stockj (000/% of total pop.),3 334.9 /       20.5,3 546.1 /       20.2,3 732.1 /       19.9c,Refugees and others of concern to UNHCR (000),12.7k,7.8,8.5c,Infant mortality ratei (per 1 000 live births),23.9,14.1,7.7c,Health: Current expenditure (% of GDP),2.7,3,2.9l,Health: Physicians (per 1 000 pop.),3.9,4m,...,Education: Government expenditure (% of GDP),3.1n,2.8,2.9b,Education: Primary gross enrol. ratio (f/m per 100 pop.),109.1 /      108.5,111.7 /      111.5,100.2 /      100.4c,Education: Secondary gross enrol. ratio (f/m per 100 pop.),98.8 /       98.2,112.2 /      108.5,103.8 /      103.7c,Education: Upper secondary gross enrol. ratio (f/m per 100 pop.),95.2 /       92.1,109.0 /       99.8,112.4 /      112.6c,Intentional homicide rate (per 100 000 pop.),8.5,4.9,5.1o,Seats held by women in national parliaments (%),17.8,26.2,27.1p,,,,,,,,
"Fertility rate, totali (live births per woman)",2.5,2.7,2.8c,"Life expectancy at birthi (females/males, years)",71.9 /       60.6,73.9 /       64.3,77.4 /       68.8c,"Population age distribution (0-14/60+ years old, %)",24.1 /        9.9,26.7 /       10.7,29.2 /       12.6a,International migrant stockj (000/% of total pop.),3 334.9 /       20.5,3 546.1 /       20.2,3 732.1 /       19.9c,Refugees and others of concern to UNHCR (000),12.7k,7.8,8.5c,Infant mortality ratei (per 1 000 live births),23.9,14.1,7.7c,Health: Current expenditure (% of GDP),2.7,3,2.9l,Health: Physicians (per 1 000 pop.),3.9,4m,...,Education: Government expenditure (% of GDP),3.1n,2.8,2.9b,Education: Primary gross enrol. ratio (f/m per 100 pop.),109.1 /      108.5,111.7 /      111.5,100.2 /      100.4c,Education: Secondary gross enrol. ratio (f/m per 100 pop.),98.8 /       98.2,112.2 /      108.5,103.8 /      103.7c,Education: Upper secondary gross enrol. ratio (f/m per 100 pop.),95.2 /       92.1,109.0 /       99.8,112.4 /      112.6c,Intentional homicide rate (per 100 000 pop.),8.5,4.9,5.1o,Seats held by women in national parliaments (%),17.8,26.2,27.1p,,,,,,,,,,,,
"Life expectancy at birthi (females/males, years)",71.9 /       60.6,73.9 /       64.3,77.4 /       68.8c,"Population age distribution (0-14/60+ years old, %)",24.1 /        9.9,26.7 /       10.7,29.2 /       12.6a,International migrant stockj (000/% of total pop.),3 334.9 /       20.5,3 546.1 /       20.2,3 732.1 /       19.9c,Refugees and others of concern to UNHCR (000),12.7k,7.8,8.5c,Infant mortality ratei (per 1 000 live births),23.9,14.1,7.7c,Health: Current expenditure (% of GDP),2.7,3,2.9l,Health: Physicians (per 1 000 pop.),3.9,4m,...,Education: Government expenditure (% of GDP),3.1n,2.8,2.9b,Education: Primary gross enrol. ratio (f/m per 100 pop.),109.1 /      108.5,111.7 /      111.5,100.2 /      100.4c,Education: Secondary gross enrol. ratio (f/m per 100 pop.),98.8 /       98.2,112.2 /      108.5,103.8 /      103.7c,Education: Upper secondary gross enrol. ratio (f/m per 100 pop.),95.2 /       92.1,109.0 /       99.8,112.4 /      112.6c,Intentional homicide rate (per 100 000 pop.),8.5,4.9,5.1o,Seats held by women in national parliaments (%),17.8,26.2,27.1p,,,,,,,,,,,,,,,,
"Population age distribution (0-14/60+ years old, %)",24.1 /        9.9,26.7 /       10.7,29.2 /       12.6a,International migrant stockj (000/% of total pop.),3 334.9 /       20.5,3 546.1 /       20.2,3 732.1 /       19.9c,Refugees and others of concern to UNHCR (000),12.7k,7.8,8.5c,Infant mortality ratei (per 1 000 live births),23.9,14.1,7.7c,Health: Current expenditure (% of GDP),2.7,3,2.9l,Health: Physicians (per 1 000 pop.),3.9,4m,...,Education: Government expenditure (% of GDP),3.1n,2.8,2.9b,Education: Primary gross enrol. ratio (f/m per 100 pop.),109.1 /      108.5,111.7 /      111.5,100.2 /      100.4c,Education: Secondary gross enrol. ratio (f/m per 100 pop.),98.8 /       98.2,112.2 /      108.5,103.8 /      103.7c,Education: Upper secondary gross enrol. ratio (f/m per 100 pop.),95.2 /       92.1,109.0 /       99.8,112.4 /      112.6c,Intentional homicide rate (per 100 000 pop.),8.5,4.9,5.1o,Seats held by women in national parliaments (%),17.8,26.2,27.1p,,,,,,,,,,,,,,,,,,,,
International migrant stockj (000/% of total pop.),3 334.9 /       20.5,3 546.1 /       20.2,3 732.1 /       19.9c,Refugees and others of concern to UNHCR (000),12.7k,7.8,8.5c,Infant mortality ratei (per 1 000 live births),23.9,14.1,7.7c,Health: Current expenditure (% of GDP),2.7,3,2.9l,Health: Physicians (per 1 000 pop.),3.9,4m,...,Education: Government expenditure (% of GDP),3.1n,2.8,2.9b,Education: Primary gross enrol. ratio (f/m per 100 pop.),109.1 /      108.5,111.7 /      111.5,100.2 /      100.4c,Education: Secondary gross enrol. ratio (f/m per 100 pop.),98.8 /       98.2,112.2 /      108.5,103.8 /      103.7c,Education: Upper secondary gross enrol. ratio (f/m per 100 pop.),95.2 /       92.1,109.0 /       99.8,112.4 /      112.6c,Intentional homicide rate (per 100 000 pop.),8.5,4.9,5.1o,Seats held by women in national parliaments (%),17.8,26.2,27.1p,,,,,,,,,,,,,,,,,,,,,,,,
Refugees and others of concern to UNHCR (000),12.7k,7.8,8.5c,Infant mortality ratei (per 1 000 live births),23.9,14.1,7.7c,Health: Current expenditure (% of GDP),2.7,3,2.9l,Health: Physicians (per 1 000 pop.),3.9,4m,...,Education: Government expenditure (% of GDP),3.1n,2.8,2.9b,Education: Primary gross enrol. ratio (f/m per 100 pop.),109.1 /      108.5,111.7 /      111.5,100.2 /      100.4c,Education: Secondary gross enrol. ratio (f/m per 100 pop.),98.8 /       98.2,112.2 /      108.5,103.8 /      103.7c,Education: Upper secondary gross enrol. ratio (f/m per 100 pop.),95.2 /       92.1,109.0 /       99.8,112.4 /      112.6c,Intentional homicide rate (per 100 000 pop.),8.5,4.9,5.1o,Seats held by women in national parliaments (%),17.8,26.2,27.1p,,,,,,,,,,,,,,,,,,,,,,,,,,,,
Infant mortality ratei (per 1 000 live births),23.9,14.1,7.7c,Health: Current expenditure (% of GDP),2.7,3,2.9l,Health: Physicians (per 1 000 pop.),3.9,4m,...,Education: Government expenditure (% of GDP),3.1n,2.8,2.9b,Education: Primary gross enrol. ratio (f/m per 100 pop.),109.1 /      108.5,111.7 /      111.5,100.2 /      100.4c,Education: Secondary gross enrol. ratio (f/m per 100 pop.),98.8 /       98.2,112.2 /      108.5,103.8 /      103.7c,Education: Upper secondary gross enrol. ratio (f/m per 100 pop.),95.2 /       92.1,109.0 /       99.8,112.4 /      112.6c,Intentional homicide rate (per 100 000 pop.),8.5,4.9,5.1o,Seats held by women in national parliaments (%),17.8,26.2,27.1p,,,,,,,,,,,,,,,,,,,,,,,,,,,,,,,,
Health: Current expenditure (% of GDP),2.7,3,2.9l,Health: Physicians (per 1 000 pop.),3.9,4m,...,Education: Government expenditure (% of GDP),3.1n,2.8,2.9b,Education: Primary gross enrol. ratio (f/m per 100 pop.),109.1 /      108.5,111.7 /      111.5,100.2 /      100.4c,Education: Secondary gross enrol. ratio (f/m per 100 pop.),98.8 /       98.2,112.2 /      108.5,103.8 /      103.7c,Education: Upper secondary gross enrol. ratio (f/m per 100 pop.),95.2 /       92.1,109.0 /       99.8,112.4 /      112.6c,Intentional homicide rate (per 100 000 pop.),8.5,4.9,5.1o,Seats held by women in national parliaments (%),17.8,26.2,27.1p,,,,,,,,,,,,,,,,,,,,,,,,,,,,,,,,,,,,
Health: Physicians (per 1 000 pop.),3.9,4m,...,Education: Government expenditure (% of GDP),3.1n,2.8,2.9b,Education: Primary gross enrol. ratio (f/m per 100 pop.),109.1 /      108.5,111.7 /      111.5,100.2 /      100.4c,Education: Secondary gross enrol. ratio (f/m per 100 pop.),98.8 /       98.2,112.2 /      108.5,103.8 /      103.7c,Education: Upper secondary gross enrol. ratio (f/m per 100 pop.),95.2 /       92.1,109.0 /       99.8,112.4 /      112.6c,Intentional homicide rate (per 100 000 pop.),8.5,4.9,5.1o,Seats held by women in national parliaments (%),17.8,26.2,27.1p,,,,,,,,,,,,,,,,,,,,,,,,,,,,,,,,,,,,,,,,
Education: Government expenditure (% of GDP),3.1n,2.8,2.9b,Education: Primary gross enrol. ratio (f/m per 100 pop.),109.1 /      108.5,111.7 /      111.5,100.2 /      100.4c,Education: Secondary gross enrol. ratio (f/m per 100 pop.),98.8 /       98.2,112.2 /      108.5,103.8 /      103.7c,Education: Upper secondary gross enrol. ratio (f/m per 100 pop.),95.2 /       92.1,109.0 /       99.8,112.4 /      112.6c,Intentional homicide rate (per 100 000 pop.),8.5,4.9,5.1o,Seats held by women in national parliaments (%),17.8,26.2,27.1p,,,,,,,,,,,,,,,,,,,,,,,,,,,,,,,,,,,,,,,,,,,,
Education: Primary gross enrol. ratio (f/m per 100 pop.),109.1 /      108.5,111.7 /      111.5,100.2 /      100.4c,Education: Secondary gross enrol. ratio (f/m per 100 pop.),98.8 /       98.2,112.2 /      108.5,103.8 /      103.7c,Education: Upper secondary gross enrol. ratio (f/m per 100 pop.),95.2 /       92.1,109.0 /       99.8,112.4 /      112.6c,Intentional homicide rate (per 100 000 pop.),8.5,4.9,5.1o,Seats held by women in national parliaments (%),17.8,26.2,27.1p,,,,,,,,,,,,,,,,,,,,,,,,,,,,,,,,,,,,,,,,,,,,,,,,
Education: Secondary gross enrol. ratio (f/m per 100 pop.),98.8 /       98.2,112.2 /      108.5,103.8 /      103.7c,Education: Upper secondary gross enrol. ratio (f/m per 100 pop.),95.2 /       92.1,109.0 /       99.8,112.4 /      112.6c,Intentional homicide rate (per 100 000 pop.),8.5,4.9,5.1o,Seats held by women in national parliaments (%),17.8,26.2,27.1p,,,,,,,,,,,,,,,,,,,,,,,,,,,,,,,,,,,,,,,,,,,,,,,,,,,,
Education: Upper secondary gross enrol. ratio (f/m per 100 pop.),95.2 /       92.1,109.0 /       99.8,112.4 /      112.6c,Intentional homicide rate (per 100 000 pop.),8.5,4.9,5.1o,Seats held by women in national parliaments (%),17.8,26.2,27.1p,,,,,,,,,,,,,,,,,,,,,,,,,,,,,,,,,,,,,,,,,,,,,,,,,,,,,,,,
Intentional homicide rate (per 100 000 pop.),8.5,4.9,5.1o,Seats held by women in national parliaments (%),17.8,26.2,27.1p,,,,,,,,,,,,,,,,,,,,,,,,,,,,,,,,,,,,,,,,,,,,,,,,,,,,,,,,,,,,
Seats held by women in national parliaments (%),17.8,26.2,27.1p,,,,,,,,,,,,,,,,,,,,,,,,,,,,,,,,,,,,,,,,,,,,,,,,,,,,,,,,,,,,,,,,
