0,1,2,3,4,5,6,7,8,9,10,11,12,13,14,15,16,17,18,19,20,21,22,23,24,25,26,27,28,29,30,31,32,33,34,35,36,37,38,39,40,41,42,43,44,45,46,47
,2010,2015,2021,,,,,,,,,,,,,,,,,,,,,,,,,,,,,,,,,,,,,,,,,,,,
Individuals using the Internet (per 100 inhabitants),7.5i,"17i,r",20.1o,Research & Development expenditure (% of GDP),0.8,0.7,"0.7i,o",Threatened species (number),758,1 039,1 193,Forested areai (% of land area),23.4,23.8,24.1o,CO2 emission estimates (million tons/tons per capita),1 572.1 /        1.3,2 036.9 /        1.6,2 309.1 /        1.7o,"Energy production, primary (Petajoules)",22 888,22 818i,23 847o,Energy supply per capita (Gigajoules),24,28,29o,Tourist/visitor arrivals at national borders (000),5 776,13 284s,"17 423s,o",Important sites for terrestrial biodiversity protected (%),17.6,20.7,20.7d,"Pop. using safely managed drinking water (urban/rural, %)",... /       43.1,... /       50.7,... /       56.1d,Pop. using safely managed sanitation (urban/rural %),29.2 /       23.7,33.4 /       36.8,37.3 /       50.5d,Net Official Development Assist. received (% of GNI),0.17,0.15,0.09b
Research & Development expenditure (% of GDP),0.8,0.7,"0.7i,o",Threatened species (number),758,1 039,1 193,Forested areai (% of land area),23.4,23.8,24.1o,CO2 emission estimates (million tons/tons per capita),1 572.1 /        1.3,2 036.9 /        1.6,2 309.1 /        1.7o,"Energy production, primary (Petajoules)",22 888,22 818i,23 847o,Energy supply per capita (Gigajoules),24,28,29o,Tourist/visitor arrivals at national borders (000),5 776,13 284s,"17 423s,o",Important sites for terrestrial biodiversity protected (%),17.6,20.7,20.7d,"Pop. using safely managed drinking water (urban/rural, %)",... /       43.1,... /       50.7,... /       56.1d,Pop. using safely managed sanitation (urban/rural %),29.2 /       23.7,33.4 /       36.8,37.3 /       50.5d,Net Official Development Assist. received (% of GNI),0.17,0.15,0.09b,,,,
Threatened species (number),758,1 039,1 193,Forested areai (% of land area),23.4,23.8,24.1o,CO2 emission estimates (million tons/tons per capita),1 572.1 /        1.3,2 036.9 /        1.6,2 309.1 /        1.7o,"Energy production, primary (Petajoules)",22 888,22 818i,23 847o,Energy supply per capita (Gigajoules),24,28,29o,Tourist/visitor arrivals at national borders (000),5 776,13 284s,"17 423s,o",Important sites for terrestrial biodiversity protected (%),17.6,20.7,20.7d,"Pop. using safely managed drinking water (urban/rural, %)",... /       43.1,... /       50.7,... /       56.1d,Pop. using safely managed sanitation (urban/rural %),29.2 /       23.7,33.4 /       36.8,37.3 /       50.5d,Net Official Development Assist. received (% of GNI),0.17,0.15,0.09b,,,,,,,,
Forested areai (% of land area),23.4,23.8,24.1o,CO2 emission estimates (million tons/tons per capita),1 572.1 /        1.3,2 036.9 /        1.6,2 309.1 /        1.7o,"Energy production, primary (Petajoules)",22 888,22 818i,23 847o,Energy supply per capita (Gigajoules),24,28,29o,Tourist/visitor arrivals at national borders (000),5 776,13 284s,"17 423s,o",Important sites for terrestrial biodiversity protected (%),17.6,20.7,20.7d,"Pop. using safely managed drinking water (urban/rural, %)",... /       43.1,... /       50.7,... /       56.1d,Pop. using safely managed sanitation (urban/rural %),29.2 /       23.7,33.4 /       36.8,37.3 /       50.5d,Net Official Development Assist. received (% of GNI),0.17,0.15,0.09b,,,,,,,,,,,,
CO2 emission estimates (million tons/tons per capita),1 572.1 /        1.3,2 036.9 /        1.6,2 309.1 /        1.7o,"Energy production, primary (Petajoules)",22 888,22 818i,23 847o,Energy supply per capita (Gigajoules),24,28,29o,Tourist/visitor arrivals at national borders (000),5 776,13 284s,"17 423s,o",Important sites for terrestrial biodiversity protected (%),17.6,20.7,20.7d,"Pop. using safely managed drinking water (urban/rural, %)",... /       43.1,... /       50.7,... /       56.1d,Pop. using safely managed sanitation (urban/rural %),29.2 /       23.7,33.4 /       36.8,37.3 /       50.5d,Net Official Development Assist. received (% of GNI),0.17,0.15,0.09b,,,,,,,,,,,,,,,,
"Energy production, primary (Petajoules)",22 888,22 818i,23 847o,Energy supply per capita (Gigajoules),24,28,29o,Tourist/visitor arrivals at national borders (000),5 776,13 284s,"17 423s,o",Important sites for terrestrial biodiversity protected (%),17.6,20.7,20.7d,"Pop. using safely managed drinking water (urban/rural, %)",... /       43.1,... /       50.7,... /       56.1d,Pop. using safely managed sanitation (urban/rural %),29.2 /       23.7,33.4 /       36.8,37.3 /       50.5d,Net Official Development Assist. received (% of GNI),0.17,0.15,0.09b,,,,,,,,,,,,,,,,,,,,
Energy supply per capita (Gigajoules),24,28,29o,Tourist/visitor arrivals at national borders (000),5 776,13 284s,"17 423s,o",Important sites for terrestrial biodiversity protected (%),17.6,20.7,20.7d,"Pop. using safely managed drinking water (urban/rural, %)",... /       43.1,... /       50.7,... /       56.1d,Pop. using safely managed sanitation (urban/rural %),29.2 /       23.7,33.4 /       36.8,37.3 /       50.5d,Net Official Development Assist. received (% of GNI),0.17,0.15,0.09b,,,,,,,,,,,,,,,,,,,,,,,,
Tourist/visitor arrivals at national borders (000),5 776,13 284s,"17 423s,o",Important sites for terrestrial biodiversity protected (%),17.6,20.7,20.7d,"Pop. using safely managed drinking water (urban/rural, %)",... /       43.1,... /       50.7,... /       56.1d,Pop. using safely managed sanitation (urban/rural %),29.2 /       23.7,33.4 /       36.8,37.3 /       50.5d,Net Official Development Assist. received (% of GNI),0.17,0.15,0.09b,,,,,,,,,,,,,,,,,,,,,,,,,,,,
Important sites for terrestrial biodiversity protected (%),17.6,20.7,20.7d,"Pop. using safely managed drinking water (urban/rural, %)",... /       43.1,... /       50.7,... /       56.1d,Pop. using safely managed sanitation (urban/rural %),29.2 /       23.7,33.4 /       36.8,37.3 /       50.5d,Net Official Development Assist. received (% of GNI),0.17,0.15,0.09b,,,,,,,,,,,,,,,,,,,,,,,,,,,,,,,,
"Pop. using safely managed drinking water (urban/rural, %)",... /       43.1,... /       50.7,... /       56.1d,Pop. using safely managed sanitation (urban/rural %),29.2 /       23.7,33.4 /       36.8,37.3 /       50.5d,Net Official Development Assist. received (% of GNI),0.17,0.15,0.09b,,,,,,,,,,,,,,,,,,,,,,,,,,,,,,,,,,,,
Pop. using safely managed sanitation (urban/rural %),29.2 /       23.7,33.4 /       36.8,37.3 /       50.5d,Net Official Development Assist. received (% of GNI),0.17,0.15,0.09b,,,,,,,,,,,,,,,,,,,,,,,,,,,,,,,,,,,,,,,,
Net Official Development Assist. received (% of GNI),0.17,0.15,0.09b,,,,,,,,,,,,,,,,,,,,,,,,,,,,,,,,,,,,,,,,,,,,
