0,1,2,3,4,5,6,7,8,9,10,11,12,13,14,15,16,17,18,19,20,21,22,23,24,25,26,27,28,29,30,31,32,33,34,35,36,37,38,39,40,41,42,43,44,45,46,47,48,49,50,51,52,53,54,55,56,57,58,59,60,61,62,63,64,65,66,67
,2010,2015,2021,,,,,,,,,,,,,,,,,,,,,,,,,,,,,,,,,,,,,,,,,,,,,,,,,,,,,,,,,,,,,,,,
GDP: Gross domestic product (million current US$),222 071,291 522,398 590b,"GDP growth rate (annual %, const. 2015 prices)",1.8,25.2,5.6b,GDP per capita (current US$),48 760.5,62 660.2,81 636.6b,Economy: Agricultured (% of Gross Value Added),1,1,1b,"Economy: Industrye,f (% of Gross Value Added)",25.6,41.3,37.6b,Economy: Services and other activityg (% of GVA),73.3,57.8,61.4b,Employment in agriculture (% of employed),5.8,5.3,"4.5h,c",Employment in industry (% of employed),18.1,18.1,"18.5h,c",Employment in services (% employed),76.2,76.6,"77h,c",Unemploymenth (% of labour force),14.5,9.9,5.2c,Labour force participation rateh (female/male pop. %),55.6 /       70.5,55.1 /       69.5,55.8 /       67.9c,CPI: Consumer Price Indexi (2010=100),100,105,106c,Agricultural production index (2014-2016=100),88,101,113b,International trade: exports (million current US$),120 645,124 731,184 131c,International trade: imports (million current US$),64 601,77 795,98 389c,International trade: balance (million current US$),56 045,46 935,85 742c,"Balance of payments, current account (million US$)",2 320,12 912,- 44 934b
"GDP growth rate (annual %, const. 2015 prices)",1.8,25.2,5.6b,GDP per capita (current US$),48 760.5,62 660.2,81 636.6b,Economy: Agricultured (% of Gross Value Added),1,1,1b,"Economy: Industrye,f (% of Gross Value Added)",25.6,41.3,37.6b,Economy: Services and other activityg (% of GVA),73.3,57.8,61.4b,Employment in agriculture (% of employed),5.8,5.3,"4.5h,c",Employment in industry (% of employed),18.1,18.1,"18.5h,c",Employment in services (% employed),76.2,76.6,"77h,c",Unemploymenth (% of labour force),14.5,9.9,5.2c,Labour force participation rateh (female/male pop. %),55.6 /       70.5,55.1 /       69.5,55.8 /       67.9c,CPI: Consumer Price Indexi (2010=100),100,105,106c,Agricultural production index (2014-2016=100),88,101,113b,International trade: exports (million current US$),120 645,124 731,184 131c,International trade: imports (million current US$),64 601,77 795,98 389c,International trade: balance (million current US$),56 045,46 935,85 742c,"Balance of payments, current account (million US$)",2 320,12 912,- 44 934b,,,,
GDP per capita (current US$),48 760.5,62 660.2,81 636.6b,Economy: Agricultured (% of Gross Value Added),1,1,1b,"Economy: Industrye,f (% of Gross Value Added)",25.6,41.3,37.6b,Economy: Services and other activityg (% of GVA),73.3,57.8,61.4b,Employment in agriculture (% of employed),5.8,5.3,"4.5h,c",Employment in industry (% of employed),18.1,18.1,"18.5h,c",Employment in services (% employed),76.2,76.6,"77h,c",Unemploymenth (% of labour force),14.5,9.9,5.2c,Labour force participation rateh (female/male pop. %),55.6 /       70.5,55.1 /       69.5,55.8 /       67.9c,CPI: Consumer Price Indexi (2010=100),100,105,106c,Agricultural production index (2014-2016=100),88,101,113b,International trade: exports (million current US$),120 645,124 731,184 131c,International trade: imports (million current US$),64 601,77 795,98 389c,International trade: balance (million current US$),56 045,46 935,85 742c,"Balance of payments, current account (million US$)",2 320,12 912,- 44 934b,,,,,,,,
Economy: Agricultured (% of Gross Value Added),1,1,1b,"Economy: Industrye,f (% of Gross Value Added)",25.6,41.3,37.6b,Economy: Services and other activityg (% of GVA),73.3,57.8,61.4b,Employment in agriculture (% of employed),5.8,5.3,"4.5h,c",Employment in industry (% of employed),18.1,18.1,"18.5h,c",Employment in services (% employed),76.2,76.6,"77h,c",Unemploymenth (% of labour force),14.5,9.9,5.2c,Labour force participation rateh (female/male pop. %),55.6 /       70.5,55.1 /       69.5,55.8 /       67.9c,CPI: Consumer Price Indexi (2010=100),100,105,106c,Agricultural production index (2014-2016=100),88,101,113b,International trade: exports (million current US$),120 645,124 731,184 131c,International trade: imports (million current US$),64 601,77 795,98 389c,International trade: balance (million current US$),56 045,46 935,85 742c,"Balance of payments, current account (million US$)",2 320,12 912,- 44 934b,,,,,,,,,,,,
"Economy: Industrye,f (% of Gross Value Added)",25.6,41.3,37.6b,Economy: Services and other activityg (% of GVA),73.3,57.8,61.4b,Employment in agriculture (% of employed),5.8,5.3,"4.5h,c",Employment in industry (% of employed),18.1,18.1,"18.5h,c",Employment in services (% employed),76.2,76.6,"77h,c",Unemploymenth (% of labour force),14.5,9.9,5.2c,Labour force participation rateh (female/male pop. %),55.6 /       70.5,55.1 /       69.5,55.8 /       67.9c,CPI: Consumer Price Indexi (2010=100),100,105,106c,Agricultural production index (2014-2016=100),88,101,113b,International trade: exports (million current US$),120 645,124 731,184 131c,International trade: imports (million current US$),64 601,77 795,98 389c,International trade: balance (million current US$),56 045,46 935,85 742c,"Balance of payments, current account (million US$)",2 320,12 912,- 44 934b,,,,,,,,,,,,,,,,
Economy: Services and other activityg (% of GVA),73.3,57.8,61.4b,Employment in agriculture (% of employed),5.8,5.3,"4.5h,c",Employment in industry (% of employed),18.1,18.1,"18.5h,c",Employment in services (% employed),76.2,76.6,"77h,c",Unemploymenth (% of labour force),14.5,9.9,5.2c,Labour force participation rateh (female/male pop. %),55.6 /       70.5,55.1 /       69.5,55.8 /       67.9c,CPI: Consumer Price Indexi (2010=100),100,105,106c,Agricultural production index (2014-2016=100),88,101,113b,International trade: exports (million current US$),120 645,124 731,184 131c,International trade: imports (million current US$),64 601,77 795,98 389c,International trade: balance (million current US$),56 045,46 935,85 742c,"Balance of payments, current account (million US$)",2 320,12 912,- 44 934b,,,,,,,,,,,,,,,,,,,,
Employment in agriculture (% of employed),5.8,5.3,"4.5h,c",Employment in industry (% of employed),18.1,18.1,"18.5h,c",Employment in services (% employed),76.2,76.6,"77h,c",Unemploymenth (% of labour force),14.5,9.9,5.2c,Labour force participation rateh (female/male pop. %),55.6 /       70.5,55.1 /       69.5,55.8 /       67.9c,CPI: Consumer Price Indexi (2010=100),100,105,106c,Agricultural production index (2014-2016=100),88,101,113b,International trade: exports (million current US$),120 645,124 731,184 131c,International trade: imports (million current US$),64 601,77 795,98 389c,International trade: balance (million current US$),56 045,46 935,85 742c,"Balance of payments, current account (million US$)",2 320,12 912,- 44 934b,,,,,,,,,,,,,,,,,,,,,,,,
Employment in industry (% of employed),18.1,18.1,"18.5h,c",Employment in services (% employed),76.2,76.6,"77h,c",Unemploymenth (% of labour force),14.5,9.9,5.2c,Labour force participation rateh (female/male pop. %),55.6 /       70.5,55.1 /       69.5,55.8 /       67.9c,CPI: Consumer Price Indexi (2010=100),100,105,106c,Agricultural production index (2014-2016=100),88,101,113b,International trade: exports (million current US$),120 645,124 731,184 131c,International trade: imports (million current US$),64 601,77 795,98 389c,International trade: balance (million current US$),56 045,46 935,85 742c,"Balance of payments, current account (million US$)",2 320,12 912,- 44 934b,,,,,,,,,,,,,,,,,,,,,,,,,,,,
Employment in services (% employed),76.2,76.6,"77h,c",Unemploymenth (% of labour force),14.5,9.9,5.2c,Labour force participation rateh (female/male pop. %),55.6 /       70.5,55.1 /       69.5,55.8 /       67.9c,CPI: Consumer Price Indexi (2010=100),100,105,106c,Agricultural production index (2014-2016=100),88,101,113b,International trade: exports (million current US$),120 645,124 731,184 131c,International trade: imports (million current US$),64 601,77 795,98 389c,International trade: balance (million current US$),56 045,46 935,85 742c,"Balance of payments, current account (million US$)",2 320,12 912,- 44 934b,,,,,,,,,,,,,,,,,,,,,,,,,,,,,,,,
Unemploymenth (% of labour force),14.5,9.9,5.2c,Labour force participation rateh (female/male pop. %),55.6 /       70.5,55.1 /       69.5,55.8 /       67.9c,CPI: Consumer Price Indexi (2010=100),100,105,106c,Agricultural production index (2014-2016=100),88,101,113b,International trade: exports (million current US$),120 645,124 731,184 131c,International trade: imports (million current US$),64 601,77 795,98 389c,International trade: balance (million current US$),56 045,46 935,85 742c,"Balance of payments, current account (million US$)",2 320,12 912,- 44 934b,,,,,,,,,,,,,,,,,,,,,,,,,,,,,,,,,,,,
Labour force participation rateh (female/male pop. %),55.6 /       70.5,55.1 /       69.5,55.8 /       67.9c,CPI: Consumer Price Indexi (2010=100),100,105,106c,Agricultural production index (2014-2016=100),88,101,113b,International trade: exports (million current US$),120 645,124 731,184 131c,International trade: imports (million current US$),64 601,77 795,98 389c,International trade: balance (million current US$),56 045,46 935,85 742c,"Balance of payments, current account (million US$)",2 320,12 912,- 44 934b,,,,,,,,,,,,,,,,,,,,,,,,,,,,,,,,,,,,,,,,
CPI: Consumer Price Indexi (2010=100),100,105,106c,Agricultural production index (2014-2016=100),88,101,113b,International trade: exports (million current US$),120 645,124 731,184 131c,International trade: imports (million current US$),64 601,77 795,98 389c,International trade: balance (million current US$),56 045,46 935,85 742c,"Balance of payments, current account (million US$)",2 320,12 912,- 44 934b,,,,,,,,,,,,,,,,,,,,,,,,,,,,,,,,,,,,,,,,,,,,
Agricultural production index (2014-2016=100),88,101,113b,International trade: exports (million current US$),120 645,124 731,184 131c,International trade: imports (million current US$),64 601,77 795,98 389c,International trade: balance (million current US$),56 045,46 935,85 742c,"Balance of payments, current account (million US$)",2 320,12 912,- 44 934b,,,,,,,,,,,,,,,,,,,,,,,,,,,,,,,,,,,,,,,,,,,,,,,,
International trade: exports (million current US$),120 645,124 731,184 131c,International trade: imports (million current US$),64 601,77 795,98 389c,International trade: balance (million current US$),56 045,46 935,85 742c,"Balance of payments, current account (million US$)",2 320,12 912,- 44 934b,,,,,,,,,,,,,,,,,,,,,,,,,,,,,,,,,,,,,,,,,,,,,,,,,,,,
International trade: imports (million current US$),64 601,77 795,98 389c,International trade: balance (million current US$),56 045,46 935,85 742c,"Balance of payments, current account (million US$)",2 320,12 912,- 44 934b,,,,,,,,,,,,,,,,,,,,,,,,,,,,,,,,,,,,,,,,,,,,,,,,,,,,,,,,
International trade: balance (million current US$),56 045,46 935,85 742c,"Balance of payments, current account (million US$)",2 320,12 912,- 44 934b,,,,,,,,,,,,,,,,,,,,,,,,,,,,,,,,,,,,,,,,,,,,,,,,,,,,,,,,,,,,
"Balance of payments, current account (million US$)",2 320,12 912,- 44 934b,,,,,,,,,,,,,,,,,,,,,,,,,,,,,,,,,,,,,,,,,,,,,,,,,,,,,,,,,,,,,,,,
