0,1,2,3,4,5,6,7,8,9,10,11,12,13,14,15,16,17,18,19,20,21,22,23,24,25,26,27,28,29,30,31,32,33,34,35,36,37,38,39,40,41,42,43
,2010,2015,2021,,,,,,,,,,,,,,,,,,,,,,,,,,,,,,,,,,,,,,,,
Individuals using the Internet (per 100 inhabitants),69.8o,83.5,84.5l,Research & Development expenditure (% of GDP),1.6h,1.2h,"1.1p,l",Threatened species (number),27,39,84,Forested area (% of land area),10.5,11,11.2l,CO2 emission estimates (million tons/tons per capita),39.5 /        8.7,35.3 /        7.5,33.4 /        6.8b,"Energy production, primary (Petajoules)",78,81,208l,Energy supply per capita (Gigajoules),134,120,120l,Tourist/visitor arrivals at national bordersq (000),7 134,9 528,10 926l,Important sites for terrestrial biodiversity protected (%),75.7,77.7,80.7c,Pop. using safely managed sanitation (urban/rural %),72.1 /       67.2,84.2 /       70.7,88.6 /       73.0c,Net Official Development Assist. disbursedr (% of GNI),0.52,0.32,0.32m
Research & Development expenditure (% of GDP),1.6h,1.2h,"1.1p,l",Threatened species (number),27,39,84,Forested area (% of land area),10.5,11,11.2l,CO2 emission estimates (million tons/tons per capita),39.5 /        8.7,35.3 /        7.5,33.4 /        6.8b,"Energy production, primary (Petajoules)",78,81,208l,Energy supply per capita (Gigajoules),134,120,120l,Tourist/visitor arrivals at national bordersq (000),7 134,9 528,10 926l,Important sites for terrestrial biodiversity protected (%),75.7,77.7,80.7c,Pop. using safely managed sanitation (urban/rural %),72.1 /       67.2,84.2 /       70.7,88.6 /       73.0c,Net Official Development Assist. disbursedr (% of GNI),0.52,0.32,0.32m,,,,
Threatened species (number),27,39,84,Forested area (% of land area),10.5,11,11.2l,CO2 emission estimates (million tons/tons per capita),39.5 /        8.7,35.3 /        7.5,33.4 /        6.8b,"Energy production, primary (Petajoules)",78,81,208l,Energy supply per capita (Gigajoules),134,120,120l,Tourist/visitor arrivals at national bordersq (000),7 134,9 528,10 926l,Important sites for terrestrial biodiversity protected (%),75.7,77.7,80.7c,Pop. using safely managed sanitation (urban/rural %),72.1 /       67.2,84.2 /       70.7,88.6 /       73.0c,Net Official Development Assist. disbursedr (% of GNI),0.52,0.32,0.32m,,,,,,,,
Forested area (% of land area),10.5,11,11.2l,CO2 emission estimates (million tons/tons per capita),39.5 /        8.7,35.3 /        7.5,33.4 /        6.8b,"Energy production, primary (Petajoules)",78,81,208l,Energy supply per capita (Gigajoules),134,120,120l,Tourist/visitor arrivals at national bordersq (000),7 134,9 528,10 926l,Important sites for terrestrial biodiversity protected (%),75.7,77.7,80.7c,Pop. using safely managed sanitation (urban/rural %),72.1 /       67.2,84.2 /       70.7,88.6 /       73.0c,Net Official Development Assist. disbursedr (% of GNI),0.52,0.32,0.32m,,,,,,,,,,,,
CO2 emission estimates (million tons/tons per capita),39.5 /        8.7,35.3 /        7.5,33.4 /        6.8b,"Energy production, primary (Petajoules)",78,81,208l,Energy supply per capita (Gigajoules),134,120,120l,Tourist/visitor arrivals at national bordersq (000),7 134,9 528,10 926l,Important sites for terrestrial biodiversity protected (%),75.7,77.7,80.7c,Pop. using safely managed sanitation (urban/rural %),72.1 /       67.2,84.2 /       70.7,88.6 /       73.0c,Net Official Development Assist. disbursedr (% of GNI),0.52,0.32,0.32m,,,,,,,,,,,,,,,,
"Energy production, primary (Petajoules)",78,81,208l,Energy supply per capita (Gigajoules),134,120,120l,Tourist/visitor arrivals at national bordersq (000),7 134,9 528,10 926l,Important sites for terrestrial biodiversity protected (%),75.7,77.7,80.7c,Pop. using safely managed sanitation (urban/rural %),72.1 /       67.2,84.2 /       70.7,88.6 /       73.0c,Net Official Development Assist. disbursedr (% of GNI),0.52,0.32,0.32m,,,,,,,,,,,,,,,,,,,,
Energy supply per capita (Gigajoules),134,120,120l,Tourist/visitor arrivals at national bordersq (000),7 134,9 528,10 926l,Important sites for terrestrial biodiversity protected (%),75.7,77.7,80.7c,Pop. using safely managed sanitation (urban/rural %),72.1 /       67.2,84.2 /       70.7,88.6 /       73.0c,Net Official Development Assist. disbursedr (% of GNI),0.52,0.32,0.32m,,,,,,,,,,,,,,,,,,,,,,,,
Tourist/visitor arrivals at national bordersq (000),7 134,9 528,10 926l,Important sites for terrestrial biodiversity protected (%),75.7,77.7,80.7c,Pop. using safely managed sanitation (urban/rural %),72.1 /       67.2,84.2 /       70.7,88.6 /       73.0c,Net Official Development Assist. disbursedr (% of GNI),0.52,0.32,0.32m,,,,,,,,,,,,,,,,,,,,,,,,,,,,
Important sites for terrestrial biodiversity protected (%),75.7,77.7,80.7c,Pop. using safely managed sanitation (urban/rural %),72.1 /       67.2,84.2 /       70.7,88.6 /       73.0c,Net Official Development Assist. disbursedr (% of GNI),0.52,0.32,0.32m,,,,,,,,,,,,,,,,,,,,,,,,,,,,,,,,
Pop. using safely managed sanitation (urban/rural %),72.1 /       67.2,84.2 /       70.7,88.6 /       73.0c,Net Official Development Assist. disbursedr (% of GNI),0.52,0.32,0.32m,,,,,,,,,,,,,,,,,,,,,,,,,,,,,,,,,,,,
Net Official Development Assist. disbursedr (% of GNI),0.52,0.32,0.32m,,,,,,,,,,,,,,,,,,,,,,,,,,,,,,,,,,,,,,,,
