0,1,2,3,4,5,6,7,8,9,10,11,12,13,14,15,16,17,18,19,20,21,22,23,24,25,26,27,28,29,30,31,32,33,34,35,36,37,38,39,40,41,42,43,44,45,46,47,48,49,50,51,52,53,54,55,56,57,58,59
,2010,2015,2021,,,,,,,,,,,,,,,,,,,,,,,,,,,,,,,,,,,,,,,,,,,,,,,,,,,,,,,,
GDP: Gross domestic product (million current US$),1 149,1 337,1 662b,"GDP growth rate (annual %, const. 2015 prices)",-7.8,3.8,3.4b,GDP per capita (current US$),13 049.3,14 286.1,17 112.8b,Economy: Agriculture (% of Gross Value Added),1.8,1.8,2b,Economy: Industry (% of Gross Value Added),18.3,18.7,24.1b,Economy: Services and other activity (% of GVA),79.9,79.5,74b,Employment in agriculture (% of employed),"2.8f,g",...,...,Employment in industry (% of employed),"15.6f,g",...,...,Employment in services (% employed),"81.6f,g",...,...,CPI: Consumer Price Index (2010=100),100,110,115b,Agricultural production index (2014-2016=100),102,99,93b,International trade: exports (million current US$),35,26,"22h,e",International trade: imports (million current US$),501,465,"401h,e",International trade: balance (million current US$),-466,-439,"-380h,e","Balance of payments, current account (million US$)",-167,29,-113d
"GDP growth rate (annual %, const. 2015 prices)",-7.8,3.8,3.4b,GDP per capita (current US$),13 049.3,14 286.1,17 112.8b,Economy: Agriculture (% of Gross Value Added),1.8,1.8,2b,Economy: Industry (% of Gross Value Added),18.3,18.7,24.1b,Economy: Services and other activity (% of GVA),79.9,79.5,74b,Employment in agriculture (% of employed),"2.8f,g",...,...,Employment in industry (% of employed),"15.6f,g",...,...,Employment in services (% employed),"81.6f,g",...,...,CPI: Consumer Price Index (2010=100),100,110,115b,Agricultural production index (2014-2016=100),102,99,93b,International trade: exports (million current US$),35,26,"22h,e",International trade: imports (million current US$),501,465,"401h,e",International trade: balance (million current US$),-466,-439,"-380h,e","Balance of payments, current account (million US$)",-167,29,-113d,,,,
GDP per capita (current US$),13 049.3,14 286.1,17 112.8b,Economy: Agriculture (% of Gross Value Added),1.8,1.8,2b,Economy: Industry (% of Gross Value Added),18.3,18.7,24.1b,Economy: Services and other activity (% of GVA),79.9,79.5,74b,Employment in agriculture (% of employed),"2.8f,g",...,...,Employment in industry (% of employed),"15.6f,g",...,...,Employment in services (% employed),"81.6f,g",...,...,CPI: Consumer Price Index (2010=100),100,110,115b,Agricultural production index (2014-2016=100),102,99,93b,International trade: exports (million current US$),35,26,"22h,e",International trade: imports (million current US$),501,465,"401h,e",International trade: balance (million current US$),-466,-439,"-380h,e","Balance of payments, current account (million US$)",-167,29,-113d,,,,,,,,
Economy: Agriculture (% of Gross Value Added),1.8,1.8,2b,Economy: Industry (% of Gross Value Added),18.3,18.7,24.1b,Economy: Services and other activity (% of GVA),79.9,79.5,74b,Employment in agriculture (% of employed),"2.8f,g",...,...,Employment in industry (% of employed),"15.6f,g",...,...,Employment in services (% employed),"81.6f,g",...,...,CPI: Consumer Price Index (2010=100),100,110,115b,Agricultural production index (2014-2016=100),102,99,93b,International trade: exports (million current US$),35,26,"22h,e",International trade: imports (million current US$),501,465,"401h,e",International trade: balance (million current US$),-466,-439,"-380h,e","Balance of payments, current account (million US$)",-167,29,-113d,,,,,,,,,,,,
Economy: Industry (% of Gross Value Added),18.3,18.7,24.1b,Economy: Services and other activity (% of GVA),79.9,79.5,74b,Employment in agriculture (% of employed),"2.8f,g",...,...,Employment in industry (% of employed),"15.6f,g",...,...,Employment in services (% employed),"81.6f,g",...,...,CPI: Consumer Price Index (2010=100),100,110,115b,Agricultural production index (2014-2016=100),102,99,93b,International trade: exports (million current US$),35,26,"22h,e",International trade: imports (million current US$),501,465,"401h,e",International trade: balance (million current US$),-466,-439,"-380h,e","Balance of payments, current account (million US$)",-167,29,-113d,,,,,,,,,,,,,,,,
Economy: Services and other activity (% of GVA),79.9,79.5,74b,Employment in agriculture (% of employed),"2.8f,g",...,...,Employment in industry (% of employed),"15.6f,g",...,...,Employment in services (% employed),"81.6f,g",...,...,CPI: Consumer Price Index (2010=100),100,110,115b,Agricultural production index (2014-2016=100),102,99,93b,International trade: exports (million current US$),35,26,"22h,e",International trade: imports (million current US$),501,465,"401h,e",International trade: balance (million current US$),-466,-439,"-380h,e","Balance of payments, current account (million US$)",-167,29,-113d,,,,,,,,,,,,,,,,,,,,
Employment in agriculture (% of employed),"2.8f,g",...,...,Employment in industry (% of employed),"15.6f,g",...,...,Employment in services (% employed),"81.6f,g",...,...,CPI: Consumer Price Index (2010=100),100,110,115b,Agricultural production index (2014-2016=100),102,99,93b,International trade: exports (million current US$),35,26,"22h,e",International trade: imports (million current US$),501,465,"401h,e",International trade: balance (million current US$),-466,-439,"-380h,e","Balance of payments, current account (million US$)",-167,29,-113d,,,,,,,,,,,,,,,,,,,,,,,,
Employment in industry (% of employed),"15.6f,g",...,...,Employment in services (% employed),"81.6f,g",...,...,CPI: Consumer Price Index (2010=100),100,110,115b,Agricultural production index (2014-2016=100),102,99,93b,International trade: exports (million current US$),35,26,"22h,e",International trade: imports (million current US$),501,465,"401h,e",International trade: balance (million current US$),-466,-439,"-380h,e","Balance of payments, current account (million US$)",-167,29,-113d,,,,,,,,,,,,,,,,,,,,,,,,,,,,
Employment in services (% employed),"81.6f,g",...,...,CPI: Consumer Price Index (2010=100),100,110,115b,Agricultural production index (2014-2016=100),102,99,93b,International trade: exports (million current US$),35,26,"22h,e",International trade: imports (million current US$),501,465,"401h,e",International trade: balance (million current US$),-466,-439,"-380h,e","Balance of payments, current account (million US$)",-167,29,-113d,,,,,,,,,,,,,,,,,,,,,,,,,,,,,,,,
CPI: Consumer Price Index (2010=100),100,110,115b,Agricultural production index (2014-2016=100),102,99,93b,International trade: exports (million current US$),35,26,"22h,e",International trade: imports (million current US$),501,465,"401h,e",International trade: balance (million current US$),-466,-439,"-380h,e","Balance of payments, current account (million US$)",-167,29,-113d,,,,,,,,,,,,,,,,,,,,,,,,,,,,,,,,,,,,
Agricultural production index (2014-2016=100),102,99,93b,International trade: exports (million current US$),35,26,"22h,e",International trade: imports (million current US$),501,465,"401h,e",International trade: balance (million current US$),-466,-439,"-380h,e","Balance of payments, current account (million US$)",-167,29,-113d,,,,,,,,,,,,,,,,,,,,,,,,,,,,,,,,,,,,,,,,
International trade: exports (million current US$),35,26,"22h,e",International trade: imports (million current US$),501,465,"401h,e",International trade: balance (million current US$),-466,-439,"-380h,e","Balance of payments, current account (million US$)",-167,29,-113d,,,,,,,,,,,,,,,,,,,,,,,,,,,,,,,,,,,,,,,,,,,,
International trade: imports (million current US$),501,465,"401h,e",International trade: balance (million current US$),-466,-439,"-380h,e","Balance of payments, current account (million US$)",-167,29,-113d,,,,,,,,,,,,,,,,,,,,,,,,,,,,,,,,,,,,,,,,,,,,,,,,
International trade: balance (million current US$),-466,-439,"-380h,e","Balance of payments, current account (million US$)",-167,29,-113d,,,,,,,,,,,,,,,,,,,,,,,,,,,,,,,,,,,,,,,,,,,,,,,,,,,,
"Balance of payments, current account (million US$)",-167,29,-113d,,,,,,,,,,,,,,,,,,,,,,,,,,,,,,,,,,,,,,,,,,,,,,,,,,,,,,,,
