0,1,2,3,4,5,6,7,8,9,10,11,12,13,14,15,16,17,18,19,20,21,22,23,24,25,26,27,28,29,30,31
,2010,2015,2021,,,,,,,,,,,,,,,,,,,,,,,,,,,,
Individuals using the Interneth (per 100 inhabitants),47,70,73o,Threatened species (number),38,53,73,Forested areah (% of land area),20,19.2,18.8d,"Energy production, primaryh (Petajoules)",...,0,0d,Energy supply per capitah (Gigajoules),74,74,75d,"Tourist/visitor arrivals at national bordersp,q (000)",230,250,269d,Important sites for terrestrial biodiversity protected (%),19.4,19.7,26.9e,Net Official Development Assist. received (% of GNI),1.75,0.12,1.69b
Threatened species (number),38,53,73,Forested areah (% of land area),20,19.2,18.8d,"Energy production, primaryh (Petajoules)",...,0,0d,Energy supply per capitah (Gigajoules),74,74,75d,"Tourist/visitor arrivals at national bordersp,q (000)",230,250,269d,Important sites for terrestrial biodiversity protected (%),19.4,19.7,26.9e,Net Official Development Assist. received (% of GNI),1.75,0.12,1.69b,,,,
Forested areah (% of land area),20,19.2,18.8d,"Energy production, primaryh (Petajoules)",...,0,0d,Energy supply per capitah (Gigajoules),74,74,75d,"Tourist/visitor arrivals at national bordersp,q (000)",230,250,269d,Important sites for terrestrial biodiversity protected (%),19.4,19.7,26.9e,Net Official Development Assist. received (% of GNI),1.75,0.12,1.69b,,,,,,,,
"Energy production, primaryh (Petajoules)",...,0,0d,Energy supply per capitah (Gigajoules),74,74,75d,"Tourist/visitor arrivals at national bordersp,q (000)",230,250,269d,Important sites for terrestrial biodiversity protected (%),19.4,19.7,26.9e,Net Official Development Assist. received (% of GNI),1.75,0.12,1.69b,,,,,,,,,,,,
Energy supply per capitah (Gigajoules),74,74,75d,"Tourist/visitor arrivals at national bordersp,q (000)",230,250,269d,Important sites for terrestrial biodiversity protected (%),19.4,19.7,26.9e,Net Official Development Assist. received (% of GNI),1.75,0.12,1.69b,,,,,,,,,,,,,,,,
"Tourist/visitor arrivals at national bordersp,q (000)",230,250,269d,Important sites for terrestrial biodiversity protected (%),19.4,19.7,26.9e,Net Official Development Assist. received (% of GNI),1.75,0.12,1.69b,,,,,,,,,,,,,,,,,,,,
Important sites for terrestrial biodiversity protected (%),19.4,19.7,26.9e,Net Official Development Assist. received (% of GNI),1.75,0.12,1.69b,,,,,,,,,,,,,,,,,,,,,,,,
Net Official Development Assist. received (% of GNI),1.75,0.12,1.69b,,,,,,,,,,,,,,,,,,,,,,,,,,,,
