0,1,2,3,4,5,6,7,8,9,10,11,12,13,14,15,16,17,18,19,20,21,22,23,24,25,26,27,28,29,30,31,32,33,34,35,36,37,38,39,40,41,42,43,44,45,46,47,48,49,50,51,52,53,54,55,56,57,58,59,60,61,62,63,64,65,66,67
,2010,2015,2021,,,,,,,,,,,,,,,,,,,,,,,,,,,,,,,,,,,,,,,,,,,,,,,,,,,,,,,,,,,,,,,,
GDP: Gross domestic product (million current US$),6 960,6 431,8 099b,"GDP growth rate (annual %, const. 2015 prices)",6.9,3.3,5.2b,GDP per capita (current US$),478.7,384.1,434.8b,Economy: Agricultured (% of Gross Value Added),31.9,32.4,30.8b,"Economy: Industrye,f (% of Gross Value Added)",16.4,16.4,16b,Economy: Services and other activityg (% of GVA),51.7,51.2,53.2b,Employment in agricultureh (% of employed),48.1,45.6,43.2c,Employment in industryh (% of employed),14.2,14,13.8c,Employment in servicesh (% employed),37.7,40.4,43c,Unemploymenth (% of labour force),5.9,5.8,5.7c,Labour force participation rateh (female/male pop. %),73.3 /       82.1,72.6 /       82.2,72.6 /       81.3c,CPI: Consumer Price Indexh (2010=100),100,251,454c,Agricultural production index (2014-2016=100),79,99,129b,International trade: exports (million current US$),1 066,1 080,"632h,c",International trade: imports (million current US$),2 173,2 312,"2 406h,c",International trade: balance (million current US$),- 1 107,- 1 232,"- 1 775h,c","Balance of payments, current account (million US$)",-969,- 1 064,- 1 837b
"GDP growth rate (annual %, const. 2015 prices)",6.9,3.3,5.2b,GDP per capita (current US$),478.7,384.1,434.8b,Economy: Agricultured (% of Gross Value Added),31.9,32.4,30.8b,"Economy: Industrye,f (% of Gross Value Added)",16.4,16.4,16b,Economy: Services and other activityg (% of GVA),51.7,51.2,53.2b,Employment in agricultureh (% of employed),48.1,45.6,43.2c,Employment in industryh (% of employed),14.2,14,13.8c,Employment in servicesh (% employed),37.7,40.4,43c,Unemploymenth (% of labour force),5.9,5.8,5.7c,Labour force participation rateh (female/male pop. %),73.3 /       82.1,72.6 /       82.2,72.6 /       81.3c,CPI: Consumer Price Indexh (2010=100),100,251,454c,Agricultural production index (2014-2016=100),79,99,129b,International trade: exports (million current US$),1 066,1 080,"632h,c",International trade: imports (million current US$),2 173,2 312,"2 406h,c",International trade: balance (million current US$),- 1 107,- 1 232,"- 1 775h,c","Balance of payments, current account (million US$)",-969,- 1 064,- 1 837b,,,,
GDP per capita (current US$),478.7,384.1,434.8b,Economy: Agricultured (% of Gross Value Added),31.9,32.4,30.8b,"Economy: Industrye,f (% of Gross Value Added)",16.4,16.4,16b,Economy: Services and other activityg (% of GVA),51.7,51.2,53.2b,Employment in agricultureh (% of employed),48.1,45.6,43.2c,Employment in industryh (% of employed),14.2,14,13.8c,Employment in servicesh (% employed),37.7,40.4,43c,Unemploymenth (% of labour force),5.9,5.8,5.7c,Labour force participation rateh (female/male pop. %),73.3 /       82.1,72.6 /       82.2,72.6 /       81.3c,CPI: Consumer Price Indexh (2010=100),100,251,454c,Agricultural production index (2014-2016=100),79,99,129b,International trade: exports (million current US$),1 066,1 080,"632h,c",International trade: imports (million current US$),2 173,2 312,"2 406h,c",International trade: balance (million current US$),- 1 107,- 1 232,"- 1 775h,c","Balance of payments, current account (million US$)",-969,- 1 064,- 1 837b,,,,,,,,
Economy: Agricultured (% of Gross Value Added),31.9,32.4,30.8b,"Economy: Industrye,f (% of Gross Value Added)",16.4,16.4,16b,Economy: Services and other activityg (% of GVA),51.7,51.2,53.2b,Employment in agricultureh (% of employed),48.1,45.6,43.2c,Employment in industryh (% of employed),14.2,14,13.8c,Employment in servicesh (% employed),37.7,40.4,43c,Unemploymenth (% of labour force),5.9,5.8,5.7c,Labour force participation rateh (female/male pop. %),73.3 /       82.1,72.6 /       82.2,72.6 /       81.3c,CPI: Consumer Price Indexh (2010=100),100,251,454c,Agricultural production index (2014-2016=100),79,99,129b,International trade: exports (million current US$),1 066,1 080,"632h,c",International trade: imports (million current US$),2 173,2 312,"2 406h,c",International trade: balance (million current US$),- 1 107,- 1 232,"- 1 775h,c","Balance of payments, current account (million US$)",-969,- 1 064,- 1 837b,,,,,,,,,,,,
"Economy: Industrye,f (% of Gross Value Added)",16.4,16.4,16b,Economy: Services and other activityg (% of GVA),51.7,51.2,53.2b,Employment in agricultureh (% of employed),48.1,45.6,43.2c,Employment in industryh (% of employed),14.2,14,13.8c,Employment in servicesh (% employed),37.7,40.4,43c,Unemploymenth (% of labour force),5.9,5.8,5.7c,Labour force participation rateh (female/male pop. %),73.3 /       82.1,72.6 /       82.2,72.6 /       81.3c,CPI: Consumer Price Indexh (2010=100),100,251,454c,Agricultural production index (2014-2016=100),79,99,129b,International trade: exports (million current US$),1 066,1 080,"632h,c",International trade: imports (million current US$),2 173,2 312,"2 406h,c",International trade: balance (million current US$),- 1 107,- 1 232,"- 1 775h,c","Balance of payments, current account (million US$)",-969,- 1 064,- 1 837b,,,,,,,,,,,,,,,,
Economy: Services and other activityg (% of GVA),51.7,51.2,53.2b,Employment in agricultureh (% of employed),48.1,45.6,43.2c,Employment in industryh (% of employed),14.2,14,13.8c,Employment in servicesh (% employed),37.7,40.4,43c,Unemploymenth (% of labour force),5.9,5.8,5.7c,Labour force participation rateh (female/male pop. %),73.3 /       82.1,72.6 /       82.2,72.6 /       81.3c,CPI: Consumer Price Indexh (2010=100),100,251,454c,Agricultural production index (2014-2016=100),79,99,129b,International trade: exports (million current US$),1 066,1 080,"632h,c",International trade: imports (million current US$),2 173,2 312,"2 406h,c",International trade: balance (million current US$),- 1 107,- 1 232,"- 1 775h,c","Balance of payments, current account (million US$)",-969,- 1 064,- 1 837b,,,,,,,,,,,,,,,,,,,,
Employment in agricultureh (% of employed),48.1,45.6,43.2c,Employment in industryh (% of employed),14.2,14,13.8c,Employment in servicesh (% employed),37.7,40.4,43c,Unemploymenth (% of labour force),5.9,5.8,5.7c,Labour force participation rateh (female/male pop. %),73.3 /       82.1,72.6 /       82.2,72.6 /       81.3c,CPI: Consumer Price Indexh (2010=100),100,251,454c,Agricultural production index (2014-2016=100),79,99,129b,International trade: exports (million current US$),1 066,1 080,"632h,c",International trade: imports (million current US$),2 173,2 312,"2 406h,c",International trade: balance (million current US$),- 1 107,- 1 232,"- 1 775h,c","Balance of payments, current account (million US$)",-969,- 1 064,- 1 837b,,,,,,,,,,,,,,,,,,,,,,,,
Employment in industryh (% of employed),14.2,14,13.8c,Employment in servicesh (% employed),37.7,40.4,43c,Unemploymenth (% of labour force),5.9,5.8,5.7c,Labour force participation rateh (female/male pop. %),73.3 /       82.1,72.6 /       82.2,72.6 /       81.3c,CPI: Consumer Price Indexh (2010=100),100,251,454c,Agricultural production index (2014-2016=100),79,99,129b,International trade: exports (million current US$),1 066,1 080,"632h,c",International trade: imports (million current US$),2 173,2 312,"2 406h,c",International trade: balance (million current US$),- 1 107,- 1 232,"- 1 775h,c","Balance of payments, current account (million US$)",-969,- 1 064,- 1 837b,,,,,,,,,,,,,,,,,,,,,,,,,,,,
Employment in servicesh (% employed),37.7,40.4,43c,Unemploymenth (% of labour force),5.9,5.8,5.7c,Labour force participation rateh (female/male pop. %),73.3 /       82.1,72.6 /       82.2,72.6 /       81.3c,CPI: Consumer Price Indexh (2010=100),100,251,454c,Agricultural production index (2014-2016=100),79,99,129b,International trade: exports (million current US$),1 066,1 080,"632h,c",International trade: imports (million current US$),2 173,2 312,"2 406h,c",International trade: balance (million current US$),- 1 107,- 1 232,"- 1 775h,c","Balance of payments, current account (million US$)",-969,- 1 064,- 1 837b,,,,,,,,,,,,,,,,,,,,,,,,,,,,,,,,
Unemploymenth (% of labour force),5.9,5.8,5.7c,Labour force participation rateh (female/male pop. %),73.3 /       82.1,72.6 /       82.2,72.6 /       81.3c,CPI: Consumer Price Indexh (2010=100),100,251,454c,Agricultural production index (2014-2016=100),79,99,129b,International trade: exports (million current US$),1 066,1 080,"632h,c",International trade: imports (million current US$),2 173,2 312,"2 406h,c",International trade: balance (million current US$),- 1 107,- 1 232,"- 1 775h,c","Balance of payments, current account (million US$)",-969,- 1 064,- 1 837b,,,,,,,,,,,,,,,,,,,,,,,,,,,,,,,,,,,,
Labour force participation rateh (female/male pop. %),73.3 /       82.1,72.6 /       82.2,72.6 /       81.3c,CPI: Consumer Price Indexh (2010=100),100,251,454c,Agricultural production index (2014-2016=100),79,99,129b,International trade: exports (million current US$),1 066,1 080,"632h,c",International trade: imports (million current US$),2 173,2 312,"2 406h,c",International trade: balance (million current US$),- 1 107,- 1 232,"- 1 775h,c","Balance of payments, current account (million US$)",-969,- 1 064,- 1 837b,,,,,,,,,,,,,,,,,,,,,,,,,,,,,,,,,,,,,,,,
CPI: Consumer Price Indexh (2010=100),100,251,454c,Agricultural production index (2014-2016=100),79,99,129b,International trade: exports (million current US$),1 066,1 080,"632h,c",International trade: imports (million current US$),2 173,2 312,"2 406h,c",International trade: balance (million current US$),- 1 107,- 1 232,"- 1 775h,c","Balance of payments, current account (million US$)",-969,- 1 064,- 1 837b,,,,,,,,,,,,,,,,,,,,,,,,,,,,,,,,,,,,,,,,,,,,
Agricultural production index (2014-2016=100),79,99,129b,International trade: exports (million current US$),1 066,1 080,"632h,c",International trade: imports (million current US$),2 173,2 312,"2 406h,c",International trade: balance (million current US$),- 1 107,- 1 232,"- 1 775h,c","Balance of payments, current account (million US$)",-969,- 1 064,- 1 837b,,,,,,,,,,,,,,,,,,,,,,,,,,,,,,,,,,,,,,,,,,,,,,,,
International trade: exports (million current US$),1 066,1 080,"632h,c",International trade: imports (million current US$),2 173,2 312,"2 406h,c",International trade: balance (million current US$),- 1 107,- 1 232,"- 1 775h,c","Balance of payments, current account (million US$)",-969,- 1 064,- 1 837b,,,,,,,,,,,,,,,,,,,,,,,,,,,,,,,,,,,,,,,,,,,,,,,,,,,,
International trade: imports (million current US$),2 173,2 312,"2 406h,c",International trade: balance (million current US$),- 1 107,- 1 232,"- 1 775h,c","Balance of payments, current account (million US$)",-969,- 1 064,- 1 837b,,,,,,,,,,,,,,,,,,,,,,,,,,,,,,,,,,,,,,,,,,,,,,,,,,,,,,,,
International trade: balance (million current US$),- 1 107,- 1 232,"- 1 775h,c","Balance of payments, current account (million US$)",-969,- 1 064,- 1 837b,,,,,,,,,,,,,,,,,,,,,,,,,,,,,,,,,,,,,,,,,,,,,,,,,,,,,,,,,,,,
"Balance of payments, current account (million US$)",-969,- 1 064,- 1 837b,,,,,,,,,,,,,,,,,,,,,,,,,,,,,,,,,,,,,,,,,,,,,,,,,,,,,,,,,,,,,,,,
