0,1,2,3,4,5,6,7,8,9,10,11,12,13,14,15,16,17,18,19,20,21,22,23,24,25,26,27,28,29,30,31,32,33,34,35,36,37,38,39,40,41,42,43,44,45,46,47,48,49,50,51,52,53,54,55,56,57,58,59,60,61,62,63,64,65,66,67
,2010,2015,2021,,,,,,,,,,,,,,,,,,,,,,,,,,,,,,,,,,,,,,,,,,,,,,,,,,,,,,,,,,,,,,,,
Population growth ratei (average annual %),2.8,2.8,2.7c,Urban population (% of total population),15.5,16.3,17.2b,Urban population growth ratei (average annual %),3.7,3.9,...,"Fertility rate, totali (live births per woman)",5.7,4.9,4.2c,"Life expectancy at birthi (females/males, years)",54.0 /       48.7,62.5 /       56.6,66.6 /       60.3c,"Population age distribution (0-14/60+ years old, %)",46.4 /        4.2,45.1 /        4.0,42.5 /        4.1a,International migrant stockj (000/% of total pop.),217.7 /        1.5,197.3 /        1.2,191.4 /        1.0c,Refugees and others of concern to UNHCR (000),15.2k,22.6,47.7c,Infant mortality ratei (per 1 000 live births),68.4,52.6,41.3c,Health: Current expenditure (% of GDP),7.2,9.3,9.3l,Health: Physicians (per 1 000 pop.),~0.0m,~0.0n,~0.0l,Education: Government expenditure (% of GDP),3.5,5.6,"4.7h,l",Education: Primary gross enrol. ratio (f/m per 100 pop.),140.2 /      137.3,147.9 /      144.9,147.0 /      142.7b,Education: Secondary gross enrol. ratio (f/m per 100 pop.),31.9 /       36.1,38.9 /       42.6h,33.6 /       40.5b,Education: Upper secondary gross enrol. ratio (f/m per 100 pop.),13.5 /       18.8,20.6 /       24.7,19.3 /       21.5b,Intentional homicide rate (per 100 000 pop.),3.6,1.8o,...,Seats held by women in national parliaments (%),20.8,16.7,22.9p
Urban population (% of total population),15.5,16.3,17.2b,Urban population growth ratei (average annual %),3.7,3.9,...,"Fertility rate, totali (live births per woman)",5.7,4.9,4.2c,"Life expectancy at birthi (females/males, years)",54.0 /       48.7,62.5 /       56.6,66.6 /       60.3c,"Population age distribution (0-14/60+ years old, %)",46.4 /        4.2,45.1 /        4.0,42.5 /        4.1a,International migrant stockj (000/% of total pop.),217.7 /        1.5,197.3 /        1.2,191.4 /        1.0c,Refugees and others of concern to UNHCR (000),15.2k,22.6,47.7c,Infant mortality ratei (per 1 000 live births),68.4,52.6,41.3c,Health: Current expenditure (% of GDP),7.2,9.3,9.3l,Health: Physicians (per 1 000 pop.),~0.0m,~0.0n,~0.0l,Education: Government expenditure (% of GDP),3.5,5.6,"4.7h,l",Education: Primary gross enrol. ratio (f/m per 100 pop.),140.2 /      137.3,147.9 /      144.9,147.0 /      142.7b,Education: Secondary gross enrol. ratio (f/m per 100 pop.),31.9 /       36.1,38.9 /       42.6h,33.6 /       40.5b,Education: Upper secondary gross enrol. ratio (f/m per 100 pop.),13.5 /       18.8,20.6 /       24.7,19.3 /       21.5b,Intentional homicide rate (per 100 000 pop.),3.6,1.8o,...,Seats held by women in national parliaments (%),20.8,16.7,22.9p,,,,
Urban population growth ratei (average annual %),3.7,3.9,...,"Fertility rate, totali (live births per woman)",5.7,4.9,4.2c,"Life expectancy at birthi (females/males, years)",54.0 /       48.7,62.5 /       56.6,66.6 /       60.3c,"Population age distribution (0-14/60+ years old, %)",46.4 /        4.2,45.1 /        4.0,42.5 /        4.1a,International migrant stockj (000/% of total pop.),217.7 /        1.5,197.3 /        1.2,191.4 /        1.0c,Refugees and others of concern to UNHCR (000),15.2k,22.6,47.7c,Infant mortality ratei (per 1 000 live births),68.4,52.6,41.3c,Health: Current expenditure (% of GDP),7.2,9.3,9.3l,Health: Physicians (per 1 000 pop.),~0.0m,~0.0n,~0.0l,Education: Government expenditure (% of GDP),3.5,5.6,"4.7h,l",Education: Primary gross enrol. ratio (f/m per 100 pop.),140.2 /      137.3,147.9 /      144.9,147.0 /      142.7b,Education: Secondary gross enrol. ratio (f/m per 100 pop.),31.9 /       36.1,38.9 /       42.6h,33.6 /       40.5b,Education: Upper secondary gross enrol. ratio (f/m per 100 pop.),13.5 /       18.8,20.6 /       24.7,19.3 /       21.5b,Intentional homicide rate (per 100 000 pop.),3.6,1.8o,...,Seats held by women in national parliaments (%),20.8,16.7,22.9p,,,,,,,,
"Fertility rate, totali (live births per woman)",5.7,4.9,4.2c,"Life expectancy at birthi (females/males, years)",54.0 /       48.7,62.5 /       56.6,66.6 /       60.3c,"Population age distribution (0-14/60+ years old, %)",46.4 /        4.2,45.1 /        4.0,42.5 /        4.1a,International migrant stockj (000/% of total pop.),217.7 /        1.5,197.3 /        1.2,191.4 /        1.0c,Refugees and others of concern to UNHCR (000),15.2k,22.6,47.7c,Infant mortality ratei (per 1 000 live births),68.4,52.6,41.3c,Health: Current expenditure (% of GDP),7.2,9.3,9.3l,Health: Physicians (per 1 000 pop.),~0.0m,~0.0n,~0.0l,Education: Government expenditure (% of GDP),3.5,5.6,"4.7h,l",Education: Primary gross enrol. ratio (f/m per 100 pop.),140.2 /      137.3,147.9 /      144.9,147.0 /      142.7b,Education: Secondary gross enrol. ratio (f/m per 100 pop.),31.9 /       36.1,38.9 /       42.6h,33.6 /       40.5b,Education: Upper secondary gross enrol. ratio (f/m per 100 pop.),13.5 /       18.8,20.6 /       24.7,19.3 /       21.5b,Intentional homicide rate (per 100 000 pop.),3.6,1.8o,...,Seats held by women in national parliaments (%),20.8,16.7,22.9p,,,,,,,,,,,,
"Life expectancy at birthi (females/males, years)",54.0 /       48.7,62.5 /       56.6,66.6 /       60.3c,"Population age distribution (0-14/60+ years old, %)",46.4 /        4.2,45.1 /        4.0,42.5 /        4.1a,International migrant stockj (000/% of total pop.),217.7 /        1.5,197.3 /        1.2,191.4 /        1.0c,Refugees and others of concern to UNHCR (000),15.2k,22.6,47.7c,Infant mortality ratei (per 1 000 live births),68.4,52.6,41.3c,Health: Current expenditure (% of GDP),7.2,9.3,9.3l,Health: Physicians (per 1 000 pop.),~0.0m,~0.0n,~0.0l,Education: Government expenditure (% of GDP),3.5,5.6,"4.7h,l",Education: Primary gross enrol. ratio (f/m per 100 pop.),140.2 /      137.3,147.9 /      144.9,147.0 /      142.7b,Education: Secondary gross enrol. ratio (f/m per 100 pop.),31.9 /       36.1,38.9 /       42.6h,33.6 /       40.5b,Education: Upper secondary gross enrol. ratio (f/m per 100 pop.),13.5 /       18.8,20.6 /       24.7,19.3 /       21.5b,Intentional homicide rate (per 100 000 pop.),3.6,1.8o,...,Seats held by women in national parliaments (%),20.8,16.7,22.9p,,,,,,,,,,,,,,,,
"Population age distribution (0-14/60+ years old, %)",46.4 /        4.2,45.1 /        4.0,42.5 /        4.1a,International migrant stockj (000/% of total pop.),217.7 /        1.5,197.3 /        1.2,191.4 /        1.0c,Refugees and others of concern to UNHCR (000),15.2k,22.6,47.7c,Infant mortality ratei (per 1 000 live births),68.4,52.6,41.3c,Health: Current expenditure (% of GDP),7.2,9.3,9.3l,Health: Physicians (per 1 000 pop.),~0.0m,~0.0n,~0.0l,Education: Government expenditure (% of GDP),3.5,5.6,"4.7h,l",Education: Primary gross enrol. ratio (f/m per 100 pop.),140.2 /      137.3,147.9 /      144.9,147.0 /      142.7b,Education: Secondary gross enrol. ratio (f/m per 100 pop.),31.9 /       36.1,38.9 /       42.6h,33.6 /       40.5b,Education: Upper secondary gross enrol. ratio (f/m per 100 pop.),13.5 /       18.8,20.6 /       24.7,19.3 /       21.5b,Intentional homicide rate (per 100 000 pop.),3.6,1.8o,...,Seats held by women in national parliaments (%),20.8,16.7,22.9p,,,,,,,,,,,,,,,,,,,,
International migrant stockj (000/% of total pop.),217.7 /        1.5,197.3 /        1.2,191.4 /        1.0c,Refugees and others of concern to UNHCR (000),15.2k,22.6,47.7c,Infant mortality ratei (per 1 000 live births),68.4,52.6,41.3c,Health: Current expenditure (% of GDP),7.2,9.3,9.3l,Health: Physicians (per 1 000 pop.),~0.0m,~0.0n,~0.0l,Education: Government expenditure (% of GDP),3.5,5.6,"4.7h,l",Education: Primary gross enrol. ratio (f/m per 100 pop.),140.2 /      137.3,147.9 /      144.9,147.0 /      142.7b,Education: Secondary gross enrol. ratio (f/m per 100 pop.),31.9 /       36.1,38.9 /       42.6h,33.6 /       40.5b,Education: Upper secondary gross enrol. ratio (f/m per 100 pop.),13.5 /       18.8,20.6 /       24.7,19.3 /       21.5b,Intentional homicide rate (per 100 000 pop.),3.6,1.8o,...,Seats held by women in national parliaments (%),20.8,16.7,22.9p,,,,,,,,,,,,,,,,,,,,,,,,
Refugees and others of concern to UNHCR (000),15.2k,22.6,47.7c,Infant mortality ratei (per 1 000 live births),68.4,52.6,41.3c,Health: Current expenditure (% of GDP),7.2,9.3,9.3l,Health: Physicians (per 1 000 pop.),~0.0m,~0.0n,~0.0l,Education: Government expenditure (% of GDP),3.5,5.6,"4.7h,l",Education: Primary gross enrol. ratio (f/m per 100 pop.),140.2 /      137.3,147.9 /      144.9,147.0 /      142.7b,Education: Secondary gross enrol. ratio (f/m per 100 pop.),31.9 /       36.1,38.9 /       42.6h,33.6 /       40.5b,Education: Upper secondary gross enrol. ratio (f/m per 100 pop.),13.5 /       18.8,20.6 /       24.7,19.3 /       21.5b,Intentional homicide rate (per 100 000 pop.),3.6,1.8o,...,Seats held by women in national parliaments (%),20.8,16.7,22.9p,,,,,,,,,,,,,,,,,,,,,,,,,,,,
Infant mortality ratei (per 1 000 live births),68.4,52.6,41.3c,Health: Current expenditure (% of GDP),7.2,9.3,9.3l,Health: Physicians (per 1 000 pop.),~0.0m,~0.0n,~0.0l,Education: Government expenditure (% of GDP),3.5,5.6,"4.7h,l",Education: Primary gross enrol. ratio (f/m per 100 pop.),140.2 /      137.3,147.9 /      144.9,147.0 /      142.7b,Education: Secondary gross enrol. ratio (f/m per 100 pop.),31.9 /       36.1,38.9 /       42.6h,33.6 /       40.5b,Education: Upper secondary gross enrol. ratio (f/m per 100 pop.),13.5 /       18.8,20.6 /       24.7,19.3 /       21.5b,Intentional homicide rate (per 100 000 pop.),3.6,1.8o,...,Seats held by women in national parliaments (%),20.8,16.7,22.9p,,,,,,,,,,,,,,,,,,,,,,,,,,,,,,,,
Health: Current expenditure (% of GDP),7.2,9.3,9.3l,Health: Physicians (per 1 000 pop.),~0.0m,~0.0n,~0.0l,Education: Government expenditure (% of GDP),3.5,5.6,"4.7h,l",Education: Primary gross enrol. ratio (f/m per 100 pop.),140.2 /      137.3,147.9 /      144.9,147.0 /      142.7b,Education: Secondary gross enrol. ratio (f/m per 100 pop.),31.9 /       36.1,38.9 /       42.6h,33.6 /       40.5b,Education: Upper secondary gross enrol. ratio (f/m per 100 pop.),13.5 /       18.8,20.6 /       24.7,19.3 /       21.5b,Intentional homicide rate (per 100 000 pop.),3.6,1.8o,...,Seats held by women in national parliaments (%),20.8,16.7,22.9p,,,,,,,,,,,,,,,,,,,,,,,,,,,,,,,,,,,,
Health: Physicians (per 1 000 pop.),~0.0m,~0.0n,~0.0l,Education: Government expenditure (% of GDP),3.5,5.6,"4.7h,l",Education: Primary gross enrol. ratio (f/m per 100 pop.),140.2 /      137.3,147.9 /      144.9,147.0 /      142.7b,Education: Secondary gross enrol. ratio (f/m per 100 pop.),31.9 /       36.1,38.9 /       42.6h,33.6 /       40.5b,Education: Upper secondary gross enrol. ratio (f/m per 100 pop.),13.5 /       18.8,20.6 /       24.7,19.3 /       21.5b,Intentional homicide rate (per 100 000 pop.),3.6,1.8o,...,Seats held by women in national parliaments (%),20.8,16.7,22.9p,,,,,,,,,,,,,,,,,,,,,,,,,,,,,,,,,,,,,,,,
Education: Government expenditure (% of GDP),3.5,5.6,"4.7h,l",Education: Primary gross enrol. ratio (f/m per 100 pop.),140.2 /      137.3,147.9 /      144.9,147.0 /      142.7b,Education: Secondary gross enrol. ratio (f/m per 100 pop.),31.9 /       36.1,38.9 /       42.6h,33.6 /       40.5b,Education: Upper secondary gross enrol. ratio (f/m per 100 pop.),13.5 /       18.8,20.6 /       24.7,19.3 /       21.5b,Intentional homicide rate (per 100 000 pop.),3.6,1.8o,...,Seats held by women in national parliaments (%),20.8,16.7,22.9p,,,,,,,,,,,,,,,,,,,,,,,,,,,,,,,,,,,,,,,,,,,,
Education: Primary gross enrol. ratio (f/m per 100 pop.),140.2 /      137.3,147.9 /      144.9,147.0 /      142.7b,Education: Secondary gross enrol. ratio (f/m per 100 pop.),31.9 /       36.1,38.9 /       42.6h,33.6 /       40.5b,Education: Upper secondary gross enrol. ratio (f/m per 100 pop.),13.5 /       18.8,20.6 /       24.7,19.3 /       21.5b,Intentional homicide rate (per 100 000 pop.),3.6,1.8o,...,Seats held by women in national parliaments (%),20.8,16.7,22.9p,,,,,,,,,,,,,,,,,,,,,,,,,,,,,,,,,,,,,,,,,,,,,,,,
Education: Secondary gross enrol. ratio (f/m per 100 pop.),31.9 /       36.1,38.9 /       42.6h,33.6 /       40.5b,Education: Upper secondary gross enrol. ratio (f/m per 100 pop.),13.5 /       18.8,20.6 /       24.7,19.3 /       21.5b,Intentional homicide rate (per 100 000 pop.),3.6,1.8o,...,Seats held by women in national parliaments (%),20.8,16.7,22.9p,,,,,,,,,,,,,,,,,,,,,,,,,,,,,,,,,,,,,,,,,,,,,,,,,,,,
Education: Upper secondary gross enrol. ratio (f/m per 100 pop.),13.5 /       18.8,20.6 /       24.7,19.3 /       21.5b,Intentional homicide rate (per 100 000 pop.),3.6,1.8o,...,Seats held by women in national parliaments (%),20.8,16.7,22.9p,,,,,,,,,,,,,,,,,,,,,,,,,,,,,,,,,,,,,,,,,,,,,,,,,,,,,,,,
Intentional homicide rate (per 100 000 pop.),3.6,1.8o,...,Seats held by women in national parliaments (%),20.8,16.7,22.9p,,,,,,,,,,,,,,,,,,,,,,,,,,,,,,,,,,,,,,,,,,,,,,,,,,,,,,,,,,,,
Seats held by women in national parliaments (%),20.8,16.7,22.9p,,,,,,,,,,,,,,,,,,,,,,,,,,,,,,,,,,,,,,,,,,,,,,,,,,,,,,,,,,,,,,,,
