0,1,2,3,4,5,6,7,8,9,10,11,12,13,14,15,16,17,18,19,20,21,22,23,24,25,26,27,28,29,30,31,32,33,34,35,36,37,38,39,40,41,42,43,44,45,46,47,48,49,50,51,52,53,54,55,56,57,58,59,60,61,62,63,64,65,66,67
,2010,2015,2021,,,,,,,,,,,,,,,,,,,,,,,,,,,,,,,,,,,,,,,,,,,,,,,,,,,,,,,,,,,,,,,,
GDP: Gross domestic product (million current US$),321 995,302 673,350 104d,"GDP growth rate (annual %, const. 2015 prices)",1.9,2.3,2.8d,GDP per capita (current US$),57 966.6,53 206.1,60 656.9d,Economy: Agricultureg (% of Gross Value Added),1.4,1.1,1.5d,"Economy: Industryh,i (% of Gross Value Added)",22.8,23,24.2d,Economy: Services and other activityj (% of GVA),75.8,75.9,74.3d,Employment in agriculture (% of employed),2.4,2.5,"2.1k,f",Employment in industry (% of employed),19.6,19.3,"18.3k,f",Employment in services (% employed),78,78.2,"79.6k,f",Unemploymentk (% of labour force),7.5,6.2,4.8f,Labour force participation ratek (female/male pop. %),59.8 /       69.1,57.7 /       66.4,58.2 /       66.2f,CPI: Consumer Price Indexl (2010=100),100,107,111f,Agricultural production index (2014-2016=100),97,101,101d,International trade: exports (million current US$),96 217,94 619,107 224f,International trade: imports (million current US$),82 724,85 327,96 791f,International trade: balance (million current US$),13 492,9 291,10 433f,"Balance of payments, current account (million US$)",21 051,24 953,26 023f
"GDP growth rate (annual %, const. 2015 prices)",1.9,2.3,2.8d,GDP per capita (current US$),57 966.6,53 206.1,60 656.9d,Economy: Agricultureg (% of Gross Value Added),1.4,1.1,1.5d,"Economy: Industryh,i (% of Gross Value Added)",22.8,23,24.2d,Economy: Services and other activityj (% of GVA),75.8,75.9,74.3d,Employment in agriculture (% of employed),2.4,2.5,"2.1k,f",Employment in industry (% of employed),19.6,19.3,"18.3k,f",Employment in services (% employed),78,78.2,"79.6k,f",Unemploymentk (% of labour force),7.5,6.2,4.8f,Labour force participation ratek (female/male pop. %),59.8 /       69.1,57.7 /       66.4,58.2 /       66.2f,CPI: Consumer Price Indexl (2010=100),100,107,111f,Agricultural production index (2014-2016=100),97,101,101d,International trade: exports (million current US$),96 217,94 619,107 224f,International trade: imports (million current US$),82 724,85 327,96 791f,International trade: balance (million current US$),13 492,9 291,10 433f,"Balance of payments, current account (million US$)",21 051,24 953,26 023f,,,,
GDP per capita (current US$),57 966.6,53 206.1,60 656.9d,Economy: Agricultureg (% of Gross Value Added),1.4,1.1,1.5d,"Economy: Industryh,i (% of Gross Value Added)",22.8,23,24.2d,Economy: Services and other activityj (% of GVA),75.8,75.9,74.3d,Employment in agriculture (% of employed),2.4,2.5,"2.1k,f",Employment in industry (% of employed),19.6,19.3,"18.3k,f",Employment in services (% employed),78,78.2,"79.6k,f",Unemploymentk (% of labour force),7.5,6.2,4.8f,Labour force participation ratek (female/male pop. %),59.8 /       69.1,57.7 /       66.4,58.2 /       66.2f,CPI: Consumer Price Indexl (2010=100),100,107,111f,Agricultural production index (2014-2016=100),97,101,101d,International trade: exports (million current US$),96 217,94 619,107 224f,International trade: imports (million current US$),82 724,85 327,96 791f,International trade: balance (million current US$),13 492,9 291,10 433f,"Balance of payments, current account (million US$)",21 051,24 953,26 023f,,,,,,,,
Economy: Agricultureg (% of Gross Value Added),1.4,1.1,1.5d,"Economy: Industryh,i (% of Gross Value Added)",22.8,23,24.2d,Economy: Services and other activityj (% of GVA),75.8,75.9,74.3d,Employment in agriculture (% of employed),2.4,2.5,"2.1k,f",Employment in industry (% of employed),19.6,19.3,"18.3k,f",Employment in services (% employed),78,78.2,"79.6k,f",Unemploymentk (% of labour force),7.5,6.2,4.8f,Labour force participation ratek (female/male pop. %),59.8 /       69.1,57.7 /       66.4,58.2 /       66.2f,CPI: Consumer Price Indexl (2010=100),100,107,111f,Agricultural production index (2014-2016=100),97,101,101d,International trade: exports (million current US$),96 217,94 619,107 224f,International trade: imports (million current US$),82 724,85 327,96 791f,International trade: balance (million current US$),13 492,9 291,10 433f,"Balance of payments, current account (million US$)",21 051,24 953,26 023f,,,,,,,,,,,,
"Economy: Industryh,i (% of Gross Value Added)",22.8,23,24.2d,Economy: Services and other activityj (% of GVA),75.8,75.9,74.3d,Employment in agriculture (% of employed),2.4,2.5,"2.1k,f",Employment in industry (% of employed),19.6,19.3,"18.3k,f",Employment in services (% employed),78,78.2,"79.6k,f",Unemploymentk (% of labour force),7.5,6.2,4.8f,Labour force participation ratek (female/male pop. %),59.8 /       69.1,57.7 /       66.4,58.2 /       66.2f,CPI: Consumer Price Indexl (2010=100),100,107,111f,Agricultural production index (2014-2016=100),97,101,101d,International trade: exports (million current US$),96 217,94 619,107 224f,International trade: imports (million current US$),82 724,85 327,96 791f,International trade: balance (million current US$),13 492,9 291,10 433f,"Balance of payments, current account (million US$)",21 051,24 953,26 023f,,,,,,,,,,,,,,,,
Economy: Services and other activityj (% of GVA),75.8,75.9,74.3d,Employment in agriculture (% of employed),2.4,2.5,"2.1k,f",Employment in industry (% of employed),19.6,19.3,"18.3k,f",Employment in services (% employed),78,78.2,"79.6k,f",Unemploymentk (% of labour force),7.5,6.2,4.8f,Labour force participation ratek (female/male pop. %),59.8 /       69.1,57.7 /       66.4,58.2 /       66.2f,CPI: Consumer Price Indexl (2010=100),100,107,111f,Agricultural production index (2014-2016=100),97,101,101d,International trade: exports (million current US$),96 217,94 619,107 224f,International trade: imports (million current US$),82 724,85 327,96 791f,International trade: balance (million current US$),13 492,9 291,10 433f,"Balance of payments, current account (million US$)",21 051,24 953,26 023f,,,,,,,,,,,,,,,,,,,,
Employment in agriculture (% of employed),2.4,2.5,"2.1k,f",Employment in industry (% of employed),19.6,19.3,"18.3k,f",Employment in services (% employed),78,78.2,"79.6k,f",Unemploymentk (% of labour force),7.5,6.2,4.8f,Labour force participation ratek (female/male pop. %),59.8 /       69.1,57.7 /       66.4,58.2 /       66.2f,CPI: Consumer Price Indexl (2010=100),100,107,111f,Agricultural production index (2014-2016=100),97,101,101d,International trade: exports (million current US$),96 217,94 619,107 224f,International trade: imports (million current US$),82 724,85 327,96 791f,International trade: balance (million current US$),13 492,9 291,10 433f,"Balance of payments, current account (million US$)",21 051,24 953,26 023f,,,,,,,,,,,,,,,,,,,,,,,,
Employment in industry (% of employed),19.6,19.3,"18.3k,f",Employment in services (% employed),78,78.2,"79.6k,f",Unemploymentk (% of labour force),7.5,6.2,4.8f,Labour force participation ratek (female/male pop. %),59.8 /       69.1,57.7 /       66.4,58.2 /       66.2f,CPI: Consumer Price Indexl (2010=100),100,107,111f,Agricultural production index (2014-2016=100),97,101,101d,International trade: exports (million current US$),96 217,94 619,107 224f,International trade: imports (million current US$),82 724,85 327,96 791f,International trade: balance (million current US$),13 492,9 291,10 433f,"Balance of payments, current account (million US$)",21 051,24 953,26 023f,,,,,,,,,,,,,,,,,,,,,,,,,,,,
Employment in services (% employed),78,78.2,"79.6k,f",Unemploymentk (% of labour force),7.5,6.2,4.8f,Labour force participation ratek (female/male pop. %),59.8 /       69.1,57.7 /       66.4,58.2 /       66.2f,CPI: Consumer Price Indexl (2010=100),100,107,111f,Agricultural production index (2014-2016=100),97,101,101d,International trade: exports (million current US$),96 217,94 619,107 224f,International trade: imports (million current US$),82 724,85 327,96 791f,International trade: balance (million current US$),13 492,9 291,10 433f,"Balance of payments, current account (million US$)",21 051,24 953,26 023f,,,,,,,,,,,,,,,,,,,,,,,,,,,,,,,,
Unemploymentk (% of labour force),7.5,6.2,4.8f,Labour force participation ratek (female/male pop. %),59.8 /       69.1,57.7 /       66.4,58.2 /       66.2f,CPI: Consumer Price Indexl (2010=100),100,107,111f,Agricultural production index (2014-2016=100),97,101,101d,International trade: exports (million current US$),96 217,94 619,107 224f,International trade: imports (million current US$),82 724,85 327,96 791f,International trade: balance (million current US$),13 492,9 291,10 433f,"Balance of payments, current account (million US$)",21 051,24 953,26 023f,,,,,,,,,,,,,,,,,,,,,,,,,,,,,,,,,,,,
Labour force participation ratek (female/male pop. %),59.8 /       69.1,57.7 /       66.4,58.2 /       66.2f,CPI: Consumer Price Indexl (2010=100),100,107,111f,Agricultural production index (2014-2016=100),97,101,101d,International trade: exports (million current US$),96 217,94 619,107 224f,International trade: imports (million current US$),82 724,85 327,96 791f,International trade: balance (million current US$),13 492,9 291,10 433f,"Balance of payments, current account (million US$)",21 051,24 953,26 023f,,,,,,,,,,,,,,,,,,,,,,,,,,,,,,,,,,,,,,,,
CPI: Consumer Price Indexl (2010=100),100,107,111f,Agricultural production index (2014-2016=100),97,101,101d,International trade: exports (million current US$),96 217,94 619,107 224f,International trade: imports (million current US$),82 724,85 327,96 791f,International trade: balance (million current US$),13 492,9 291,10 433f,"Balance of payments, current account (million US$)",21 051,24 953,26 023f,,,,,,,,,,,,,,,,,,,,,,,,,,,,,,,,,,,,,,,,,,,,
Agricultural production index (2014-2016=100),97,101,101d,International trade: exports (million current US$),96 217,94 619,107 224f,International trade: imports (million current US$),82 724,85 327,96 791f,International trade: balance (million current US$),13 492,9 291,10 433f,"Balance of payments, current account (million US$)",21 051,24 953,26 023f,,,,,,,,,,,,,,,,,,,,,,,,,,,,,,,,,,,,,,,,,,,,,,,,
International trade: exports (million current US$),96 217,94 619,107 224f,International trade: imports (million current US$),82 724,85 327,96 791f,International trade: balance (million current US$),13 492,9 291,10 433f,"Balance of payments, current account (million US$)",21 051,24 953,26 023f,,,,,,,,,,,,,,,,,,,,,,,,,,,,,,,,,,,,,,,,,,,,,,,,,,,,
International trade: imports (million current US$),82 724,85 327,96 791f,International trade: balance (million current US$),13 492,9 291,10 433f,"Balance of payments, current account (million US$)",21 051,24 953,26 023f,,,,,,,,,,,,,,,,,,,,,,,,,,,,,,,,,,,,,,,,,,,,,,,,,,,,,,,,
International trade: balance (million current US$),13 492,9 291,10 433f,"Balance of payments, current account (million US$)",21 051,24 953,26 023f,,,,,,,,,,,,,,,,,,,,,,,,,,,,,,,,,,,,,,,,,,,,,,,,,,,,,,,,,,,,
"Balance of payments, current account (million US$)",21 051,24 953,26 023f,,,,,,,,,,,,,,,,,,,,,,,,,,,,,,,,,,,,,,,,,,,,,,,,,,,,,,,,,,,,,,,,
