0,1,2,3,4,5,6,7,8,9,10,11,12,13,14,15,16,17,18,19,20,21,22,23,24,25,26,27,28,29,30,31,32,33,34,35,36,37,38,39
,2010,2015,2021,,,,,,,,,,,,,,,,,,,,,,,,,,,,,,,,,,,,
Individuals using the Internet (per 100 inhabitants),88.7t,96.3u,98d,Research & Development expenditure (% of GDP),2.9,3.1,"3v,p",Threatened species (number),33,36,82,Forested area (% of land area),13.8,15.6,15.7p,CO2 emission estimatesw (million tons/tons per capita),47.3 /        8.5,32.5 /        5.7,28.7 /        4.9d,"Energy production, primaryw (Petajoules)",974,667,577p,Energy supply per capitaw (Gigajoules),147,119,124p,Tourist/visitor arrivals at national borders (000),8 744,10 424,13 285d,Important sites for terrestrial biodiversity protected (%),88.8,88.8,88.8f,Net Official Development Assist. disbursedx (% of GNI),0.91,0.85,0.74r
Research & Development expenditure (% of GDP),2.9,3.1,"3v,p",Threatened species (number),33,36,82,Forested area (% of land area),13.8,15.6,15.7p,CO2 emission estimatesw (million tons/tons per capita),47.3 /        8.5,32.5 /        5.7,28.7 /        4.9d,"Energy production, primaryw (Petajoules)",974,667,577p,Energy supply per capitaw (Gigajoules),147,119,124p,Tourist/visitor arrivals at national borders (000),8 744,10 424,13 285d,Important sites for terrestrial biodiversity protected (%),88.8,88.8,88.8f,Net Official Development Assist. disbursedx (% of GNI),0.91,0.85,0.74r,,,,
Threatened species (number),33,36,82,Forested area (% of land area),13.8,15.6,15.7p,CO2 emission estimatesw (million tons/tons per capita),47.3 /        8.5,32.5 /        5.7,28.7 /        4.9d,"Energy production, primaryw (Petajoules)",974,667,577p,Energy supply per capitaw (Gigajoules),147,119,124p,Tourist/visitor arrivals at national borders (000),8 744,10 424,13 285d,Important sites for terrestrial biodiversity protected (%),88.8,88.8,88.8f,Net Official Development Assist. disbursedx (% of GNI),0.91,0.85,0.74r,,,,,,,,
Forested area (% of land area),13.8,15.6,15.7p,CO2 emission estimatesw (million tons/tons per capita),47.3 /        8.5,32.5 /        5.7,28.7 /        4.9d,"Energy production, primaryw (Petajoules)",974,667,577p,Energy supply per capitaw (Gigajoules),147,119,124p,Tourist/visitor arrivals at national borders (000),8 744,10 424,13 285d,Important sites for terrestrial biodiversity protected (%),88.8,88.8,88.8f,Net Official Development Assist. disbursedx (% of GNI),0.91,0.85,0.74r,,,,,,,,,,,,
CO2 emission estimatesw (million tons/tons per capita),47.3 /        8.5,32.5 /        5.7,28.7 /        4.9d,"Energy production, primaryw (Petajoules)",974,667,577p,Energy supply per capitaw (Gigajoules),147,119,124p,Tourist/visitor arrivals at national borders (000),8 744,10 424,13 285d,Important sites for terrestrial biodiversity protected (%),88.8,88.8,88.8f,Net Official Development Assist. disbursedx (% of GNI),0.91,0.85,0.74r,,,,,,,,,,,,,,,,
"Energy production, primaryw (Petajoules)",974,667,577p,Energy supply per capitaw (Gigajoules),147,119,124p,Tourist/visitor arrivals at national borders (000),8 744,10 424,13 285d,Important sites for terrestrial biodiversity protected (%),88.8,88.8,88.8f,Net Official Development Assist. disbursedx (% of GNI),0.91,0.85,0.74r,,,,,,,,,,,,,,,,,,,,
Energy supply per capitaw (Gigajoules),147,119,124p,Tourist/visitor arrivals at national borders (000),8 744,10 424,13 285d,Important sites for terrestrial biodiversity protected (%),88.8,88.8,88.8f,Net Official Development Assist. disbursedx (% of GNI),0.91,0.85,0.74r,,,,,,,,,,,,,,,,,,,,,,,,
Tourist/visitor arrivals at national borders (000),8 744,10 424,13 285d,Important sites for terrestrial biodiversity protected (%),88.8,88.8,88.8f,Net Official Development Assist. disbursedx (% of GNI),0.91,0.85,0.74r,,,,,,,,,,,,,,,,,,,,,,,,,,,,
Important sites for terrestrial biodiversity protected (%),88.8,88.8,88.8f,Net Official Development Assist. disbursedx (% of GNI),0.91,0.85,0.74r,,,,,,,,,,,,,,,,,,,,,,,,,,,,,,,,
Net Official Development Assist. disbursedx (% of GNI),0.91,0.85,0.74r,,,,,,,,,,,,,,,,,,,,,,,,,,,,,,,,,,,,
