0,1,2,3,4,5,6,7,8,9,10,11,12,13,14,15,16,17,18,19
,2010,2015,2021,,,,,,,,,,,,,,,,
Unemployment (% of labour force),...,"1.2f,g",...,Labour force participation rate (female/male pop. %),... / ...,"77.2 /       86.0f,h,g",... / ...,International trade: exportsi (million current US$),9,4,1j,International trade: importsi (million current US$),50,21,6j,International trade: balancei (million current US$),-41,-17,-4j
Labour force participation rate (female/male pop. %),... / ...,"77.2 /       86.0f,h,g",... / ...,International trade: exportsi (million current US$),9,4,1j,International trade: importsi (million current US$),50,21,6j,International trade: balancei (million current US$),-41,-17,-4j,,,,
International trade: exportsi (million current US$),9,4,1j,International trade: importsi (million current US$),50,21,6j,International trade: balancei (million current US$),-41,-17,-4j,,,,,,,,
International trade: importsi (million current US$),50,21,6j,International trade: balancei (million current US$),-41,-17,-4j,,,,,,,,,,,,
International trade: balancei (million current US$),-41,-17,-4j,,,,,,,,,,,,,,,,
