0,1,2,3,4,5,6,7,8,9,10,11,12,13,14,15,16,17,18,19,20,21,22,23
,2010,2015,2021,,,,,,,,,,,,,,,,,,,,
Individuals using the Internet (per 100 inhabitants),95.8,98.3i,"99i,l",Threatened species (number),23,23,30,Forested areai (% of land area),0,0,0e,"Energy production, primary (Petajoules)",0i,0i,0e,Energy supply per capita (Gigajoules),197i,201,173e,Important sites for terrestrial biodiversity protected (%),13.5,13.5,13.5j
Threatened species (number),23,23,30,Forested areai (% of land area),0,0,0e,"Energy production, primary (Petajoules)",0i,0i,0e,Energy supply per capita (Gigajoules),197i,201,173e,Important sites for terrestrial biodiversity protected (%),13.5,13.5,13.5j,,,,
Forested areai (% of land area),0,0,0e,"Energy production, primary (Petajoules)",0i,0i,0e,Energy supply per capita (Gigajoules),197i,201,173e,Important sites for terrestrial biodiversity protected (%),13.5,13.5,13.5j,,,,,,,,
"Energy production, primary (Petajoules)",0i,0i,0e,Energy supply per capita (Gigajoules),197i,201,173e,Important sites for terrestrial biodiversity protected (%),13.5,13.5,13.5j,,,,,,,,,,,,
Energy supply per capita (Gigajoules),197i,201,173e,Important sites for terrestrial biodiversity protected (%),13.5,13.5,13.5j,,,,,,,,,,,,,,,,
Important sites for terrestrial biodiversity protected (%),13.5,13.5,13.5j,,,,,,,,,,,,,,,,,,,,
