0,1,2,3,4,5,6,7,8,9,10,11,12,13,14,15,16,17,18,19,20,21,22,23,24,25,26,27,28,29,30,31,32,33,34,35,36,37,38,39,40,41,42,43,44,45,46,47,48,49,50,51,52,53,54,55,56,57,58,59,60,61,62,63,64,65,66,67
,2010,2015,2021,,,,,,,,,,,,,,,,,,,,,,,,,,,,,,,,,,,,,,,,,,,,,,,,,,,,,,,,,,,,,,,,
GDP: Gross domestic product (million current US$),57 232,56 455,63 081b,"GDP growth rate (annual %, const. 2015 prices)",7.8,-3.8,1.2b,GDP per capita (current US$),6 075.2,5 980.7,6 673.5b,Economy: Agriculturee (% of Gross Value Added),10.1,7.2,7.8b,"Economy: Industryf,g (% of Gross Value Added)",40.3,37.7,36b,Economy: Services and other activityh (% of GVA),49.5,55.1,56.2b,Employment in agriculture (% of employed),11i,9.7,"10.8i,d",Employment in industry (% of employed),32.2i,31.1,"30.2i,d",Employment in services (% employed),56.8i,59.2,"59i,d",Unemploymenti (% of labour force),6.1,5.9,4.6d,Labour force participation ratei (female/male pop. %),57.5 /       69.6,58.6 /       71.0,57.3 /       71.3d,CPI: Consumer Price Index (2010=100),100i,387,536d,Agricultural production index (2014-2016=100),97,100,101b,International trade: exports (million current US$),25 283,26 660,"29 040i,d",International trade: imports (million current US$),34 884,30 291,"32 592i,d",International trade: balance (million current US$),- 9 601,- 3 631,"- 3 553i,d","Balance of payments, current account (million US$)",- 8 280,- 1 831,-241d
"GDP growth rate (annual %, const. 2015 prices)",7.8,-3.8,1.2b,GDP per capita (current US$),6 075.2,5 980.7,6 673.5b,Economy: Agriculturee (% of Gross Value Added),10.1,7.2,7.8b,"Economy: Industryf,g (% of Gross Value Added)",40.3,37.7,36b,Economy: Services and other activityh (% of GVA),49.5,55.1,56.2b,Employment in agriculture (% of employed),11i,9.7,"10.8i,d",Employment in industry (% of employed),32.2i,31.1,"30.2i,d",Employment in services (% employed),56.8i,59.2,"59i,d",Unemploymenti (% of labour force),6.1,5.9,4.6d,Labour force participation ratei (female/male pop. %),57.5 /       69.6,58.6 /       71.0,57.3 /       71.3d,CPI: Consumer Price Index (2010=100),100i,387,536d,Agricultural production index (2014-2016=100),97,100,101b,International trade: exports (million current US$),25 283,26 660,"29 040i,d",International trade: imports (million current US$),34 884,30 291,"32 592i,d",International trade: balance (million current US$),- 9 601,- 3 631,"- 3 553i,d","Balance of payments, current account (million US$)",- 8 280,- 1 831,-241d,,,,
GDP per capita (current US$),6 075.2,5 980.7,6 673.5b,Economy: Agriculturee (% of Gross Value Added),10.1,7.2,7.8b,"Economy: Industryf,g (% of Gross Value Added)",40.3,37.7,36b,Economy: Services and other activityh (% of GVA),49.5,55.1,56.2b,Employment in agriculture (% of employed),11i,9.7,"10.8i,d",Employment in industry (% of employed),32.2i,31.1,"30.2i,d",Employment in services (% employed),56.8i,59.2,"59i,d",Unemploymenti (% of labour force),6.1,5.9,4.6d,Labour force participation ratei (female/male pop. %),57.5 /       69.6,58.6 /       71.0,57.3 /       71.3d,CPI: Consumer Price Index (2010=100),100i,387,536d,Agricultural production index (2014-2016=100),97,100,101b,International trade: exports (million current US$),25 283,26 660,"29 040i,d",International trade: imports (million current US$),34 884,30 291,"32 592i,d",International trade: balance (million current US$),- 9 601,- 3 631,"- 3 553i,d","Balance of payments, current account (million US$)",- 8 280,- 1 831,-241d,,,,,,,,
Economy: Agriculturee (% of Gross Value Added),10.1,7.2,7.8b,"Economy: Industryf,g (% of Gross Value Added)",40.3,37.7,36b,Economy: Services and other activityh (% of GVA),49.5,55.1,56.2b,Employment in agriculture (% of employed),11i,9.7,"10.8i,d",Employment in industry (% of employed),32.2i,31.1,"30.2i,d",Employment in services (% employed),56.8i,59.2,"59i,d",Unemploymenti (% of labour force),6.1,5.9,4.6d,Labour force participation ratei (female/male pop. %),57.5 /       69.6,58.6 /       71.0,57.3 /       71.3d,CPI: Consumer Price Index (2010=100),100i,387,536d,Agricultural production index (2014-2016=100),97,100,101b,International trade: exports (million current US$),25 283,26 660,"29 040i,d",International trade: imports (million current US$),34 884,30 291,"32 592i,d",International trade: balance (million current US$),- 9 601,- 3 631,"- 3 553i,d","Balance of payments, current account (million US$)",- 8 280,- 1 831,-241d,,,,,,,,,,,,
"Economy: Industryf,g (% of Gross Value Added)",40.3,37.7,36b,Economy: Services and other activityh (% of GVA),49.5,55.1,56.2b,Employment in agriculture (% of employed),11i,9.7,"10.8i,d",Employment in industry (% of employed),32.2i,31.1,"30.2i,d",Employment in services (% employed),56.8i,59.2,"59i,d",Unemploymenti (% of labour force),6.1,5.9,4.6d,Labour force participation ratei (female/male pop. %),57.5 /       69.6,58.6 /       71.0,57.3 /       71.3d,CPI: Consumer Price Index (2010=100),100i,387,536d,Agricultural production index (2014-2016=100),97,100,101b,International trade: exports (million current US$),25 283,26 660,"29 040i,d",International trade: imports (million current US$),34 884,30 291,"32 592i,d",International trade: balance (million current US$),- 9 601,- 3 631,"- 3 553i,d","Balance of payments, current account (million US$)",- 8 280,- 1 831,-241d,,,,,,,,,,,,,,,,
Economy: Services and other activityh (% of GVA),49.5,55.1,56.2b,Employment in agriculture (% of employed),11i,9.7,"10.8i,d",Employment in industry (% of employed),32.2i,31.1,"30.2i,d",Employment in services (% employed),56.8i,59.2,"59i,d",Unemploymenti (% of labour force),6.1,5.9,4.6d,Labour force participation ratei (female/male pop. %),57.5 /       69.6,58.6 /       71.0,57.3 /       71.3d,CPI: Consumer Price Index (2010=100),100i,387,536d,Agricultural production index (2014-2016=100),97,100,101b,International trade: exports (million current US$),25 283,26 660,"29 040i,d",International trade: imports (million current US$),34 884,30 291,"32 592i,d",International trade: balance (million current US$),- 9 601,- 3 631,"- 3 553i,d","Balance of payments, current account (million US$)",- 8 280,- 1 831,-241d,,,,,,,,,,,,,,,,,,,,
Employment in agriculture (% of employed),11i,9.7,"10.8i,d",Employment in industry (% of employed),32.2i,31.1,"30.2i,d",Employment in services (% employed),56.8i,59.2,"59i,d",Unemploymenti (% of labour force),6.1,5.9,4.6d,Labour force participation ratei (female/male pop. %),57.5 /       69.6,58.6 /       71.0,57.3 /       71.3d,CPI: Consumer Price Index (2010=100),100i,387,536d,Agricultural production index (2014-2016=100),97,100,101b,International trade: exports (million current US$),25 283,26 660,"29 040i,d",International trade: imports (million current US$),34 884,30 291,"32 592i,d",International trade: balance (million current US$),- 9 601,- 3 631,"- 3 553i,d","Balance of payments, current account (million US$)",- 8 280,- 1 831,-241d,,,,,,,,,,,,,,,,,,,,,,,,
Employment in industry (% of employed),32.2i,31.1,"30.2i,d",Employment in services (% employed),56.8i,59.2,"59i,d",Unemploymenti (% of labour force),6.1,5.9,4.6d,Labour force participation ratei (female/male pop. %),57.5 /       69.6,58.6 /       71.0,57.3 /       71.3d,CPI: Consumer Price Index (2010=100),100i,387,536d,Agricultural production index (2014-2016=100),97,100,101b,International trade: exports (million current US$),25 283,26 660,"29 040i,d",International trade: imports (million current US$),34 884,30 291,"32 592i,d",International trade: balance (million current US$),- 9 601,- 3 631,"- 3 553i,d","Balance of payments, current account (million US$)",- 8 280,- 1 831,-241d,,,,,,,,,,,,,,,,,,,,,,,,,,,,
Employment in services (% employed),56.8i,59.2,"59i,d",Unemploymenti (% of labour force),6.1,5.9,4.6d,Labour force participation ratei (female/male pop. %),57.5 /       69.6,58.6 /       71.0,57.3 /       71.3d,CPI: Consumer Price Index (2010=100),100i,387,536d,Agricultural production index (2014-2016=100),97,100,101b,International trade: exports (million current US$),25 283,26 660,"29 040i,d",International trade: imports (million current US$),34 884,30 291,"32 592i,d",International trade: balance (million current US$),- 9 601,- 3 631,"- 3 553i,d","Balance of payments, current account (million US$)",- 8 280,- 1 831,-241d,,,,,,,,,,,,,,,,,,,,,,,,,,,,,,,,
Unemploymenti (% of labour force),6.1,5.9,4.6d,Labour force participation ratei (female/male pop. %),57.5 /       69.6,58.6 /       71.0,57.3 /       71.3d,CPI: Consumer Price Index (2010=100),100i,387,536d,Agricultural production index (2014-2016=100),97,100,101b,International trade: exports (million current US$),25 283,26 660,"29 040i,d",International trade: imports (million current US$),34 884,30 291,"32 592i,d",International trade: balance (million current US$),- 9 601,- 3 631,"- 3 553i,d","Balance of payments, current account (million US$)",- 8 280,- 1 831,-241d,,,,,,,,,,,,,,,,,,,,,,,,,,,,,,,,,,,,
Labour force participation ratei (female/male pop. %),57.5 /       69.6,58.6 /       71.0,57.3 /       71.3d,CPI: Consumer Price Index (2010=100),100i,387,536d,Agricultural production index (2014-2016=100),97,100,101b,International trade: exports (million current US$),25 283,26 660,"29 040i,d",International trade: imports (million current US$),34 884,30 291,"32 592i,d",International trade: balance (million current US$),- 9 601,- 3 631,"- 3 553i,d","Balance of payments, current account (million US$)",- 8 280,- 1 831,-241d,,,,,,,,,,,,,,,,,,,,,,,,,,,,,,,,,,,,,,,,
CPI: Consumer Price Index (2010=100),100i,387,536d,Agricultural production index (2014-2016=100),97,100,101b,International trade: exports (million current US$),25 283,26 660,"29 040i,d",International trade: imports (million current US$),34 884,30 291,"32 592i,d",International trade: balance (million current US$),- 9 601,- 3 631,"- 3 553i,d","Balance of payments, current account (million US$)",- 8 280,- 1 831,-241d,,,,,,,,,,,,,,,,,,,,,,,,,,,,,,,,,,,,,,,,,,,,
Agricultural production index (2014-2016=100),97,100,101b,International trade: exports (million current US$),25 283,26 660,"29 040i,d",International trade: imports (million current US$),34 884,30 291,"32 592i,d",International trade: balance (million current US$),- 9 601,- 3 631,"- 3 553i,d","Balance of payments, current account (million US$)",- 8 280,- 1 831,-241d,,,,,,,,,,,,,,,,,,,,,,,,,,,,,,,,,,,,,,,,,,,,,,,,
International trade: exports (million current US$),25 283,26 660,"29 040i,d",International trade: imports (million current US$),34 884,30 291,"32 592i,d",International trade: balance (million current US$),- 9 601,- 3 631,"- 3 553i,d","Balance of payments, current account (million US$)",- 8 280,- 1 831,-241d,,,,,,,,,,,,,,,,,,,,,,,,,,,,,,,,,,,,,,,,,,,,,,,,,,,,
International trade: imports (million current US$),34 884,30 291,"32 592i,d",International trade: balance (million current US$),- 9 601,- 3 631,"- 3 553i,d","Balance of payments, current account (million US$)",- 8 280,- 1 831,-241d,,,,,,,,,,,,,,,,,,,,,,,,,,,,,,,,,,,,,,,,,,,,,,,,,,,,,,,,
International trade: balance (million current US$),- 9 601,- 3 631,"- 3 553i,d","Balance of payments, current account (million US$)",- 8 280,- 1 831,-241d,,,,,,,,,,,,,,,,,,,,,,,,,,,,,,,,,,,,,,,,,,,,,,,,,,,,,,,,,,,,
"Balance of payments, current account (million US$)",- 8 280,- 1 831,-241d,,,,,,,,,,,,,,,,,,,,,,,,,,,,,,,,,,,,,,,,,,,,,,,,,,,,,,,,,,,,,,,,
