0,1,2,3,4,5,6,7,8,9,10,11,12,13,14,15,16,17,18,19,20,21,22,23,24,25,26,27,28,29,30,31,32,33,34,35,36,37,38,39,40,41,42,43
,2010,2015,2021,,,,,,,,,,,,,,,,,,,,,,,,,,,,,,,,,,,,,,,,
Individuals using the Internet (per 100 inhabitants),31.8o,62.2p,82.8b,Research & Development expenditure (% of GDP),0.7q,0.5q,0.6l,Threatened species (number),16,21,31,Forested area (% of land area),42.5,42.5,43.1l,CO2 emission estimates (million tons/tons per capita),59.5 /        6.3,52.6 /        5.5,57.1 /        6.0l,"Energy production, primary (Petajoules)",167,163,171l,Energy supply per capita (Gigajoules),122,113,120l,Tourist/visitor arrivals at national borders (000),5 674r,4 386r,"11 832s,b",Important sites for terrestrial biodiversity protected (%),33.9,47.1,47.1d,Pop. using safely managed sanitation (urban/rural %),85.5 /       62.6,82.1 /       55.1,80.3 /       49.0d,Net Official Development Assist. received (% of GNI),0.24,0.19,0.35b
Research & Development expenditure (% of GDP),0.7q,0.5q,0.6l,Threatened species (number),16,21,31,Forested area (% of land area),42.5,42.5,43.1l,CO2 emission estimates (million tons/tons per capita),59.5 /        6.3,52.6 /        5.5,57.1 /        6.0l,"Energy production, primary (Petajoules)",167,163,171l,Energy supply per capita (Gigajoules),122,113,120l,Tourist/visitor arrivals at national borders (000),5 674r,4 386r,"11 832s,b",Important sites for terrestrial biodiversity protected (%),33.9,47.1,47.1d,Pop. using safely managed sanitation (urban/rural %),85.5 /       62.6,82.1 /       55.1,80.3 /       49.0d,Net Official Development Assist. received (% of GNI),0.24,0.19,0.35b,,,,
Threatened species (number),16,21,31,Forested area (% of land area),42.5,42.5,43.1l,CO2 emission estimates (million tons/tons per capita),59.5 /        6.3,52.6 /        5.5,57.1 /        6.0l,"Energy production, primary (Petajoules)",167,163,171l,Energy supply per capita (Gigajoules),122,113,120l,Tourist/visitor arrivals at national borders (000),5 674r,4 386r,"11 832s,b",Important sites for terrestrial biodiversity protected (%),33.9,47.1,47.1d,Pop. using safely managed sanitation (urban/rural %),85.5 /       62.6,82.1 /       55.1,80.3 /       49.0d,Net Official Development Assist. received (% of GNI),0.24,0.19,0.35b,,,,,,,,
Forested area (% of land area),42.5,42.5,43.1l,CO2 emission estimates (million tons/tons per capita),59.5 /        6.3,52.6 /        5.5,57.1 /        6.0l,"Energy production, primary (Petajoules)",167,163,171l,Energy supply per capita (Gigajoules),122,113,120l,Tourist/visitor arrivals at national borders (000),5 674r,4 386r,"11 832s,b",Important sites for terrestrial biodiversity protected (%),33.9,47.1,47.1d,Pop. using safely managed sanitation (urban/rural %),85.5 /       62.6,82.1 /       55.1,80.3 /       49.0d,Net Official Development Assist. received (% of GNI),0.24,0.19,0.35b,,,,,,,,,,,,
CO2 emission estimates (million tons/tons per capita),59.5 /        6.3,52.6 /        5.5,57.1 /        6.0l,"Energy production, primary (Petajoules)",167,163,171l,Energy supply per capita (Gigajoules),122,113,120l,Tourist/visitor arrivals at national borders (000),5 674r,4 386r,"11 832s,b",Important sites for terrestrial biodiversity protected (%),33.9,47.1,47.1d,Pop. using safely managed sanitation (urban/rural %),85.5 /       62.6,82.1 /       55.1,80.3 /       49.0d,Net Official Development Assist. received (% of GNI),0.24,0.19,0.35b,,,,,,,,,,,,,,,,
"Energy production, primary (Petajoules)",167,163,171l,Energy supply per capita (Gigajoules),122,113,120l,Tourist/visitor arrivals at national borders (000),5 674r,4 386r,"11 832s,b",Important sites for terrestrial biodiversity protected (%),33.9,47.1,47.1d,Pop. using safely managed sanitation (urban/rural %),85.5 /       62.6,82.1 /       55.1,80.3 /       49.0d,Net Official Development Assist. received (% of GNI),0.24,0.19,0.35b,,,,,,,,,,,,,,,,,,,,
Energy supply per capita (Gigajoules),122,113,120l,Tourist/visitor arrivals at national borders (000),5 674r,4 386r,"11 832s,b",Important sites for terrestrial biodiversity protected (%),33.9,47.1,47.1d,Pop. using safely managed sanitation (urban/rural %),85.5 /       62.6,82.1 /       55.1,80.3 /       49.0d,Net Official Development Assist. received (% of GNI),0.24,0.19,0.35b,,,,,,,,,,,,,,,,,,,,,,,,
Tourist/visitor arrivals at national borders (000),5 674r,4 386r,"11 832s,b",Important sites for terrestrial biodiversity protected (%),33.9,47.1,47.1d,Pop. using safely managed sanitation (urban/rural %),85.5 /       62.6,82.1 /       55.1,80.3 /       49.0d,Net Official Development Assist. received (% of GNI),0.24,0.19,0.35b,,,,,,,,,,,,,,,,,,,,,,,,,,,,
Important sites for terrestrial biodiversity protected (%),33.9,47.1,47.1d,Pop. using safely managed sanitation (urban/rural %),85.5 /       62.6,82.1 /       55.1,80.3 /       49.0d,Net Official Development Assist. received (% of GNI),0.24,0.19,0.35b,,,,,,,,,,,,,,,,,,,,,,,,,,,,,,,,
Pop. using safely managed sanitation (urban/rural %),85.5 /       62.6,82.1 /       55.1,80.3 /       49.0d,Net Official Development Assist. received (% of GNI),0.24,0.19,0.35b,,,,,,,,,,,,,,,,,,,,,,,,,,,,,,,,,,,,
Net Official Development Assist. received (% of GNI),0.24,0.19,0.35b,,,,,,,,,,,,,,,,,,,,,,,,,,,,,,,,,,,,,,,,
