0,1,2,3,4,5,6,7,8,9,10,11,12,13,14,15,16,17,18,19,20,21,22,23,24,25,26,27,28,29,30,31,32,33,34,35,36,37,38,39,40,41,42,43,44,45,46,47,48,49,50,51,52,53,54,55,56,57,58,59,60,61,62,63,64,65,66,67
,2010,2015,2021,,,,,,,,,,,,,,,,,,,,,,,,,,,,,,,,,,,,,,,,,,,,,,,,,,,,,,,,,,,,,,,,
Population growth ratej (average annual %),-0.3,~0.0,~0.0d,Urban population (% of total population),74.7,77.2,79b,Urban population growth ratej (average annual %),0.3,0.7,...,"Fertility rate, totalj (live births per woman)",1.4,1.6,1.7d,"Life expectancy at birthj (females/males, years)",75.2 /       63.6,78.0 /       66.8,79.3 /       69.3d,"Population age distribution (0-14/60+ years old, %)",14.9 /       19.1,16.3 /       20.4,17.3 /       23.2a,International migrant stock (000/% of total pop.),1 090.4 /       11.6,1 082.9 /       11.5,1 067.1 /       11.3d,Refugees and others of concern to UNHCR (000),8.4k,7.9,9.2d,Infant mortality ratej (per 1 000 live births),6.3,3.4,3d,Health: Current expenditure (% of GDP),5.7,6.1,5.6l,Health: Physicians (per 1 000 pop.),3.2,5.2,...,Education: Government expenditure (% of GDP),5.2,4.8,4.8m,Education: Primary gross enrol. ratio (f/m per 100 pop.),104.3 /      104.5,99.2 /       99.1,100.4 /      100.6l,Education: Secondary gross enrol. ratio (f/m per 100 pop.),106.4 /      109.9,104.6 /      106.3,101.7 /      103.1l,Education: Upper secondary gross enrol. ratio (f/m per 100 pop.),123.0 /      132.3,110.1 /      115.9,112.0 /      118.7l,Intentional homicide rate (per 100 000 pop.),4.3,3.5,2.4l,Seats held by women in national parliaments (%),31.8,27.3,40n
Urban population (% of total population),74.7,77.2,79b,Urban population growth ratej (average annual %),0.3,0.7,...,"Fertility rate, totalj (live births per woman)",1.4,1.6,1.7d,"Life expectancy at birthj (females/males, years)",75.2 /       63.6,78.0 /       66.8,79.3 /       69.3d,"Population age distribution (0-14/60+ years old, %)",14.9 /       19.1,16.3 /       20.4,17.3 /       23.2a,International migrant stock (000/% of total pop.),1 090.4 /       11.6,1 082.9 /       11.5,1 067.1 /       11.3d,Refugees and others of concern to UNHCR (000),8.4k,7.9,9.2d,Infant mortality ratej (per 1 000 live births),6.3,3.4,3d,Health: Current expenditure (% of GDP),5.7,6.1,5.6l,Health: Physicians (per 1 000 pop.),3.2,5.2,...,Education: Government expenditure (% of GDP),5.2,4.8,4.8m,Education: Primary gross enrol. ratio (f/m per 100 pop.),104.3 /      104.5,99.2 /       99.1,100.4 /      100.6l,Education: Secondary gross enrol. ratio (f/m per 100 pop.),106.4 /      109.9,104.6 /      106.3,101.7 /      103.1l,Education: Upper secondary gross enrol. ratio (f/m per 100 pop.),123.0 /      132.3,110.1 /      115.9,112.0 /      118.7l,Intentional homicide rate (per 100 000 pop.),4.3,3.5,2.4l,Seats held by women in national parliaments (%),31.8,27.3,40n,,,,
Urban population growth ratej (average annual %),0.3,0.7,...,"Fertility rate, totalj (live births per woman)",1.4,1.6,1.7d,"Life expectancy at birthj (females/males, years)",75.2 /       63.6,78.0 /       66.8,79.3 /       69.3d,"Population age distribution (0-14/60+ years old, %)",14.9 /       19.1,16.3 /       20.4,17.3 /       23.2a,International migrant stock (000/% of total pop.),1 090.4 /       11.6,1 082.9 /       11.5,1 067.1 /       11.3d,Refugees and others of concern to UNHCR (000),8.4k,7.9,9.2d,Infant mortality ratej (per 1 000 live births),6.3,3.4,3d,Health: Current expenditure (% of GDP),5.7,6.1,5.6l,Health: Physicians (per 1 000 pop.),3.2,5.2,...,Education: Government expenditure (% of GDP),5.2,4.8,4.8m,Education: Primary gross enrol. ratio (f/m per 100 pop.),104.3 /      104.5,99.2 /       99.1,100.4 /      100.6l,Education: Secondary gross enrol. ratio (f/m per 100 pop.),106.4 /      109.9,104.6 /      106.3,101.7 /      103.1l,Education: Upper secondary gross enrol. ratio (f/m per 100 pop.),123.0 /      132.3,110.1 /      115.9,112.0 /      118.7l,Intentional homicide rate (per 100 000 pop.),4.3,3.5,2.4l,Seats held by women in national parliaments (%),31.8,27.3,40n,,,,,,,,
"Fertility rate, totalj (live births per woman)",1.4,1.6,1.7d,"Life expectancy at birthj (females/males, years)",75.2 /       63.6,78.0 /       66.8,79.3 /       69.3d,"Population age distribution (0-14/60+ years old, %)",14.9 /       19.1,16.3 /       20.4,17.3 /       23.2a,International migrant stock (000/% of total pop.),1 090.4 /       11.6,1 082.9 /       11.5,1 067.1 /       11.3d,Refugees and others of concern to UNHCR (000),8.4k,7.9,9.2d,Infant mortality ratej (per 1 000 live births),6.3,3.4,3d,Health: Current expenditure (% of GDP),5.7,6.1,5.6l,Health: Physicians (per 1 000 pop.),3.2,5.2,...,Education: Government expenditure (% of GDP),5.2,4.8,4.8m,Education: Primary gross enrol. ratio (f/m per 100 pop.),104.3 /      104.5,99.2 /       99.1,100.4 /      100.6l,Education: Secondary gross enrol. ratio (f/m per 100 pop.),106.4 /      109.9,104.6 /      106.3,101.7 /      103.1l,Education: Upper secondary gross enrol. ratio (f/m per 100 pop.),123.0 /      132.3,110.1 /      115.9,112.0 /      118.7l,Intentional homicide rate (per 100 000 pop.),4.3,3.5,2.4l,Seats held by women in national parliaments (%),31.8,27.3,40n,,,,,,,,,,,,
"Life expectancy at birthj (females/males, years)",75.2 /       63.6,78.0 /       66.8,79.3 /       69.3d,"Population age distribution (0-14/60+ years old, %)",14.9 /       19.1,16.3 /       20.4,17.3 /       23.2a,International migrant stock (000/% of total pop.),1 090.4 /       11.6,1 082.9 /       11.5,1 067.1 /       11.3d,Refugees and others of concern to UNHCR (000),8.4k,7.9,9.2d,Infant mortality ratej (per 1 000 live births),6.3,3.4,3d,Health: Current expenditure (% of GDP),5.7,6.1,5.6l,Health: Physicians (per 1 000 pop.),3.2,5.2,...,Education: Government expenditure (% of GDP),5.2,4.8,4.8m,Education: Primary gross enrol. ratio (f/m per 100 pop.),104.3 /      104.5,99.2 /       99.1,100.4 /      100.6l,Education: Secondary gross enrol. ratio (f/m per 100 pop.),106.4 /      109.9,104.6 /      106.3,101.7 /      103.1l,Education: Upper secondary gross enrol. ratio (f/m per 100 pop.),123.0 /      132.3,110.1 /      115.9,112.0 /      118.7l,Intentional homicide rate (per 100 000 pop.),4.3,3.5,2.4l,Seats held by women in national parliaments (%),31.8,27.3,40n,,,,,,,,,,,,,,,,
"Population age distribution (0-14/60+ years old, %)",14.9 /       19.1,16.3 /       20.4,17.3 /       23.2a,International migrant stock (000/% of total pop.),1 090.4 /       11.6,1 082.9 /       11.5,1 067.1 /       11.3d,Refugees and others of concern to UNHCR (000),8.4k,7.9,9.2d,Infant mortality ratej (per 1 000 live births),6.3,3.4,3d,Health: Current expenditure (% of GDP),5.7,6.1,5.6l,Health: Physicians (per 1 000 pop.),3.2,5.2,...,Education: Government expenditure (% of GDP),5.2,4.8,4.8m,Education: Primary gross enrol. ratio (f/m per 100 pop.),104.3 /      104.5,99.2 /       99.1,100.4 /      100.6l,Education: Secondary gross enrol. ratio (f/m per 100 pop.),106.4 /      109.9,104.6 /      106.3,101.7 /      103.1l,Education: Upper secondary gross enrol. ratio (f/m per 100 pop.),123.0 /      132.3,110.1 /      115.9,112.0 /      118.7l,Intentional homicide rate (per 100 000 pop.),4.3,3.5,2.4l,Seats held by women in national parliaments (%),31.8,27.3,40n,,,,,,,,,,,,,,,,,,,,
International migrant stock (000/% of total pop.),1 090.4 /       11.6,1 082.9 /       11.5,1 067.1 /       11.3d,Refugees and others of concern to UNHCR (000),8.4k,7.9,9.2d,Infant mortality ratej (per 1 000 live births),6.3,3.4,3d,Health: Current expenditure (% of GDP),5.7,6.1,5.6l,Health: Physicians (per 1 000 pop.),3.2,5.2,...,Education: Government expenditure (% of GDP),5.2,4.8,4.8m,Education: Primary gross enrol. ratio (f/m per 100 pop.),104.3 /      104.5,99.2 /       99.1,100.4 /      100.6l,Education: Secondary gross enrol. ratio (f/m per 100 pop.),106.4 /      109.9,104.6 /      106.3,101.7 /      103.1l,Education: Upper secondary gross enrol. ratio (f/m per 100 pop.),123.0 /      132.3,110.1 /      115.9,112.0 /      118.7l,Intentional homicide rate (per 100 000 pop.),4.3,3.5,2.4l,Seats held by women in national parliaments (%),31.8,27.3,40n,,,,,,,,,,,,,,,,,,,,,,,,
Refugees and others of concern to UNHCR (000),8.4k,7.9,9.2d,Infant mortality ratej (per 1 000 live births),6.3,3.4,3d,Health: Current expenditure (% of GDP),5.7,6.1,5.6l,Health: Physicians (per 1 000 pop.),3.2,5.2,...,Education: Government expenditure (% of GDP),5.2,4.8,4.8m,Education: Primary gross enrol. ratio (f/m per 100 pop.),104.3 /      104.5,99.2 /       99.1,100.4 /      100.6l,Education: Secondary gross enrol. ratio (f/m per 100 pop.),106.4 /      109.9,104.6 /      106.3,101.7 /      103.1l,Education: Upper secondary gross enrol. ratio (f/m per 100 pop.),123.0 /      132.3,110.1 /      115.9,112.0 /      118.7l,Intentional homicide rate (per 100 000 pop.),4.3,3.5,2.4l,Seats held by women in national parliaments (%),31.8,27.3,40n,,,,,,,,,,,,,,,,,,,,,,,,,,,,
Infant mortality ratej (per 1 000 live births),6.3,3.4,3d,Health: Current expenditure (% of GDP),5.7,6.1,5.6l,Health: Physicians (per 1 000 pop.),3.2,5.2,...,Education: Government expenditure (% of GDP),5.2,4.8,4.8m,Education: Primary gross enrol. ratio (f/m per 100 pop.),104.3 /      104.5,99.2 /       99.1,100.4 /      100.6l,Education: Secondary gross enrol. ratio (f/m per 100 pop.),106.4 /      109.9,104.6 /      106.3,101.7 /      103.1l,Education: Upper secondary gross enrol. ratio (f/m per 100 pop.),123.0 /      132.3,110.1 /      115.9,112.0 /      118.7l,Intentional homicide rate (per 100 000 pop.),4.3,3.5,2.4l,Seats held by women in national parliaments (%),31.8,27.3,40n,,,,,,,,,,,,,,,,,,,,,,,,,,,,,,,,
Health: Current expenditure (% of GDP),5.7,6.1,5.6l,Health: Physicians (per 1 000 pop.),3.2,5.2,...,Education: Government expenditure (% of GDP),5.2,4.8,4.8m,Education: Primary gross enrol. ratio (f/m per 100 pop.),104.3 /      104.5,99.2 /       99.1,100.4 /      100.6l,Education: Secondary gross enrol. ratio (f/m per 100 pop.),106.4 /      109.9,104.6 /      106.3,101.7 /      103.1l,Education: Upper secondary gross enrol. ratio (f/m per 100 pop.),123.0 /      132.3,110.1 /      115.9,112.0 /      118.7l,Intentional homicide rate (per 100 000 pop.),4.3,3.5,2.4l,Seats held by women in national parliaments (%),31.8,27.3,40n,,,,,,,,,,,,,,,,,,,,,,,,,,,,,,,,,,,,
Health: Physicians (per 1 000 pop.),3.2,5.2,...,Education: Government expenditure (% of GDP),5.2,4.8,4.8m,Education: Primary gross enrol. ratio (f/m per 100 pop.),104.3 /      104.5,99.2 /       99.1,100.4 /      100.6l,Education: Secondary gross enrol. ratio (f/m per 100 pop.),106.4 /      109.9,104.6 /      106.3,101.7 /      103.1l,Education: Upper secondary gross enrol. ratio (f/m per 100 pop.),123.0 /      132.3,110.1 /      115.9,112.0 /      118.7l,Intentional homicide rate (per 100 000 pop.),4.3,3.5,2.4l,Seats held by women in national parliaments (%),31.8,27.3,40n,,,,,,,,,,,,,,,,,,,,,,,,,,,,,,,,,,,,,,,,
Education: Government expenditure (% of GDP),5.2,4.8,4.8m,Education: Primary gross enrol. ratio (f/m per 100 pop.),104.3 /      104.5,99.2 /       99.1,100.4 /      100.6l,Education: Secondary gross enrol. ratio (f/m per 100 pop.),106.4 /      109.9,104.6 /      106.3,101.7 /      103.1l,Education: Upper secondary gross enrol. ratio (f/m per 100 pop.),123.0 /      132.3,110.1 /      115.9,112.0 /      118.7l,Intentional homicide rate (per 100 000 pop.),4.3,3.5,2.4l,Seats held by women in national parliaments (%),31.8,27.3,40n,,,,,,,,,,,,,,,,,,,,,,,,,,,,,,,,,,,,,,,,,,,,
Education: Primary gross enrol. ratio (f/m per 100 pop.),104.3 /      104.5,99.2 /       99.1,100.4 /      100.6l,Education: Secondary gross enrol. ratio (f/m per 100 pop.),106.4 /      109.9,104.6 /      106.3,101.7 /      103.1l,Education: Upper secondary gross enrol. ratio (f/m per 100 pop.),123.0 /      132.3,110.1 /      115.9,112.0 /      118.7l,Intentional homicide rate (per 100 000 pop.),4.3,3.5,2.4l,Seats held by women in national parliaments (%),31.8,27.3,40n,,,,,,,,,,,,,,,,,,,,,,,,,,,,,,,,,,,,,,,,,,,,,,,,
Education: Secondary gross enrol. ratio (f/m per 100 pop.),106.4 /      109.9,104.6 /      106.3,101.7 /      103.1l,Education: Upper secondary gross enrol. ratio (f/m per 100 pop.),123.0 /      132.3,110.1 /      115.9,112.0 /      118.7l,Intentional homicide rate (per 100 000 pop.),4.3,3.5,2.4l,Seats held by women in national parliaments (%),31.8,27.3,40n,,,,,,,,,,,,,,,,,,,,,,,,,,,,,,,,,,,,,,,,,,,,,,,,,,,,
Education: Upper secondary gross enrol. ratio (f/m per 100 pop.),123.0 /      132.3,110.1 /      115.9,112.0 /      118.7l,Intentional homicide rate (per 100 000 pop.),4.3,3.5,2.4l,Seats held by women in national parliaments (%),31.8,27.3,40n,,,,,,,,,,,,,,,,,,,,,,,,,,,,,,,,,,,,,,,,,,,,,,,,,,,,,,,,
Intentional homicide rate (per 100 000 pop.),4.3,3.5,2.4l,Seats held by women in national parliaments (%),31.8,27.3,40n,,,,,,,,,,,,,,,,,,,,,,,,,,,,,,,,,,,,,,,,,,,,,,,,,,,,,,,,,,,,
Seats held by women in national parliaments (%),31.8,27.3,40n,,,,,,,,,,,,,,,,,,,,,,,,,,,,,,,,,,,,,,,,,,,,,,,,,,,,,,,,,,,,,,,,
