0,1,2,3,4,5,6,7,8,9,10,11,12,13,14,15,16,17,18,19,20,21,22,23,24,25,26,27,28,29,30,31,32,33,34,35,36,37,38,39,40,41,42,43,44,45,46,47,48,49,50,51,52,53,54,55,56,57,58,59,60,61,62,63,64,65,66,67
,2010,2015,2021,,,,,,,,,,,,,,,,,,,,,,,,,,,,,,,,,,,,,,,,,,,,,,,,,,,,,,,,,,,,,,,,
GDP: Gross domestic product (million current US$),1 543,1 378,1 823b,"GDP growth rate (annual %, const. 2015 prices)",5.9,4.1,6.1b,GDP per capita (current US$),860.6,660.7,776.4b,Economy: Agriculturee (% of Gross Value Added),37.4,24.3,20.1b,"Economy: Industryf,g (% of Gross Value Added)",10.4,18.8,17.5b,Economy: Services and other activityh (% of GVA),52.2,56.9,62.4b,Employment in agriculturei (% of employed),31,29.2,26.6d,Employment in industryi (% of employed),16.4,15.8,15.8d,Employment in servicesi (% employed),52.6,54.9,57.7d,Unemploymenti (% of labour force),9.4,9.3,9.1d,Labour force participation ratei (female/male pop. %),49.7 /       68.0,50.6 /       67.8,51.4 /       68.1d,CPI: Consumer Price Indexj (2010=100),100,131,183d,Agricultural production index (2014-2016=100),139,107,92b,International trade: exports (million current US$),68,83,26d,International trade: imports (million current US$),284,391,553d,International trade: balance (million current US$),-215,-308,-527d,"Balance of payments, current account (million US$)",17,-99,-79k
"GDP growth rate (annual %, const. 2015 prices)",5.9,4.1,6.1b,GDP per capita (current US$),860.6,660.7,776.4b,Economy: Agriculturee (% of Gross Value Added),37.4,24.3,20.1b,"Economy: Industryf,g (% of Gross Value Added)",10.4,18.8,17.5b,Economy: Services and other activityh (% of GVA),52.2,56.9,62.4b,Employment in agriculturei (% of employed),31,29.2,26.6d,Employment in industryi (% of employed),16.4,15.8,15.8d,Employment in servicesi (% employed),52.6,54.9,57.7d,Unemploymenti (% of labour force),9.4,9.3,9.1d,Labour force participation ratei (female/male pop. %),49.7 /       68.0,50.6 /       67.8,51.4 /       68.1d,CPI: Consumer Price Indexj (2010=100),100,131,183d,Agricultural production index (2014-2016=100),139,107,92b,International trade: exports (million current US$),68,83,26d,International trade: imports (million current US$),284,391,553d,International trade: balance (million current US$),-215,-308,-527d,"Balance of payments, current account (million US$)",17,-99,-79k,,,,
GDP per capita (current US$),860.6,660.7,776.4b,Economy: Agriculturee (% of Gross Value Added),37.4,24.3,20.1b,"Economy: Industryf,g (% of Gross Value Added)",10.4,18.8,17.5b,Economy: Services and other activityh (% of GVA),52.2,56.9,62.4b,Employment in agriculturei (% of employed),31,29.2,26.6d,Employment in industryi (% of employed),16.4,15.8,15.8d,Employment in servicesi (% employed),52.6,54.9,57.7d,Unemploymenti (% of labour force),9.4,9.3,9.1d,Labour force participation ratei (female/male pop. %),49.7 /       68.0,50.6 /       67.8,51.4 /       68.1d,CPI: Consumer Price Indexj (2010=100),100,131,183d,Agricultural production index (2014-2016=100),139,107,92b,International trade: exports (million current US$),68,83,26d,International trade: imports (million current US$),284,391,553d,International trade: balance (million current US$),-215,-308,-527d,"Balance of payments, current account (million US$)",17,-99,-79k,,,,,,,,
Economy: Agriculturee (% of Gross Value Added),37.4,24.3,20.1b,"Economy: Industryf,g (% of Gross Value Added)",10.4,18.8,17.5b,Economy: Services and other activityh (% of GVA),52.2,56.9,62.4b,Employment in agriculturei (% of employed),31,29.2,26.6d,Employment in industryi (% of employed),16.4,15.8,15.8d,Employment in servicesi (% employed),52.6,54.9,57.7d,Unemploymenti (% of labour force),9.4,9.3,9.1d,Labour force participation ratei (female/male pop. %),49.7 /       68.0,50.6 /       67.8,51.4 /       68.1d,CPI: Consumer Price Indexj (2010=100),100,131,183d,Agricultural production index (2014-2016=100),139,107,92b,International trade: exports (million current US$),68,83,26d,International trade: imports (million current US$),284,391,553d,International trade: balance (million current US$),-215,-308,-527d,"Balance of payments, current account (million US$)",17,-99,-79k,,,,,,,,,,,,
"Economy: Industryf,g (% of Gross Value Added)",10.4,18.8,17.5b,Economy: Services and other activityh (% of GVA),52.2,56.9,62.4b,Employment in agriculturei (% of employed),31,29.2,26.6d,Employment in industryi (% of employed),16.4,15.8,15.8d,Employment in servicesi (% employed),52.6,54.9,57.7d,Unemploymenti (% of labour force),9.4,9.3,9.1d,Labour force participation ratei (female/male pop. %),49.7 /       68.0,50.6 /       67.8,51.4 /       68.1d,CPI: Consumer Price Indexj (2010=100),100,131,183d,Agricultural production index (2014-2016=100),139,107,92b,International trade: exports (million current US$),68,83,26d,International trade: imports (million current US$),284,391,553d,International trade: balance (million current US$),-215,-308,-527d,"Balance of payments, current account (million US$)",17,-99,-79k,,,,,,,,,,,,,,,,
Economy: Services and other activityh (% of GVA),52.2,56.9,62.4b,Employment in agriculturei (% of employed),31,29.2,26.6d,Employment in industryi (% of employed),16.4,15.8,15.8d,Employment in servicesi (% employed),52.6,54.9,57.7d,Unemploymenti (% of labour force),9.4,9.3,9.1d,Labour force participation ratei (female/male pop. %),49.7 /       68.0,50.6 /       67.8,51.4 /       68.1d,CPI: Consumer Price Indexj (2010=100),100,131,183d,Agricultural production index (2014-2016=100),139,107,92b,International trade: exports (million current US$),68,83,26d,International trade: imports (million current US$),284,391,553d,International trade: balance (million current US$),-215,-308,-527d,"Balance of payments, current account (million US$)",17,-99,-79k,,,,,,,,,,,,,,,,,,,,
Employment in agriculturei (% of employed),31,29.2,26.6d,Employment in industryi (% of employed),16.4,15.8,15.8d,Employment in servicesi (% employed),52.6,54.9,57.7d,Unemploymenti (% of labour force),9.4,9.3,9.1d,Labour force participation ratei (female/male pop. %),49.7 /       68.0,50.6 /       67.8,51.4 /       68.1d,CPI: Consumer Price Indexj (2010=100),100,131,183d,Agricultural production index (2014-2016=100),139,107,92b,International trade: exports (million current US$),68,83,26d,International trade: imports (million current US$),284,391,553d,International trade: balance (million current US$),-215,-308,-527d,"Balance of payments, current account (million US$)",17,-99,-79k,,,,,,,,,,,,,,,,,,,,,,,,
Employment in industryi (% of employed),16.4,15.8,15.8d,Employment in servicesi (% employed),52.6,54.9,57.7d,Unemploymenti (% of labour force),9.4,9.3,9.1d,Labour force participation ratei (female/male pop. %),49.7 /       68.0,50.6 /       67.8,51.4 /       68.1d,CPI: Consumer Price Indexj (2010=100),100,131,183d,Agricultural production index (2014-2016=100),139,107,92b,International trade: exports (million current US$),68,83,26d,International trade: imports (million current US$),284,391,553d,International trade: balance (million current US$),-215,-308,-527d,"Balance of payments, current account (million US$)",17,-99,-79k,,,,,,,,,,,,,,,,,,,,,,,,,,,,
Employment in servicesi (% employed),52.6,54.9,57.7d,Unemploymenti (% of labour force),9.4,9.3,9.1d,Labour force participation ratei (female/male pop. %),49.7 /       68.0,50.6 /       67.8,51.4 /       68.1d,CPI: Consumer Price Indexj (2010=100),100,131,183d,Agricultural production index (2014-2016=100),139,107,92b,International trade: exports (million current US$),68,83,26d,International trade: imports (million current US$),284,391,553d,International trade: balance (million current US$),-215,-308,-527d,"Balance of payments, current account (million US$)",17,-99,-79k,,,,,,,,,,,,,,,,,,,,,,,,,,,,,,,,
Unemploymenti (% of labour force),9.4,9.3,9.1d,Labour force participation ratei (female/male pop. %),49.7 /       68.0,50.6 /       67.8,51.4 /       68.1d,CPI: Consumer Price Indexj (2010=100),100,131,183d,Agricultural production index (2014-2016=100),139,107,92b,International trade: exports (million current US$),68,83,26d,International trade: imports (million current US$),284,391,553d,International trade: balance (million current US$),-215,-308,-527d,"Balance of payments, current account (million US$)",17,-99,-79k,,,,,,,,,,,,,,,,,,,,,,,,,,,,,,,,,,,,
Labour force participation ratei (female/male pop. %),49.7 /       68.0,50.6 /       67.8,51.4 /       68.1d,CPI: Consumer Price Indexj (2010=100),100,131,183d,Agricultural production index (2014-2016=100),139,107,92b,International trade: exports (million current US$),68,83,26d,International trade: imports (million current US$),284,391,553d,International trade: balance (million current US$),-215,-308,-527d,"Balance of payments, current account (million US$)",17,-99,-79k,,,,,,,,,,,,,,,,,,,,,,,,,,,,,,,,,,,,,,,,
CPI: Consumer Price Indexj (2010=100),100,131,183d,Agricultural production index (2014-2016=100),139,107,92b,International trade: exports (million current US$),68,83,26d,International trade: imports (million current US$),284,391,553d,International trade: balance (million current US$),-215,-308,-527d,"Balance of payments, current account (million US$)",17,-99,-79k,,,,,,,,,,,,,,,,,,,,,,,,,,,,,,,,,,,,,,,,,,,,
Agricultural production index (2014-2016=100),139,107,92b,International trade: exports (million current US$),68,83,26d,International trade: imports (million current US$),284,391,553d,International trade: balance (million current US$),-215,-308,-527d,"Balance of payments, current account (million US$)",17,-99,-79k,,,,,,,,,,,,,,,,,,,,,,,,,,,,,,,,,,,,,,,,,,,,,,,,
International trade: exports (million current US$),68,83,26d,International trade: imports (million current US$),284,391,553d,International trade: balance (million current US$),-215,-308,-527d,"Balance of payments, current account (million US$)",17,-99,-79k,,,,,,,,,,,,,,,,,,,,,,,,,,,,,,,,,,,,,,,,,,,,,,,,,,,,
International trade: imports (million current US$),284,391,553d,International trade: balance (million current US$),-215,-308,-527d,"Balance of payments, current account (million US$)",17,-99,-79k,,,,,,,,,,,,,,,,,,,,,,,,,,,,,,,,,,,,,,,,,,,,,,,,,,,,,,,,
International trade: balance (million current US$),-215,-308,-527d,"Balance of payments, current account (million US$)",17,-99,-79k,,,,,,,,,,,,,,,,,,,,,,,,,,,,,,,,,,,,,,,,,,,,,,,,,,,,,,,,,,,,
"Balance of payments, current account (million US$)",17,-99,-79k,,,,,,,,,,,,,,,,,,,,,,,,,,,,,,,,,,,,,,,,,,,,,,,,,,,,,,,,,,,,,,,,
