0,1,2,3,4,5,6,7,8,9,10,11,12,13,14,15,16,17,18,19,20,21,22,23,24,25,26,27,28,29,30,31,32,33,34,35,36,37,38,39,40,41,42,43
,2010,2015,2021,,,,,,,,,,,,,,,,,,,,,,,,,,,,,,,,,,,,,,,,
Individuals using the Internet (per 100 inhabitants),9.2,16.5i,"19.8i,q",Research & Development expenditure (% of GDP),"~0.0r,s","0.1t,u","0.1r,v,w,k",Threatened species (number),43,55,104,Forested area (% of land area),29.6,26.8i,"25.1i,k","Energy production, primaryi (Petajoules)",6,7,7k,Energy supply per capita (Gigajoules),7,7i,"6i,k",Tourist/visitor arrivals at national bordersx (000),91y,449,552k,Important sites for terrestrial biodiversity protected (%),41.7,41.7,41.7d,"Pop. using safely managed drinking water (urban/rural, %)",55.9 /        5.9,61.8 /        6.7,66.9 /        7.6d,Pop. using safely managed sanitation (urban/rural %),30.0 /       41.0,31.5 /       32.7,31.8 /       24.2d,Net Official Development Assist. received (% of GNI),8,8.62,10.95b
Research & Development expenditure (% of GDP),"~0.0r,s","0.1t,u","0.1r,v,w,k",Threatened species (number),43,55,104,Forested area (% of land area),29.6,26.8i,"25.1i,k","Energy production, primaryi (Petajoules)",6,7,7k,Energy supply per capita (Gigajoules),7,7i,"6i,k",Tourist/visitor arrivals at national bordersx (000),91y,449,552k,Important sites for terrestrial biodiversity protected (%),41.7,41.7,41.7d,"Pop. using safely managed drinking water (urban/rural, %)",55.9 /        5.9,61.8 /        6.7,66.9 /        7.6d,Pop. using safely managed sanitation (urban/rural %),30.0 /       41.0,31.5 /       32.7,31.8 /       24.2d,Net Official Development Assist. received (% of GNI),8,8.62,10.95b,,,,
Threatened species (number),43,55,104,Forested area (% of land area),29.6,26.8i,"25.1i,k","Energy production, primaryi (Petajoules)",6,7,7k,Energy supply per capita (Gigajoules),7,7i,"6i,k",Tourist/visitor arrivals at national bordersx (000),91y,449,552k,Important sites for terrestrial biodiversity protected (%),41.7,41.7,41.7d,"Pop. using safely managed drinking water (urban/rural, %)",55.9 /        5.9,61.8 /        6.7,66.9 /        7.6d,Pop. using safely managed sanitation (urban/rural %),30.0 /       41.0,31.5 /       32.7,31.8 /       24.2d,Net Official Development Assist. received (% of GNI),8,8.62,10.95b,,,,,,,,
Forested area (% of land area),29.6,26.8i,"25.1i,k","Energy production, primaryi (Petajoules)",6,7,7k,Energy supply per capita (Gigajoules),7,7i,"6i,k",Tourist/visitor arrivals at national bordersx (000),91y,449,552k,Important sites for terrestrial biodiversity protected (%),41.7,41.7,41.7d,"Pop. using safely managed drinking water (urban/rural, %)",55.9 /        5.9,61.8 /        6.7,66.9 /        7.6d,Pop. using safely managed sanitation (urban/rural %),30.0 /       41.0,31.5 /       32.7,31.8 /       24.2d,Net Official Development Assist. received (% of GNI),8,8.62,10.95b,,,,,,,,,,,,
"Energy production, primaryi (Petajoules)",6,7,7k,Energy supply per capita (Gigajoules),7,7i,"6i,k",Tourist/visitor arrivals at national bordersx (000),91y,449,552k,Important sites for terrestrial biodiversity protected (%),41.7,41.7,41.7d,"Pop. using safely managed drinking water (urban/rural, %)",55.9 /        5.9,61.8 /        6.7,66.9 /        7.6d,Pop. using safely managed sanitation (urban/rural %),30.0 /       41.0,31.5 /       32.7,31.8 /       24.2d,Net Official Development Assist. received (% of GNI),8,8.62,10.95b,,,,,,,,,,,,,,,,
Energy supply per capita (Gigajoules),7,7i,"6i,k",Tourist/visitor arrivals at national bordersx (000),91y,449,552k,Important sites for terrestrial biodiversity protected (%),41.7,41.7,41.7d,"Pop. using safely managed drinking water (urban/rural, %)",55.9 /        5.9,61.8 /        6.7,66.9 /        7.6d,Pop. using safely managed sanitation (urban/rural %),30.0 /       41.0,31.5 /       32.7,31.8 /       24.2d,Net Official Development Assist. received (% of GNI),8,8.62,10.95b,,,,,,,,,,,,,,,,,,,,
Tourist/visitor arrivals at national bordersx (000),91y,449,552k,Important sites for terrestrial biodiversity protected (%),41.7,41.7,41.7d,"Pop. using safely managed drinking water (urban/rural, %)",55.9 /        5.9,61.8 /        6.7,66.9 /        7.6d,Pop. using safely managed sanitation (urban/rural %),30.0 /       41.0,31.5 /       32.7,31.8 /       24.2d,Net Official Development Assist. received (% of GNI),8,8.62,10.95b,,,,,,,,,,,,,,,,,,,,,,,,
Important sites for terrestrial biodiversity protected (%),41.7,41.7,41.7d,"Pop. using safely managed drinking water (urban/rural, %)",55.9 /        5.9,61.8 /        6.7,66.9 /        7.6d,Pop. using safely managed sanitation (urban/rural %),30.0 /       41.0,31.5 /       32.7,31.8 /       24.2d,Net Official Development Assist. received (% of GNI),8,8.62,10.95b,,,,,,,,,,,,,,,,,,,,,,,,,,,,
"Pop. using safely managed drinking water (urban/rural, %)",55.9 /        5.9,61.8 /        6.7,66.9 /        7.6d,Pop. using safely managed sanitation (urban/rural %),30.0 /       41.0,31.5 /       32.7,31.8 /       24.2d,Net Official Development Assist. received (% of GNI),8,8.62,10.95b,,,,,,,,,,,,,,,,,,,,,,,,,,,,,,,,
Pop. using safely managed sanitation (urban/rural %),30.0 /       41.0,31.5 /       32.7,31.8 /       24.2d,Net Official Development Assist. received (% of GNI),8,8.62,10.95b,,,,,,,,,,,,,,,,,,,,,,,,,,,,,,,,,,,,
Net Official Development Assist. received (% of GNI),8,8.62,10.95b,,,,,,,,,,,,,,,,,,,,,,,,,,,,,,,,,,,,,,,,
