0,1,2,3,4,5,6,7,8,9,10,11,12,13,14,15,16,17,18,19,20,21,22,23,24,25,26,27,28,29,30,31,32,33,34,35,36,37,38,39,40,41,42,43,44,45,46,47,48,49,50,51,52,53,54,55,56,57,58,59,60,61,62,63
,2010,2015,2021,,,,,,,,,,,,,,,,,,,,,,,,,,,,,,,,,,,,,,,,,,,,,,,,,,,,,,,,,,,,
Population growth ratel (average annual %),3,3,2.9d,Urban population (% of total population),55.7,59.2,61.9b,Urban population growth ratel (average annual %),4.5,4.4,...,"Fertility rate, totall (live births per woman)",5.6,5.5,5.2d,"Life expectancy at birthl (females/males, years)",60.2 /       57.6,61.6 /       59.1,63.0 /       60.2d,"Population age distribution (0-14/60+ years old, %)",45.1 /        4.3,44.5 /        4.1,43.8 /        4.0a,International migrant stockm (000/% of total pop.),185.8 /       10.4,192.5 /        9.2,215.7 /        8.9d,Refugees and others of concern to UNHCR (000),8.5n,11.8,4.6d,Infant mortality ratel (per 1 000 live births),52.4,49.8,44.8d,Health: Current expenditure (% of GDP),4.1,3.2,3.1k,Health: Physicians (per 1 000 pop.),0.1o,0.1,0.1b,Education: Government expenditure (% of GDP),2.6,2.2,"2.4i,k",Education: Primary gross enrol. ratio (f/m per 100 pop.),80.8 /       78.8,93.0 /       87.1,106.9 /       96.5b,Education: Secondary gross enrol. ratio (f/m per 100 pop.),49.1 /       51.2i,... / ...,... / ...,Education: Upper secondary gross enrol. ratio (f/m per 100 pop.),38.2 /       44.1i,... / ...,... / ...,Seats held by women in national parliaments (%),7.5,9.4,8.6p
Urban population (% of total population),55.7,59.2,61.9b,Urban population growth ratel (average annual %),4.5,4.4,...,"Fertility rate, totall (live births per woman)",5.6,5.5,5.2d,"Life expectancy at birthl (females/males, years)",60.2 /       57.6,61.6 /       59.1,63.0 /       60.2d,"Population age distribution (0-14/60+ years old, %)",45.1 /        4.3,44.5 /        4.1,43.8 /        4.0a,International migrant stockm (000/% of total pop.),185.8 /       10.4,192.5 /        9.2,215.7 /        8.9d,Refugees and others of concern to UNHCR (000),8.5n,11.8,4.6d,Infant mortality ratel (per 1 000 live births),52.4,49.8,44.8d,Health: Current expenditure (% of GDP),4.1,3.2,3.1k,Health: Physicians (per 1 000 pop.),0.1o,0.1,0.1b,Education: Government expenditure (% of GDP),2.6,2.2,"2.4i,k",Education: Primary gross enrol. ratio (f/m per 100 pop.),80.8 /       78.8,93.0 /       87.1,106.9 /       96.5b,Education: Secondary gross enrol. ratio (f/m per 100 pop.),49.1 /       51.2i,... / ...,... / ...,Education: Upper secondary gross enrol. ratio (f/m per 100 pop.),38.2 /       44.1i,... / ...,... / ...,Seats held by women in national parliaments (%),7.5,9.4,8.6p,,,,
Urban population growth ratel (average annual %),4.5,4.4,...,"Fertility rate, totall (live births per woman)",5.6,5.5,5.2d,"Life expectancy at birthl (females/males, years)",60.2 /       57.6,61.6 /       59.1,63.0 /       60.2d,"Population age distribution (0-14/60+ years old, %)",45.1 /        4.3,44.5 /        4.1,43.8 /        4.0a,International migrant stockm (000/% of total pop.),185.8 /       10.4,192.5 /        9.2,215.7 /        8.9d,Refugees and others of concern to UNHCR (000),8.5n,11.8,4.6d,Infant mortality ratel (per 1 000 live births),52.4,49.8,44.8d,Health: Current expenditure (% of GDP),4.1,3.2,3.1k,Health: Physicians (per 1 000 pop.),0.1o,0.1,0.1b,Education: Government expenditure (% of GDP),2.6,2.2,"2.4i,k",Education: Primary gross enrol. ratio (f/m per 100 pop.),80.8 /       78.8,93.0 /       87.1,106.9 /       96.5b,Education: Secondary gross enrol. ratio (f/m per 100 pop.),49.1 /       51.2i,... / ...,... / ...,Education: Upper secondary gross enrol. ratio (f/m per 100 pop.),38.2 /       44.1i,... / ...,... / ...,Seats held by women in national parliaments (%),7.5,9.4,8.6p,,,,,,,,
"Fertility rate, totall (live births per woman)",5.6,5.5,5.2d,"Life expectancy at birthl (females/males, years)",60.2 /       57.6,61.6 /       59.1,63.0 /       60.2d,"Population age distribution (0-14/60+ years old, %)",45.1 /        4.3,44.5 /        4.1,43.8 /        4.0a,International migrant stockm (000/% of total pop.),185.8 /       10.4,192.5 /        9.2,215.7 /        8.9d,Refugees and others of concern to UNHCR (000),8.5n,11.8,4.6d,Infant mortality ratel (per 1 000 live births),52.4,49.8,44.8d,Health: Current expenditure (% of GDP),4.1,3.2,3.1k,Health: Physicians (per 1 000 pop.),0.1o,0.1,0.1b,Education: Government expenditure (% of GDP),2.6,2.2,"2.4i,k",Education: Primary gross enrol. ratio (f/m per 100 pop.),80.8 /       78.8,93.0 /       87.1,106.9 /       96.5b,Education: Secondary gross enrol. ratio (f/m per 100 pop.),49.1 /       51.2i,... / ...,... / ...,Education: Upper secondary gross enrol. ratio (f/m per 100 pop.),38.2 /       44.1i,... / ...,... / ...,Seats held by women in national parliaments (%),7.5,9.4,8.6p,,,,,,,,,,,,
"Life expectancy at birthl (females/males, years)",60.2 /       57.6,61.6 /       59.1,63.0 /       60.2d,"Population age distribution (0-14/60+ years old, %)",45.1 /        4.3,44.5 /        4.1,43.8 /        4.0a,International migrant stockm (000/% of total pop.),185.8 /       10.4,192.5 /        9.2,215.7 /        8.9d,Refugees and others of concern to UNHCR (000),8.5n,11.8,4.6d,Infant mortality ratel (per 1 000 live births),52.4,49.8,44.8d,Health: Current expenditure (% of GDP),4.1,3.2,3.1k,Health: Physicians (per 1 000 pop.),0.1o,0.1,0.1b,Education: Government expenditure (% of GDP),2.6,2.2,"2.4i,k",Education: Primary gross enrol. ratio (f/m per 100 pop.),80.8 /       78.8,93.0 /       87.1,106.9 /       96.5b,Education: Secondary gross enrol. ratio (f/m per 100 pop.),49.1 /       51.2i,... / ...,... / ...,Education: Upper secondary gross enrol. ratio (f/m per 100 pop.),38.2 /       44.1i,... / ...,... / ...,Seats held by women in national parliaments (%),7.5,9.4,8.6p,,,,,,,,,,,,,,,,
"Population age distribution (0-14/60+ years old, %)",45.1 /        4.3,44.5 /        4.1,43.8 /        4.0a,International migrant stockm (000/% of total pop.),185.8 /       10.4,192.5 /        9.2,215.7 /        8.9d,Refugees and others of concern to UNHCR (000),8.5n,11.8,4.6d,Infant mortality ratel (per 1 000 live births),52.4,49.8,44.8d,Health: Current expenditure (% of GDP),4.1,3.2,3.1k,Health: Physicians (per 1 000 pop.),0.1o,0.1,0.1b,Education: Government expenditure (% of GDP),2.6,2.2,"2.4i,k",Education: Primary gross enrol. ratio (f/m per 100 pop.),80.8 /       78.8,93.0 /       87.1,106.9 /       96.5b,Education: Secondary gross enrol. ratio (f/m per 100 pop.),49.1 /       51.2i,... / ...,... / ...,Education: Upper secondary gross enrol. ratio (f/m per 100 pop.),38.2 /       44.1i,... / ...,... / ...,Seats held by women in national parliaments (%),7.5,9.4,8.6p,,,,,,,,,,,,,,,,,,,,
International migrant stockm (000/% of total pop.),185.8 /       10.4,192.5 /        9.2,215.7 /        8.9d,Refugees and others of concern to UNHCR (000),8.5n,11.8,4.6d,Infant mortality ratel (per 1 000 live births),52.4,49.8,44.8d,Health: Current expenditure (% of GDP),4.1,3.2,3.1k,Health: Physicians (per 1 000 pop.),0.1o,0.1,0.1b,Education: Government expenditure (% of GDP),2.6,2.2,"2.4i,k",Education: Primary gross enrol. ratio (f/m per 100 pop.),80.8 /       78.8,93.0 /       87.1,106.9 /       96.5b,Education: Secondary gross enrol. ratio (f/m per 100 pop.),49.1 /       51.2i,... / ...,... / ...,Education: Upper secondary gross enrol. ratio (f/m per 100 pop.),38.2 /       44.1i,... / ...,... / ...,Seats held by women in national parliaments (%),7.5,9.4,8.6p,,,,,,,,,,,,,,,,,,,,,,,,
Refugees and others of concern to UNHCR (000),8.5n,11.8,4.6d,Infant mortality ratel (per 1 000 live births),52.4,49.8,44.8d,Health: Current expenditure (% of GDP),4.1,3.2,3.1k,Health: Physicians (per 1 000 pop.),0.1o,0.1,0.1b,Education: Government expenditure (% of GDP),2.6,2.2,"2.4i,k",Education: Primary gross enrol. ratio (f/m per 100 pop.),80.8 /       78.8,93.0 /       87.1,106.9 /       96.5b,Education: Secondary gross enrol. ratio (f/m per 100 pop.),49.1 /       51.2i,... / ...,... / ...,Education: Upper secondary gross enrol. ratio (f/m per 100 pop.),38.2 /       44.1i,... / ...,... / ...,Seats held by women in national parliaments (%),7.5,9.4,8.6p,,,,,,,,,,,,,,,,,,,,,,,,,,,,
Infant mortality ratel (per 1 000 live births),52.4,49.8,44.8d,Health: Current expenditure (% of GDP),4.1,3.2,3.1k,Health: Physicians (per 1 000 pop.),0.1o,0.1,0.1b,Education: Government expenditure (% of GDP),2.6,2.2,"2.4i,k",Education: Primary gross enrol. ratio (f/m per 100 pop.),80.8 /       78.8,93.0 /       87.1,106.9 /       96.5b,Education: Secondary gross enrol. ratio (f/m per 100 pop.),49.1 /       51.2i,... / ...,... / ...,Education: Upper secondary gross enrol. ratio (f/m per 100 pop.),38.2 /       44.1i,... / ...,... / ...,Seats held by women in national parliaments (%),7.5,9.4,8.6p,,,,,,,,,,,,,,,,,,,,,,,,,,,,,,,,
Health: Current expenditure (% of GDP),4.1,3.2,3.1k,Health: Physicians (per 1 000 pop.),0.1o,0.1,0.1b,Education: Government expenditure (% of GDP),2.6,2.2,"2.4i,k",Education: Primary gross enrol. ratio (f/m per 100 pop.),80.8 /       78.8,93.0 /       87.1,106.9 /       96.5b,Education: Secondary gross enrol. ratio (f/m per 100 pop.),49.1 /       51.2i,... / ...,... / ...,Education: Upper secondary gross enrol. ratio (f/m per 100 pop.),38.2 /       44.1i,... / ...,... / ...,Seats held by women in national parliaments (%),7.5,9.4,8.6p,,,,,,,,,,,,,,,,,,,,,,,,,,,,,,,,,,,,
Health: Physicians (per 1 000 pop.),0.1o,0.1,0.1b,Education: Government expenditure (% of GDP),2.6,2.2,"2.4i,k",Education: Primary gross enrol. ratio (f/m per 100 pop.),80.8 /       78.8,93.0 /       87.1,106.9 /       96.5b,Education: Secondary gross enrol. ratio (f/m per 100 pop.),49.1 /       51.2i,... / ...,... / ...,Education: Upper secondary gross enrol. ratio (f/m per 100 pop.),38.2 /       44.1i,... / ...,... / ...,Seats held by women in national parliaments (%),7.5,9.4,8.6p,,,,,,,,,,,,,,,,,,,,,,,,,,,,,,,,,,,,,,,,
Education: Government expenditure (% of GDP),2.6,2.2,"2.4i,k",Education: Primary gross enrol. ratio (f/m per 100 pop.),80.8 /       78.8,93.0 /       87.1,106.9 /       96.5b,Education: Secondary gross enrol. ratio (f/m per 100 pop.),49.1 /       51.2i,... / ...,... / ...,Education: Upper secondary gross enrol. ratio (f/m per 100 pop.),38.2 /       44.1i,... / ...,... / ...,Seats held by women in national parliaments (%),7.5,9.4,8.6p,,,,,,,,,,,,,,,,,,,,,,,,,,,,,,,,,,,,,,,,,,,,
Education: Primary gross enrol. ratio (f/m per 100 pop.),80.8 /       78.8,93.0 /       87.1,106.9 /       96.5b,Education: Secondary gross enrol. ratio (f/m per 100 pop.),49.1 /       51.2i,... / ...,... / ...,Education: Upper secondary gross enrol. ratio (f/m per 100 pop.),38.2 /       44.1i,... / ...,... / ...,Seats held by women in national parliaments (%),7.5,9.4,8.6p,,,,,,,,,,,,,,,,,,,,,,,,,,,,,,,,,,,,,,,,,,,,,,,,
Education: Secondary gross enrol. ratio (f/m per 100 pop.),49.1 /       51.2i,... / ...,... / ...,Education: Upper secondary gross enrol. ratio (f/m per 100 pop.),38.2 /       44.1i,... / ...,... / ...,Seats held by women in national parliaments (%),7.5,9.4,8.6p,,,,,,,,,,,,,,,,,,,,,,,,,,,,,,,,,,,,,,,,,,,,,,,,,,,,
Education: Upper secondary gross enrol. ratio (f/m per 100 pop.),38.2 /       44.1i,... / ...,... / ...,Seats held by women in national parliaments (%),7.5,9.4,8.6p,,,,,,,,,,,,,,,,,,,,,,,,,,,,,,,,,,,,,,,,,,,,,,,,,,,,,,,,
Seats held by women in national parliaments (%),7.5,9.4,8.6p,,,,,,,,,,,,,,,,,,,,,,,,,,,,,,,,,,,,,,,,,,,,,,,,,,,,,,,,,,,,
