0,1,2,3,4,5,6,7,8,9,10,11,12,13,14,15,16,17,18,19,20,21,22,23,24,25,26,27,28,29,30,31,32,33,34,35,36,37,38,39,40,41,42,43,44,45,46,47,48,49,50,51,52,53,54,55,56,57,58,59,60,61,62,63,64,65,66,67
,2010,2015,2021,,,,,,,,,,,,,,,,,,,,,,,,,,,,,,,,,,,,,,,,,,,,,,,,,,,,,,,,,,,,,,,,
GDP: Gross domestic product (million current US$),228 639,309 386,365 711b,"GDP growth rate (annual %, const. 2015 prices)",6.8,2.4,-1.2b,GDP per capita (current US$),32 820.5,43 054.0,49 180.1b,Economy: Agriculturee (% of Gross Value Added),0.1,0.1,0.1b,Economy: Industryf (% of Gross Value Added),7,7.3,6.6b,"Economy: Services and other activityg,h (% of GVA)",93,92.7,93.4b,Employment in agriculturei (% of employed),0.2,0.2,0.2d,Employment in industryi (% of employed),12.8,12,11.5d,Employment in servicesi (% employed),87,87.8,88.3d,Unemploymenti (% of labour force),4.3,3.3,4.3d,Labour force participation ratei (female/male pop. %),51.4 /       68.1,54.3 /       68.5,53.7 /       67.0d,CPI: Consumer Price Index (2010=100),100,123,135d,Agricultural production index (2014-2016=100),101,96,138b,International trade: exports (million current US$),400 692,510 553,551 516d,International trade: imports (million current US$),441 369,559 306,573 061d,International trade: balance (million current US$),- 40 677,- 48 753,- 21 546d,"Balance of payments, current account (million US$)",16 012,10 264,22 666d
"GDP growth rate (annual %, const. 2015 prices)",6.8,2.4,-1.2b,GDP per capita (current US$),32 820.5,43 054.0,49 180.1b,Economy: Agriculturee (% of Gross Value Added),0.1,0.1,0.1b,Economy: Industryf (% of Gross Value Added),7,7.3,6.6b,"Economy: Services and other activityg,h (% of GVA)",93,92.7,93.4b,Employment in agriculturei (% of employed),0.2,0.2,0.2d,Employment in industryi (% of employed),12.8,12,11.5d,Employment in servicesi (% employed),87,87.8,88.3d,Unemploymenti (% of labour force),4.3,3.3,4.3d,Labour force participation ratei (female/male pop. %),51.4 /       68.1,54.3 /       68.5,53.7 /       67.0d,CPI: Consumer Price Index (2010=100),100,123,135d,Agricultural production index (2014-2016=100),101,96,138b,International trade: exports (million current US$),400 692,510 553,551 516d,International trade: imports (million current US$),441 369,559 306,573 061d,International trade: balance (million current US$),- 40 677,- 48 753,- 21 546d,"Balance of payments, current account (million US$)",16 012,10 264,22 666d,,,,
GDP per capita (current US$),32 820.5,43 054.0,49 180.1b,Economy: Agriculturee (% of Gross Value Added),0.1,0.1,0.1b,Economy: Industryf (% of Gross Value Added),7,7.3,6.6b,"Economy: Services and other activityg,h (% of GVA)",93,92.7,93.4b,Employment in agriculturei (% of employed),0.2,0.2,0.2d,Employment in industryi (% of employed),12.8,12,11.5d,Employment in servicesi (% employed),87,87.8,88.3d,Unemploymenti (% of labour force),4.3,3.3,4.3d,Labour force participation ratei (female/male pop. %),51.4 /       68.1,54.3 /       68.5,53.7 /       67.0d,CPI: Consumer Price Index (2010=100),100,123,135d,Agricultural production index (2014-2016=100),101,96,138b,International trade: exports (million current US$),400 692,510 553,551 516d,International trade: imports (million current US$),441 369,559 306,573 061d,International trade: balance (million current US$),- 40 677,- 48 753,- 21 546d,"Balance of payments, current account (million US$)",16 012,10 264,22 666d,,,,,,,,
Economy: Agriculturee (% of Gross Value Added),0.1,0.1,0.1b,Economy: Industryf (% of Gross Value Added),7,7.3,6.6b,"Economy: Services and other activityg,h (% of GVA)",93,92.7,93.4b,Employment in agriculturei (% of employed),0.2,0.2,0.2d,Employment in industryi (% of employed),12.8,12,11.5d,Employment in servicesi (% employed),87,87.8,88.3d,Unemploymenti (% of labour force),4.3,3.3,4.3d,Labour force participation ratei (female/male pop. %),51.4 /       68.1,54.3 /       68.5,53.7 /       67.0d,CPI: Consumer Price Index (2010=100),100,123,135d,Agricultural production index (2014-2016=100),101,96,138b,International trade: exports (million current US$),400 692,510 553,551 516d,International trade: imports (million current US$),441 369,559 306,573 061d,International trade: balance (million current US$),- 40 677,- 48 753,- 21 546d,"Balance of payments, current account (million US$)",16 012,10 264,22 666d,,,,,,,,,,,,
Economy: Industryf (% of Gross Value Added),7,7.3,6.6b,"Economy: Services and other activityg,h (% of GVA)",93,92.7,93.4b,Employment in agriculturei (% of employed),0.2,0.2,0.2d,Employment in industryi (% of employed),12.8,12,11.5d,Employment in servicesi (% employed),87,87.8,88.3d,Unemploymenti (% of labour force),4.3,3.3,4.3d,Labour force participation ratei (female/male pop. %),51.4 /       68.1,54.3 /       68.5,53.7 /       67.0d,CPI: Consumer Price Index (2010=100),100,123,135d,Agricultural production index (2014-2016=100),101,96,138b,International trade: exports (million current US$),400 692,510 553,551 516d,International trade: imports (million current US$),441 369,559 306,573 061d,International trade: balance (million current US$),- 40 677,- 48 753,- 21 546d,"Balance of payments, current account (million US$)",16 012,10 264,22 666d,,,,,,,,,,,,,,,,
"Economy: Services and other activityg,h (% of GVA)",93,92.7,93.4b,Employment in agriculturei (% of employed),0.2,0.2,0.2d,Employment in industryi (% of employed),12.8,12,11.5d,Employment in servicesi (% employed),87,87.8,88.3d,Unemploymenti (% of labour force),4.3,3.3,4.3d,Labour force participation ratei (female/male pop. %),51.4 /       68.1,54.3 /       68.5,53.7 /       67.0d,CPI: Consumer Price Index (2010=100),100,123,135d,Agricultural production index (2014-2016=100),101,96,138b,International trade: exports (million current US$),400 692,510 553,551 516d,International trade: imports (million current US$),441 369,559 306,573 061d,International trade: balance (million current US$),- 40 677,- 48 753,- 21 546d,"Balance of payments, current account (million US$)",16 012,10 264,22 666d,,,,,,,,,,,,,,,,,,,,
Employment in agriculturei (% of employed),0.2,0.2,0.2d,Employment in industryi (% of employed),12.8,12,11.5d,Employment in servicesi (% employed),87,87.8,88.3d,Unemploymenti (% of labour force),4.3,3.3,4.3d,Labour force participation ratei (female/male pop. %),51.4 /       68.1,54.3 /       68.5,53.7 /       67.0d,CPI: Consumer Price Index (2010=100),100,123,135d,Agricultural production index (2014-2016=100),101,96,138b,International trade: exports (million current US$),400 692,510 553,551 516d,International trade: imports (million current US$),441 369,559 306,573 061d,International trade: balance (million current US$),- 40 677,- 48 753,- 21 546d,"Balance of payments, current account (million US$)",16 012,10 264,22 666d,,,,,,,,,,,,,,,,,,,,,,,,
Employment in industryi (% of employed),12.8,12,11.5d,Employment in servicesi (% employed),87,87.8,88.3d,Unemploymenti (% of labour force),4.3,3.3,4.3d,Labour force participation ratei (female/male pop. %),51.4 /       68.1,54.3 /       68.5,53.7 /       67.0d,CPI: Consumer Price Index (2010=100),100,123,135d,Agricultural production index (2014-2016=100),101,96,138b,International trade: exports (million current US$),400 692,510 553,551 516d,International trade: imports (million current US$),441 369,559 306,573 061d,International trade: balance (million current US$),- 40 677,- 48 753,- 21 546d,"Balance of payments, current account (million US$)",16 012,10 264,22 666d,,,,,,,,,,,,,,,,,,,,,,,,,,,,
Employment in servicesi (% employed),87,87.8,88.3d,Unemploymenti (% of labour force),4.3,3.3,4.3d,Labour force participation ratei (female/male pop. %),51.4 /       68.1,54.3 /       68.5,53.7 /       67.0d,CPI: Consumer Price Index (2010=100),100,123,135d,Agricultural production index (2014-2016=100),101,96,138b,International trade: exports (million current US$),400 692,510 553,551 516d,International trade: imports (million current US$),441 369,559 306,573 061d,International trade: balance (million current US$),- 40 677,- 48 753,- 21 546d,"Balance of payments, current account (million US$)",16 012,10 264,22 666d,,,,,,,,,,,,,,,,,,,,,,,,,,,,,,,,
Unemploymenti (% of labour force),4.3,3.3,4.3d,Labour force participation ratei (female/male pop. %),51.4 /       68.1,54.3 /       68.5,53.7 /       67.0d,CPI: Consumer Price Index (2010=100),100,123,135d,Agricultural production index (2014-2016=100),101,96,138b,International trade: exports (million current US$),400 692,510 553,551 516d,International trade: imports (million current US$),441 369,559 306,573 061d,International trade: balance (million current US$),- 40 677,- 48 753,- 21 546d,"Balance of payments, current account (million US$)",16 012,10 264,22 666d,,,,,,,,,,,,,,,,,,,,,,,,,,,,,,,,,,,,
Labour force participation ratei (female/male pop. %),51.4 /       68.1,54.3 /       68.5,53.7 /       67.0d,CPI: Consumer Price Index (2010=100),100,123,135d,Agricultural production index (2014-2016=100),101,96,138b,International trade: exports (million current US$),400 692,510 553,551 516d,International trade: imports (million current US$),441 369,559 306,573 061d,International trade: balance (million current US$),- 40 677,- 48 753,- 21 546d,"Balance of payments, current account (million US$)",16 012,10 264,22 666d,,,,,,,,,,,,,,,,,,,,,,,,,,,,,,,,,,,,,,,,
CPI: Consumer Price Index (2010=100),100,123,135d,Agricultural production index (2014-2016=100),101,96,138b,International trade: exports (million current US$),400 692,510 553,551 516d,International trade: imports (million current US$),441 369,559 306,573 061d,International trade: balance (million current US$),- 40 677,- 48 753,- 21 546d,"Balance of payments, current account (million US$)",16 012,10 264,22 666d,,,,,,,,,,,,,,,,,,,,,,,,,,,,,,,,,,,,,,,,,,,,
Agricultural production index (2014-2016=100),101,96,138b,International trade: exports (million current US$),400 692,510 553,551 516d,International trade: imports (million current US$),441 369,559 306,573 061d,International trade: balance (million current US$),- 40 677,- 48 753,- 21 546d,"Balance of payments, current account (million US$)",16 012,10 264,22 666d,,,,,,,,,,,,,,,,,,,,,,,,,,,,,,,,,,,,,,,,,,,,,,,,
International trade: exports (million current US$),400 692,510 553,551 516d,International trade: imports (million current US$),441 369,559 306,573 061d,International trade: balance (million current US$),- 40 677,- 48 753,- 21 546d,"Balance of payments, current account (million US$)",16 012,10 264,22 666d,,,,,,,,,,,,,,,,,,,,,,,,,,,,,,,,,,,,,,,,,,,,,,,,,,,,
International trade: imports (million current US$),441 369,559 306,573 061d,International trade: balance (million current US$),- 40 677,- 48 753,- 21 546d,"Balance of payments, current account (million US$)",16 012,10 264,22 666d,,,,,,,,,,,,,,,,,,,,,,,,,,,,,,,,,,,,,,,,,,,,,,,,,,,,,,,,
International trade: balance (million current US$),- 40 677,- 48 753,- 21 546d,"Balance of payments, current account (million US$)",16 012,10 264,22 666d,,,,,,,,,,,,,,,,,,,,,,,,,,,,,,,,,,,,,,,,,,,,,,,,,,,,,,,,,,,,
"Balance of payments, current account (million US$)",16 012,10 264,22 666d,,,,,,,,,,,,,,,,,,,,,,,,,,,,,,,,,,,,,,,,,,,,,,,,,,,,,,,,,,,,,,,,
