0,1,2,3,4,5,6,7,8,9,10,11,12,13,14,15,16,17,18,19,20,21,22,23,24,25,26,27,28,29,30,31,32,33,34,35
,2010,2015,2021,,,,,,,,,,,,,,,,,,,,,,,,,,,,,,,,
Individuals using the Internet (per 100 inhabitants),72n,"84.9n,o",91.7b,Research & Development expenditure (% of GDP),0.7,0.8,0.9m,Threatened species (number),49,60,92,CO2 emission estimates (million tons/tons per capita),42.0 /        6.0,43.9 /        6.0,42.6 /        5.7m,Energy supply per capita (Gigajoules),78,80,80m,Tourist/visitor arrivals at national borders (000),20 085,26 686,23 752b,Important sites for terrestrial biodiversity protected (%),48.9,48.9,48.9d,"Pop. using safely managed drinking water (urban/rural, %)",99.4 / ...,100.0 / ...,100.0 / ...d,Pop. using safely managed sanitation (urban/rural %),86.0 / ...,86.0 / ...,85.9 / ...d
Research & Development expenditure (% of GDP),0.7,0.8,0.9m,Threatened species (number),49,60,92,CO2 emission estimates (million tons/tons per capita),42.0 /        6.0,43.9 /        6.0,42.6 /        5.7m,Energy supply per capita (Gigajoules),78,80,80m,Tourist/visitor arrivals at national borders (000),20 085,26 686,23 752b,Important sites for terrestrial biodiversity protected (%),48.9,48.9,48.9d,"Pop. using safely managed drinking water (urban/rural, %)",99.4 / ...,100.0 / ...,100.0 / ...d,Pop. using safely managed sanitation (urban/rural %),86.0 / ...,86.0 / ...,85.9 / ...d,,,,
Threatened species (number),49,60,92,CO2 emission estimates (million tons/tons per capita),42.0 /        6.0,43.9 /        6.0,42.6 /        5.7m,Energy supply per capita (Gigajoules),78,80,80m,Tourist/visitor arrivals at national borders (000),20 085,26 686,23 752b,Important sites for terrestrial biodiversity protected (%),48.9,48.9,48.9d,"Pop. using safely managed drinking water (urban/rural, %)",99.4 / ...,100.0 / ...,100.0 / ...d,Pop. using safely managed sanitation (urban/rural %),86.0 / ...,86.0 / ...,85.9 / ...d,,,,,,,,
CO2 emission estimates (million tons/tons per capita),42.0 /        6.0,43.9 /        6.0,42.6 /        5.7m,Energy supply per capita (Gigajoules),78,80,80m,Tourist/visitor arrivals at national borders (000),20 085,26 686,23 752b,Important sites for terrestrial biodiversity protected (%),48.9,48.9,48.9d,"Pop. using safely managed drinking water (urban/rural, %)",99.4 / ...,100.0 / ...,100.0 / ...d,Pop. using safely managed sanitation (urban/rural %),86.0 / ...,86.0 / ...,85.9 / ...d,,,,,,,,,,,,
Energy supply per capita (Gigajoules),78,80,80m,Tourist/visitor arrivals at national borders (000),20 085,26 686,23 752b,Important sites for terrestrial biodiversity protected (%),48.9,48.9,48.9d,"Pop. using safely managed drinking water (urban/rural, %)",99.4 / ...,100.0 / ...,100.0 / ...d,Pop. using safely managed sanitation (urban/rural %),86.0 / ...,86.0 / ...,85.9 / ...d,,,,,,,,,,,,,,,,
Tourist/visitor arrivals at national borders (000),20 085,26 686,23 752b,Important sites for terrestrial biodiversity protected (%),48.9,48.9,48.9d,"Pop. using safely managed drinking water (urban/rural, %)",99.4 / ...,100.0 / ...,100.0 / ...d,Pop. using safely managed sanitation (urban/rural %),86.0 / ...,86.0 / ...,85.9 / ...d,,,,,,,,,,,,,,,,,,,,
Important sites for terrestrial biodiversity protected (%),48.9,48.9,48.9d,"Pop. using safely managed drinking water (urban/rural, %)",99.4 / ...,100.0 / ...,100.0 / ...d,Pop. using safely managed sanitation (urban/rural %),86.0 / ...,86.0 / ...,85.9 / ...d,,,,,,,,,,,,,,,,,,,,,,,,
"Pop. using safely managed drinking water (urban/rural, %)",99.4 / ...,100.0 / ...,100.0 / ...d,Pop. using safely managed sanitation (urban/rural %),86.0 / ...,86.0 / ...,85.9 / ...d,,,,,,,,,,,,,,,,,,,,,,,,,,,,
Pop. using safely managed sanitation (urban/rural %),86.0 / ...,86.0 / ...,85.9 / ...d,,,,,,,,,,,,,,,,,,,,,,,,,,,,,,,,
