0,1,2,3,4,5,6,7,8,9,10,11,12,13,14,15,16,17,18,19,20,21,22,23,24,25,26,27,28,29,30,31,32,33,34,35,36,37,38,39,40,41,42,43,44,45,46,47,48,49,50,51,52,53,54,55
,2010,2015,2021,,,,,,,,,,,,,,,,,,,,,,,,,,,,,,,,,,,,,,,,,,,,,,,,,,,,
Population growth ratej (average annual %),0.6,0.6,0.8d,Urban population (% of total population),100,100,100b,Urban population growth ratej (average annual %),0.6,0.6,...,"Fertility rate, totalj (live births per woman)",1,1.2,1.3d,"Life expectancy at birthj (females/males, years)",85.5 /       79.5,86.4 /       80.5,87.5 /       81.8d,"Population age distribution (0-14/60+ years old, %)",11.9 /       18.4,11.2 /       21.8,13.0 /       26.9a,International migrant stockk (000/% of total pop.),2 780.0 /       39.9,2 841.1 /       39.5,2 962.5 /       39.5d,Refugees and others of concern to UNHCR (000),0.6l,10.1,0.2d,Infant mortality ratej (per 1 000 live births),1.9,1.6,1.3d,Education: Government expenditure (% of GDP),3.5,3.3,3.8b,Education: Primary gross enrol. ratio (f/m per 100 pop.),... / ...,111.2 /      109.3,112.1 /      106.9b,Education: Secondary gross enrol. ratio (f/m per 100 pop.),88.2 /       87.9,101.4 /      103.1,106.4 /      108.9b,Education: Upper secondary gross enrol. ratio (f/m per 100 pop.),77.7 /       76.4,97.9 /       99.2,103.9 /      108.1b,Intentional homicide rate (per 100 000 pop.),0.5,0.3,0.7m
Urban population (% of total population),100,100,100b,Urban population growth ratej (average annual %),0.6,0.6,...,"Fertility rate, totalj (live births per woman)",1,1.2,1.3d,"Life expectancy at birthj (females/males, years)",85.5 /       79.5,86.4 /       80.5,87.5 /       81.8d,"Population age distribution (0-14/60+ years old, %)",11.9 /       18.4,11.2 /       21.8,13.0 /       26.9a,International migrant stockk (000/% of total pop.),2 780.0 /       39.9,2 841.1 /       39.5,2 962.5 /       39.5d,Refugees and others of concern to UNHCR (000),0.6l,10.1,0.2d,Infant mortality ratej (per 1 000 live births),1.9,1.6,1.3d,Education: Government expenditure (% of GDP),3.5,3.3,3.8b,Education: Primary gross enrol. ratio (f/m per 100 pop.),... / ...,111.2 /      109.3,112.1 /      106.9b,Education: Secondary gross enrol. ratio (f/m per 100 pop.),88.2 /       87.9,101.4 /      103.1,106.4 /      108.9b,Education: Upper secondary gross enrol. ratio (f/m per 100 pop.),77.7 /       76.4,97.9 /       99.2,103.9 /      108.1b,Intentional homicide rate (per 100 000 pop.),0.5,0.3,0.7m,,,,
Urban population growth ratej (average annual %),0.6,0.6,...,"Fertility rate, totalj (live births per woman)",1,1.2,1.3d,"Life expectancy at birthj (females/males, years)",85.5 /       79.5,86.4 /       80.5,87.5 /       81.8d,"Population age distribution (0-14/60+ years old, %)",11.9 /       18.4,11.2 /       21.8,13.0 /       26.9a,International migrant stockk (000/% of total pop.),2 780.0 /       39.9,2 841.1 /       39.5,2 962.5 /       39.5d,Refugees and others of concern to UNHCR (000),0.6l,10.1,0.2d,Infant mortality ratej (per 1 000 live births),1.9,1.6,1.3d,Education: Government expenditure (% of GDP),3.5,3.3,3.8b,Education: Primary gross enrol. ratio (f/m per 100 pop.),... / ...,111.2 /      109.3,112.1 /      106.9b,Education: Secondary gross enrol. ratio (f/m per 100 pop.),88.2 /       87.9,101.4 /      103.1,106.4 /      108.9b,Education: Upper secondary gross enrol. ratio (f/m per 100 pop.),77.7 /       76.4,97.9 /       99.2,103.9 /      108.1b,Intentional homicide rate (per 100 000 pop.),0.5,0.3,0.7m,,,,,,,,
"Fertility rate, totalj (live births per woman)",1,1.2,1.3d,"Life expectancy at birthj (females/males, years)",85.5 /       79.5,86.4 /       80.5,87.5 /       81.8d,"Population age distribution (0-14/60+ years old, %)",11.9 /       18.4,11.2 /       21.8,13.0 /       26.9a,International migrant stockk (000/% of total pop.),2 780.0 /       39.9,2 841.1 /       39.5,2 962.5 /       39.5d,Refugees and others of concern to UNHCR (000),0.6l,10.1,0.2d,Infant mortality ratej (per 1 000 live births),1.9,1.6,1.3d,Education: Government expenditure (% of GDP),3.5,3.3,3.8b,Education: Primary gross enrol. ratio (f/m per 100 pop.),... / ...,111.2 /      109.3,112.1 /      106.9b,Education: Secondary gross enrol. ratio (f/m per 100 pop.),88.2 /       87.9,101.4 /      103.1,106.4 /      108.9b,Education: Upper secondary gross enrol. ratio (f/m per 100 pop.),77.7 /       76.4,97.9 /       99.2,103.9 /      108.1b,Intentional homicide rate (per 100 000 pop.),0.5,0.3,0.7m,,,,,,,,,,,,
"Life expectancy at birthj (females/males, years)",85.5 /       79.5,86.4 /       80.5,87.5 /       81.8d,"Population age distribution (0-14/60+ years old, %)",11.9 /       18.4,11.2 /       21.8,13.0 /       26.9a,International migrant stockk (000/% of total pop.),2 780.0 /       39.9,2 841.1 /       39.5,2 962.5 /       39.5d,Refugees and others of concern to UNHCR (000),0.6l,10.1,0.2d,Infant mortality ratej (per 1 000 live births),1.9,1.6,1.3d,Education: Government expenditure (% of GDP),3.5,3.3,3.8b,Education: Primary gross enrol. ratio (f/m per 100 pop.),... / ...,111.2 /      109.3,112.1 /      106.9b,Education: Secondary gross enrol. ratio (f/m per 100 pop.),88.2 /       87.9,101.4 /      103.1,106.4 /      108.9b,Education: Upper secondary gross enrol. ratio (f/m per 100 pop.),77.7 /       76.4,97.9 /       99.2,103.9 /      108.1b,Intentional homicide rate (per 100 000 pop.),0.5,0.3,0.7m,,,,,,,,,,,,,,,,
"Population age distribution (0-14/60+ years old, %)",11.9 /       18.4,11.2 /       21.8,13.0 /       26.9a,International migrant stockk (000/% of total pop.),2 780.0 /       39.9,2 841.1 /       39.5,2 962.5 /       39.5d,Refugees and others of concern to UNHCR (000),0.6l,10.1,0.2d,Infant mortality ratej (per 1 000 live births),1.9,1.6,1.3d,Education: Government expenditure (% of GDP),3.5,3.3,3.8b,Education: Primary gross enrol. ratio (f/m per 100 pop.),... / ...,111.2 /      109.3,112.1 /      106.9b,Education: Secondary gross enrol. ratio (f/m per 100 pop.),88.2 /       87.9,101.4 /      103.1,106.4 /      108.9b,Education: Upper secondary gross enrol. ratio (f/m per 100 pop.),77.7 /       76.4,97.9 /       99.2,103.9 /      108.1b,Intentional homicide rate (per 100 000 pop.),0.5,0.3,0.7m,,,,,,,,,,,,,,,,,,,,
International migrant stockk (000/% of total pop.),2 780.0 /       39.9,2 841.1 /       39.5,2 962.5 /       39.5d,Refugees and others of concern to UNHCR (000),0.6l,10.1,0.2d,Infant mortality ratej (per 1 000 live births),1.9,1.6,1.3d,Education: Government expenditure (% of GDP),3.5,3.3,3.8b,Education: Primary gross enrol. ratio (f/m per 100 pop.),... / ...,111.2 /      109.3,112.1 /      106.9b,Education: Secondary gross enrol. ratio (f/m per 100 pop.),88.2 /       87.9,101.4 /      103.1,106.4 /      108.9b,Education: Upper secondary gross enrol. ratio (f/m per 100 pop.),77.7 /       76.4,97.9 /       99.2,103.9 /      108.1b,Intentional homicide rate (per 100 000 pop.),0.5,0.3,0.7m,,,,,,,,,,,,,,,,,,,,,,,,
Refugees and others of concern to UNHCR (000),0.6l,10.1,0.2d,Infant mortality ratej (per 1 000 live births),1.9,1.6,1.3d,Education: Government expenditure (% of GDP),3.5,3.3,3.8b,Education: Primary gross enrol. ratio (f/m per 100 pop.),... / ...,111.2 /      109.3,112.1 /      106.9b,Education: Secondary gross enrol. ratio (f/m per 100 pop.),88.2 /       87.9,101.4 /      103.1,106.4 /      108.9b,Education: Upper secondary gross enrol. ratio (f/m per 100 pop.),77.7 /       76.4,97.9 /       99.2,103.9 /      108.1b,Intentional homicide rate (per 100 000 pop.),0.5,0.3,0.7m,,,,,,,,,,,,,,,,,,,,,,,,,,,,
Infant mortality ratej (per 1 000 live births),1.9,1.6,1.3d,Education: Government expenditure (% of GDP),3.5,3.3,3.8b,Education: Primary gross enrol. ratio (f/m per 100 pop.),... / ...,111.2 /      109.3,112.1 /      106.9b,Education: Secondary gross enrol. ratio (f/m per 100 pop.),88.2 /       87.9,101.4 /      103.1,106.4 /      108.9b,Education: Upper secondary gross enrol. ratio (f/m per 100 pop.),77.7 /       76.4,97.9 /       99.2,103.9 /      108.1b,Intentional homicide rate (per 100 000 pop.),0.5,0.3,0.7m,,,,,,,,,,,,,,,,,,,,,,,,,,,,,,,,
Education: Government expenditure (% of GDP),3.5,3.3,3.8b,Education: Primary gross enrol. ratio (f/m per 100 pop.),... / ...,111.2 /      109.3,112.1 /      106.9b,Education: Secondary gross enrol. ratio (f/m per 100 pop.),88.2 /       87.9,101.4 /      103.1,106.4 /      108.9b,Education: Upper secondary gross enrol. ratio (f/m per 100 pop.),77.7 /       76.4,97.9 /       99.2,103.9 /      108.1b,Intentional homicide rate (per 100 000 pop.),0.5,0.3,0.7m,,,,,,,,,,,,,,,,,,,,,,,,,,,,,,,,,,,,
Education: Primary gross enrol. ratio (f/m per 100 pop.),... / ...,111.2 /      109.3,112.1 /      106.9b,Education: Secondary gross enrol. ratio (f/m per 100 pop.),88.2 /       87.9,101.4 /      103.1,106.4 /      108.9b,Education: Upper secondary gross enrol. ratio (f/m per 100 pop.),77.7 /       76.4,97.9 /       99.2,103.9 /      108.1b,Intentional homicide rate (per 100 000 pop.),0.5,0.3,0.7m,,,,,,,,,,,,,,,,,,,,,,,,,,,,,,,,,,,,,,,,
Education: Secondary gross enrol. ratio (f/m per 100 pop.),88.2 /       87.9,101.4 /      103.1,106.4 /      108.9b,Education: Upper secondary gross enrol. ratio (f/m per 100 pop.),77.7 /       76.4,97.9 /       99.2,103.9 /      108.1b,Intentional homicide rate (per 100 000 pop.),0.5,0.3,0.7m,,,,,,,,,,,,,,,,,,,,,,,,,,,,,,,,,,,,,,,,,,,,
Education: Upper secondary gross enrol. ratio (f/m per 100 pop.),77.7 /       76.4,97.9 /       99.2,103.9 /      108.1b,Intentional homicide rate (per 100 000 pop.),0.5,0.3,0.7m,,,,,,,,,,,,,,,,,,,,,,,,,,,,,,,,,,,,,,,,,,,,,,,,
Intentional homicide rate (per 100 000 pop.),0.5,0.3,0.7m,,,,,,,,,,,,,,,,,,,,,,,,,,,,,,,,,,,,,,,,,,,,,,,,,,,,
