0,1,2,3,4,5,6,7,8,9,10,11,12,13,14,15,16,17,18,19,20,21,22,23,24,25,26,27,28,29,30,31,32,33,34,35,36,37,38,39,40,41,42,43,44,45,46,47,48,49,50,51,52,53,54,55,56,57,58,59,60,61,62,63,64,65,66,67
,2010,2015,2021,,,,,,,,,,,,,,,,,,,,,,,,,,,,,,,,,,,,,,,,,,,,,,,,,,,,,,,,,,,,,,,,
GDP: Gross domestic product (million current US$),9 983,11 323,14 105b,"GDP growth rate (annual %, const. 2015 prices)",0.6,3.1,4.4b,GDP per capita (current US$),472,467.2,523b,Economy: Agriculture (% of Gross Value Added),30.3,27,24.1b,Economy: Industry (% of Gross Value Added),18.8,19.9,23.6b,Economy: Services and other activity (% of GVA),50.9,53.2,52.3b,Employment in agricultured (% of employed),73.4,66.4,63.8c,Employment in industryd (% of employed),6,8.4,9.1c,Employment in servicesd (% employed),20.6,25.1,27.1c,Unemploymentd (% of labour force),4.3,1.8,1.8c,Labour force participation rated (female/male pop. %),87.1 /       91.0,83.5 /       89.6,83.4 /       89.0c,CPI: Consumer Price Index (2010=100),100,140,"130e,f,g,c",Agricultural production index (2014-2016=100),103,99,104b,International trade: exports (million current US$),1 082,2 164,"2 005d,c",International trade: imports (million current US$),2 546,2 961,"2 968d,c",International trade: balance (million current US$),- 1 464,-796,"-963d,c","Balance of payments, current account (million US$)",-893,-256,-331b
"GDP growth rate (annual %, const. 2015 prices)",0.6,3.1,4.4b,GDP per capita (current US$),472,467.2,523b,Economy: Agriculture (% of Gross Value Added),30.3,27,24.1b,Economy: Industry (% of Gross Value Added),18.8,19.9,23.6b,Economy: Services and other activity (% of GVA),50.9,53.2,52.3b,Employment in agricultured (% of employed),73.4,66.4,63.8c,Employment in industryd (% of employed),6,8.4,9.1c,Employment in servicesd (% employed),20.6,25.1,27.1c,Unemploymentd (% of labour force),4.3,1.8,1.8c,Labour force participation rated (female/male pop. %),87.1 /       91.0,83.5 /       89.6,83.4 /       89.0c,CPI: Consumer Price Index (2010=100),100,140,"130e,f,g,c",Agricultural production index (2014-2016=100),103,99,104b,International trade: exports (million current US$),1 082,2 164,"2 005d,c",International trade: imports (million current US$),2 546,2 961,"2 968d,c",International trade: balance (million current US$),- 1 464,-796,"-963d,c","Balance of payments, current account (million US$)",-893,-256,-331b,,,,
GDP per capita (current US$),472,467.2,523b,Economy: Agriculture (% of Gross Value Added),30.3,27,24.1b,Economy: Industry (% of Gross Value Added),18.8,19.9,23.6b,Economy: Services and other activity (% of GVA),50.9,53.2,52.3b,Employment in agricultured (% of employed),73.4,66.4,63.8c,Employment in industryd (% of employed),6,8.4,9.1c,Employment in servicesd (% employed),20.6,25.1,27.1c,Unemploymentd (% of labour force),4.3,1.8,1.8c,Labour force participation rated (female/male pop. %),87.1 /       91.0,83.5 /       89.6,83.4 /       89.0c,CPI: Consumer Price Index (2010=100),100,140,"130e,f,g,c",Agricultural production index (2014-2016=100),103,99,104b,International trade: exports (million current US$),1 082,2 164,"2 005d,c",International trade: imports (million current US$),2 546,2 961,"2 968d,c",International trade: balance (million current US$),- 1 464,-796,"-963d,c","Balance of payments, current account (million US$)",-893,-256,-331b,,,,,,,,
Economy: Agriculture (% of Gross Value Added),30.3,27,24.1b,Economy: Industry (% of Gross Value Added),18.8,19.9,23.6b,Economy: Services and other activity (% of GVA),50.9,53.2,52.3b,Employment in agricultured (% of employed),73.4,66.4,63.8c,Employment in industryd (% of employed),6,8.4,9.1c,Employment in servicesd (% employed),20.6,25.1,27.1c,Unemploymentd (% of labour force),4.3,1.8,1.8c,Labour force participation rated (female/male pop. %),87.1 /       91.0,83.5 /       89.6,83.4 /       89.0c,CPI: Consumer Price Index (2010=100),100,140,"130e,f,g,c",Agricultural production index (2014-2016=100),103,99,104b,International trade: exports (million current US$),1 082,2 164,"2 005d,c",International trade: imports (million current US$),2 546,2 961,"2 968d,c",International trade: balance (million current US$),- 1 464,-796,"-963d,c","Balance of payments, current account (million US$)",-893,-256,-331b,,,,,,,,,,,,
Economy: Industry (% of Gross Value Added),18.8,19.9,23.6b,Economy: Services and other activity (% of GVA),50.9,53.2,52.3b,Employment in agricultured (% of employed),73.4,66.4,63.8c,Employment in industryd (% of employed),6,8.4,9.1c,Employment in servicesd (% employed),20.6,25.1,27.1c,Unemploymentd (% of labour force),4.3,1.8,1.8c,Labour force participation rated (female/male pop. %),87.1 /       91.0,83.5 /       89.6,83.4 /       89.0c,CPI: Consumer Price Index (2010=100),100,140,"130e,f,g,c",Agricultural production index (2014-2016=100),103,99,104b,International trade: exports (million current US$),1 082,2 164,"2 005d,c",International trade: imports (million current US$),2 546,2 961,"2 968d,c",International trade: balance (million current US$),- 1 464,-796,"-963d,c","Balance of payments, current account (million US$)",-893,-256,-331b,,,,,,,,,,,,,,,,
Economy: Services and other activity (% of GVA),50.9,53.2,52.3b,Employment in agricultured (% of employed),73.4,66.4,63.8c,Employment in industryd (% of employed),6,8.4,9.1c,Employment in servicesd (% employed),20.6,25.1,27.1c,Unemploymentd (% of labour force),4.3,1.8,1.8c,Labour force participation rated (female/male pop. %),87.1 /       91.0,83.5 /       89.6,83.4 /       89.0c,CPI: Consumer Price Index (2010=100),100,140,"130e,f,g,c",Agricultural production index (2014-2016=100),103,99,104b,International trade: exports (million current US$),1 082,2 164,"2 005d,c",International trade: imports (million current US$),2 546,2 961,"2 968d,c",International trade: balance (million current US$),- 1 464,-796,"-963d,c","Balance of payments, current account (million US$)",-893,-256,-331b,,,,,,,,,,,,,,,,,,,,
Employment in agricultured (% of employed),73.4,66.4,63.8c,Employment in industryd (% of employed),6,8.4,9.1c,Employment in servicesd (% employed),20.6,25.1,27.1c,Unemploymentd (% of labour force),4.3,1.8,1.8c,Labour force participation rated (female/male pop. %),87.1 /       91.0,83.5 /       89.6,83.4 /       89.0c,CPI: Consumer Price Index (2010=100),100,140,"130e,f,g,c",Agricultural production index (2014-2016=100),103,99,104b,International trade: exports (million current US$),1 082,2 164,"2 005d,c",International trade: imports (million current US$),2 546,2 961,"2 968d,c",International trade: balance (million current US$),- 1 464,-796,"-963d,c","Balance of payments, current account (million US$)",-893,-256,-331b,,,,,,,,,,,,,,,,,,,,,,,,
Employment in industryd (% of employed),6,8.4,9.1c,Employment in servicesd (% employed),20.6,25.1,27.1c,Unemploymentd (% of labour force),4.3,1.8,1.8c,Labour force participation rated (female/male pop. %),87.1 /       91.0,83.5 /       89.6,83.4 /       89.0c,CPI: Consumer Price Index (2010=100),100,140,"130e,f,g,c",Agricultural production index (2014-2016=100),103,99,104b,International trade: exports (million current US$),1 082,2 164,"2 005d,c",International trade: imports (million current US$),2 546,2 961,"2 968d,c",International trade: balance (million current US$),- 1 464,-796,"-963d,c","Balance of payments, current account (million US$)",-893,-256,-331b,,,,,,,,,,,,,,,,,,,,,,,,,,,,
Employment in servicesd (% employed),20.6,25.1,27.1c,Unemploymentd (% of labour force),4.3,1.8,1.8c,Labour force participation rated (female/male pop. %),87.1 /       91.0,83.5 /       89.6,83.4 /       89.0c,CPI: Consumer Price Index (2010=100),100,140,"130e,f,g,c",Agricultural production index (2014-2016=100),103,99,104b,International trade: exports (million current US$),1 082,2 164,"2 005d,c",International trade: imports (million current US$),2 546,2 961,"2 968d,c",International trade: balance (million current US$),- 1 464,-796,"-963d,c","Balance of payments, current account (million US$)",-893,-256,-331b,,,,,,,,,,,,,,,,,,,,,,,,,,,,,,,,
Unemploymentd (% of labour force),4.3,1.8,1.8c,Labour force participation rated (female/male pop. %),87.1 /       91.0,83.5 /       89.6,83.4 /       89.0c,CPI: Consumer Price Index (2010=100),100,140,"130e,f,g,c",Agricultural production index (2014-2016=100),103,99,104b,International trade: exports (million current US$),1 082,2 164,"2 005d,c",International trade: imports (million current US$),2 546,2 961,"2 968d,c",International trade: balance (million current US$),- 1 464,-796,"-963d,c","Balance of payments, current account (million US$)",-893,-256,-331b,,,,,,,,,,,,,,,,,,,,,,,,,,,,,,,,,,,,
Labour force participation rated (female/male pop. %),87.1 /       91.0,83.5 /       89.6,83.4 /       89.0c,CPI: Consumer Price Index (2010=100),100,140,"130e,f,g,c",Agricultural production index (2014-2016=100),103,99,104b,International trade: exports (million current US$),1 082,2 164,"2 005d,c",International trade: imports (million current US$),2 546,2 961,"2 968d,c",International trade: balance (million current US$),- 1 464,-796,"-963d,c","Balance of payments, current account (million US$)",-893,-256,-331b,,,,,,,,,,,,,,,,,,,,,,,,,,,,,,,,,,,,,,,,
CPI: Consumer Price Index (2010=100),100,140,"130e,f,g,c",Agricultural production index (2014-2016=100),103,99,104b,International trade: exports (million current US$),1 082,2 164,"2 005d,c",International trade: imports (million current US$),2 546,2 961,"2 968d,c",International trade: balance (million current US$),- 1 464,-796,"-963d,c","Balance of payments, current account (million US$)",-893,-256,-331b,,,,,,,,,,,,,,,,,,,,,,,,,,,,,,,,,,,,,,,,,,,,
Agricultural production index (2014-2016=100),103,99,104b,International trade: exports (million current US$),1 082,2 164,"2 005d,c",International trade: imports (million current US$),2 546,2 961,"2 968d,c",International trade: balance (million current US$),- 1 464,-796,"-963d,c","Balance of payments, current account (million US$)",-893,-256,-331b,,,,,,,,,,,,,,,,,,,,,,,,,,,,,,,,,,,,,,,,,,,,,,,,
International trade: exports (million current US$),1 082,2 164,"2 005d,c",International trade: imports (million current US$),2 546,2 961,"2 968d,c",International trade: balance (million current US$),- 1 464,-796,"-963d,c","Balance of payments, current account (million US$)",-893,-256,-331b,,,,,,,,,,,,,,,,,,,,,,,,,,,,,,,,,,,,,,,,,,,,,,,,,,,,
International trade: imports (million current US$),2 546,2 961,"2 968d,c",International trade: balance (million current US$),- 1 464,-796,"-963d,c","Balance of payments, current account (million US$)",-893,-256,-331b,,,,,,,,,,,,,,,,,,,,,,,,,,,,,,,,,,,,,,,,,,,,,,,,,,,,,,,,
International trade: balance (million current US$),- 1 464,-796,"-963d,c","Balance of payments, current account (million US$)",-893,-256,-331b,,,,,,,,,,,,,,,,,,,,,,,,,,,,,,,,,,,,,,,,,,,,,,,,,,,,,,,,,,,,
"Balance of payments, current account (million US$)",-893,-256,-331b,,,,,,,,,,,,,,,,,,,,,,,,,,,,,,,,,,,,,,,,,,,,,,,,,,,,,,,,,,,,,,,,
