0,1,2,3,4,5,6,7,8,9,10,11,12,13,14,15,16,17,18,19,20,21,22,23,24,25,26,27,28,29,30,31,32,33,34,35,36,37,38,39,40,41,42,43
,2010,2015,2021,,,,,,,,,,,,,,,,,,,,,,,,,,,,,,,,,,,,,,,,
Individuals using the Internetd (per 100 inhabitants),1.7,4.2,4.7q,Research & Development expenditurer (% of GDP),0.1,"~0.0e,s,n","~0.0s,t",Threatened species (number),663,965,3 664,Forested aread (% of land area),21.6,21.5,21.4m,"Energy production, primary (Petajoules)",174d,209,"278d,m",Energy supply per capita (Gigajoules),9d,10,"13d,m",Tourist/visitor arrivals at national bordersu (000),196,244,384b,Important sites for terrestrial biodiversity protected (%),24.4,25.2,27.2c,"Pop. using safely managed drinking water (urban/rural, %)",28.2 /        7.0,33.0 /        8.7,38.2 /        9.5c,Pop. using safely managed sanitation (urban/rural %),11.0 /        5.2,12.7 /        6.6,14.2 /        8.0c,Net Official Development Assist. received (% of GNI),4.85,6.19,5.37b
Research & Development expenditurer (% of GDP),0.1,"~0.0e,s,n","~0.0s,t",Threatened species (number),663,965,3 664,Forested aread (% of land area),21.6,21.5,21.4m,"Energy production, primary (Petajoules)",174d,209,"278d,m",Energy supply per capita (Gigajoules),9d,10,"13d,m",Tourist/visitor arrivals at national bordersu (000),196,244,384b,Important sites for terrestrial biodiversity protected (%),24.4,25.2,27.2c,"Pop. using safely managed drinking water (urban/rural, %)",28.2 /        7.0,33.0 /        8.7,38.2 /        9.5c,Pop. using safely managed sanitation (urban/rural %),11.0 /        5.2,12.7 /        6.6,14.2 /        8.0c,Net Official Development Assist. received (% of GNI),4.85,6.19,5.37b,,,,
Threatened species (number),663,965,3 664,Forested aread (% of land area),21.6,21.5,21.4m,"Energy production, primary (Petajoules)",174d,209,"278d,m",Energy supply per capita (Gigajoules),9d,10,"13d,m",Tourist/visitor arrivals at national bordersu (000),196,244,384b,Important sites for terrestrial biodiversity protected (%),24.4,25.2,27.2c,"Pop. using safely managed drinking water (urban/rural, %)",28.2 /        7.0,33.0 /        8.7,38.2 /        9.5c,Pop. using safely managed sanitation (urban/rural %),11.0 /        5.2,12.7 /        6.6,14.2 /        8.0c,Net Official Development Assist. received (% of GNI),4.85,6.19,5.37b,,,,,,,,
Forested aread (% of land area),21.6,21.5,21.4m,"Energy production, primary (Petajoules)",174d,209,"278d,m",Energy supply per capita (Gigajoules),9d,10,"13d,m",Tourist/visitor arrivals at national bordersu (000),196,244,384b,Important sites for terrestrial biodiversity protected (%),24.4,25.2,27.2c,"Pop. using safely managed drinking water (urban/rural, %)",28.2 /        7.0,33.0 /        8.7,38.2 /        9.5c,Pop. using safely managed sanitation (urban/rural %),11.0 /        5.2,12.7 /        6.6,14.2 /        8.0c,Net Official Development Assist. received (% of GNI),4.85,6.19,5.37b,,,,,,,,,,,,
"Energy production, primary (Petajoules)",174d,209,"278d,m",Energy supply per capita (Gigajoules),9d,10,"13d,m",Tourist/visitor arrivals at national bordersu (000),196,244,384b,Important sites for terrestrial biodiversity protected (%),24.4,25.2,27.2c,"Pop. using safely managed drinking water (urban/rural, %)",28.2 /        7.0,33.0 /        8.7,38.2 /        9.5c,Pop. using safely managed sanitation (urban/rural %),11.0 /        5.2,12.7 /        6.6,14.2 /        8.0c,Net Official Development Assist. received (% of GNI),4.85,6.19,5.37b,,,,,,,,,,,,,,,,
Energy supply per capita (Gigajoules),9d,10,"13d,m",Tourist/visitor arrivals at national bordersu (000),196,244,384b,Important sites for terrestrial biodiversity protected (%),24.4,25.2,27.2c,"Pop. using safely managed drinking water (urban/rural, %)",28.2 /        7.0,33.0 /        8.7,38.2 /        9.5c,Pop. using safely managed sanitation (urban/rural %),11.0 /        5.2,12.7 /        6.6,14.2 /        8.0c,Net Official Development Assist. received (% of GNI),4.85,6.19,5.37b,,,,,,,,,,,,,,,,,,,,
Tourist/visitor arrivals at national bordersu (000),196,244,384b,Important sites for terrestrial biodiversity protected (%),24.4,25.2,27.2c,"Pop. using safely managed drinking water (urban/rural, %)",28.2 /        7.0,33.0 /        8.7,38.2 /        9.5c,Pop. using safely managed sanitation (urban/rural %),11.0 /        5.2,12.7 /        6.6,14.2 /        8.0c,Net Official Development Assist. received (% of GNI),4.85,6.19,5.37b,,,,,,,,,,,,,,,,,,,,,,,,
Important sites for terrestrial biodiversity protected (%),24.4,25.2,27.2c,"Pop. using safely managed drinking water (urban/rural, %)",28.2 /        7.0,33.0 /        8.7,38.2 /        9.5c,Pop. using safely managed sanitation (urban/rural %),11.0 /        5.2,12.7 /        6.6,14.2 /        8.0c,Net Official Development Assist. received (% of GNI),4.85,6.19,5.37b,,,,,,,,,,,,,,,,,,,,,,,,,,,,
"Pop. using safely managed drinking water (urban/rural, %)",28.2 /        7.0,33.0 /        8.7,38.2 /        9.5c,Pop. using safely managed sanitation (urban/rural %),11.0 /        5.2,12.7 /        6.6,14.2 /        8.0c,Net Official Development Assist. received (% of GNI),4.85,6.19,5.37b,,,,,,,,,,,,,,,,,,,,,,,,,,,,,,,,
Pop. using safely managed sanitation (urban/rural %),11.0 /        5.2,12.7 /        6.6,14.2 /        8.0c,Net Official Development Assist. received (% of GNI),4.85,6.19,5.37b,,,,,,,,,,,,,,,,,,,,,,,,,,,,,,,,,,,,
Net Official Development Assist. received (% of GNI),4.85,6.19,5.37b,,,,,,,,,,,,,,,,,,,,,,,,,,,,,,,,,,,,,,,,
