0,1,2,3,4,5,6,7,8,9,10,11,12,13,14,15,16,17,18,19,20,21,22,23,24,25,26,27,28,29,30,31,32,33,34,35,36,37,38,39,40,41,42,43,44,45,46,47,48,49,50,51,52,53,54,55,56,57,58,59,60,61,62,63
,2010,2015,2021,,,,,,,,,,,,,,,,,,,,,,,,,,,,,,,,,,,,,,,,,,,,,,,,,,,,,,,,,,,,
Population growth rateh (average annual %),2.9,2.7,2.7c,Urban population (% of total population),31.9,35.2,37.9b,Urban population growth rateh (average annual %),4.9,4.7,...,"Fertility rate, totalh (live births per woman)",4.8,4.4,4.1c,"Life expectancy at birthh (females/males, years)",63.7 /       60.8,66.0 /       63.0,68.1 /       64.9c,"Population age distribution (0-14/60+ years old, %)",43.5 /        4.3,41.6 /        4.6,39.8 /        5.1a,"International migrant stocki,j (000/% of total pop.)",28.9 /        0.1,32.1 /        0.1,35.6 /        0.1c,Refugees and others of concern to UNHCR (000),~0.0k,~0.0,0.3c,Infant mortality rateh (per 1 000 live births),45.5,36.8,29c,Health: Current expenditurel (% of GDP),5.3,5.7,4.8m,Health: Physicians (per 1 000 pop.),0.2,0.2n,...,Education: Government expenditure (% of GDP),2.8o,2.2d,"2.8d,m",Education: Primary gross enrol. ratio (f/m per 100 pop.),142.4 /      145.0,147.3 /      147.3,135.2 /      132.9b,Education: Secondary gross enrol. ratio (f/m per 100 pop.),29.7 /       31.6o,38.3 /       38.7d,35.2 /       34.0b,Education: Upper secondary gross enrol. ratio (f/m per 100 pop.),13.6 /       15.6o,22.1 /       23.8d,22.1 /       22.2b,Seats held by women in national parliaments (%),7.9o,20.5,17.9p
Urban population (% of total population),31.9,35.2,37.9b,Urban population growth rateh (average annual %),4.9,4.7,...,"Fertility rate, totalh (live births per woman)",4.8,4.4,4.1c,"Life expectancy at birthh (females/males, years)",63.7 /       60.8,66.0 /       63.0,68.1 /       64.9c,"Population age distribution (0-14/60+ years old, %)",43.5 /        4.3,41.6 /        4.6,39.8 /        5.1a,"International migrant stocki,j (000/% of total pop.)",28.9 /        0.1,32.1 /        0.1,35.6 /        0.1c,Refugees and others of concern to UNHCR (000),~0.0k,~0.0,0.3c,Infant mortality rateh (per 1 000 live births),45.5,36.8,29c,Health: Current expenditurel (% of GDP),5.3,5.7,4.8m,Health: Physicians (per 1 000 pop.),0.2,0.2n,...,Education: Government expenditure (% of GDP),2.8o,2.2d,"2.8d,m",Education: Primary gross enrol. ratio (f/m per 100 pop.),142.4 /      145.0,147.3 /      147.3,135.2 /      132.9b,Education: Secondary gross enrol. ratio (f/m per 100 pop.),29.7 /       31.6o,38.3 /       38.7d,35.2 /       34.0b,Education: Upper secondary gross enrol. ratio (f/m per 100 pop.),13.6 /       15.6o,22.1 /       23.8d,22.1 /       22.2b,Seats held by women in national parliaments (%),7.9o,20.5,17.9p,,,,
Urban population growth rateh (average annual %),4.9,4.7,...,"Fertility rate, totalh (live births per woman)",4.8,4.4,4.1c,"Life expectancy at birthh (females/males, years)",63.7 /       60.8,66.0 /       63.0,68.1 /       64.9c,"Population age distribution (0-14/60+ years old, %)",43.5 /        4.3,41.6 /        4.6,39.8 /        5.1a,"International migrant stocki,j (000/% of total pop.)",28.9 /        0.1,32.1 /        0.1,35.6 /        0.1c,Refugees and others of concern to UNHCR (000),~0.0k,~0.0,0.3c,Infant mortality rateh (per 1 000 live births),45.5,36.8,29c,Health: Current expenditurel (% of GDP),5.3,5.7,4.8m,Health: Physicians (per 1 000 pop.),0.2,0.2n,...,Education: Government expenditure (% of GDP),2.8o,2.2d,"2.8d,m",Education: Primary gross enrol. ratio (f/m per 100 pop.),142.4 /      145.0,147.3 /      147.3,135.2 /      132.9b,Education: Secondary gross enrol. ratio (f/m per 100 pop.),29.7 /       31.6o,38.3 /       38.7d,35.2 /       34.0b,Education: Upper secondary gross enrol. ratio (f/m per 100 pop.),13.6 /       15.6o,22.1 /       23.8d,22.1 /       22.2b,Seats held by women in national parliaments (%),7.9o,20.5,17.9p,,,,,,,,
"Fertility rate, totalh (live births per woman)",4.8,4.4,4.1c,"Life expectancy at birthh (females/males, years)",63.7 /       60.8,66.0 /       63.0,68.1 /       64.9c,"Population age distribution (0-14/60+ years old, %)",43.5 /        4.3,41.6 /        4.6,39.8 /        5.1a,"International migrant stocki,j (000/% of total pop.)",28.9 /        0.1,32.1 /        0.1,35.6 /        0.1c,Refugees and others of concern to UNHCR (000),~0.0k,~0.0,0.3c,Infant mortality rateh (per 1 000 live births),45.5,36.8,29c,Health: Current expenditurel (% of GDP),5.3,5.7,4.8m,Health: Physicians (per 1 000 pop.),0.2,0.2n,...,Education: Government expenditure (% of GDP),2.8o,2.2d,"2.8d,m",Education: Primary gross enrol. ratio (f/m per 100 pop.),142.4 /      145.0,147.3 /      147.3,135.2 /      132.9b,Education: Secondary gross enrol. ratio (f/m per 100 pop.),29.7 /       31.6o,38.3 /       38.7d,35.2 /       34.0b,Education: Upper secondary gross enrol. ratio (f/m per 100 pop.),13.6 /       15.6o,22.1 /       23.8d,22.1 /       22.2b,Seats held by women in national parliaments (%),7.9o,20.5,17.9p,,,,,,,,,,,,
"Life expectancy at birthh (females/males, years)",63.7 /       60.8,66.0 /       63.0,68.1 /       64.9c,"Population age distribution (0-14/60+ years old, %)",43.5 /        4.3,41.6 /        4.6,39.8 /        5.1a,"International migrant stocki,j (000/% of total pop.)",28.9 /        0.1,32.1 /        0.1,35.6 /        0.1c,Refugees and others of concern to UNHCR (000),~0.0k,~0.0,0.3c,Infant mortality rateh (per 1 000 live births),45.5,36.8,29c,Health: Current expenditurel (% of GDP),5.3,5.7,4.8m,Health: Physicians (per 1 000 pop.),0.2,0.2n,...,Education: Government expenditure (% of GDP),2.8o,2.2d,"2.8d,m",Education: Primary gross enrol. ratio (f/m per 100 pop.),142.4 /      145.0,147.3 /      147.3,135.2 /      132.9b,Education: Secondary gross enrol. ratio (f/m per 100 pop.),29.7 /       31.6o,38.3 /       38.7d,35.2 /       34.0b,Education: Upper secondary gross enrol. ratio (f/m per 100 pop.),13.6 /       15.6o,22.1 /       23.8d,22.1 /       22.2b,Seats held by women in national parliaments (%),7.9o,20.5,17.9p,,,,,,,,,,,,,,,,
"Population age distribution (0-14/60+ years old, %)",43.5 /        4.3,41.6 /        4.6,39.8 /        5.1a,"International migrant stocki,j (000/% of total pop.)",28.9 /        0.1,32.1 /        0.1,35.6 /        0.1c,Refugees and others of concern to UNHCR (000),~0.0k,~0.0,0.3c,Infant mortality rateh (per 1 000 live births),45.5,36.8,29c,Health: Current expenditurel (% of GDP),5.3,5.7,4.8m,Health: Physicians (per 1 000 pop.),0.2,0.2n,...,Education: Government expenditure (% of GDP),2.8o,2.2d,"2.8d,m",Education: Primary gross enrol. ratio (f/m per 100 pop.),142.4 /      145.0,147.3 /      147.3,135.2 /      132.9b,Education: Secondary gross enrol. ratio (f/m per 100 pop.),29.7 /       31.6o,38.3 /       38.7d,35.2 /       34.0b,Education: Upper secondary gross enrol. ratio (f/m per 100 pop.),13.6 /       15.6o,22.1 /       23.8d,22.1 /       22.2b,Seats held by women in national parliaments (%),7.9o,20.5,17.9p,,,,,,,,,,,,,,,,,,,,
"International migrant stocki,j (000/% of total pop.)",28.9 /        0.1,32.1 /        0.1,35.6 /        0.1c,Refugees and others of concern to UNHCR (000),~0.0k,~0.0,0.3c,Infant mortality rateh (per 1 000 live births),45.5,36.8,29c,Health: Current expenditurel (% of GDP),5.3,5.7,4.8m,Health: Physicians (per 1 000 pop.),0.2,0.2n,...,Education: Government expenditure (% of GDP),2.8o,2.2d,"2.8d,m",Education: Primary gross enrol. ratio (f/m per 100 pop.),142.4 /      145.0,147.3 /      147.3,135.2 /      132.9b,Education: Secondary gross enrol. ratio (f/m per 100 pop.),29.7 /       31.6o,38.3 /       38.7d,35.2 /       34.0b,Education: Upper secondary gross enrol. ratio (f/m per 100 pop.),13.6 /       15.6o,22.1 /       23.8d,22.1 /       22.2b,Seats held by women in national parliaments (%),7.9o,20.5,17.9p,,,,,,,,,,,,,,,,,,,,,,,,
Refugees and others of concern to UNHCR (000),~0.0k,~0.0,0.3c,Infant mortality rateh (per 1 000 live births),45.5,36.8,29c,Health: Current expenditurel (% of GDP),5.3,5.7,4.8m,Health: Physicians (per 1 000 pop.),0.2,0.2n,...,Education: Government expenditure (% of GDP),2.8o,2.2d,"2.8d,m",Education: Primary gross enrol. ratio (f/m per 100 pop.),142.4 /      145.0,147.3 /      147.3,135.2 /      132.9b,Education: Secondary gross enrol. ratio (f/m per 100 pop.),29.7 /       31.6o,38.3 /       38.7d,35.2 /       34.0b,Education: Upper secondary gross enrol. ratio (f/m per 100 pop.),13.6 /       15.6o,22.1 /       23.8d,22.1 /       22.2b,Seats held by women in national parliaments (%),7.9o,20.5,17.9p,,,,,,,,,,,,,,,,,,,,,,,,,,,,
Infant mortality rateh (per 1 000 live births),45.5,36.8,29c,Health: Current expenditurel (% of GDP),5.3,5.7,4.8m,Health: Physicians (per 1 000 pop.),0.2,0.2n,...,Education: Government expenditure (% of GDP),2.8o,2.2d,"2.8d,m",Education: Primary gross enrol. ratio (f/m per 100 pop.),142.4 /      145.0,147.3 /      147.3,135.2 /      132.9b,Education: Secondary gross enrol. ratio (f/m per 100 pop.),29.7 /       31.6o,38.3 /       38.7d,35.2 /       34.0b,Education: Upper secondary gross enrol. ratio (f/m per 100 pop.),13.6 /       15.6o,22.1 /       23.8d,22.1 /       22.2b,Seats held by women in national parliaments (%),7.9o,20.5,17.9p,,,,,,,,,,,,,,,,,,,,,,,,,,,,,,,,
Health: Current expenditurel (% of GDP),5.3,5.7,4.8m,Health: Physicians (per 1 000 pop.),0.2,0.2n,...,Education: Government expenditure (% of GDP),2.8o,2.2d,"2.8d,m",Education: Primary gross enrol. ratio (f/m per 100 pop.),142.4 /      145.0,147.3 /      147.3,135.2 /      132.9b,Education: Secondary gross enrol. ratio (f/m per 100 pop.),29.7 /       31.6o,38.3 /       38.7d,35.2 /       34.0b,Education: Upper secondary gross enrol. ratio (f/m per 100 pop.),13.6 /       15.6o,22.1 /       23.8d,22.1 /       22.2b,Seats held by women in national parliaments (%),7.9o,20.5,17.9p,,,,,,,,,,,,,,,,,,,,,,,,,,,,,,,,,,,,
Health: Physicians (per 1 000 pop.),0.2,0.2n,...,Education: Government expenditure (% of GDP),2.8o,2.2d,"2.8d,m",Education: Primary gross enrol. ratio (f/m per 100 pop.),142.4 /      145.0,147.3 /      147.3,135.2 /      132.9b,Education: Secondary gross enrol. ratio (f/m per 100 pop.),29.7 /       31.6o,38.3 /       38.7d,35.2 /       34.0b,Education: Upper secondary gross enrol. ratio (f/m per 100 pop.),13.6 /       15.6o,22.1 /       23.8d,22.1 /       22.2b,Seats held by women in national parliaments (%),7.9o,20.5,17.9p,,,,,,,,,,,,,,,,,,,,,,,,,,,,,,,,,,,,,,,,
Education: Government expenditure (% of GDP),2.8o,2.2d,"2.8d,m",Education: Primary gross enrol. ratio (f/m per 100 pop.),142.4 /      145.0,147.3 /      147.3,135.2 /      132.9b,Education: Secondary gross enrol. ratio (f/m per 100 pop.),29.7 /       31.6o,38.3 /       38.7d,35.2 /       34.0b,Education: Upper secondary gross enrol. ratio (f/m per 100 pop.),13.6 /       15.6o,22.1 /       23.8d,22.1 /       22.2b,Seats held by women in national parliaments (%),7.9o,20.5,17.9p,,,,,,,,,,,,,,,,,,,,,,,,,,,,,,,,,,,,,,,,,,,,
Education: Primary gross enrol. ratio (f/m per 100 pop.),142.4 /      145.0,147.3 /      147.3,135.2 /      132.9b,Education: Secondary gross enrol. ratio (f/m per 100 pop.),29.7 /       31.6o,38.3 /       38.7d,35.2 /       34.0b,Education: Upper secondary gross enrol. ratio (f/m per 100 pop.),13.6 /       15.6o,22.1 /       23.8d,22.1 /       22.2b,Seats held by women in national parliaments (%),7.9o,20.5,17.9p,,,,,,,,,,,,,,,,,,,,,,,,,,,,,,,,,,,,,,,,,,,,,,,,
Education: Secondary gross enrol. ratio (f/m per 100 pop.),29.7 /       31.6o,38.3 /       38.7d,35.2 /       34.0b,Education: Upper secondary gross enrol. ratio (f/m per 100 pop.),13.6 /       15.6o,22.1 /       23.8d,22.1 /       22.2b,Seats held by women in national parliaments (%),7.9o,20.5,17.9p,,,,,,,,,,,,,,,,,,,,,,,,,,,,,,,,,,,,,,,,,,,,,,,,,,,,
Education: Upper secondary gross enrol. ratio (f/m per 100 pop.),13.6 /       15.6o,22.1 /       23.8d,22.1 /       22.2b,Seats held by women in national parliaments (%),7.9o,20.5,17.9p,,,,,,,,,,,,,,,,,,,,,,,,,,,,,,,,,,,,,,,,,,,,,,,,,,,,,,,,
Seats held by women in national parliaments (%),7.9o,20.5,17.9p,,,,,,,,,,,,,,,,,,,,,,,,,,,,,,,,,,,,,,,,,,,,,,,,,,,,,,,,,,,,
