0,1,2,3,4,5,6,7,8,9,10,11,12,13,14,15,16,17,18,19,20,21,22,23,24,25,26,27,28,29,30,31,32,33,34,35,36,37,38,39,40,41,42,43,44,45,46,47,48,49,50,51,52,53,54,55,56,57,58,59,60,61,62,63,64,65,66,67
,2010,2015,2021,,,,,,,,,,,,,,,,,,,,,,,,,,,,,,,,,,,,,,,,,,,,,,,,,,,,,,,,,,,,,,,,
GDP: Gross domestic product (million current US$),42 587,49 182,66 999b,"GDP growth rate (annual %, const. 2015 prices)",7.9,2.2,6.5b,GDP per capita (current US$),1 718.6,1 766.0,2 202.6b,Economy: Agricultured (% of Gross Value Added),28.9,22.1,18.5b,"Economy: Industrye,f (% of Gross Value Added)",28.2,34.6,34.2b,Economy: Services and other activityg (% of GVA),43,43.2,47.2b,Employment in agriculture (% of employed),50.2h,35.2,"28.5h,c",Employment in industry (% of employed),13.7h,18.7,"22.2h,c",Employment in services (% employed),36.1h,46.1,"49.4h,c",Unemploymenth (% of labour force),5.3,6.8,4.5c,Labour force participation rateh (female/male pop. %),66.9 /       73.3,63.5 /       72.5,63.5 /       71.8c,CPI: Consumer Price Index (2010=100),100,176,273c,Agricultural production index (2014-2016=100),84,100,118b,International trade: exportsi (million current US$),5 233,13 756,"16 385h,c",International trade: importsi (million current US$),8 057,14 687,"9 252h,c",International trade: balancei (million current US$),- 2 824,-932,"7 134h,c","Balance of payments, current account (million US$)",- 2 747,- 2 824,- 1 864b
"GDP growth rate (annual %, const. 2015 prices)",7.9,2.2,6.5b,GDP per capita (current US$),1 718.6,1 766.0,2 202.6b,Economy: Agricultured (% of Gross Value Added),28.9,22.1,18.5b,"Economy: Industrye,f (% of Gross Value Added)",28.2,34.6,34.2b,Economy: Services and other activityg (% of GVA),43,43.2,47.2b,Employment in agriculture (% of employed),50.2h,35.2,"28.5h,c",Employment in industry (% of employed),13.7h,18.7,"22.2h,c",Employment in services (% employed),36.1h,46.1,"49.4h,c",Unemploymenth (% of labour force),5.3,6.8,4.5c,Labour force participation rateh (female/male pop. %),66.9 /       73.3,63.5 /       72.5,63.5 /       71.8c,CPI: Consumer Price Index (2010=100),100,176,273c,Agricultural production index (2014-2016=100),84,100,118b,International trade: exportsi (million current US$),5 233,13 756,"16 385h,c",International trade: importsi (million current US$),8 057,14 687,"9 252h,c",International trade: balancei (million current US$),- 2 824,-932,"7 134h,c","Balance of payments, current account (million US$)",- 2 747,- 2 824,- 1 864b,,,,
GDP per capita (current US$),1 718.6,1 766.0,2 202.6b,Economy: Agricultured (% of Gross Value Added),28.9,22.1,18.5b,"Economy: Industrye,f (% of Gross Value Added)",28.2,34.6,34.2b,Economy: Services and other activityg (% of GVA),43,43.2,47.2b,Employment in agriculture (% of employed),50.2h,35.2,"28.5h,c",Employment in industry (% of employed),13.7h,18.7,"22.2h,c",Employment in services (% employed),36.1h,46.1,"49.4h,c",Unemploymenth (% of labour force),5.3,6.8,4.5c,Labour force participation rateh (female/male pop. %),66.9 /       73.3,63.5 /       72.5,63.5 /       71.8c,CPI: Consumer Price Index (2010=100),100,176,273c,Agricultural production index (2014-2016=100),84,100,118b,International trade: exportsi (million current US$),5 233,13 756,"16 385h,c",International trade: importsi (million current US$),8 057,14 687,"9 252h,c",International trade: balancei (million current US$),- 2 824,-932,"7 134h,c","Balance of payments, current account (million US$)",- 2 747,- 2 824,- 1 864b,,,,,,,,
Economy: Agricultured (% of Gross Value Added),28.9,22.1,18.5b,"Economy: Industrye,f (% of Gross Value Added)",28.2,34.6,34.2b,Economy: Services and other activityg (% of GVA),43,43.2,47.2b,Employment in agriculture (% of employed),50.2h,35.2,"28.5h,c",Employment in industry (% of employed),13.7h,18.7,"22.2h,c",Employment in services (% employed),36.1h,46.1,"49.4h,c",Unemploymenth (% of labour force),5.3,6.8,4.5c,Labour force participation rateh (female/male pop. %),66.9 /       73.3,63.5 /       72.5,63.5 /       71.8c,CPI: Consumer Price Index (2010=100),100,176,273c,Agricultural production index (2014-2016=100),84,100,118b,International trade: exportsi (million current US$),5 233,13 756,"16 385h,c",International trade: importsi (million current US$),8 057,14 687,"9 252h,c",International trade: balancei (million current US$),- 2 824,-932,"7 134h,c","Balance of payments, current account (million US$)",- 2 747,- 2 824,- 1 864b,,,,,,,,,,,,
"Economy: Industrye,f (% of Gross Value Added)",28.2,34.6,34.2b,Economy: Services and other activityg (% of GVA),43,43.2,47.2b,Employment in agriculture (% of employed),50.2h,35.2,"28.5h,c",Employment in industry (% of employed),13.7h,18.7,"22.2h,c",Employment in services (% employed),36.1h,46.1,"49.4h,c",Unemploymenth (% of labour force),5.3,6.8,4.5c,Labour force participation rateh (female/male pop. %),66.9 /       73.3,63.5 /       72.5,63.5 /       71.8c,CPI: Consumer Price Index (2010=100),100,176,273c,Agricultural production index (2014-2016=100),84,100,118b,International trade: exportsi (million current US$),5 233,13 756,"16 385h,c",International trade: importsi (million current US$),8 057,14 687,"9 252h,c",International trade: balancei (million current US$),- 2 824,-932,"7 134h,c","Balance of payments, current account (million US$)",- 2 747,- 2 824,- 1 864b,,,,,,,,,,,,,,,,
Economy: Services and other activityg (% of GVA),43,43.2,47.2b,Employment in agriculture (% of employed),50.2h,35.2,"28.5h,c",Employment in industry (% of employed),13.7h,18.7,"22.2h,c",Employment in services (% employed),36.1h,46.1,"49.4h,c",Unemploymenth (% of labour force),5.3,6.8,4.5c,Labour force participation rateh (female/male pop. %),66.9 /       73.3,63.5 /       72.5,63.5 /       71.8c,CPI: Consumer Price Index (2010=100),100,176,273c,Agricultural production index (2014-2016=100),84,100,118b,International trade: exportsi (million current US$),5 233,13 756,"16 385h,c",International trade: importsi (million current US$),8 057,14 687,"9 252h,c",International trade: balancei (million current US$),- 2 824,-932,"7 134h,c","Balance of payments, current account (million US$)",- 2 747,- 2 824,- 1 864b,,,,,,,,,,,,,,,,,,,,
Employment in agriculture (% of employed),50.2h,35.2,"28.5h,c",Employment in industry (% of employed),13.7h,18.7,"22.2h,c",Employment in services (% employed),36.1h,46.1,"49.4h,c",Unemploymenth (% of labour force),5.3,6.8,4.5c,Labour force participation rateh (female/male pop. %),66.9 /       73.3,63.5 /       72.5,63.5 /       71.8c,CPI: Consumer Price Index (2010=100),100,176,273c,Agricultural production index (2014-2016=100),84,100,118b,International trade: exportsi (million current US$),5 233,13 756,"16 385h,c",International trade: importsi (million current US$),8 057,14 687,"9 252h,c",International trade: balancei (million current US$),- 2 824,-932,"7 134h,c","Balance of payments, current account (million US$)",- 2 747,- 2 824,- 1 864b,,,,,,,,,,,,,,,,,,,,,,,,
Employment in industry (% of employed),13.7h,18.7,"22.2h,c",Employment in services (% employed),36.1h,46.1,"49.4h,c",Unemploymenth (% of labour force),5.3,6.8,4.5c,Labour force participation rateh (female/male pop. %),66.9 /       73.3,63.5 /       72.5,63.5 /       71.8c,CPI: Consumer Price Index (2010=100),100,176,273c,Agricultural production index (2014-2016=100),84,100,118b,International trade: exportsi (million current US$),5 233,13 756,"16 385h,c",International trade: importsi (million current US$),8 057,14 687,"9 252h,c",International trade: balancei (million current US$),- 2 824,-932,"7 134h,c","Balance of payments, current account (million US$)",- 2 747,- 2 824,- 1 864b,,,,,,,,,,,,,,,,,,,,,,,,,,,,
Employment in services (% employed),36.1h,46.1,"49.4h,c",Unemploymenth (% of labour force),5.3,6.8,4.5c,Labour force participation rateh (female/male pop. %),66.9 /       73.3,63.5 /       72.5,63.5 /       71.8c,CPI: Consumer Price Index (2010=100),100,176,273c,Agricultural production index (2014-2016=100),84,100,118b,International trade: exportsi (million current US$),5 233,13 756,"16 385h,c",International trade: importsi (million current US$),8 057,14 687,"9 252h,c",International trade: balancei (million current US$),- 2 824,-932,"7 134h,c","Balance of payments, current account (million US$)",- 2 747,- 2 824,- 1 864b,,,,,,,,,,,,,,,,,,,,,,,,,,,,,,,,
Unemploymenth (% of labour force),5.3,6.8,4.5c,Labour force participation rateh (female/male pop. %),66.9 /       73.3,63.5 /       72.5,63.5 /       71.8c,CPI: Consumer Price Index (2010=100),100,176,273c,Agricultural production index (2014-2016=100),84,100,118b,International trade: exportsi (million current US$),5 233,13 756,"16 385h,c",International trade: importsi (million current US$),8 057,14 687,"9 252h,c",International trade: balancei (million current US$),- 2 824,-932,"7 134h,c","Balance of payments, current account (million US$)",- 2 747,- 2 824,- 1 864b,,,,,,,,,,,,,,,,,,,,,,,,,,,,,,,,,,,,
Labour force participation rateh (female/male pop. %),66.9 /       73.3,63.5 /       72.5,63.5 /       71.8c,CPI: Consumer Price Index (2010=100),100,176,273c,Agricultural production index (2014-2016=100),84,100,118b,International trade: exportsi (million current US$),5 233,13 756,"16 385h,c",International trade: importsi (million current US$),8 057,14 687,"9 252h,c",International trade: balancei (million current US$),- 2 824,-932,"7 134h,c","Balance of payments, current account (million US$)",- 2 747,- 2 824,- 1 864b,,,,,,,,,,,,,,,,,,,,,,,,,,,,,,,,,,,,,,,,
CPI: Consumer Price Index (2010=100),100,176,273c,Agricultural production index (2014-2016=100),84,100,118b,International trade: exportsi (million current US$),5 233,13 756,"16 385h,c",International trade: importsi (million current US$),8 057,14 687,"9 252h,c",International trade: balancei (million current US$),- 2 824,-932,"7 134h,c","Balance of payments, current account (million US$)",- 2 747,- 2 824,- 1 864b,,,,,,,,,,,,,,,,,,,,,,,,,,,,,,,,,,,,,,,,,,,,
Agricultural production index (2014-2016=100),84,100,118b,International trade: exportsi (million current US$),5 233,13 756,"16 385h,c",International trade: importsi (million current US$),8 057,14 687,"9 252h,c",International trade: balancei (million current US$),- 2 824,-932,"7 134h,c","Balance of payments, current account (million US$)",- 2 747,- 2 824,- 1 864b,,,,,,,,,,,,,,,,,,,,,,,,,,,,,,,,,,,,,,,,,,,,,,,,
International trade: exportsi (million current US$),5 233,13 756,"16 385h,c",International trade: importsi (million current US$),8 057,14 687,"9 252h,c",International trade: balancei (million current US$),- 2 824,-932,"7 134h,c","Balance of payments, current account (million US$)",- 2 747,- 2 824,- 1 864b,,,,,,,,,,,,,,,,,,,,,,,,,,,,,,,,,,,,,,,,,,,,,,,,,,,,
International trade: importsi (million current US$),8 057,14 687,"9 252h,c",International trade: balancei (million current US$),- 2 824,-932,"7 134h,c","Balance of payments, current account (million US$)",- 2 747,- 2 824,- 1 864b,,,,,,,,,,,,,,,,,,,,,,,,,,,,,,,,,,,,,,,,,,,,,,,,,,,,,,,,
International trade: balancei (million current US$),- 2 824,-932,"7 134h,c","Balance of payments, current account (million US$)",- 2 747,- 2 824,- 1 864b,,,,,,,,,,,,,,,,,,,,,,,,,,,,,,,,,,,,,,,,,,,,,,,,,,,,,,,,,,,,
"Balance of payments, current account (million US$)",- 2 747,- 2 824,- 1 864b,,,,,,,,,,,,,,,,,,,,,,,,,,,,,,,,,,,,,,,,,,,,,,,,,,,,,,,,,,,,,,,,
