0,1,2,3,4,5,6,7,8,9,10,11,12,13,14,15,16,17,18,19,20,21,22,23,24,25,26,27,28,29,30,31,32,33,34,35,36,37,38,39,40,41,42,43,44,45,46,47
,2010,2015,2021,,,,,,,,,,,,,,,,,,,,,,,,,,,,,,,,,,,,,,,,,,,,
Individuals using the Internet (per 100 inhabitants),"7.8q,r","25h,s","37.9h,o",Research & Development expenditure (% of GDP),0.4q,...,...,Threatened species (number),202,223,271,Forested area (% of land area),34.9,34.6h,"35h,m",CO2 emission estimates (million tons/tons per capita),10.3 /        0.4,14.0 /        0.5,14.7 /        0.5m,"Energy production, primary (Petajoules)",148,372,539m,Energy supply per capita (Gigajoules),11,12,12m,Tourist/visitor arrivals at national borderst (000),931,897,...,Important sites for terrestrial biodiversity protected (%),68.9,68.9,68.9c,"Pop. using safely managed drinking water (urban/rural, %)",43.9 /        6.3,51.9 /       10.9,60.3 /       16.1c,Pop. using safely managed sanitation (urban/rural %),9.4 /        7.8,10.8 /       11.2,12.1 /       15.0c,Net Official Development Assist. received (% of GNI),5.36,3.69,1.39b
Research & Development expenditure (% of GDP),0.4q,...,...,Threatened species (number),202,223,271,Forested area (% of land area),34.9,34.6h,"35h,m",CO2 emission estimates (million tons/tons per capita),10.3 /        0.4,14.0 /        0.5,14.7 /        0.5m,"Energy production, primary (Petajoules)",148,372,539m,Energy supply per capita (Gigajoules),11,12,12m,Tourist/visitor arrivals at national borderst (000),931,897,...,Important sites for terrestrial biodiversity protected (%),68.9,68.9,68.9c,"Pop. using safely managed drinking water (urban/rural, %)",43.9 /        6.3,51.9 /       10.9,60.3 /       16.1c,Pop. using safely managed sanitation (urban/rural %),9.4 /        7.8,10.8 /       11.2,12.1 /       15.0c,Net Official Development Assist. received (% of GNI),5.36,3.69,1.39b,,,,
Threatened species (number),202,223,271,Forested area (% of land area),34.9,34.6h,"35h,m",CO2 emission estimates (million tons/tons per capita),10.3 /        0.4,14.0 /        0.5,14.7 /        0.5m,"Energy production, primary (Petajoules)",148,372,539m,Energy supply per capita (Gigajoules),11,12,12m,Tourist/visitor arrivals at national borderst (000),931,897,...,Important sites for terrestrial biodiversity protected (%),68.9,68.9,68.9c,"Pop. using safely managed drinking water (urban/rural, %)",43.9 /        6.3,51.9 /       10.9,60.3 /       16.1c,Pop. using safely managed sanitation (urban/rural %),9.4 /        7.8,10.8 /       11.2,12.1 /       15.0c,Net Official Development Assist. received (% of GNI),5.36,3.69,1.39b,,,,,,,,
Forested area (% of land area),34.9,34.6h,"35h,m",CO2 emission estimates (million tons/tons per capita),10.3 /        0.4,14.0 /        0.5,14.7 /        0.5m,"Energy production, primary (Petajoules)",148,372,539m,Energy supply per capita (Gigajoules),11,12,12m,Tourist/visitor arrivals at national borderst (000),931,897,...,Important sites for terrestrial biodiversity protected (%),68.9,68.9,68.9c,"Pop. using safely managed drinking water (urban/rural, %)",43.9 /        6.3,51.9 /       10.9,60.3 /       16.1c,Pop. using safely managed sanitation (urban/rural %),9.4 /        7.8,10.8 /       11.2,12.1 /       15.0c,Net Official Development Assist. received (% of GNI),5.36,3.69,1.39b,,,,,,,,,,,,
CO2 emission estimates (million tons/tons per capita),10.3 /        0.4,14.0 /        0.5,14.7 /        0.5m,"Energy production, primary (Petajoules)",148,372,539m,Energy supply per capita (Gigajoules),11,12,12m,Tourist/visitor arrivals at national borderst (000),931,897,...,Important sites for terrestrial biodiversity protected (%),68.9,68.9,68.9c,"Pop. using safely managed drinking water (urban/rural, %)",43.9 /        6.3,51.9 /       10.9,60.3 /       16.1c,Pop. using safely managed sanitation (urban/rural %),9.4 /        7.8,10.8 /       11.2,12.1 /       15.0c,Net Official Development Assist. received (% of GNI),5.36,3.69,1.39b,,,,,,,,,,,,,,,,
"Energy production, primary (Petajoules)",148,372,539m,Energy supply per capita (Gigajoules),11,12,12m,Tourist/visitor arrivals at national borderst (000),931,897,...,Important sites for terrestrial biodiversity protected (%),68.9,68.9,68.9c,"Pop. using safely managed drinking water (urban/rural, %)",43.9 /        6.3,51.9 /       10.9,60.3 /       16.1c,Pop. using safely managed sanitation (urban/rural %),9.4 /        7.8,10.8 /       11.2,12.1 /       15.0c,Net Official Development Assist. received (% of GNI),5.36,3.69,1.39b,,,,,,,,,,,,,,,,,,,,
Energy supply per capita (Gigajoules),11,12,12m,Tourist/visitor arrivals at national borderst (000),931,897,...,Important sites for terrestrial biodiversity protected (%),68.9,68.9,68.9c,"Pop. using safely managed drinking water (urban/rural, %)",43.9 /        6.3,51.9 /       10.9,60.3 /       16.1c,Pop. using safely managed sanitation (urban/rural %),9.4 /        7.8,10.8 /       11.2,12.1 /       15.0c,Net Official Development Assist. received (% of GNI),5.36,3.69,1.39b,,,,,,,,,,,,,,,,,,,,,,,,
Tourist/visitor arrivals at national borderst (000),931,897,...,Important sites for terrestrial biodiversity protected (%),68.9,68.9,68.9c,"Pop. using safely managed drinking water (urban/rural, %)",43.9 /        6.3,51.9 /       10.9,60.3 /       16.1c,Pop. using safely managed sanitation (urban/rural %),9.4 /        7.8,10.8 /       11.2,12.1 /       15.0c,Net Official Development Assist. received (% of GNI),5.36,3.69,1.39b,,,,,,,,,,,,,,,,,,,,,,,,,,,,
Important sites for terrestrial biodiversity protected (%),68.9,68.9,68.9c,"Pop. using safely managed drinking water (urban/rural, %)",43.9 /        6.3,51.9 /       10.9,60.3 /       16.1c,Pop. using safely managed sanitation (urban/rural %),9.4 /        7.8,10.8 /       11.2,12.1 /       15.0c,Net Official Development Assist. received (% of GNI),5.36,3.69,1.39b,,,,,,,,,,,,,,,,,,,,,,,,,,,,,,,,
"Pop. using safely managed drinking water (urban/rural, %)",43.9 /        6.3,51.9 /       10.9,60.3 /       16.1c,Pop. using safely managed sanitation (urban/rural %),9.4 /        7.8,10.8 /       11.2,12.1 /       15.0c,Net Official Development Assist. received (% of GNI),5.36,3.69,1.39b,,,,,,,,,,,,,,,,,,,,,,,,,,,,,,,,,,,,
Pop. using safely managed sanitation (urban/rural %),9.4 /        7.8,10.8 /       11.2,12.1 /       15.0c,Net Official Development Assist. received (% of GNI),5.36,3.69,1.39b,,,,,,,,,,,,,,,,,,,,,,,,,,,,,,,,,,,,,,,,
Net Official Development Assist. received (% of GNI),5.36,3.69,1.39b,,,,,,,,,,,,,,,,,,,,,,,,,,,,,,,,,,,,,,,,,,,,
