0,1,2,3,4,5,6,7,8,9,10,11,12,13,14,15,16,17,18,19
,2010,2015,2021,,,,,,,,,,,,,,,,
Employment in agricultureh (% of employed),4.7,4,3.5g,Employment in industryh (% of employed),26.7,24.9,22.9g,Employment in servicesh (% employed),68.6,71.1,73.6g,Unemploymenth (% of labour force),8.4,8.1,7.5g,Labour force participation rateh (female/male pop. %),50.8 /       67.8,51.0 /       67.1,50.6 /       65.6g
Employment in industryh (% of employed),26.7,24.9,22.9g,Employment in servicesh (% employed),68.6,71.1,73.6g,Unemploymenth (% of labour force),8.4,8.1,7.5g,Labour force participation rateh (female/male pop. %),50.8 /       67.8,51.0 /       67.1,50.6 /       65.6g,,,,
Employment in servicesh (% employed),68.6,71.1,73.6g,Unemploymenth (% of labour force),8.4,8.1,7.5g,Labour force participation rateh (female/male pop. %),50.8 /       67.8,51.0 /       67.1,50.6 /       65.6g,,,,,,,,
Unemploymenth (% of labour force),8.4,8.1,7.5g,Labour force participation rateh (female/male pop. %),50.8 /       67.8,51.0 /       67.1,50.6 /       65.6g,,,,,,,,,,,,
Labour force participation rateh (female/male pop. %),50.8 /       67.8,51.0 /       67.1,50.6 /       65.6g,,,,,,,,,,,,,,,,
