0,1,2,3,4,5,6,7,8,9,10,11,12,13,14,15,16,17,18,19,20,21,22,23,24,25,26,27,28,29,30,31,32,33,34,35
,2010,2015,2021,,,,,,,,,,,,,,,,,,,,,,,,,,,,,,,,
"Population growth ratea,i (average annual %)",1,0.7,1g,Urban populationc (% of total population),31.1,31,30.9j,"Urban population growth ratec,i (average annual %)",0.9,0.5,...,"Fertility rate, totala,i (live births per woman)",1.6,1.6,1.5g,"Life expectancy at birtha,i (females/males, years)",83.4 /       78.4,84.1 /       79.8,84.7 /       80.9g,"Population age distributiona (0-14/60+ years old, %)",15.5 /       21.5,15.5 /       22.3,14.9 /       24.5b,International migrant stocka (000/% of total pop.),77.6 /       48.6,82.3 /       49.8,84.1 /       48.4g,"Infant mortality ratea,i (per 1 000 live births)",7.6,6.7,6.1g,Intentional homicide rate (per 100 000 pop.),0,...,...
Urban populationc (% of total population),31.1,31,30.9j,"Urban population growth ratec,i (average annual %)",0.9,0.5,...,"Fertility rate, totala,i (live births per woman)",1.6,1.6,1.5g,"Life expectancy at birtha,i (females/males, years)",83.4 /       78.4,84.1 /       79.8,84.7 /       80.9g,"Population age distributiona (0-14/60+ years old, %)",15.5 /       21.5,15.5 /       22.3,14.9 /       24.5b,International migrant stocka (000/% of total pop.),77.6 /       48.6,82.3 /       49.8,84.1 /       48.4g,"Infant mortality ratea,i (per 1 000 live births)",7.6,6.7,6.1g,Intentional homicide rate (per 100 000 pop.),0,...,...,,,,
"Urban population growth ratec,i (average annual %)",0.9,0.5,...,"Fertility rate, totala,i (live births per woman)",1.6,1.6,1.5g,"Life expectancy at birtha,i (females/males, years)",83.4 /       78.4,84.1 /       79.8,84.7 /       80.9g,"Population age distributiona (0-14/60+ years old, %)",15.5 /       21.5,15.5 /       22.3,14.9 /       24.5b,International migrant stocka (000/% of total pop.),77.6 /       48.6,82.3 /       49.8,84.1 /       48.4g,"Infant mortality ratea,i (per 1 000 live births)",7.6,6.7,6.1g,Intentional homicide rate (per 100 000 pop.),0,...,...,,,,,,,,
"Fertility rate, totala,i (live births per woman)",1.6,1.6,1.5g,"Life expectancy at birtha,i (females/males, years)",83.4 /       78.4,84.1 /       79.8,84.7 /       80.9g,"Population age distributiona (0-14/60+ years old, %)",15.5 /       21.5,15.5 /       22.3,14.9 /       24.5b,International migrant stocka (000/% of total pop.),77.6 /       48.6,82.3 /       49.8,84.1 /       48.4g,"Infant mortality ratea,i (per 1 000 live births)",7.6,6.7,6.1g,Intentional homicide rate (per 100 000 pop.),0,...,...,,,,,,,,,,,,
"Life expectancy at birtha,i (females/males, years)",83.4 /       78.4,84.1 /       79.8,84.7 /       80.9g,"Population age distributiona (0-14/60+ years old, %)",15.5 /       21.5,15.5 /       22.3,14.9 /       24.5b,International migrant stocka (000/% of total pop.),77.6 /       48.6,82.3 /       49.8,84.1 /       48.4g,"Infant mortality ratea,i (per 1 000 live births)",7.6,6.7,6.1g,Intentional homicide rate (per 100 000 pop.),0,...,...,,,,,,,,,,,,,,,,
"Population age distributiona (0-14/60+ years old, %)",15.5 /       21.5,15.5 /       22.3,14.9 /       24.5b,International migrant stocka (000/% of total pop.),77.6 /       48.6,82.3 /       49.8,84.1 /       48.4g,"Infant mortality ratea,i (per 1 000 live births)",7.6,6.7,6.1g,Intentional homicide rate (per 100 000 pop.),0,...,...,,,,,,,,,,,,,,,,,,,,
International migrant stocka (000/% of total pop.),77.6 /       48.6,82.3 /       49.8,84.1 /       48.4g,"Infant mortality ratea,i (per 1 000 live births)",7.6,6.7,6.1g,Intentional homicide rate (per 100 000 pop.),0,...,...,,,,,,,,,,,,,,,,,,,,,,,,
"Infant mortality ratea,i (per 1 000 live births)",7.6,6.7,6.1g,Intentional homicide rate (per 100 000 pop.),0,...,...,,,,,,,,,,,,,,,,,,,,,,,,,,,,
Intentional homicide rate (per 100 000 pop.),0,...,...,,,,,,,,,,,,,,,,,,,,,,,,,,,,,,,,
