0,1,2,3,4,5,6,7,8,9,10,11,12,13,14,15,16,17,18,19,20,21,22,23,24,25,26,27
,2010,2015,2021,,,,,,,,,,,,,,,,,,,,,,,,
Individuals using the Internet (per 100 inhabitants),49,64.6h,"72.7h,o",Threatened species (number),160,175,195,Forested areah (% of land area),40.8,40.8,42.5f,"Energy production, primary (Petajoules)",1,1,1f,Energy supply per capita (Gigajoules),46,43,43f,"Tourist/visitor arrivals at national bordersp,q (000)",154,184,237c,Important sites for terrestrial biodiversity protected (%),0,0,0g
Threatened species (number),160,175,195,Forested areah (% of land area),40.8,40.8,42.5f,"Energy production, primary (Petajoules)",1,1,1f,Energy supply per capita (Gigajoules),46,43,43f,"Tourist/visitor arrivals at national bordersp,q (000)",154,184,237c,Important sites for terrestrial biodiversity protected (%),0,0,0g,,,,
Forested areah (% of land area),40.8,40.8,42.5f,"Energy production, primary (Petajoules)",1,1,1f,Energy supply per capita (Gigajoules),46,43,43f,"Tourist/visitor arrivals at national bordersp,q (000)",154,184,237c,Important sites for terrestrial biodiversity protected (%),0,0,0g,,,,,,,,
"Energy production, primary (Petajoules)",1,1,1f,Energy supply per capita (Gigajoules),46,43,43f,"Tourist/visitor arrivals at national bordersp,q (000)",154,184,237c,Important sites for terrestrial biodiversity protected (%),0,0,0g,,,,,,,,,,,,
Energy supply per capita (Gigajoules),46,43,43f,"Tourist/visitor arrivals at national bordersp,q (000)",154,184,237c,Important sites for terrestrial biodiversity protected (%),0,0,0g,,,,,,,,,,,,,,,,
"Tourist/visitor arrivals at national bordersp,q (000)",154,184,237c,Important sites for terrestrial biodiversity protected (%),0,0,0g,,,,,,,,,,,,,,,,,,,,
Important sites for terrestrial biodiversity protected (%),0,0,0g,,,,,,,,,,,,,,,,,,,,,,,,
