0,1,2,3,4,5,6,7,8,9,10,11,12,13,14,15,16,17,18,19,20,21,22,23,24,25,26,27,28,29,30,31,32,33,34,35
,2010,2015,2021,,,,,,,,,,,,,,,,,,,,,,,,,,,,,,,,
Population growth ratel (average annual %),0.6,0.5,0.6g,Urban population (% of total population),60.3,61.7,61.9c,Urban population growth ratel (average annual %),2,1.2,...,"Fertility rate, totall (live births per woman)",2.2,2,2g,"Life expectancy at birthl (females/males, years)",77.4 /       72.8,78.6 /       74.0,79.6 /       75.3g,"Population age distribution (0-14/60+ years old, %)",25.5 /        9.3,23.6 /       11.4,22.0 /       14.1a,International migrant stockm (000/% of total pop.),31.6 /       11.9,30.1 /       11.0,30.1 /       10.7g,Infant mortality ratel (per 1 000 live births),8.8,6.9,6.7g,Intentional homicide rate (per 100 000 pop.),0.4n,...,...
Urban population (% of total population),60.3,61.7,61.9c,Urban population growth ratel (average annual %),2,1.2,...,"Fertility rate, totall (live births per woman)",2.2,2,2g,"Life expectancy at birthl (females/males, years)",77.4 /       72.8,78.6 /       74.0,79.6 /       75.3g,"Population age distribution (0-14/60+ years old, %)",25.5 /        9.3,23.6 /       11.4,22.0 /       14.1a,International migrant stockm (000/% of total pop.),31.6 /       11.9,30.1 /       11.0,30.1 /       10.7g,Infant mortality ratel (per 1 000 live births),8.8,6.9,6.7g,Intentional homicide rate (per 100 000 pop.),0.4n,...,...,,,,
Urban population growth ratel (average annual %),2,1.2,...,"Fertility rate, totall (live births per woman)",2.2,2,2g,"Life expectancy at birthl (females/males, years)",77.4 /       72.8,78.6 /       74.0,79.6 /       75.3g,"Population age distribution (0-14/60+ years old, %)",25.5 /        9.3,23.6 /       11.4,22.0 /       14.1a,International migrant stockm (000/% of total pop.),31.6 /       11.9,30.1 /       11.0,30.1 /       10.7g,Infant mortality ratel (per 1 000 live births),8.8,6.9,6.7g,Intentional homicide rate (per 100 000 pop.),0.4n,...,...,,,,,,,,
"Fertility rate, totall (live births per woman)",2.2,2,2g,"Life expectancy at birthl (females/males, years)",77.4 /       72.8,78.6 /       74.0,79.6 /       75.3g,"Population age distribution (0-14/60+ years old, %)",25.5 /        9.3,23.6 /       11.4,22.0 /       14.1a,International migrant stockm (000/% of total pop.),31.6 /       11.9,30.1 /       11.0,30.1 /       10.7g,Infant mortality ratel (per 1 000 live births),8.8,6.9,6.7g,Intentional homicide rate (per 100 000 pop.),0.4n,...,...,,,,,,,,,,,,
"Life expectancy at birthl (females/males, years)",77.4 /       72.8,78.6 /       74.0,79.6 /       75.3g,"Population age distribution (0-14/60+ years old, %)",25.5 /        9.3,23.6 /       11.4,22.0 /       14.1a,International migrant stockm (000/% of total pop.),31.6 /       11.9,30.1 /       11.0,30.1 /       10.7g,Infant mortality ratel (per 1 000 live births),8.8,6.9,6.7g,Intentional homicide rate (per 100 000 pop.),0.4n,...,...,,,,,,,,,,,,,,,,
"Population age distribution (0-14/60+ years old, %)",25.5 /        9.3,23.6 /       11.4,22.0 /       14.1a,International migrant stockm (000/% of total pop.),31.6 /       11.9,30.1 /       11.0,30.1 /       10.7g,Infant mortality ratel (per 1 000 live births),8.8,6.9,6.7g,Intentional homicide rate (per 100 000 pop.),0.4n,...,...,,,,,,,,,,,,,,,,,,,,
International migrant stockm (000/% of total pop.),31.6 /       11.9,30.1 /       11.0,30.1 /       10.7g,Infant mortality ratel (per 1 000 live births),8.8,6.9,6.7g,Intentional homicide rate (per 100 000 pop.),0.4n,...,...,,,,,,,,,,,,,,,,,,,,,,,,
Infant mortality ratel (per 1 000 live births),8.8,6.9,6.7g,Intentional homicide rate (per 100 000 pop.),0.4n,...,...,,,,,,,,,,,,,,,,,,,,,,,,,,,,
Intentional homicide rate (per 100 000 pop.),0.4n,...,...,,,,,,,,,,,,,,,,,,,,,,,,,,,,,,,,
