0,1,2,3,4,5,6,7,8,9,10,11,12,13,14,15,16,17,18,19,20,21,22,23,24,25,26,27,28,29,30,31,32,33,34,35,36,37,38,39,40,41,42,43,44,45,46,47,48,49,50,51,52,53,54,55,56,57,58,59,60,61,62,63,64,65,66,67
,2010,2015,2021,,,,,,,,,,,,,,,,,,,,,,,,,,,,,,,,,,,,,,,,,,,,,,,,,,,,,,,,,,,,,,,,
GDP: Gross domestic product (million current US$),12 243,14 954,17 743c,"GDP growth rate (annual %, const. 2015 prices)",6.2,3,5.1c,GDP per capita (current US$),2 986.8,3 716.0,4 439.3c,Economy: Agriculturee (% of Gross Value Added),9.6,8.8,7.2c,"Economy: Industryf,g (% of Gross Value Added)",19.1,21.5,23c,Economy: Services and other activityh (% of GVA),71.4,69.7,69.8c,Employment in agriculture (% of employed),48.1,44,"41.3i,d",Employment in industry (% of employed),10.6,11,"14.2i,d",Employment in services (% employed),41.3,44.9,"44.5i,d",Unemploymenti (% of labour force),20.2,16.5,14.7d,Labour force participation ratei (female/male pop. %),56.4 /       77.7,59.1 /       80.9,57.4 /       80.9d,CPI: Consumer Price Indexj (2010=100),100,115,141d,Agricultural production index (2014-2016=100),88,102,105c,International trade: exports (million current US$),1 677,2 205,3 342d,International trade: imports (million current US$),5 236,7 281,8 031d,International trade: balance (million current US$),- 3 558,- 5 077,- 4 689d,"Balance of payments, current account (million US$)",- 1 199,- 1 767,- 1 965d
"GDP growth rate (annual %, const. 2015 prices)",6.2,3,5.1c,GDP per capita (current US$),2 986.8,3 716.0,4 439.3c,Economy: Agriculturee (% of Gross Value Added),9.6,8.8,7.2c,"Economy: Industryf,g (% of Gross Value Added)",19.1,21.5,23c,Economy: Services and other activityh (% of GVA),71.4,69.7,69.8c,Employment in agriculture (% of employed),48.1,44,"41.3i,d",Employment in industry (% of employed),10.6,11,"14.2i,d",Employment in services (% employed),41.3,44.9,"44.5i,d",Unemploymenti (% of labour force),20.2,16.5,14.7d,Labour force participation ratei (female/male pop. %),56.4 /       77.7,59.1 /       80.9,57.4 /       80.9d,CPI: Consumer Price Indexj (2010=100),100,115,141d,Agricultural production index (2014-2016=100),88,102,105c,International trade: exports (million current US$),1 677,2 205,3 342d,International trade: imports (million current US$),5 236,7 281,8 031d,International trade: balance (million current US$),- 3 558,- 5 077,- 4 689d,"Balance of payments, current account (million US$)",- 1 199,- 1 767,- 1 965d,,,,
GDP per capita (current US$),2 986.8,3 716.0,4 439.3c,Economy: Agriculturee (% of Gross Value Added),9.6,8.8,7.2c,"Economy: Industryf,g (% of Gross Value Added)",19.1,21.5,23c,Economy: Services and other activityh (% of GVA),71.4,69.7,69.8c,Employment in agriculture (% of employed),48.1,44,"41.3i,d",Employment in industry (% of employed),10.6,11,"14.2i,d",Employment in services (% employed),41.3,44.9,"44.5i,d",Unemploymenti (% of labour force),20.2,16.5,14.7d,Labour force participation ratei (female/male pop. %),56.4 /       77.7,59.1 /       80.9,57.4 /       80.9d,CPI: Consumer Price Indexj (2010=100),100,115,141d,Agricultural production index (2014-2016=100),88,102,105c,International trade: exports (million current US$),1 677,2 205,3 342d,International trade: imports (million current US$),5 236,7 281,8 031d,International trade: balance (million current US$),- 3 558,- 5 077,- 4 689d,"Balance of payments, current account (million US$)",- 1 199,- 1 767,- 1 965d,,,,,,,,
Economy: Agriculturee (% of Gross Value Added),9.6,8.8,7.2c,"Economy: Industryf,g (% of Gross Value Added)",19.1,21.5,23c,Economy: Services and other activityh (% of GVA),71.4,69.7,69.8c,Employment in agriculture (% of employed),48.1,44,"41.3i,d",Employment in industry (% of employed),10.6,11,"14.2i,d",Employment in services (% employed),41.3,44.9,"44.5i,d",Unemploymenti (% of labour force),20.2,16.5,14.7d,Labour force participation ratei (female/male pop. %),56.4 /       77.7,59.1 /       80.9,57.4 /       80.9d,CPI: Consumer Price Indexj (2010=100),100,115,141d,Agricultural production index (2014-2016=100),88,102,105c,International trade: exports (million current US$),1 677,2 205,3 342d,International trade: imports (million current US$),5 236,7 281,8 031d,International trade: balance (million current US$),- 3 558,- 5 077,- 4 689d,"Balance of payments, current account (million US$)",- 1 199,- 1 767,- 1 965d,,,,,,,,,,,,
"Economy: Industryf,g (% of Gross Value Added)",19.1,21.5,23c,Economy: Services and other activityh (% of GVA),71.4,69.7,69.8c,Employment in agriculture (% of employed),48.1,44,"41.3i,d",Employment in industry (% of employed),10.6,11,"14.2i,d",Employment in services (% employed),41.3,44.9,"44.5i,d",Unemploymenti (% of labour force),20.2,16.5,14.7d,Labour force participation ratei (female/male pop. %),56.4 /       77.7,59.1 /       80.9,57.4 /       80.9d,CPI: Consumer Price Indexj (2010=100),100,115,141d,Agricultural production index (2014-2016=100),88,102,105c,International trade: exports (million current US$),1 677,2 205,3 342d,International trade: imports (million current US$),5 236,7 281,8 031d,International trade: balance (million current US$),- 3 558,- 5 077,- 4 689d,"Balance of payments, current account (million US$)",- 1 199,- 1 767,- 1 965d,,,,,,,,,,,,,,,,
Economy: Services and other activityh (% of GVA),71.4,69.7,69.8c,Employment in agriculture (% of employed),48.1,44,"41.3i,d",Employment in industry (% of employed),10.6,11,"14.2i,d",Employment in services (% employed),41.3,44.9,"44.5i,d",Unemploymenti (% of labour force),20.2,16.5,14.7d,Labour force participation ratei (female/male pop. %),56.4 /       77.7,59.1 /       80.9,57.4 /       80.9d,CPI: Consumer Price Indexj (2010=100),100,115,141d,Agricultural production index (2014-2016=100),88,102,105c,International trade: exports (million current US$),1 677,2 205,3 342d,International trade: imports (million current US$),5 236,7 281,8 031d,International trade: balance (million current US$),- 3 558,- 5 077,- 4 689d,"Balance of payments, current account (million US$)",- 1 199,- 1 767,- 1 965d,,,,,,,,,,,,,,,,,,,,
Employment in agriculture (% of employed),48.1,44,"41.3i,d",Employment in industry (% of employed),10.6,11,"14.2i,d",Employment in services (% employed),41.3,44.9,"44.5i,d",Unemploymenti (% of labour force),20.2,16.5,14.7d,Labour force participation ratei (female/male pop. %),56.4 /       77.7,59.1 /       80.9,57.4 /       80.9d,CPI: Consumer Price Indexj (2010=100),100,115,141d,Agricultural production index (2014-2016=100),88,102,105c,International trade: exports (million current US$),1 677,2 205,3 342d,International trade: imports (million current US$),5 236,7 281,8 031d,International trade: balance (million current US$),- 3 558,- 5 077,- 4 689d,"Balance of payments, current account (million US$)",- 1 199,- 1 767,- 1 965d,,,,,,,,,,,,,,,,,,,,,,,,
Employment in industry (% of employed),10.6,11,"14.2i,d",Employment in services (% employed),41.3,44.9,"44.5i,d",Unemploymenti (% of labour force),20.2,16.5,14.7d,Labour force participation ratei (female/male pop. %),56.4 /       77.7,59.1 /       80.9,57.4 /       80.9d,CPI: Consumer Price Indexj (2010=100),100,115,141d,Agricultural production index (2014-2016=100),88,102,105c,International trade: exports (million current US$),1 677,2 205,3 342d,International trade: imports (million current US$),5 236,7 281,8 031d,International trade: balance (million current US$),- 3 558,- 5 077,- 4 689d,"Balance of payments, current account (million US$)",- 1 199,- 1 767,- 1 965d,,,,,,,,,,,,,,,,,,,,,,,,,,,,
Employment in services (% employed),41.3,44.9,"44.5i,d",Unemploymenti (% of labour force),20.2,16.5,14.7d,Labour force participation ratei (female/male pop. %),56.4 /       77.7,59.1 /       80.9,57.4 /       80.9d,CPI: Consumer Price Indexj (2010=100),100,115,141d,Agricultural production index (2014-2016=100),88,102,105c,International trade: exports (million current US$),1 677,2 205,3 342d,International trade: imports (million current US$),5 236,7 281,8 031d,International trade: balance (million current US$),- 3 558,- 5 077,- 4 689d,"Balance of payments, current account (million US$)",- 1 199,- 1 767,- 1 965d,,,,,,,,,,,,,,,,,,,,,,,,,,,,,,,,
Unemploymenti (% of labour force),20.2,16.5,14.7d,Labour force participation ratei (female/male pop. %),56.4 /       77.7,59.1 /       80.9,57.4 /       80.9d,CPI: Consumer Price Indexj (2010=100),100,115,141d,Agricultural production index (2014-2016=100),88,102,105c,International trade: exports (million current US$),1 677,2 205,3 342d,International trade: imports (million current US$),5 236,7 281,8 031d,International trade: balance (million current US$),- 3 558,- 5 077,- 4 689d,"Balance of payments, current account (million US$)",- 1 199,- 1 767,- 1 965d,,,,,,,,,,,,,,,,,,,,,,,,,,,,,,,,,,,,
Labour force participation ratei (female/male pop. %),56.4 /       77.7,59.1 /       80.9,57.4 /       80.9d,CPI: Consumer Price Indexj (2010=100),100,115,141d,Agricultural production index (2014-2016=100),88,102,105c,International trade: exports (million current US$),1 677,2 205,3 342d,International trade: imports (million current US$),5 236,7 281,8 031d,International trade: balance (million current US$),- 3 558,- 5 077,- 4 689d,"Balance of payments, current account (million US$)",- 1 199,- 1 767,- 1 965d,,,,,,,,,,,,,,,,,,,,,,,,,,,,,,,,,,,,,,,,
CPI: Consumer Price Indexj (2010=100),100,115,141d,Agricultural production index (2014-2016=100),88,102,105c,International trade: exports (million current US$),1 677,2 205,3 342d,International trade: imports (million current US$),5 236,7 281,8 031d,International trade: balance (million current US$),- 3 558,- 5 077,- 4 689d,"Balance of payments, current account (million US$)",- 1 199,- 1 767,- 1 965d,,,,,,,,,,,,,,,,,,,,,,,,,,,,,,,,,,,,,,,,,,,,
Agricultural production index (2014-2016=100),88,102,105c,International trade: exports (million current US$),1 677,2 205,3 342d,International trade: imports (million current US$),5 236,7 281,8 031d,International trade: balance (million current US$),- 3 558,- 5 077,- 4 689d,"Balance of payments, current account (million US$)",- 1 199,- 1 767,- 1 965d,,,,,,,,,,,,,,,,,,,,,,,,,,,,,,,,,,,,,,,,,,,,,,,,
International trade: exports (million current US$),1 677,2 205,3 342d,International trade: imports (million current US$),5 236,7 281,8 031d,International trade: balance (million current US$),- 3 558,- 5 077,- 4 689d,"Balance of payments, current account (million US$)",- 1 199,- 1 767,- 1 965d,,,,,,,,,,,,,,,,,,,,,,,,,,,,,,,,,,,,,,,,,,,,,,,,,,,,
International trade: imports (million current US$),5 236,7 281,8 031d,International trade: balance (million current US$),- 3 558,- 5 077,- 4 689d,"Balance of payments, current account (million US$)",- 1 199,- 1 767,- 1 965d,,,,,,,,,,,,,,,,,,,,,,,,,,,,,,,,,,,,,,,,,,,,,,,,,,,,,,,,
International trade: balance (million current US$),- 3 558,- 5 077,- 4 689d,"Balance of payments, current account (million US$)",- 1 199,- 1 767,- 1 965d,,,,,,,,,,,,,,,,,,,,,,,,,,,,,,,,,,,,,,,,,,,,,,,,,,,,,,,,,,,,
"Balance of payments, current account (million US$)",- 1 199,- 1 767,- 1 965d,,,,,,,,,,,,,,,,,,,,,,,,,,,,,,,,,,,,,,,,,,,,,,,,,,,,,,,,,,,,,,,,
