0,1,2,3,4,5,6,7,8,9,10,11,12,13,14,15,16,17,18,19,20,21,22,23,24,25,26,27,28,29,30,31,32,33,34,35,36,37,38,39,40,41,42,43,44,45,46,47
,2010,2015,2021,,,,,,,,,,,,,,,,,,,,,,,,,,,,,,,,,,,,,,,,,,,,
Individuals using the Internet (per 100 inhabitants),26.9,47.6t,68.8c,Research & Development expenditure (% of GDP),0.2u,"0.3v,w,x","0.3v,w,x,n",Threatened species (number),46,114,124,Forested area (% of land area),40.6i,40.6,40.6n,CO2 emission estimates (million tons/tons per capita),5.0 /        1.3,8.5 /        2.3,8.8 /        2.4n,"Energy production, primary (Petajoules)",58,55,52n,Energy supply per capita (Gigajoules),34,49,51n,Tourist/visitor arrivals at national borders (000),1 067,3 012,5 080c,Important sites for terrestrial biodiversity protected (%),34.4,40.3,40.3d,"Pop. using safely managed drinking water (urban/rural, %)",83.9 /       39.4,84.0 /       39.9,84.1 /       40.3d,Pop. using safely managed sanitation (urban/rural %),33.1 /       50.6,29.6 /       47.5,27.6 /       44.5d,Net Official Development Assist. received (% of GNI),4.9,3.07,2.89c
Research & Development expenditure (% of GDP),0.2u,"0.3v,w,x","0.3v,w,x,n",Threatened species (number),46,114,124,Forested area (% of land area),40.6i,40.6,40.6n,CO2 emission estimates (million tons/tons per capita),5.0 /        1.3,8.5 /        2.3,8.8 /        2.4n,"Energy production, primary (Petajoules)",58,55,52n,Energy supply per capita (Gigajoules),34,49,51n,Tourist/visitor arrivals at national borders (000),1 067,3 012,5 080c,Important sites for terrestrial biodiversity protected (%),34.4,40.3,40.3d,"Pop. using safely managed drinking water (urban/rural, %)",83.9 /       39.4,84.0 /       39.9,84.1 /       40.3d,Pop. using safely managed sanitation (urban/rural %),33.1 /       50.6,29.6 /       47.5,27.6 /       44.5d,Net Official Development Assist. received (% of GNI),4.9,3.07,2.89c,,,,
Threatened species (number),46,114,124,Forested area (% of land area),40.6i,40.6,40.6n,CO2 emission estimates (million tons/tons per capita),5.0 /        1.3,8.5 /        2.3,8.8 /        2.4n,"Energy production, primary (Petajoules)",58,55,52n,Energy supply per capita (Gigajoules),34,49,51n,Tourist/visitor arrivals at national borders (000),1 067,3 012,5 080c,Important sites for terrestrial biodiversity protected (%),34.4,40.3,40.3d,"Pop. using safely managed drinking water (urban/rural, %)",83.9 /       39.4,84.0 /       39.9,84.1 /       40.3d,Pop. using safely managed sanitation (urban/rural %),33.1 /       50.6,29.6 /       47.5,27.6 /       44.5d,Net Official Development Assist. received (% of GNI),4.9,3.07,2.89c,,,,,,,,
Forested area (% of land area),40.6i,40.6,40.6n,CO2 emission estimates (million tons/tons per capita),5.0 /        1.3,8.5 /        2.3,8.8 /        2.4n,"Energy production, primary (Petajoules)",58,55,52n,Energy supply per capita (Gigajoules),34,49,51n,Tourist/visitor arrivals at national borders (000),1 067,3 012,5 080c,Important sites for terrestrial biodiversity protected (%),34.4,40.3,40.3d,"Pop. using safely managed drinking water (urban/rural, %)",83.9 /       39.4,84.0 /       39.9,84.1 /       40.3d,Pop. using safely managed sanitation (urban/rural %),33.1 /       50.6,29.6 /       47.5,27.6 /       44.5d,Net Official Development Assist. received (% of GNI),4.9,3.07,2.89c,,,,,,,,,,,,
CO2 emission estimates (million tons/tons per capita),5.0 /        1.3,8.5 /        2.3,8.8 /        2.4n,"Energy production, primary (Petajoules)",58,55,52n,Energy supply per capita (Gigajoules),34,49,51n,Tourist/visitor arrivals at national borders (000),1 067,3 012,5 080c,Important sites for terrestrial biodiversity protected (%),34.4,40.3,40.3d,"Pop. using safely managed drinking water (urban/rural, %)",83.9 /       39.4,84.0 /       39.9,84.1 /       40.3d,Pop. using safely managed sanitation (urban/rural %),33.1 /       50.6,29.6 /       47.5,27.6 /       44.5d,Net Official Development Assist. received (% of GNI),4.9,3.07,2.89c,,,,,,,,,,,,,,,,
"Energy production, primary (Petajoules)",58,55,52n,Energy supply per capita (Gigajoules),34,49,51n,Tourist/visitor arrivals at national borders (000),1 067,3 012,5 080c,Important sites for terrestrial biodiversity protected (%),34.4,40.3,40.3d,"Pop. using safely managed drinking water (urban/rural, %)",83.9 /       39.4,84.0 /       39.9,84.1 /       40.3d,Pop. using safely managed sanitation (urban/rural %),33.1 /       50.6,29.6 /       47.5,27.6 /       44.5d,Net Official Development Assist. received (% of GNI),4.9,3.07,2.89c,,,,,,,,,,,,,,,,,,,,
Energy supply per capita (Gigajoules),34,49,51n,Tourist/visitor arrivals at national borders (000),1 067,3 012,5 080c,Important sites for terrestrial biodiversity protected (%),34.4,40.3,40.3d,"Pop. using safely managed drinking water (urban/rural, %)",83.9 /       39.4,84.0 /       39.9,84.1 /       40.3d,Pop. using safely managed sanitation (urban/rural %),33.1 /       50.6,29.6 /       47.5,27.6 /       44.5d,Net Official Development Assist. received (% of GNI),4.9,3.07,2.89c,,,,,,,,,,,,,,,,,,,,,,,,
Tourist/visitor arrivals at national borders (000),1 067,3 012,5 080c,Important sites for terrestrial biodiversity protected (%),34.4,40.3,40.3d,"Pop. using safely managed drinking water (urban/rural, %)",83.9 /       39.4,84.0 /       39.9,84.1 /       40.3d,Pop. using safely managed sanitation (urban/rural %),33.1 /       50.6,29.6 /       47.5,27.6 /       44.5d,Net Official Development Assist. received (% of GNI),4.9,3.07,2.89c,,,,,,,,,,,,,,,,,,,,,,,,,,,,
Important sites for terrestrial biodiversity protected (%),34.4,40.3,40.3d,"Pop. using safely managed drinking water (urban/rural, %)",83.9 /       39.4,84.0 /       39.9,84.1 /       40.3d,Pop. using safely managed sanitation (urban/rural %),33.1 /       50.6,29.6 /       47.5,27.6 /       44.5d,Net Official Development Assist. received (% of GNI),4.9,3.07,2.89c,,,,,,,,,,,,,,,,,,,,,,,,,,,,,,,,
"Pop. using safely managed drinking water (urban/rural, %)",83.9 /       39.4,84.0 /       39.9,84.1 /       40.3d,Pop. using safely managed sanitation (urban/rural %),33.1 /       50.6,29.6 /       47.5,27.6 /       44.5d,Net Official Development Assist. received (% of GNI),4.9,3.07,2.89c,,,,,,,,,,,,,,,,,,,,,,,,,,,,,,,,,,,,
Pop. using safely managed sanitation (urban/rural %),33.1 /       50.6,29.6 /       47.5,27.6 /       44.5d,Net Official Development Assist. received (% of GNI),4.9,3.07,2.89c,,,,,,,,,,,,,,,,,,,,,,,,,,,,,,,,,,,,,,,,
Net Official Development Assist. received (% of GNI),4.9,3.07,2.89c,,,,,,,,,,,,,,,,,,,,,,,,,,,,,,,,,,,,,,,,,,,,
