0,1,2,3,4,5,6,7,8,9,10,11,12,13,14,15,16,17,18,19,20,21,22,23,24,25,26,27,28,29,30,31,32,33,34,35,36,37,38,39,40,41,42,43,44,45,46,47,48,49,50,51,52,53,54,55,56,57,58,59,60,61,62,63,64,65,66,67
,2010,2015,2021,,,,,,,,,,,,,,,,,,,,,,,,,,,,,,,,,,,,,,,,,,,,,,,,,,,,,,,,,,,,,,,,
"Population growth rateb,k (average annual %)",-0.5,-0.4,-0.2d,Urban populationb (% of total population),55.5,57.4,59c,"Urban population growth rateb,k (average annual %)",-0.5,-0.7,...,"Fertility rate, totalb,k (live births per woman)",1.8,2,2.1d,"Life expectancy at birthb,k (females/males, years)",75.3 /       66.2,76.8 /       67.8,77.9 /       69.1d,"Population age distributionb (0-14/60+ years old, %)",18.0 /       18.9,19.0 /       20.1,20.3 /       21.9a,"International migrant stockb,l (000/% of total pop.)",73.1 /        1.8,76.7 /        1.9,79.4 /        2.0d,Refugees and others of concern to UNHCR (000),362.2m,268.3,291d,"Infant mortality rateb,k (per 1 000 live births)",18.2,12.9,9.4d,Health: Current expenditure (% of GDP),9.5,7.9,7.1n,Health: Physicians (per 1 000 pop.),4.4,5,7.1c,Education: Government expenditure (% of GDP),"3.2i,o",1.9p,3.5n,Education: Primary gross enrol. ratio (f/m per 100 pop.),104.1 /      102.7,102.8 /      102.7,99.7 /       98.9c,Education: Secondary gross enrol. ratio (f/m per 100 pop.),100.9 /       97.8q,100.8 /       98.1,106.8 /      105.9c,Education: Upper secondary gross enrol. ratio (f/m per 100 pop.),104.6 /      100.4q,97.6 /       92.9,105.2 /      103.6c,Intentional homicide rate (per 100 000 pop.),4.6,2.7r,2.2n,Seats held by women in national parliaments (%),5.1,11.3,20.7s
Urban populationb (% of total population),55.5,57.4,59c,"Urban population growth rateb,k (average annual %)",-0.5,-0.7,...,"Fertility rate, totalb,k (live births per woman)",1.8,2,2.1d,"Life expectancy at birthb,k (females/males, years)",75.3 /       66.2,76.8 /       67.8,77.9 /       69.1d,"Population age distributionb (0-14/60+ years old, %)",18.0 /       18.9,19.0 /       20.1,20.3 /       21.9a,"International migrant stockb,l (000/% of total pop.)",73.1 /        1.8,76.7 /        1.9,79.4 /        2.0d,Refugees and others of concern to UNHCR (000),362.2m,268.3,291d,"Infant mortality rateb,k (per 1 000 live births)",18.2,12.9,9.4d,Health: Current expenditure (% of GDP),9.5,7.9,7.1n,Health: Physicians (per 1 000 pop.),4.4,5,7.1c,Education: Government expenditure (% of GDP),"3.2i,o",1.9p,3.5n,Education: Primary gross enrol. ratio (f/m per 100 pop.),104.1 /      102.7,102.8 /      102.7,99.7 /       98.9c,Education: Secondary gross enrol. ratio (f/m per 100 pop.),100.9 /       97.8q,100.8 /       98.1,106.8 /      105.9c,Education: Upper secondary gross enrol. ratio (f/m per 100 pop.),104.6 /      100.4q,97.6 /       92.9,105.2 /      103.6c,Intentional homicide rate (per 100 000 pop.),4.6,2.7r,2.2n,Seats held by women in national parliaments (%),5.1,11.3,20.7s,,,,
"Urban population growth rateb,k (average annual %)",-0.5,-0.7,...,"Fertility rate, totalb,k (live births per woman)",1.8,2,2.1d,"Life expectancy at birthb,k (females/males, years)",75.3 /       66.2,76.8 /       67.8,77.9 /       69.1d,"Population age distributionb (0-14/60+ years old, %)",18.0 /       18.9,19.0 /       20.1,20.3 /       21.9a,"International migrant stockb,l (000/% of total pop.)",73.1 /        1.8,76.7 /        1.9,79.4 /        2.0d,Refugees and others of concern to UNHCR (000),362.2m,268.3,291d,"Infant mortality rateb,k (per 1 000 live births)",18.2,12.9,9.4d,Health: Current expenditure (% of GDP),9.5,7.9,7.1n,Health: Physicians (per 1 000 pop.),4.4,5,7.1c,Education: Government expenditure (% of GDP),"3.2i,o",1.9p,3.5n,Education: Primary gross enrol. ratio (f/m per 100 pop.),104.1 /      102.7,102.8 /      102.7,99.7 /       98.9c,Education: Secondary gross enrol. ratio (f/m per 100 pop.),100.9 /       97.8q,100.8 /       98.1,106.8 /      105.9c,Education: Upper secondary gross enrol. ratio (f/m per 100 pop.),104.6 /      100.4q,97.6 /       92.9,105.2 /      103.6c,Intentional homicide rate (per 100 000 pop.),4.6,2.7r,2.2n,Seats held by women in national parliaments (%),5.1,11.3,20.7s,,,,,,,,
"Fertility rate, totalb,k (live births per woman)",1.8,2,2.1d,"Life expectancy at birthb,k (females/males, years)",75.3 /       66.2,76.8 /       67.8,77.9 /       69.1d,"Population age distributionb (0-14/60+ years old, %)",18.0 /       18.9,19.0 /       20.1,20.3 /       21.9a,"International migrant stockb,l (000/% of total pop.)",73.1 /        1.8,76.7 /        1.9,79.4 /        2.0d,Refugees and others of concern to UNHCR (000),362.2m,268.3,291d,"Infant mortality rateb,k (per 1 000 live births)",18.2,12.9,9.4d,Health: Current expenditure (% of GDP),9.5,7.9,7.1n,Health: Physicians (per 1 000 pop.),4.4,5,7.1c,Education: Government expenditure (% of GDP),"3.2i,o",1.9p,3.5n,Education: Primary gross enrol. ratio (f/m per 100 pop.),104.1 /      102.7,102.8 /      102.7,99.7 /       98.9c,Education: Secondary gross enrol. ratio (f/m per 100 pop.),100.9 /       97.8q,100.8 /       98.1,106.8 /      105.9c,Education: Upper secondary gross enrol. ratio (f/m per 100 pop.),104.6 /      100.4q,97.6 /       92.9,105.2 /      103.6c,Intentional homicide rate (per 100 000 pop.),4.6,2.7r,2.2n,Seats held by women in national parliaments (%),5.1,11.3,20.7s,,,,,,,,,,,,
"Life expectancy at birthb,k (females/males, years)",75.3 /       66.2,76.8 /       67.8,77.9 /       69.1d,"Population age distributionb (0-14/60+ years old, %)",18.0 /       18.9,19.0 /       20.1,20.3 /       21.9a,"International migrant stockb,l (000/% of total pop.)",73.1 /        1.8,76.7 /        1.9,79.4 /        2.0d,Refugees and others of concern to UNHCR (000),362.2m,268.3,291d,"Infant mortality rateb,k (per 1 000 live births)",18.2,12.9,9.4d,Health: Current expenditure (% of GDP),9.5,7.9,7.1n,Health: Physicians (per 1 000 pop.),4.4,5,7.1c,Education: Government expenditure (% of GDP),"3.2i,o",1.9p,3.5n,Education: Primary gross enrol. ratio (f/m per 100 pop.),104.1 /      102.7,102.8 /      102.7,99.7 /       98.9c,Education: Secondary gross enrol. ratio (f/m per 100 pop.),100.9 /       97.8q,100.8 /       98.1,106.8 /      105.9c,Education: Upper secondary gross enrol. ratio (f/m per 100 pop.),104.6 /      100.4q,97.6 /       92.9,105.2 /      103.6c,Intentional homicide rate (per 100 000 pop.),4.6,2.7r,2.2n,Seats held by women in national parliaments (%),5.1,11.3,20.7s,,,,,,,,,,,,,,,,
"Population age distributionb (0-14/60+ years old, %)",18.0 /       18.9,19.0 /       20.1,20.3 /       21.9a,"International migrant stockb,l (000/% of total pop.)",73.1 /        1.8,76.7 /        1.9,79.4 /        2.0d,Refugees and others of concern to UNHCR (000),362.2m,268.3,291d,"Infant mortality rateb,k (per 1 000 live births)",18.2,12.9,9.4d,Health: Current expenditure (% of GDP),9.5,7.9,7.1n,Health: Physicians (per 1 000 pop.),4.4,5,7.1c,Education: Government expenditure (% of GDP),"3.2i,o",1.9p,3.5n,Education: Primary gross enrol. ratio (f/m per 100 pop.),104.1 /      102.7,102.8 /      102.7,99.7 /       98.9c,Education: Secondary gross enrol. ratio (f/m per 100 pop.),100.9 /       97.8q,100.8 /       98.1,106.8 /      105.9c,Education: Upper secondary gross enrol. ratio (f/m per 100 pop.),104.6 /      100.4q,97.6 /       92.9,105.2 /      103.6c,Intentional homicide rate (per 100 000 pop.),4.6,2.7r,2.2n,Seats held by women in national parliaments (%),5.1,11.3,20.7s,,,,,,,,,,,,,,,,,,,,
"International migrant stockb,l (000/% of total pop.)",73.1 /        1.8,76.7 /        1.9,79.4 /        2.0d,Refugees and others of concern to UNHCR (000),362.2m,268.3,291d,"Infant mortality rateb,k (per 1 000 live births)",18.2,12.9,9.4d,Health: Current expenditure (% of GDP),9.5,7.9,7.1n,Health: Physicians (per 1 000 pop.),4.4,5,7.1c,Education: Government expenditure (% of GDP),"3.2i,o",1.9p,3.5n,Education: Primary gross enrol. ratio (f/m per 100 pop.),104.1 /      102.7,102.8 /      102.7,99.7 /       98.9c,Education: Secondary gross enrol. ratio (f/m per 100 pop.),100.9 /       97.8q,100.8 /       98.1,106.8 /      105.9c,Education: Upper secondary gross enrol. ratio (f/m per 100 pop.),104.6 /      100.4q,97.6 /       92.9,105.2 /      103.6c,Intentional homicide rate (per 100 000 pop.),4.6,2.7r,2.2n,Seats held by women in national parliaments (%),5.1,11.3,20.7s,,,,,,,,,,,,,,,,,,,,,,,,
Refugees and others of concern to UNHCR (000),362.2m,268.3,291d,"Infant mortality rateb,k (per 1 000 live births)",18.2,12.9,9.4d,Health: Current expenditure (% of GDP),9.5,7.9,7.1n,Health: Physicians (per 1 000 pop.),4.4,5,7.1c,Education: Government expenditure (% of GDP),"3.2i,o",1.9p,3.5n,Education: Primary gross enrol. ratio (f/m per 100 pop.),104.1 /      102.7,102.8 /      102.7,99.7 /       98.9c,Education: Secondary gross enrol. ratio (f/m per 100 pop.),100.9 /       97.8q,100.8 /       98.1,106.8 /      105.9c,Education: Upper secondary gross enrol. ratio (f/m per 100 pop.),104.6 /      100.4q,97.6 /       92.9,105.2 /      103.6c,Intentional homicide rate (per 100 000 pop.),4.6,2.7r,2.2n,Seats held by women in national parliaments (%),5.1,11.3,20.7s,,,,,,,,,,,,,,,,,,,,,,,,,,,,
"Infant mortality rateb,k (per 1 000 live births)",18.2,12.9,9.4d,Health: Current expenditure (% of GDP),9.5,7.9,7.1n,Health: Physicians (per 1 000 pop.),4.4,5,7.1c,Education: Government expenditure (% of GDP),"3.2i,o",1.9p,3.5n,Education: Primary gross enrol. ratio (f/m per 100 pop.),104.1 /      102.7,102.8 /      102.7,99.7 /       98.9c,Education: Secondary gross enrol. ratio (f/m per 100 pop.),100.9 /       97.8q,100.8 /       98.1,106.8 /      105.9c,Education: Upper secondary gross enrol. ratio (f/m per 100 pop.),104.6 /      100.4q,97.6 /       92.9,105.2 /      103.6c,Intentional homicide rate (per 100 000 pop.),4.6,2.7r,2.2n,Seats held by women in national parliaments (%),5.1,11.3,20.7s,,,,,,,,,,,,,,,,,,,,,,,,,,,,,,,,
Health: Current expenditure (% of GDP),9.5,7.9,7.1n,Health: Physicians (per 1 000 pop.),4.4,5,7.1c,Education: Government expenditure (% of GDP),"3.2i,o",1.9p,3.5n,Education: Primary gross enrol. ratio (f/m per 100 pop.),104.1 /      102.7,102.8 /      102.7,99.7 /       98.9c,Education: Secondary gross enrol. ratio (f/m per 100 pop.),100.9 /       97.8q,100.8 /       98.1,106.8 /      105.9c,Education: Upper secondary gross enrol. ratio (f/m per 100 pop.),104.6 /      100.4q,97.6 /       92.9,105.2 /      103.6c,Intentional homicide rate (per 100 000 pop.),4.6,2.7r,2.2n,Seats held by women in national parliaments (%),5.1,11.3,20.7s,,,,,,,,,,,,,,,,,,,,,,,,,,,,,,,,,,,,
Health: Physicians (per 1 000 pop.),4.4,5,7.1c,Education: Government expenditure (% of GDP),"3.2i,o",1.9p,3.5n,Education: Primary gross enrol. ratio (f/m per 100 pop.),104.1 /      102.7,102.8 /      102.7,99.7 /       98.9c,Education: Secondary gross enrol. ratio (f/m per 100 pop.),100.9 /       97.8q,100.8 /       98.1,106.8 /      105.9c,Education: Upper secondary gross enrol. ratio (f/m per 100 pop.),104.6 /      100.4q,97.6 /       92.9,105.2 /      103.6c,Intentional homicide rate (per 100 000 pop.),4.6,2.7r,2.2n,Seats held by women in national parliaments (%),5.1,11.3,20.7s,,,,,,,,,,,,,,,,,,,,,,,,,,,,,,,,,,,,,,,,
Education: Government expenditure (% of GDP),"3.2i,o",1.9p,3.5n,Education: Primary gross enrol. ratio (f/m per 100 pop.),104.1 /      102.7,102.8 /      102.7,99.7 /       98.9c,Education: Secondary gross enrol. ratio (f/m per 100 pop.),100.9 /       97.8q,100.8 /       98.1,106.8 /      105.9c,Education: Upper secondary gross enrol. ratio (f/m per 100 pop.),104.6 /      100.4q,97.6 /       92.9,105.2 /      103.6c,Intentional homicide rate (per 100 000 pop.),4.6,2.7r,2.2n,Seats held by women in national parliaments (%),5.1,11.3,20.7s,,,,,,,,,,,,,,,,,,,,,,,,,,,,,,,,,,,,,,,,,,,,
Education: Primary gross enrol. ratio (f/m per 100 pop.),104.1 /      102.7,102.8 /      102.7,99.7 /       98.9c,Education: Secondary gross enrol. ratio (f/m per 100 pop.),100.9 /       97.8q,100.8 /       98.1,106.8 /      105.9c,Education: Upper secondary gross enrol. ratio (f/m per 100 pop.),104.6 /      100.4q,97.6 /       92.9,105.2 /      103.6c,Intentional homicide rate (per 100 000 pop.),4.6,2.7r,2.2n,Seats held by women in national parliaments (%),5.1,11.3,20.7s,,,,,,,,,,,,,,,,,,,,,,,,,,,,,,,,,,,,,,,,,,,,,,,,
Education: Secondary gross enrol. ratio (f/m per 100 pop.),100.9 /       97.8q,100.8 /       98.1,106.8 /      105.9c,Education: Upper secondary gross enrol. ratio (f/m per 100 pop.),104.6 /      100.4q,97.6 /       92.9,105.2 /      103.6c,Intentional homicide rate (per 100 000 pop.),4.6,2.7r,2.2n,Seats held by women in national parliaments (%),5.1,11.3,20.7s,,,,,,,,,,,,,,,,,,,,,,,,,,,,,,,,,,,,,,,,,,,,,,,,,,,,
Education: Upper secondary gross enrol. ratio (f/m per 100 pop.),104.6 /      100.4q,97.6 /       92.9,105.2 /      103.6c,Intentional homicide rate (per 100 000 pop.),4.6,2.7r,2.2n,Seats held by women in national parliaments (%),5.1,11.3,20.7s,,,,,,,,,,,,,,,,,,,,,,,,,,,,,,,,,,,,,,,,,,,,,,,,,,,,,,,,
Intentional homicide rate (per 100 000 pop.),4.6,2.7r,2.2n,Seats held by women in national parliaments (%),5.1,11.3,20.7s,,,,,,,,,,,,,,,,,,,,,,,,,,,,,,,,,,,,,,,,,,,,,,,,,,,,,,,,,,,,
Seats held by women in national parliaments (%),5.1,11.3,20.7s,,,,,,,,,,,,,,,,,,,,,,,,,,,,,,,,,,,,,,,,,,,,,,,,,,,,,,,,,,,,,,,,
