0,1,2,3,4,5,6,7,8,9,10,11,12,13,14,15,16,17,18,19,20,21,22,23,24,25,26,27,28,29,30,31,32,33,34,35,36,37,38,39,40,41,42,43,44,45,46,47,48,49,50,51,52,53,54,55,56,57,58,59,60,61,62,63,64,65,66,67
,2010,2015,2021,,,,,,,,,,,,,,,,,,,,,,,,,,,,,,,,,,,,,,,,,,,,,,,,,,,,,,,,,,,,,,,,
GDP: Gross domestic product (million current US$),11 927,11 387,15 278b,"GDP growth rate (annual %, const. 2015 prices)",3.7,2.2,2.2b,GDP per capita (current US$),4 045.7,3 939.4,5 303.2b,Economy: Agricultured (% of Gross Value Added),20.7,22.5,21.3b,"Economy: Industrye,f (% of Gross Value Added)",28.7,24.8,23b,Economy: Services and other activityg (% of GVA),50.7,52.7,55.7b,Employment in agriculture (% of employed),42.1,41.4,"36.1h,c",Employment in industry (% of employed),20.6,18.6,"20.2h,c",Employment in services (% employed),37.3,40,"43.7h,c",Unemploymenth (% of labour force),14.1,17.1,12.8c,Labour force participation rateh (female/male pop. %),45.8 /       62.9,46.1 /       63.8,46.6 /       64.4c,CPI: Consumer Price Indexi (2010=100),100,111,121c,Agricultural production index (2014-2016=100),86,100,103b,International trade: exportsj (million current US$),1 550,1 930,2 515c,International trade: importsj (million current US$),4 603,4 320,5 602c,International trade: balancej (million current US$),- 3 053,- 2 391,- 3 087c,"Balance of payments, current account (million US$)",- 1 356,-980,- 1 318c
"GDP growth rate (annual %, const. 2015 prices)",3.7,2.2,2.2b,GDP per capita (current US$),4 045.7,3 939.4,5 303.2b,Economy: Agricultured (% of Gross Value Added),20.7,22.5,21.3b,"Economy: Industrye,f (% of Gross Value Added)",28.7,24.8,23b,Economy: Services and other activityg (% of GVA),50.7,52.7,55.7b,Employment in agriculture (% of employed),42.1,41.4,"36.1h,c",Employment in industry (% of employed),20.6,18.6,"20.2h,c",Employment in services (% employed),37.3,40,"43.7h,c",Unemploymenth (% of labour force),14.1,17.1,12.8c,Labour force participation rateh (female/male pop. %),45.8 /       62.9,46.1 /       63.8,46.6 /       64.4c,CPI: Consumer Price Indexi (2010=100),100,111,121c,Agricultural production index (2014-2016=100),86,100,103b,International trade: exportsj (million current US$),1 550,1 930,2 515c,International trade: importsj (million current US$),4 603,4 320,5 602c,International trade: balancej (million current US$),- 3 053,- 2 391,- 3 087c,"Balance of payments, current account (million US$)",- 1 356,-980,- 1 318c,,,,
GDP per capita (current US$),4 045.7,3 939.4,5 303.2b,Economy: Agricultured (% of Gross Value Added),20.7,22.5,21.3b,"Economy: Industrye,f (% of Gross Value Added)",28.7,24.8,23b,Economy: Services and other activityg (% of GVA),50.7,52.7,55.7b,Employment in agriculture (% of employed),42.1,41.4,"36.1h,c",Employment in industry (% of employed),20.6,18.6,"20.2h,c",Employment in services (% employed),37.3,40,"43.7h,c",Unemploymenth (% of labour force),14.1,17.1,12.8c,Labour force participation rateh (female/male pop. %),45.8 /       62.9,46.1 /       63.8,46.6 /       64.4c,CPI: Consumer Price Indexi (2010=100),100,111,121c,Agricultural production index (2014-2016=100),86,100,103b,International trade: exportsj (million current US$),1 550,1 930,2 515c,International trade: importsj (million current US$),4 603,4 320,5 602c,International trade: balancej (million current US$),- 3 053,- 2 391,- 3 087c,"Balance of payments, current account (million US$)",- 1 356,-980,- 1 318c,,,,,,,,
Economy: Agricultured (% of Gross Value Added),20.7,22.5,21.3b,"Economy: Industrye,f (% of Gross Value Added)",28.7,24.8,23b,Economy: Services and other activityg (% of GVA),50.7,52.7,55.7b,Employment in agriculture (% of employed),42.1,41.4,"36.1h,c",Employment in industry (% of employed),20.6,18.6,"20.2h,c",Employment in services (% employed),37.3,40,"43.7h,c",Unemploymenth (% of labour force),14.1,17.1,12.8c,Labour force participation rateh (female/male pop. %),45.8 /       62.9,46.1 /       63.8,46.6 /       64.4c,CPI: Consumer Price Indexi (2010=100),100,111,121c,Agricultural production index (2014-2016=100),86,100,103b,International trade: exportsj (million current US$),1 550,1 930,2 515c,International trade: importsj (million current US$),4 603,4 320,5 602c,International trade: balancej (million current US$),- 3 053,- 2 391,- 3 087c,"Balance of payments, current account (million US$)",- 1 356,-980,- 1 318c,,,,,,,,,,,,
"Economy: Industrye,f (% of Gross Value Added)",28.7,24.8,23b,Economy: Services and other activityg (% of GVA),50.7,52.7,55.7b,Employment in agriculture (% of employed),42.1,41.4,"36.1h,c",Employment in industry (% of employed),20.6,18.6,"20.2h,c",Employment in services (% employed),37.3,40,"43.7h,c",Unemploymenth (% of labour force),14.1,17.1,12.8c,Labour force participation rateh (female/male pop. %),45.8 /       62.9,46.1 /       63.8,46.6 /       64.4c,CPI: Consumer Price Indexi (2010=100),100,111,121c,Agricultural production index (2014-2016=100),86,100,103b,International trade: exportsj (million current US$),1 550,1 930,2 515c,International trade: importsj (million current US$),4 603,4 320,5 602c,International trade: balancej (million current US$),- 3 053,- 2 391,- 3 087c,"Balance of payments, current account (million US$)",- 1 356,-980,- 1 318c,,,,,,,,,,,,,,,,
Economy: Services and other activityg (% of GVA),50.7,52.7,55.7b,Employment in agriculture (% of employed),42.1,41.4,"36.1h,c",Employment in industry (% of employed),20.6,18.6,"20.2h,c",Employment in services (% employed),37.3,40,"43.7h,c",Unemploymenth (% of labour force),14.1,17.1,12.8c,Labour force participation rateh (female/male pop. %),45.8 /       62.9,46.1 /       63.8,46.6 /       64.4c,CPI: Consumer Price Indexi (2010=100),100,111,121c,Agricultural production index (2014-2016=100),86,100,103b,International trade: exportsj (million current US$),1 550,1 930,2 515c,International trade: importsj (million current US$),4 603,4 320,5 602c,International trade: balancej (million current US$),- 3 053,- 2 391,- 3 087c,"Balance of payments, current account (million US$)",- 1 356,-980,- 1 318c,,,,,,,,,,,,,,,,,,,,
Employment in agriculture (% of employed),42.1,41.4,"36.1h,c",Employment in industry (% of employed),20.6,18.6,"20.2h,c",Employment in services (% employed),37.3,40,"43.7h,c",Unemploymenth (% of labour force),14.1,17.1,12.8c,Labour force participation rateh (female/male pop. %),45.8 /       62.9,46.1 /       63.8,46.6 /       64.4c,CPI: Consumer Price Indexi (2010=100),100,111,121c,Agricultural production index (2014-2016=100),86,100,103b,International trade: exportsj (million current US$),1 550,1 930,2 515c,International trade: importsj (million current US$),4 603,4 320,5 602c,International trade: balancej (million current US$),- 3 053,- 2 391,- 3 087c,"Balance of payments, current account (million US$)",- 1 356,-980,- 1 318c,,,,,,,,,,,,,,,,,,,,,,,,
Employment in industry (% of employed),20.6,18.6,"20.2h,c",Employment in services (% employed),37.3,40,"43.7h,c",Unemploymenth (% of labour force),14.1,17.1,12.8c,Labour force participation rateh (female/male pop. %),45.8 /       62.9,46.1 /       63.8,46.6 /       64.4c,CPI: Consumer Price Indexi (2010=100),100,111,121c,Agricultural production index (2014-2016=100),86,100,103b,International trade: exportsj (million current US$),1 550,1 930,2 515c,International trade: importsj (million current US$),4 603,4 320,5 602c,International trade: balancej (million current US$),- 3 053,- 2 391,- 3 087c,"Balance of payments, current account (million US$)",- 1 356,-980,- 1 318c,,,,,,,,,,,,,,,,,,,,,,,,,,,,
Employment in services (% employed),37.3,40,"43.7h,c",Unemploymenth (% of labour force),14.1,17.1,12.8c,Labour force participation rateh (female/male pop. %),45.8 /       62.9,46.1 /       63.8,46.6 /       64.4c,CPI: Consumer Price Indexi (2010=100),100,111,121c,Agricultural production index (2014-2016=100),86,100,103b,International trade: exportsj (million current US$),1 550,1 930,2 515c,International trade: importsj (million current US$),4 603,4 320,5 602c,International trade: balancej (million current US$),- 3 053,- 2 391,- 3 087c,"Balance of payments, current account (million US$)",- 1 356,-980,- 1 318c,,,,,,,,,,,,,,,,,,,,,,,,,,,,,,,,
Unemploymenth (% of labour force),14.1,17.1,12.8c,Labour force participation rateh (female/male pop. %),45.8 /       62.9,46.1 /       63.8,46.6 /       64.4c,CPI: Consumer Price Indexi (2010=100),100,111,121c,Agricultural production index (2014-2016=100),86,100,103b,International trade: exportsj (million current US$),1 550,1 930,2 515c,International trade: importsj (million current US$),4 603,4 320,5 602c,International trade: balancej (million current US$),- 3 053,- 2 391,- 3 087c,"Balance of payments, current account (million US$)",- 1 356,-980,- 1 318c,,,,,,,,,,,,,,,,,,,,,,,,,,,,,,,,,,,,
Labour force participation rateh (female/male pop. %),45.8 /       62.9,46.1 /       63.8,46.6 /       64.4c,CPI: Consumer Price Indexi (2010=100),100,111,121c,Agricultural production index (2014-2016=100),86,100,103b,International trade: exportsj (million current US$),1 550,1 930,2 515c,International trade: importsj (million current US$),4 603,4 320,5 602c,International trade: balancej (million current US$),- 3 053,- 2 391,- 3 087c,"Balance of payments, current account (million US$)",- 1 356,-980,- 1 318c,,,,,,,,,,,,,,,,,,,,,,,,,,,,,,,,,,,,,,,,
CPI: Consumer Price Indexi (2010=100),100,111,121c,Agricultural production index (2014-2016=100),86,100,103b,International trade: exportsj (million current US$),1 550,1 930,2 515c,International trade: importsj (million current US$),4 603,4 320,5 602c,International trade: balancej (million current US$),- 3 053,- 2 391,- 3 087c,"Balance of payments, current account (million US$)",- 1 356,-980,- 1 318c,,,,,,,,,,,,,,,,,,,,,,,,,,,,,,,,,,,,,,,,,,,,
Agricultural production index (2014-2016=100),86,100,103b,International trade: exportsj (million current US$),1 550,1 930,2 515c,International trade: importsj (million current US$),4 603,4 320,5 602c,International trade: balancej (million current US$),- 3 053,- 2 391,- 3 087c,"Balance of payments, current account (million US$)",- 1 356,-980,- 1 318c,,,,,,,,,,,,,,,,,,,,,,,,,,,,,,,,,,,,,,,,,,,,,,,,
International trade: exportsj (million current US$),1 550,1 930,2 515c,International trade: importsj (million current US$),4 603,4 320,5 602c,International trade: balancej (million current US$),- 3 053,- 2 391,- 3 087c,"Balance of payments, current account (million US$)",- 1 356,-980,- 1 318c,,,,,,,,,,,,,,,,,,,,,,,,,,,,,,,,,,,,,,,,,,,,,,,,,,,,
International trade: importsj (million current US$),4 603,4 320,5 602c,International trade: balancej (million current US$),- 3 053,- 2 391,- 3 087c,"Balance of payments, current account (million US$)",- 1 356,-980,- 1 318c,,,,,,,,,,,,,,,,,,,,,,,,,,,,,,,,,,,,,,,,,,,,,,,,,,,,,,,,
International trade: balancej (million current US$),- 3 053,- 2 391,- 3 087c,"Balance of payments, current account (million US$)",- 1 356,-980,- 1 318c,,,,,,,,,,,,,,,,,,,,,,,,,,,,,,,,,,,,,,,,,,,,,,,,,,,,,,,,,,,,
"Balance of payments, current account (million US$)",- 1 356,-980,- 1 318c,,,,,,,,,,,,,,,,,,,,,,,,,,,,,,,,,,,,,,,,,,,,,,,,,,,,,,,,,,,,,,,,
