0,1,2,3,4,5,6,7,8,9,10,11,12,13,14,15,16,17,18,19,20,21,22,23,24,25,26,27,28,29,30,31,32,33,34,35,36,37,38,39,40,41,42,43,44,45,46,47,48,49,50,51,52,53,54,55,56,57,58,59,60,61,62,63,64,65,66,67
,2010,2015,2021,,,,,,,,,,,,,,,,,,,,,,,,,,,,,,,,,,,,,,,,,,,,,,,,,,,,,,,,,,,,,,,,
Population growth ratek (average annual %),-0.9,-0.4,-0.1c,Urban population (% of total population),52.2,57.4,61.2b,Urban population growth ratek (average annual %),1.3,1.8,...,"Fertility rate, totalk (live births per woman)",1.6,1.7,1.6c,"Life expectancy at birthk (females/males, years)",78.5 /       73.2,80.0 /       75.2,80.1 /       76.7c,"Population age distribution (0-14/60+ years old, %)",22.5 /       15.0,18.7 /       17.9,17.1 /       21.9a,International migrant stock (000/% of total pop.),52.8 /        1.8,52.0 /        1.8,48.8 /        1.7c,Refugees and others of concern to UNHCR (000),0.1l,8.1,3.6c,Infant mortality ratek (per 1 000 live births),16.8,9.2,8c,Health: Current expenditure (% of GDP),4.7,4.9,5.3m,Health: Physicians (per 1 000 pop.),1.2,1.3n,1.6b,Education: Government expenditure (% of GDP),3.3o,3.4,3.6p,Education: Primary gross enrol. ratio (f/m per 100 pop.),93.8 /       93.2,107.3 /      104.0,106.4 /      103.4b,Education: Secondary gross enrol. ratio (f/m per 100 pop.),88.4 /       87.9,95.1 /       99.5,95.7 /       94.6b,Education: Upper secondary gross enrol. ratio (f/m per 100 pop.),79.0 /       81.1,89.6 /       99.6,91.9 /       93.4b,Intentional homicide rate (per 100 000 pop.),4.3,2.2,2.3m,Seats held by women in national parliaments (%),16.4,20.7,29.5q
Urban population (% of total population),52.2,57.4,61.2b,Urban population growth ratek (average annual %),1.3,1.8,...,"Fertility rate, totalk (live births per woman)",1.6,1.7,1.6c,"Life expectancy at birthk (females/males, years)",78.5 /       73.2,80.0 /       75.2,80.1 /       76.7c,"Population age distribution (0-14/60+ years old, %)",22.5 /       15.0,18.7 /       17.9,17.1 /       21.9a,International migrant stock (000/% of total pop.),52.8 /        1.8,52.0 /        1.8,48.8 /        1.7c,Refugees and others of concern to UNHCR (000),0.1l,8.1,3.6c,Infant mortality ratek (per 1 000 live births),16.8,9.2,8c,Health: Current expenditure (% of GDP),4.7,4.9,5.3m,Health: Physicians (per 1 000 pop.),1.2,1.3n,1.6b,Education: Government expenditure (% of GDP),3.3o,3.4,3.6p,Education: Primary gross enrol. ratio (f/m per 100 pop.),93.8 /       93.2,107.3 /      104.0,106.4 /      103.4b,Education: Secondary gross enrol. ratio (f/m per 100 pop.),88.4 /       87.9,95.1 /       99.5,95.7 /       94.6b,Education: Upper secondary gross enrol. ratio (f/m per 100 pop.),79.0 /       81.1,89.6 /       99.6,91.9 /       93.4b,Intentional homicide rate (per 100 000 pop.),4.3,2.2,2.3m,Seats held by women in national parliaments (%),16.4,20.7,29.5q,,,,
Urban population growth ratek (average annual %),1.3,1.8,...,"Fertility rate, totalk (live births per woman)",1.6,1.7,1.6c,"Life expectancy at birthk (females/males, years)",78.5 /       73.2,80.0 /       75.2,80.1 /       76.7c,"Population age distribution (0-14/60+ years old, %)",22.5 /       15.0,18.7 /       17.9,17.1 /       21.9a,International migrant stock (000/% of total pop.),52.8 /        1.8,52.0 /        1.8,48.8 /        1.7c,Refugees and others of concern to UNHCR (000),0.1l,8.1,3.6c,Infant mortality ratek (per 1 000 live births),16.8,9.2,8c,Health: Current expenditure (% of GDP),4.7,4.9,5.3m,Health: Physicians (per 1 000 pop.),1.2,1.3n,1.6b,Education: Government expenditure (% of GDP),3.3o,3.4,3.6p,Education: Primary gross enrol. ratio (f/m per 100 pop.),93.8 /       93.2,107.3 /      104.0,106.4 /      103.4b,Education: Secondary gross enrol. ratio (f/m per 100 pop.),88.4 /       87.9,95.1 /       99.5,95.7 /       94.6b,Education: Upper secondary gross enrol. ratio (f/m per 100 pop.),79.0 /       81.1,89.6 /       99.6,91.9 /       93.4b,Intentional homicide rate (per 100 000 pop.),4.3,2.2,2.3m,Seats held by women in national parliaments (%),16.4,20.7,29.5q,,,,,,,,
"Fertility rate, totalk (live births per woman)",1.6,1.7,1.6c,"Life expectancy at birthk (females/males, years)",78.5 /       73.2,80.0 /       75.2,80.1 /       76.7c,"Population age distribution (0-14/60+ years old, %)",22.5 /       15.0,18.7 /       17.9,17.1 /       21.9a,International migrant stock (000/% of total pop.),52.8 /        1.8,52.0 /        1.8,48.8 /        1.7c,Refugees and others of concern to UNHCR (000),0.1l,8.1,3.6c,Infant mortality ratek (per 1 000 live births),16.8,9.2,8c,Health: Current expenditure (% of GDP),4.7,4.9,5.3m,Health: Physicians (per 1 000 pop.),1.2,1.3n,1.6b,Education: Government expenditure (% of GDP),3.3o,3.4,3.6p,Education: Primary gross enrol. ratio (f/m per 100 pop.),93.8 /       93.2,107.3 /      104.0,106.4 /      103.4b,Education: Secondary gross enrol. ratio (f/m per 100 pop.),88.4 /       87.9,95.1 /       99.5,95.7 /       94.6b,Education: Upper secondary gross enrol. ratio (f/m per 100 pop.),79.0 /       81.1,89.6 /       99.6,91.9 /       93.4b,Intentional homicide rate (per 100 000 pop.),4.3,2.2,2.3m,Seats held by women in national parliaments (%),16.4,20.7,29.5q,,,,,,,,,,,,
"Life expectancy at birthk (females/males, years)",78.5 /       73.2,80.0 /       75.2,80.1 /       76.7c,"Population age distribution (0-14/60+ years old, %)",22.5 /       15.0,18.7 /       17.9,17.1 /       21.9a,International migrant stock (000/% of total pop.),52.8 /        1.8,52.0 /        1.8,48.8 /        1.7c,Refugees and others of concern to UNHCR (000),0.1l,8.1,3.6c,Infant mortality ratek (per 1 000 live births),16.8,9.2,8c,Health: Current expenditure (% of GDP),4.7,4.9,5.3m,Health: Physicians (per 1 000 pop.),1.2,1.3n,1.6b,Education: Government expenditure (% of GDP),3.3o,3.4,3.6p,Education: Primary gross enrol. ratio (f/m per 100 pop.),93.8 /       93.2,107.3 /      104.0,106.4 /      103.4b,Education: Secondary gross enrol. ratio (f/m per 100 pop.),88.4 /       87.9,95.1 /       99.5,95.7 /       94.6b,Education: Upper secondary gross enrol. ratio (f/m per 100 pop.),79.0 /       81.1,89.6 /       99.6,91.9 /       93.4b,Intentional homicide rate (per 100 000 pop.),4.3,2.2,2.3m,Seats held by women in national parliaments (%),16.4,20.7,29.5q,,,,,,,,,,,,,,,,
"Population age distribution (0-14/60+ years old, %)",22.5 /       15.0,18.7 /       17.9,17.1 /       21.9a,International migrant stock (000/% of total pop.),52.8 /        1.8,52.0 /        1.8,48.8 /        1.7c,Refugees and others of concern to UNHCR (000),0.1l,8.1,3.6c,Infant mortality ratek (per 1 000 live births),16.8,9.2,8c,Health: Current expenditure (% of GDP),4.7,4.9,5.3m,Health: Physicians (per 1 000 pop.),1.2,1.3n,1.6b,Education: Government expenditure (% of GDP),3.3o,3.4,3.6p,Education: Primary gross enrol. ratio (f/m per 100 pop.),93.8 /       93.2,107.3 /      104.0,106.4 /      103.4b,Education: Secondary gross enrol. ratio (f/m per 100 pop.),88.4 /       87.9,95.1 /       99.5,95.7 /       94.6b,Education: Upper secondary gross enrol. ratio (f/m per 100 pop.),79.0 /       81.1,89.6 /       99.6,91.9 /       93.4b,Intentional homicide rate (per 100 000 pop.),4.3,2.2,2.3m,Seats held by women in national parliaments (%),16.4,20.7,29.5q,,,,,,,,,,,,,,,,,,,,
International migrant stock (000/% of total pop.),52.8 /        1.8,52.0 /        1.8,48.8 /        1.7c,Refugees and others of concern to UNHCR (000),0.1l,8.1,3.6c,Infant mortality ratek (per 1 000 live births),16.8,9.2,8c,Health: Current expenditure (% of GDP),4.7,4.9,5.3m,Health: Physicians (per 1 000 pop.),1.2,1.3n,1.6b,Education: Government expenditure (% of GDP),3.3o,3.4,3.6p,Education: Primary gross enrol. ratio (f/m per 100 pop.),93.8 /       93.2,107.3 /      104.0,106.4 /      103.4b,Education: Secondary gross enrol. ratio (f/m per 100 pop.),88.4 /       87.9,95.1 /       99.5,95.7 /       94.6b,Education: Upper secondary gross enrol. ratio (f/m per 100 pop.),79.0 /       81.1,89.6 /       99.6,91.9 /       93.4b,Intentional homicide rate (per 100 000 pop.),4.3,2.2,2.3m,Seats held by women in national parliaments (%),16.4,20.7,29.5q,,,,,,,,,,,,,,,,,,,,,,,,
Refugees and others of concern to UNHCR (000),0.1l,8.1,3.6c,Infant mortality ratek (per 1 000 live births),16.8,9.2,8c,Health: Current expenditure (% of GDP),4.7,4.9,5.3m,Health: Physicians (per 1 000 pop.),1.2,1.3n,1.6b,Education: Government expenditure (% of GDP),3.3o,3.4,3.6p,Education: Primary gross enrol. ratio (f/m per 100 pop.),93.8 /       93.2,107.3 /      104.0,106.4 /      103.4b,Education: Secondary gross enrol. ratio (f/m per 100 pop.),88.4 /       87.9,95.1 /       99.5,95.7 /       94.6b,Education: Upper secondary gross enrol. ratio (f/m per 100 pop.),79.0 /       81.1,89.6 /       99.6,91.9 /       93.4b,Intentional homicide rate (per 100 000 pop.),4.3,2.2,2.3m,Seats held by women in national parliaments (%),16.4,20.7,29.5q,,,,,,,,,,,,,,,,,,,,,,,,,,,,
Infant mortality ratek (per 1 000 live births),16.8,9.2,8c,Health: Current expenditure (% of GDP),4.7,4.9,5.3m,Health: Physicians (per 1 000 pop.),1.2,1.3n,1.6b,Education: Government expenditure (% of GDP),3.3o,3.4,3.6p,Education: Primary gross enrol. ratio (f/m per 100 pop.),93.8 /       93.2,107.3 /      104.0,106.4 /      103.4b,Education: Secondary gross enrol. ratio (f/m per 100 pop.),88.4 /       87.9,95.1 /       99.5,95.7 /       94.6b,Education: Upper secondary gross enrol. ratio (f/m per 100 pop.),79.0 /       81.1,89.6 /       99.6,91.9 /       93.4b,Intentional homicide rate (per 100 000 pop.),4.3,2.2,2.3m,Seats held by women in national parliaments (%),16.4,20.7,29.5q,,,,,,,,,,,,,,,,,,,,,,,,,,,,,,,,
Health: Current expenditure (% of GDP),4.7,4.9,5.3m,Health: Physicians (per 1 000 pop.),1.2,1.3n,1.6b,Education: Government expenditure (% of GDP),3.3o,3.4,3.6p,Education: Primary gross enrol. ratio (f/m per 100 pop.),93.8 /       93.2,107.3 /      104.0,106.4 /      103.4b,Education: Secondary gross enrol. ratio (f/m per 100 pop.),88.4 /       87.9,95.1 /       99.5,95.7 /       94.6b,Education: Upper secondary gross enrol. ratio (f/m per 100 pop.),79.0 /       81.1,89.6 /       99.6,91.9 /       93.4b,Intentional homicide rate (per 100 000 pop.),4.3,2.2,2.3m,Seats held by women in national parliaments (%),16.4,20.7,29.5q,,,,,,,,,,,,,,,,,,,,,,,,,,,,,,,,,,,,
Health: Physicians (per 1 000 pop.),1.2,1.3n,1.6b,Education: Government expenditure (% of GDP),3.3o,3.4,3.6p,Education: Primary gross enrol. ratio (f/m per 100 pop.),93.8 /       93.2,107.3 /      104.0,106.4 /      103.4b,Education: Secondary gross enrol. ratio (f/m per 100 pop.),88.4 /       87.9,95.1 /       99.5,95.7 /       94.6b,Education: Upper secondary gross enrol. ratio (f/m per 100 pop.),79.0 /       81.1,89.6 /       99.6,91.9 /       93.4b,Intentional homicide rate (per 100 000 pop.),4.3,2.2,2.3m,Seats held by women in national parliaments (%),16.4,20.7,29.5q,,,,,,,,,,,,,,,,,,,,,,,,,,,,,,,,,,,,,,,,
Education: Government expenditure (% of GDP),3.3o,3.4,3.6p,Education: Primary gross enrol. ratio (f/m per 100 pop.),93.8 /       93.2,107.3 /      104.0,106.4 /      103.4b,Education: Secondary gross enrol. ratio (f/m per 100 pop.),88.4 /       87.9,95.1 /       99.5,95.7 /       94.6b,Education: Upper secondary gross enrol. ratio (f/m per 100 pop.),79.0 /       81.1,89.6 /       99.6,91.9 /       93.4b,Intentional homicide rate (per 100 000 pop.),4.3,2.2,2.3m,Seats held by women in national parliaments (%),16.4,20.7,29.5q,,,,,,,,,,,,,,,,,,,,,,,,,,,,,,,,,,,,,,,,,,,,
Education: Primary gross enrol. ratio (f/m per 100 pop.),93.8 /       93.2,107.3 /      104.0,106.4 /      103.4b,Education: Secondary gross enrol. ratio (f/m per 100 pop.),88.4 /       87.9,95.1 /       99.5,95.7 /       94.6b,Education: Upper secondary gross enrol. ratio (f/m per 100 pop.),79.0 /       81.1,89.6 /       99.6,91.9 /       93.4b,Intentional homicide rate (per 100 000 pop.),4.3,2.2,2.3m,Seats held by women in national parliaments (%),16.4,20.7,29.5q,,,,,,,,,,,,,,,,,,,,,,,,,,,,,,,,,,,,,,,,,,,,,,,,
Education: Secondary gross enrol. ratio (f/m per 100 pop.),88.4 /       87.9,95.1 /       99.5,95.7 /       94.6b,Education: Upper secondary gross enrol. ratio (f/m per 100 pop.),79.0 /       81.1,89.6 /       99.6,91.9 /       93.4b,Intentional homicide rate (per 100 000 pop.),4.3,2.2,2.3m,Seats held by women in national parliaments (%),16.4,20.7,29.5q,,,,,,,,,,,,,,,,,,,,,,,,,,,,,,,,,,,,,,,,,,,,,,,,,,,,
Education: Upper secondary gross enrol. ratio (f/m per 100 pop.),79.0 /       81.1,89.6 /       99.6,91.9 /       93.4b,Intentional homicide rate (per 100 000 pop.),4.3,2.2,2.3m,Seats held by women in national parliaments (%),16.4,20.7,29.5q,,,,,,,,,,,,,,,,,,,,,,,,,,,,,,,,,,,,,,,,,,,,,,,,,,,,,,,,
Intentional homicide rate (per 100 000 pop.),4.3,2.2,2.3m,Seats held by women in national parliaments (%),16.4,20.7,29.5q,,,,,,,,,,,,,,,,,,,,,,,,,,,,,,,,,,,,,,,,,,,,,,,,,,,,,,,,,,,,
Seats held by women in national parliaments (%),16.4,20.7,29.5q,,,,,,,,,,,,,,,,,,,,,,,,,,,,,,,,,,,,,,,,,,,,,,,,,,,,,,,,,,,,,,,,
