0,1,2,3,4,5,6,7,8,9,10,11,12,13,14,15,16,17,18,19,20,21,22,23,24,25,26,27,28,29,30,31,32,33,34,35,36,37,38,39,40,41,42,43,44,45,46,47,48,49,50,51,52,53,54,55,56,57,58,59,60,61,62,63,64,65,66,67
,2010,2015,2021,,,,,,,,,,,,,,,,,,,,,,,,,,,,,,,,,,,,,,,,,,,,,,,,,,,,,,,,,,,,,,,,
GDP: Gross domestic product (million current US$),25 713,31 126,38 574b,"GDP growth rate (annual %, const. 2015 prices)",4.3,2.9,1.8b,GDP per capita (current US$),20 722.1,22 688.9,23 504.0b,Economy: Agriculturee (% of Gross Value Added),0.3,0.3,0.3b,Economy: Industrye (% of Gross Value Added),45.5,40.7,41.5b,Economy: Services and other activitye (% of GVA),54.2,59,58.1b,Employment in agriculture (% of employed),1.1,1.1,"1f,d",Employment in industry (% of employed),35.7,35.2,"35.1f,d",Employment in services (% employed),63.2,63.8,"64f,d",Unemploymentf (% of labour force),1.1,1.1,0.8d,Labour force participation ratef (female/male pop. %),43.8 /       87.4,43.8 /       87.0,45.0 /       87.2d,CPI: Consumer Price Indexg (2010=100),100,111,116d,Agricultural production index (2014-2016=100),32,104,129b,International trade: exports (million current US$),16 059,13 882,"14 066f,d",International trade: imports (million current US$),16 002,16 390,"14 193f,d",International trade: balance (million current US$),58,- 2 508,"-127f,d","Balance of payments, current account (million US$)",770,-752,- 2 435h
"GDP growth rate (annual %, const. 2015 prices)",4.3,2.9,1.8b,GDP per capita (current US$),20 722.1,22 688.9,23 504.0b,Economy: Agriculturee (% of Gross Value Added),0.3,0.3,0.3b,Economy: Industrye (% of Gross Value Added),45.5,40.7,41.5b,Economy: Services and other activitye (% of GVA),54.2,59,58.1b,Employment in agriculture (% of employed),1.1,1.1,"1f,d",Employment in industry (% of employed),35.7,35.2,"35.1f,d",Employment in services (% employed),63.2,63.8,"64f,d",Unemploymentf (% of labour force),1.1,1.1,0.8d,Labour force participation ratef (female/male pop. %),43.8 /       87.4,43.8 /       87.0,45.0 /       87.2d,CPI: Consumer Price Indexg (2010=100),100,111,116d,Agricultural production index (2014-2016=100),32,104,129b,International trade: exports (million current US$),16 059,13 882,"14 066f,d",International trade: imports (million current US$),16 002,16 390,"14 193f,d",International trade: balance (million current US$),58,- 2 508,"-127f,d","Balance of payments, current account (million US$)",770,-752,- 2 435h,,,,
GDP per capita (current US$),20 722.1,22 688.9,23 504.0b,Economy: Agriculturee (% of Gross Value Added),0.3,0.3,0.3b,Economy: Industrye (% of Gross Value Added),45.5,40.7,41.5b,Economy: Services and other activitye (% of GVA),54.2,59,58.1b,Employment in agriculture (% of employed),1.1,1.1,"1f,d",Employment in industry (% of employed),35.7,35.2,"35.1f,d",Employment in services (% employed),63.2,63.8,"64f,d",Unemploymentf (% of labour force),1.1,1.1,0.8d,Labour force participation ratef (female/male pop. %),43.8 /       87.4,43.8 /       87.0,45.0 /       87.2d,CPI: Consumer Price Indexg (2010=100),100,111,116d,Agricultural production index (2014-2016=100),32,104,129b,International trade: exports (million current US$),16 059,13 882,"14 066f,d",International trade: imports (million current US$),16 002,16 390,"14 193f,d",International trade: balance (million current US$),58,- 2 508,"-127f,d","Balance of payments, current account (million US$)",770,-752,- 2 435h,,,,,,,,
Economy: Agriculturee (% of Gross Value Added),0.3,0.3,0.3b,Economy: Industrye (% of Gross Value Added),45.5,40.7,41.5b,Economy: Services and other activitye (% of GVA),54.2,59,58.1b,Employment in agriculture (% of employed),1.1,1.1,"1f,d",Employment in industry (% of employed),35.7,35.2,"35.1f,d",Employment in services (% employed),63.2,63.8,"64f,d",Unemploymentf (% of labour force),1.1,1.1,0.8d,Labour force participation ratef (female/male pop. %),43.8 /       87.4,43.8 /       87.0,45.0 /       87.2d,CPI: Consumer Price Indexg (2010=100),100,111,116d,Agricultural production index (2014-2016=100),32,104,129b,International trade: exports (million current US$),16 059,13 882,"14 066f,d",International trade: imports (million current US$),16 002,16 390,"14 193f,d",International trade: balance (million current US$),58,- 2 508,"-127f,d","Balance of payments, current account (million US$)",770,-752,- 2 435h,,,,,,,,,,,,
Economy: Industrye (% of Gross Value Added),45.5,40.7,41.5b,Economy: Services and other activitye (% of GVA),54.2,59,58.1b,Employment in agriculture (% of employed),1.1,1.1,"1f,d",Employment in industry (% of employed),35.7,35.2,"35.1f,d",Employment in services (% employed),63.2,63.8,"64f,d",Unemploymentf (% of labour force),1.1,1.1,0.8d,Labour force participation ratef (female/male pop. %),43.8 /       87.4,43.8 /       87.0,45.0 /       87.2d,CPI: Consumer Price Indexg (2010=100),100,111,116d,Agricultural production index (2014-2016=100),32,104,129b,International trade: exports (million current US$),16 059,13 882,"14 066f,d",International trade: imports (million current US$),16 002,16 390,"14 193f,d",International trade: balance (million current US$),58,- 2 508,"-127f,d","Balance of payments, current account (million US$)",770,-752,- 2 435h,,,,,,,,,,,,,,,,
Economy: Services and other activitye (% of GVA),54.2,59,58.1b,Employment in agriculture (% of employed),1.1,1.1,"1f,d",Employment in industry (% of employed),35.7,35.2,"35.1f,d",Employment in services (% employed),63.2,63.8,"64f,d",Unemploymentf (% of labour force),1.1,1.1,0.8d,Labour force participation ratef (female/male pop. %),43.8 /       87.4,43.8 /       87.0,45.0 /       87.2d,CPI: Consumer Price Indexg (2010=100),100,111,116d,Agricultural production index (2014-2016=100),32,104,129b,International trade: exports (million current US$),16 059,13 882,"14 066f,d",International trade: imports (million current US$),16 002,16 390,"14 193f,d",International trade: balance (million current US$),58,- 2 508,"-127f,d","Balance of payments, current account (million US$)",770,-752,- 2 435h,,,,,,,,,,,,,,,,,,,,
Employment in agriculture (% of employed),1.1,1.1,"1f,d",Employment in industry (% of employed),35.7,35.2,"35.1f,d",Employment in services (% employed),63.2,63.8,"64f,d",Unemploymentf (% of labour force),1.1,1.1,0.8d,Labour force participation ratef (female/male pop. %),43.8 /       87.4,43.8 /       87.0,45.0 /       87.2d,CPI: Consumer Price Indexg (2010=100),100,111,116d,Agricultural production index (2014-2016=100),32,104,129b,International trade: exports (million current US$),16 059,13 882,"14 066f,d",International trade: imports (million current US$),16 002,16 390,"14 193f,d",International trade: balance (million current US$),58,- 2 508,"-127f,d","Balance of payments, current account (million US$)",770,-752,- 2 435h,,,,,,,,,,,,,,,,,,,,,,,,
Employment in industry (% of employed),35.7,35.2,"35.1f,d",Employment in services (% employed),63.2,63.8,"64f,d",Unemploymentf (% of labour force),1.1,1.1,0.8d,Labour force participation ratef (female/male pop. %),43.8 /       87.4,43.8 /       87.0,45.0 /       87.2d,CPI: Consumer Price Indexg (2010=100),100,111,116d,Agricultural production index (2014-2016=100),32,104,129b,International trade: exports (million current US$),16 059,13 882,"14 066f,d",International trade: imports (million current US$),16 002,16 390,"14 193f,d",International trade: balance (million current US$),58,- 2 508,"-127f,d","Balance of payments, current account (million US$)",770,-752,- 2 435h,,,,,,,,,,,,,,,,,,,,,,,,,,,,
Employment in services (% employed),63.2,63.8,"64f,d",Unemploymentf (% of labour force),1.1,1.1,0.8d,Labour force participation ratef (female/male pop. %),43.8 /       87.4,43.8 /       87.0,45.0 /       87.2d,CPI: Consumer Price Indexg (2010=100),100,111,116d,Agricultural production index (2014-2016=100),32,104,129b,International trade: exports (million current US$),16 059,13 882,"14 066f,d",International trade: imports (million current US$),16 002,16 390,"14 193f,d",International trade: balance (million current US$),58,- 2 508,"-127f,d","Balance of payments, current account (million US$)",770,-752,- 2 435h,,,,,,,,,,,,,,,,,,,,,,,,,,,,,,,,
Unemploymentf (% of labour force),1.1,1.1,0.8d,Labour force participation ratef (female/male pop. %),43.8 /       87.4,43.8 /       87.0,45.0 /       87.2d,CPI: Consumer Price Indexg (2010=100),100,111,116d,Agricultural production index (2014-2016=100),32,104,129b,International trade: exports (million current US$),16 059,13 882,"14 066f,d",International trade: imports (million current US$),16 002,16 390,"14 193f,d",International trade: balance (million current US$),58,- 2 508,"-127f,d","Balance of payments, current account (million US$)",770,-752,- 2 435h,,,,,,,,,,,,,,,,,,,,,,,,,,,,,,,,,,,,
Labour force participation ratef (female/male pop. %),43.8 /       87.4,43.8 /       87.0,45.0 /       87.2d,CPI: Consumer Price Indexg (2010=100),100,111,116d,Agricultural production index (2014-2016=100),32,104,129b,International trade: exports (million current US$),16 059,13 882,"14 066f,d",International trade: imports (million current US$),16 002,16 390,"14 193f,d",International trade: balance (million current US$),58,- 2 508,"-127f,d","Balance of payments, current account (million US$)",770,-752,- 2 435h,,,,,,,,,,,,,,,,,,,,,,,,,,,,,,,,,,,,,,,,
CPI: Consumer Price Indexg (2010=100),100,111,116d,Agricultural production index (2014-2016=100),32,104,129b,International trade: exports (million current US$),16 059,13 882,"14 066f,d",International trade: imports (million current US$),16 002,16 390,"14 193f,d",International trade: balance (million current US$),58,- 2 508,"-127f,d","Balance of payments, current account (million US$)",770,-752,- 2 435h,,,,,,,,,,,,,,,,,,,,,,,,,,,,,,,,,,,,,,,,,,,,
Agricultural production index (2014-2016=100),32,104,129b,International trade: exports (million current US$),16 059,13 882,"14 066f,d",International trade: imports (million current US$),16 002,16 390,"14 193f,d",International trade: balance (million current US$),58,- 2 508,"-127f,d","Balance of payments, current account (million US$)",770,-752,- 2 435h,,,,,,,,,,,,,,,,,,,,,,,,,,,,,,,,,,,,,,,,,,,,,,,,
International trade: exports (million current US$),16 059,13 882,"14 066f,d",International trade: imports (million current US$),16 002,16 390,"14 193f,d",International trade: balance (million current US$),58,- 2 508,"-127f,d","Balance of payments, current account (million US$)",770,-752,- 2 435h,,,,,,,,,,,,,,,,,,,,,,,,,,,,,,,,,,,,,,,,,,,,,,,,,,,,
International trade: imports (million current US$),16 002,16 390,"14 193f,d",International trade: balance (million current US$),58,- 2 508,"-127f,d","Balance of payments, current account (million US$)",770,-752,- 2 435h,,,,,,,,,,,,,,,,,,,,,,,,,,,,,,,,,,,,,,,,,,,,,,,,,,,,,,,,
International trade: balance (million current US$),58,- 2 508,"-127f,d","Balance of payments, current account (million US$)",770,-752,- 2 435h,,,,,,,,,,,,,,,,,,,,,,,,,,,,,,,,,,,,,,,,,,,,,,,,,,,,,,,,,,,,
"Balance of payments, current account (million US$)",770,-752,- 2 435h,,,,,,,,,,,,,,,,,,,,,,,,,,,,,,,,,,,,,,,,,,,,,,,,,,,,,,,,,,,,,,,,
