0,1,2,3,4,5,6,7,8,9,10,11,12,13,14,15,16,17,18,19,20,21,22,23,24,25,26,27,28,29,30,31,32,33,34,35
,2010,2015,2021,,,,,,,,,,,,,,,,,,,,,,,,,,,,,,,,
Individuals using the Internet (per 100 inhabitants),55,93.5,99.7b,Research & Development expenditure (% of GDP),...,0.1q,...,Threatened species (number),32,32,53,Forested areaf (% of land area),0.7,0.8,0.8h,CO2 emission estimates (million tons/tons per capita),25.6 /       20.6,30.1 /       21.9,30.2 /       19.2h,"Energy production, primary (Petajoules)",849,957,"946f,h",Energy supply per capita (Gigajoules),413,421,371h,Tourist/visitor arrivals at national borderss (000),11 952,9 670t,11 061b,Important sites for terrestrial biodiversity protected (%),0,0,0d
Research & Development expenditure (% of GDP),...,0.1q,...,Threatened species (number),32,32,53,Forested areaf (% of land area),0.7,0.8,0.8h,CO2 emission estimates (million tons/tons per capita),25.6 /       20.6,30.1 /       21.9,30.2 /       19.2h,"Energy production, primary (Petajoules)",849,957,"946f,h",Energy supply per capita (Gigajoules),413,421,371h,Tourist/visitor arrivals at national borderss (000),11 952,9 670t,11 061b,Important sites for terrestrial biodiversity protected (%),0,0,0d,,,,
Threatened species (number),32,32,53,Forested areaf (% of land area),0.7,0.8,0.8h,CO2 emission estimates (million tons/tons per capita),25.6 /       20.6,30.1 /       21.9,30.2 /       19.2h,"Energy production, primary (Petajoules)",849,957,"946f,h",Energy supply per capita (Gigajoules),413,421,371h,Tourist/visitor arrivals at national borderss (000),11 952,9 670t,11 061b,Important sites for terrestrial biodiversity protected (%),0,0,0d,,,,,,,,
Forested areaf (% of land area),0.7,0.8,0.8h,CO2 emission estimates (million tons/tons per capita),25.6 /       20.6,30.1 /       21.9,30.2 /       19.2h,"Energy production, primary (Petajoules)",849,957,"946f,h",Energy supply per capita (Gigajoules),413,421,371h,Tourist/visitor arrivals at national borderss (000),11 952,9 670t,11 061b,Important sites for terrestrial biodiversity protected (%),0,0,0d,,,,,,,,,,,,
CO2 emission estimates (million tons/tons per capita),25.6 /       20.6,30.1 /       21.9,30.2 /       19.2h,"Energy production, primary (Petajoules)",849,957,"946f,h",Energy supply per capita (Gigajoules),413,421,371h,Tourist/visitor arrivals at national borderss (000),11 952,9 670t,11 061b,Important sites for terrestrial biodiversity protected (%),0,0,0d,,,,,,,,,,,,,,,,
"Energy production, primary (Petajoules)",849,957,"946f,h",Energy supply per capita (Gigajoules),413,421,371h,Tourist/visitor arrivals at national borderss (000),11 952,9 670t,11 061b,Important sites for terrestrial biodiversity protected (%),0,0,0d,,,,,,,,,,,,,,,,,,,,
Energy supply per capita (Gigajoules),413,421,371h,Tourist/visitor arrivals at national borderss (000),11 952,9 670t,11 061b,Important sites for terrestrial biodiversity protected (%),0,0,0d,,,,,,,,,,,,,,,,,,,,,,,,
Tourist/visitor arrivals at national borderss (000),11 952,9 670t,11 061b,Important sites for terrestrial biodiversity protected (%),0,0,0d,,,,,,,,,,,,,,,,,,,,,,,,,,,,
Important sites for terrestrial biodiversity protected (%),0,0,0d,,,,,,,,,,,,,,,,,,,,,,,,,,,,,,,,
