0,1,2,3,4,5,6,7,8,9,10,11,12,13,14,15,16,17,18,19,20,21,22,23,24,25,26,27,28,29,30,31,32,33,34,35,36,37,38,39,40,41,42,43,44,45,46,47,48,49,50,51,52,53,54,55,56,57,58,59,60,61,62,63,64,65,66,67
,2010,2015,2021,,,,,,,,,,,,,,,,,,,,,,,,,,,,,,,,,,,,,,,,,,,,,,,,,,,,,,,,,,,,,,,,
Population growth ratej (average annual %),6.7,2,4.3d,Urban population (% of total population),88.6,89,89.4b,Urban population growth ratej (average annual %),6.7,2.1,...,"Fertility rate, totalj (live births per woman)",2.2,2.1,2d,"Life expectancy at birthj (females/males, years)",76.7 /       74.9,77.5 /       75.6,78.2 /       76.2d,"Population age distribution (0-14/60+ years old, %)",20.3 /        3.5,20.8 /        4.1,18.0 /        5.7a,"International migrant stockk,l (000/% of total pop.)",666.4 /       53.7,722.5 /       52.7,936.1 /       55.0d,Refugees and others of concern to UNHCR (000),0.2m,0.4,0.3d,Infant mortality ratej (per 1 000 live births),7.9,6.9,6d,Health: Current expenditure (% of GDP),3.8,5,4.1h,Health: Physicians (per 1 000 pop.),0.9,0.9,...,Education: Government expenditure (% of GDP),2.5n,2.7,2.3o,Education: Primary gross enrol. ratio (f/m per 100 pop.),101.0 /       96.1p,101.7 /      100.7,97.7 /       98.3b,Education: Secondary gross enrol. ratio (f/m per 100 pop.),93.5 /       92.2,101.8 /      102.5,101.5 /       93.2b,Education: Upper secondary gross enrol. ratio (f/m per 100 pop.),92.9 /       88.5,104.2 /      101.5,101.9 /       90.9b,Intentional homicide rate (per 100 000 pop.),0.9,0.5q,...,Seats held by women in national parliaments (%),2.5,7.5,15r
Urban population (% of total population),88.6,89,89.4b,Urban population growth ratej (average annual %),6.7,2.1,...,"Fertility rate, totalj (live births per woman)",2.2,2.1,2d,"Life expectancy at birthj (females/males, years)",76.7 /       74.9,77.5 /       75.6,78.2 /       76.2d,"Population age distribution (0-14/60+ years old, %)",20.3 /        3.5,20.8 /        4.1,18.0 /        5.7a,"International migrant stockk,l (000/% of total pop.)",666.4 /       53.7,722.5 /       52.7,936.1 /       55.0d,Refugees and others of concern to UNHCR (000),0.2m,0.4,0.3d,Infant mortality ratej (per 1 000 live births),7.9,6.9,6d,Health: Current expenditure (% of GDP),3.8,5,4.1h,Health: Physicians (per 1 000 pop.),0.9,0.9,...,Education: Government expenditure (% of GDP),2.5n,2.7,2.3o,Education: Primary gross enrol. ratio (f/m per 100 pop.),101.0 /       96.1p,101.7 /      100.7,97.7 /       98.3b,Education: Secondary gross enrol. ratio (f/m per 100 pop.),93.5 /       92.2,101.8 /      102.5,101.5 /       93.2b,Education: Upper secondary gross enrol. ratio (f/m per 100 pop.),92.9 /       88.5,104.2 /      101.5,101.9 /       90.9b,Intentional homicide rate (per 100 000 pop.),0.9,0.5q,...,Seats held by women in national parliaments (%),2.5,7.5,15r,,,,
Urban population growth ratej (average annual %),6.7,2.1,...,"Fertility rate, totalj (live births per woman)",2.2,2.1,2d,"Life expectancy at birthj (females/males, years)",76.7 /       74.9,77.5 /       75.6,78.2 /       76.2d,"Population age distribution (0-14/60+ years old, %)",20.3 /        3.5,20.8 /        4.1,18.0 /        5.7a,"International migrant stockk,l (000/% of total pop.)",666.4 /       53.7,722.5 /       52.7,936.1 /       55.0d,Refugees and others of concern to UNHCR (000),0.2m,0.4,0.3d,Infant mortality ratej (per 1 000 live births),7.9,6.9,6d,Health: Current expenditure (% of GDP),3.8,5,4.1h,Health: Physicians (per 1 000 pop.),0.9,0.9,...,Education: Government expenditure (% of GDP),2.5n,2.7,2.3o,Education: Primary gross enrol. ratio (f/m per 100 pop.),101.0 /       96.1p,101.7 /      100.7,97.7 /       98.3b,Education: Secondary gross enrol. ratio (f/m per 100 pop.),93.5 /       92.2,101.8 /      102.5,101.5 /       93.2b,Education: Upper secondary gross enrol. ratio (f/m per 100 pop.),92.9 /       88.5,104.2 /      101.5,101.9 /       90.9b,Intentional homicide rate (per 100 000 pop.),0.9,0.5q,...,Seats held by women in national parliaments (%),2.5,7.5,15r,,,,,,,,
"Fertility rate, totalj (live births per woman)",2.2,2.1,2d,"Life expectancy at birthj (females/males, years)",76.7 /       74.9,77.5 /       75.6,78.2 /       76.2d,"Population age distribution (0-14/60+ years old, %)",20.3 /        3.5,20.8 /        4.1,18.0 /        5.7a,"International migrant stockk,l (000/% of total pop.)",666.4 /       53.7,722.5 /       52.7,936.1 /       55.0d,Refugees and others of concern to UNHCR (000),0.2m,0.4,0.3d,Infant mortality ratej (per 1 000 live births),7.9,6.9,6d,Health: Current expenditure (% of GDP),3.8,5,4.1h,Health: Physicians (per 1 000 pop.),0.9,0.9,...,Education: Government expenditure (% of GDP),2.5n,2.7,2.3o,Education: Primary gross enrol. ratio (f/m per 100 pop.),101.0 /       96.1p,101.7 /      100.7,97.7 /       98.3b,Education: Secondary gross enrol. ratio (f/m per 100 pop.),93.5 /       92.2,101.8 /      102.5,101.5 /       93.2b,Education: Upper secondary gross enrol. ratio (f/m per 100 pop.),92.9 /       88.5,104.2 /      101.5,101.9 /       90.9b,Intentional homicide rate (per 100 000 pop.),0.9,0.5q,...,Seats held by women in national parliaments (%),2.5,7.5,15r,,,,,,,,,,,,
"Life expectancy at birthj (females/males, years)",76.7 /       74.9,77.5 /       75.6,78.2 /       76.2d,"Population age distribution (0-14/60+ years old, %)",20.3 /        3.5,20.8 /        4.1,18.0 /        5.7a,"International migrant stockk,l (000/% of total pop.)",666.4 /       53.7,722.5 /       52.7,936.1 /       55.0d,Refugees and others of concern to UNHCR (000),0.2m,0.4,0.3d,Infant mortality ratej (per 1 000 live births),7.9,6.9,6d,Health: Current expenditure (% of GDP),3.8,5,4.1h,Health: Physicians (per 1 000 pop.),0.9,0.9,...,Education: Government expenditure (% of GDP),2.5n,2.7,2.3o,Education: Primary gross enrol. ratio (f/m per 100 pop.),101.0 /       96.1p,101.7 /      100.7,97.7 /       98.3b,Education: Secondary gross enrol. ratio (f/m per 100 pop.),93.5 /       92.2,101.8 /      102.5,101.5 /       93.2b,Education: Upper secondary gross enrol. ratio (f/m per 100 pop.),92.9 /       88.5,104.2 /      101.5,101.9 /       90.9b,Intentional homicide rate (per 100 000 pop.),0.9,0.5q,...,Seats held by women in national parliaments (%),2.5,7.5,15r,,,,,,,,,,,,,,,,
"Population age distribution (0-14/60+ years old, %)",20.3 /        3.5,20.8 /        4.1,18.0 /        5.7a,"International migrant stockk,l (000/% of total pop.)",666.4 /       53.7,722.5 /       52.7,936.1 /       55.0d,Refugees and others of concern to UNHCR (000),0.2m,0.4,0.3d,Infant mortality ratej (per 1 000 live births),7.9,6.9,6d,Health: Current expenditure (% of GDP),3.8,5,4.1h,Health: Physicians (per 1 000 pop.),0.9,0.9,...,Education: Government expenditure (% of GDP),2.5n,2.7,2.3o,Education: Primary gross enrol. ratio (f/m per 100 pop.),101.0 /       96.1p,101.7 /      100.7,97.7 /       98.3b,Education: Secondary gross enrol. ratio (f/m per 100 pop.),93.5 /       92.2,101.8 /      102.5,101.5 /       93.2b,Education: Upper secondary gross enrol. ratio (f/m per 100 pop.),92.9 /       88.5,104.2 /      101.5,101.9 /       90.9b,Intentional homicide rate (per 100 000 pop.),0.9,0.5q,...,Seats held by women in national parliaments (%),2.5,7.5,15r,,,,,,,,,,,,,,,,,,,,
"International migrant stockk,l (000/% of total pop.)",666.4 /       53.7,722.5 /       52.7,936.1 /       55.0d,Refugees and others of concern to UNHCR (000),0.2m,0.4,0.3d,Infant mortality ratej (per 1 000 live births),7.9,6.9,6d,Health: Current expenditure (% of GDP),3.8,5,4.1h,Health: Physicians (per 1 000 pop.),0.9,0.9,...,Education: Government expenditure (% of GDP),2.5n,2.7,2.3o,Education: Primary gross enrol. ratio (f/m per 100 pop.),101.0 /       96.1p,101.7 /      100.7,97.7 /       98.3b,Education: Secondary gross enrol. ratio (f/m per 100 pop.),93.5 /       92.2,101.8 /      102.5,101.5 /       93.2b,Education: Upper secondary gross enrol. ratio (f/m per 100 pop.),92.9 /       88.5,104.2 /      101.5,101.9 /       90.9b,Intentional homicide rate (per 100 000 pop.),0.9,0.5q,...,Seats held by women in national parliaments (%),2.5,7.5,15r,,,,,,,,,,,,,,,,,,,,,,,,
Refugees and others of concern to UNHCR (000),0.2m,0.4,0.3d,Infant mortality ratej (per 1 000 live births),7.9,6.9,6d,Health: Current expenditure (% of GDP),3.8,5,4.1h,Health: Physicians (per 1 000 pop.),0.9,0.9,...,Education: Government expenditure (% of GDP),2.5n,2.7,2.3o,Education: Primary gross enrol. ratio (f/m per 100 pop.),101.0 /       96.1p,101.7 /      100.7,97.7 /       98.3b,Education: Secondary gross enrol. ratio (f/m per 100 pop.),93.5 /       92.2,101.8 /      102.5,101.5 /       93.2b,Education: Upper secondary gross enrol. ratio (f/m per 100 pop.),92.9 /       88.5,104.2 /      101.5,101.9 /       90.9b,Intentional homicide rate (per 100 000 pop.),0.9,0.5q,...,Seats held by women in national parliaments (%),2.5,7.5,15r,,,,,,,,,,,,,,,,,,,,,,,,,,,,
Infant mortality ratej (per 1 000 live births),7.9,6.9,6d,Health: Current expenditure (% of GDP),3.8,5,4.1h,Health: Physicians (per 1 000 pop.),0.9,0.9,...,Education: Government expenditure (% of GDP),2.5n,2.7,2.3o,Education: Primary gross enrol. ratio (f/m per 100 pop.),101.0 /       96.1p,101.7 /      100.7,97.7 /       98.3b,Education: Secondary gross enrol. ratio (f/m per 100 pop.),93.5 /       92.2,101.8 /      102.5,101.5 /       93.2b,Education: Upper secondary gross enrol. ratio (f/m per 100 pop.),92.9 /       88.5,104.2 /      101.5,101.9 /       90.9b,Intentional homicide rate (per 100 000 pop.),0.9,0.5q,...,Seats held by women in national parliaments (%),2.5,7.5,15r,,,,,,,,,,,,,,,,,,,,,,,,,,,,,,,,
Health: Current expenditure (% of GDP),3.8,5,4.1h,Health: Physicians (per 1 000 pop.),0.9,0.9,...,Education: Government expenditure (% of GDP),2.5n,2.7,2.3o,Education: Primary gross enrol. ratio (f/m per 100 pop.),101.0 /       96.1p,101.7 /      100.7,97.7 /       98.3b,Education: Secondary gross enrol. ratio (f/m per 100 pop.),93.5 /       92.2,101.8 /      102.5,101.5 /       93.2b,Education: Upper secondary gross enrol. ratio (f/m per 100 pop.),92.9 /       88.5,104.2 /      101.5,101.9 /       90.9b,Intentional homicide rate (per 100 000 pop.),0.9,0.5q,...,Seats held by women in national parliaments (%),2.5,7.5,15r,,,,,,,,,,,,,,,,,,,,,,,,,,,,,,,,,,,,
Health: Physicians (per 1 000 pop.),0.9,0.9,...,Education: Government expenditure (% of GDP),2.5n,2.7,2.3o,Education: Primary gross enrol. ratio (f/m per 100 pop.),101.0 /       96.1p,101.7 /      100.7,97.7 /       98.3b,Education: Secondary gross enrol. ratio (f/m per 100 pop.),93.5 /       92.2,101.8 /      102.5,101.5 /       93.2b,Education: Upper secondary gross enrol. ratio (f/m per 100 pop.),92.9 /       88.5,104.2 /      101.5,101.9 /       90.9b,Intentional homicide rate (per 100 000 pop.),0.9,0.5q,...,Seats held by women in national parliaments (%),2.5,7.5,15r,,,,,,,,,,,,,,,,,,,,,,,,,,,,,,,,,,,,,,,,
Education: Government expenditure (% of GDP),2.5n,2.7,2.3o,Education: Primary gross enrol. ratio (f/m per 100 pop.),101.0 /       96.1p,101.7 /      100.7,97.7 /       98.3b,Education: Secondary gross enrol. ratio (f/m per 100 pop.),93.5 /       92.2,101.8 /      102.5,101.5 /       93.2b,Education: Upper secondary gross enrol. ratio (f/m per 100 pop.),92.9 /       88.5,104.2 /      101.5,101.9 /       90.9b,Intentional homicide rate (per 100 000 pop.),0.9,0.5q,...,Seats held by women in national parliaments (%),2.5,7.5,15r,,,,,,,,,,,,,,,,,,,,,,,,,,,,,,,,,,,,,,,,,,,,
Education: Primary gross enrol. ratio (f/m per 100 pop.),101.0 /       96.1p,101.7 /      100.7,97.7 /       98.3b,Education: Secondary gross enrol. ratio (f/m per 100 pop.),93.5 /       92.2,101.8 /      102.5,101.5 /       93.2b,Education: Upper secondary gross enrol. ratio (f/m per 100 pop.),92.9 /       88.5,104.2 /      101.5,101.9 /       90.9b,Intentional homicide rate (per 100 000 pop.),0.9,0.5q,...,Seats held by women in national parliaments (%),2.5,7.5,15r,,,,,,,,,,,,,,,,,,,,,,,,,,,,,,,,,,,,,,,,,,,,,,,,
Education: Secondary gross enrol. ratio (f/m per 100 pop.),93.5 /       92.2,101.8 /      102.5,101.5 /       93.2b,Education: Upper secondary gross enrol. ratio (f/m per 100 pop.),92.9 /       88.5,104.2 /      101.5,101.9 /       90.9b,Intentional homicide rate (per 100 000 pop.),0.9,0.5q,...,Seats held by women in national parliaments (%),2.5,7.5,15r,,,,,,,,,,,,,,,,,,,,,,,,,,,,,,,,,,,,,,,,,,,,,,,,,,,,
Education: Upper secondary gross enrol. ratio (f/m per 100 pop.),92.9 /       88.5,104.2 /      101.5,101.9 /       90.9b,Intentional homicide rate (per 100 000 pop.),0.9,0.5q,...,Seats held by women in national parliaments (%),2.5,7.5,15r,,,,,,,,,,,,,,,,,,,,,,,,,,,,,,,,,,,,,,,,,,,,,,,,,,,,,,,,
Intentional homicide rate (per 100 000 pop.),0.9,0.5q,...,Seats held by women in national parliaments (%),2.5,7.5,15r,,,,,,,,,,,,,,,,,,,,,,,,,,,,,,,,,,,,,,,,,,,,,,,,,,,,,,,,,,,,
Seats held by women in national parliaments (%),2.5,7.5,15r,,,,,,,,,,,,,,,,,,,,,,,,,,,,,,,,,,,,,,,,,,,,,,,,,,,,,,,,,,,,,,,,
