0,1,2,3,4,5,6,7,8,9,10,11,12,13,14,15,16,17,18,19,20,21,22,23,24,25,26,27,28,29,30,31,32,33,34,35,36,37,38,39,40,41,42,43,44,45,46,47,48,49,50,51,52,53,54,55,56,57,58,59,60,61,62,63
,2010,2015,2021,,,,,,,,,,,,,,,,,,,,,,,,,,,,,,,,,,,,,,,,,,,,,,,,,,,,,,,,,,,,
Population growth ratef (average annual %),2,3.6,2.5c,Urban population (% of total population),69.1,69.9,70.7b,Urban population growth ratef (average annual %),2.7,3.4,...,"Fertility rate, totalf (live births per woman)",4.4,4.2,3.7c,"Life expectancy at birthf (females/males, years)",71.3 /       64.9,71.6 /       67.2,72.4 /       68.3c,"Population age distribution (0-14/60+ years old, %)",41.8 /        4.8,39.3 /        5.1,37.3 /        5.1a,"International migrant stockg,h (000/% of total pop.)",120.5 /        0.4,359.4 /        1.0,365.8 /        0.9c,Refugees and others of concern to UNHCR (000),1 796.3i,4 311.7,1 836.7c,Infant mortality ratef (per 1 000 live births),31.7,28.5,24.1c,Health: Current expenditure (% of GDP),3.2,3.1,4.1j,Health: Physicians (per 1 000 pop.),0.7,1k,0.7j,Education: Primary gross enrol. ratio (f/m per 100 pop.),99.1 /      117.8l,... / ...,... / ...,Education: Secondary gross enrol. ratio (f/m per 100 pop.),46.0 /       61.4l,... / ...,... / ...,Education: Upper secondary gross enrol. ratio (f/m per 100 pop.),35.3 /       44.8l,... / ...,... / ...,Intentional homicide rate (per 100 000 pop.),9,10.1m,...,Seats held by women in national parliaments (%),25.5,26.5,26.4n
Urban population (% of total population),69.1,69.9,70.7b,Urban population growth ratef (average annual %),2.7,3.4,...,"Fertility rate, totalf (live births per woman)",4.4,4.2,3.7c,"Life expectancy at birthf (females/males, years)",71.3 /       64.9,71.6 /       67.2,72.4 /       68.3c,"Population age distribution (0-14/60+ years old, %)",41.8 /        4.8,39.3 /        5.1,37.3 /        5.1a,"International migrant stockg,h (000/% of total pop.)",120.5 /        0.4,359.4 /        1.0,365.8 /        0.9c,Refugees and others of concern to UNHCR (000),1 796.3i,4 311.7,1 836.7c,Infant mortality ratef (per 1 000 live births),31.7,28.5,24.1c,Health: Current expenditure (% of GDP),3.2,3.1,4.1j,Health: Physicians (per 1 000 pop.),0.7,1k,0.7j,Education: Primary gross enrol. ratio (f/m per 100 pop.),99.1 /      117.8l,... / ...,... / ...,Education: Secondary gross enrol. ratio (f/m per 100 pop.),46.0 /       61.4l,... / ...,... / ...,Education: Upper secondary gross enrol. ratio (f/m per 100 pop.),35.3 /       44.8l,... / ...,... / ...,Intentional homicide rate (per 100 000 pop.),9,10.1m,...,Seats held by women in national parliaments (%),25.5,26.5,26.4n,,,,
Urban population growth ratef (average annual %),2.7,3.4,...,"Fertility rate, totalf (live births per woman)",4.4,4.2,3.7c,"Life expectancy at birthf (females/males, years)",71.3 /       64.9,71.6 /       67.2,72.4 /       68.3c,"Population age distribution (0-14/60+ years old, %)",41.8 /        4.8,39.3 /        5.1,37.3 /        5.1a,"International migrant stockg,h (000/% of total pop.)",120.5 /        0.4,359.4 /        1.0,365.8 /        0.9c,Refugees and others of concern to UNHCR (000),1 796.3i,4 311.7,1 836.7c,Infant mortality ratef (per 1 000 live births),31.7,28.5,24.1c,Health: Current expenditure (% of GDP),3.2,3.1,4.1j,Health: Physicians (per 1 000 pop.),0.7,1k,0.7j,Education: Primary gross enrol. ratio (f/m per 100 pop.),99.1 /      117.8l,... / ...,... / ...,Education: Secondary gross enrol. ratio (f/m per 100 pop.),46.0 /       61.4l,... / ...,... / ...,Education: Upper secondary gross enrol. ratio (f/m per 100 pop.),35.3 /       44.8l,... / ...,... / ...,Intentional homicide rate (per 100 000 pop.),9,10.1m,...,Seats held by women in national parliaments (%),25.5,26.5,26.4n,,,,,,,,
"Fertility rate, totalf (live births per woman)",4.4,4.2,3.7c,"Life expectancy at birthf (females/males, years)",71.3 /       64.9,71.6 /       67.2,72.4 /       68.3c,"Population age distribution (0-14/60+ years old, %)",41.8 /        4.8,39.3 /        5.1,37.3 /        5.1a,"International migrant stockg,h (000/% of total pop.)",120.5 /        0.4,359.4 /        1.0,365.8 /        0.9c,Refugees and others of concern to UNHCR (000),1 796.3i,4 311.7,1 836.7c,Infant mortality ratef (per 1 000 live births),31.7,28.5,24.1c,Health: Current expenditure (% of GDP),3.2,3.1,4.1j,Health: Physicians (per 1 000 pop.),0.7,1k,0.7j,Education: Primary gross enrol. ratio (f/m per 100 pop.),99.1 /      117.8l,... / ...,... / ...,Education: Secondary gross enrol. ratio (f/m per 100 pop.),46.0 /       61.4l,... / ...,... / ...,Education: Upper secondary gross enrol. ratio (f/m per 100 pop.),35.3 /       44.8l,... / ...,... / ...,Intentional homicide rate (per 100 000 pop.),9,10.1m,...,Seats held by women in national parliaments (%),25.5,26.5,26.4n,,,,,,,,,,,,
"Life expectancy at birthf (females/males, years)",71.3 /       64.9,71.6 /       67.2,72.4 /       68.3c,"Population age distribution (0-14/60+ years old, %)",41.8 /        4.8,39.3 /        5.1,37.3 /        5.1a,"International migrant stockg,h (000/% of total pop.)",120.5 /        0.4,359.4 /        1.0,365.8 /        0.9c,Refugees and others of concern to UNHCR (000),1 796.3i,4 311.7,1 836.7c,Infant mortality ratef (per 1 000 live births),31.7,28.5,24.1c,Health: Current expenditure (% of GDP),3.2,3.1,4.1j,Health: Physicians (per 1 000 pop.),0.7,1k,0.7j,Education: Primary gross enrol. ratio (f/m per 100 pop.),99.1 /      117.8l,... / ...,... / ...,Education: Secondary gross enrol. ratio (f/m per 100 pop.),46.0 /       61.4l,... / ...,... / ...,Education: Upper secondary gross enrol. ratio (f/m per 100 pop.),35.3 /       44.8l,... / ...,... / ...,Intentional homicide rate (per 100 000 pop.),9,10.1m,...,Seats held by women in national parliaments (%),25.5,26.5,26.4n,,,,,,,,,,,,,,,,
"Population age distribution (0-14/60+ years old, %)",41.8 /        4.8,39.3 /        5.1,37.3 /        5.1a,"International migrant stockg,h (000/% of total pop.)",120.5 /        0.4,359.4 /        1.0,365.8 /        0.9c,Refugees and others of concern to UNHCR (000),1 796.3i,4 311.7,1 836.7c,Infant mortality ratef (per 1 000 live births),31.7,28.5,24.1c,Health: Current expenditure (% of GDP),3.2,3.1,4.1j,Health: Physicians (per 1 000 pop.),0.7,1k,0.7j,Education: Primary gross enrol. ratio (f/m per 100 pop.),99.1 /      117.8l,... / ...,... / ...,Education: Secondary gross enrol. ratio (f/m per 100 pop.),46.0 /       61.4l,... / ...,... / ...,Education: Upper secondary gross enrol. ratio (f/m per 100 pop.),35.3 /       44.8l,... / ...,... / ...,Intentional homicide rate (per 100 000 pop.),9,10.1m,...,Seats held by women in national parliaments (%),25.5,26.5,26.4n,,,,,,,,,,,,,,,,,,,,
"International migrant stockg,h (000/% of total pop.)",120.5 /        0.4,359.4 /        1.0,365.8 /        0.9c,Refugees and others of concern to UNHCR (000),1 796.3i,4 311.7,1 836.7c,Infant mortality ratef (per 1 000 live births),31.7,28.5,24.1c,Health: Current expenditure (% of GDP),3.2,3.1,4.1j,Health: Physicians (per 1 000 pop.),0.7,1k,0.7j,Education: Primary gross enrol. ratio (f/m per 100 pop.),99.1 /      117.8l,... / ...,... / ...,Education: Secondary gross enrol. ratio (f/m per 100 pop.),46.0 /       61.4l,... / ...,... / ...,Education: Upper secondary gross enrol. ratio (f/m per 100 pop.),35.3 /       44.8l,... / ...,... / ...,Intentional homicide rate (per 100 000 pop.),9,10.1m,...,Seats held by women in national parliaments (%),25.5,26.5,26.4n,,,,,,,,,,,,,,,,,,,,,,,,
Refugees and others of concern to UNHCR (000),1 796.3i,4 311.7,1 836.7c,Infant mortality ratef (per 1 000 live births),31.7,28.5,24.1c,Health: Current expenditure (% of GDP),3.2,3.1,4.1j,Health: Physicians (per 1 000 pop.),0.7,1k,0.7j,Education: Primary gross enrol. ratio (f/m per 100 pop.),99.1 /      117.8l,... / ...,... / ...,Education: Secondary gross enrol. ratio (f/m per 100 pop.),46.0 /       61.4l,... / ...,... / ...,Education: Upper secondary gross enrol. ratio (f/m per 100 pop.),35.3 /       44.8l,... / ...,... / ...,Intentional homicide rate (per 100 000 pop.),9,10.1m,...,Seats held by women in national parliaments (%),25.5,26.5,26.4n,,,,,,,,,,,,,,,,,,,,,,,,,,,,
Infant mortality ratef (per 1 000 live births),31.7,28.5,24.1c,Health: Current expenditure (% of GDP),3.2,3.1,4.1j,Health: Physicians (per 1 000 pop.),0.7,1k,0.7j,Education: Primary gross enrol. ratio (f/m per 100 pop.),99.1 /      117.8l,... / ...,... / ...,Education: Secondary gross enrol. ratio (f/m per 100 pop.),46.0 /       61.4l,... / ...,... / ...,Education: Upper secondary gross enrol. ratio (f/m per 100 pop.),35.3 /       44.8l,... / ...,... / ...,Intentional homicide rate (per 100 000 pop.),9,10.1m,...,Seats held by women in national parliaments (%),25.5,26.5,26.4n,,,,,,,,,,,,,,,,,,,,,,,,,,,,,,,,
Health: Current expenditure (% of GDP),3.2,3.1,4.1j,Health: Physicians (per 1 000 pop.),0.7,1k,0.7j,Education: Primary gross enrol. ratio (f/m per 100 pop.),99.1 /      117.8l,... / ...,... / ...,Education: Secondary gross enrol. ratio (f/m per 100 pop.),46.0 /       61.4l,... / ...,... / ...,Education: Upper secondary gross enrol. ratio (f/m per 100 pop.),35.3 /       44.8l,... / ...,... / ...,Intentional homicide rate (per 100 000 pop.),9,10.1m,...,Seats held by women in national parliaments (%),25.5,26.5,26.4n,,,,,,,,,,,,,,,,,,,,,,,,,,,,,,,,,,,,
Health: Physicians (per 1 000 pop.),0.7,1k,0.7j,Education: Primary gross enrol. ratio (f/m per 100 pop.),99.1 /      117.8l,... / ...,... / ...,Education: Secondary gross enrol. ratio (f/m per 100 pop.),46.0 /       61.4l,... / ...,... / ...,Education: Upper secondary gross enrol. ratio (f/m per 100 pop.),35.3 /       44.8l,... / ...,... / ...,Intentional homicide rate (per 100 000 pop.),9,10.1m,...,Seats held by women in national parliaments (%),25.5,26.5,26.4n,,,,,,,,,,,,,,,,,,,,,,,,,,,,,,,,,,,,,,,,
Education: Primary gross enrol. ratio (f/m per 100 pop.),99.1 /      117.8l,... / ...,... / ...,Education: Secondary gross enrol. ratio (f/m per 100 pop.),46.0 /       61.4l,... / ...,... / ...,Education: Upper secondary gross enrol. ratio (f/m per 100 pop.),35.3 /       44.8l,... / ...,... / ...,Intentional homicide rate (per 100 000 pop.),9,10.1m,...,Seats held by women in national parliaments (%),25.5,26.5,26.4n,,,,,,,,,,,,,,,,,,,,,,,,,,,,,,,,,,,,,,,,,,,,
Education: Secondary gross enrol. ratio (f/m per 100 pop.),46.0 /       61.4l,... / ...,... / ...,Education: Upper secondary gross enrol. ratio (f/m per 100 pop.),35.3 /       44.8l,... / ...,... / ...,Intentional homicide rate (per 100 000 pop.),9,10.1m,...,Seats held by women in national parliaments (%),25.5,26.5,26.4n,,,,,,,,,,,,,,,,,,,,,,,,,,,,,,,,,,,,,,,,,,,,,,,,
Education: Upper secondary gross enrol. ratio (f/m per 100 pop.),35.3 /       44.8l,... / ...,... / ...,Intentional homicide rate (per 100 000 pop.),9,10.1m,...,Seats held by women in national parliaments (%),25.5,26.5,26.4n,,,,,,,,,,,,,,,,,,,,,,,,,,,,,,,,,,,,,,,,,,,,,,,,,,,,
Intentional homicide rate (per 100 000 pop.),9,10.1m,...,Seats held by women in national parliaments (%),25.5,26.5,26.4n,,,,,,,,,,,,,,,,,,,,,,,,,,,,,,,,,,,,,,,,,,,,,,,,,,,,,,,,
Seats held by women in national parliaments (%),25.5,26.5,26.4n,,,,,,,,,,,,,,,,,,,,,,,,,,,,,,,,,,,,,,,,,,,,,,,,,,,,,,,,,,,,
