0,1,2,3,4,5,6,7,8,9,10,11,12,13,14,15,16,17,18,19,20,21,22,23,24,25,26,27,28,29,30,31,32,33,34,35,36,37,38,39,40,41,42,43,44,45,46,47,48,49,50,51,52,53,54,55,56,57,58,59,60,61,62,63
,2010,2015,2021,,,,,,,,,,,,,,,,,,,,,,,,,,,,,,,,,,,,,,,,,,,,,,,,,,,,,,,,,,,,
GDP: Gross domestic product (million current US$),6 635,6 655,7 361b,"GDP growth rate (annual %, const. 2015 prices)",0.6,0.8,2.4b,GDP per capita (current US$),101 462.4,104 480.0,117 767.9b,Economy: Agriculturee (% of Gross Value Added),0.3,0.2,0.3b,Economy: Industry (% of Gross Value Added),6.9,5.3,5.8b,Economy: Services and other activityf (% of GVA),92.8,94.4,93.9b,"Employment in agricultureg,h,i (% of employed)",1.4,"1.6j,k",...,"Employment in industryg,h,i (% of employed)",12.9,"10.3j,k",...,"Employment in servicesg,h,i (% employed)",85.7,"87.6j,k",...,Unemploymentg (% of labour force),"4.5h,l","6.7j,k",...,Labour force participation rate (female/male pop. %),81.0 /       87.0g,"72.6 /       80.0g,j,m",... / ...,CPI: Consumer Price Index (2010=100),...,"148n,o",...,International trade: exports (million current US$),15p,9,19d,International trade: imports (million current US$),970,929,904d,International trade: balance (million current US$),-955p,-920,-885d,"Balance of payments, current account (million US$)",696,943,828b
"GDP growth rate (annual %, const. 2015 prices)",0.6,0.8,2.4b,GDP per capita (current US$),101 462.4,104 480.0,117 767.9b,Economy: Agriculturee (% of Gross Value Added),0.3,0.2,0.3b,Economy: Industry (% of Gross Value Added),6.9,5.3,5.8b,Economy: Services and other activityf (% of GVA),92.8,94.4,93.9b,"Employment in agricultureg,h,i (% of employed)",1.4,"1.6j,k",...,"Employment in industryg,h,i (% of employed)",12.9,"10.3j,k",...,"Employment in servicesg,h,i (% employed)",85.7,"87.6j,k",...,Unemploymentg (% of labour force),"4.5h,l","6.7j,k",...,Labour force participation rate (female/male pop. %),81.0 /       87.0g,"72.6 /       80.0g,j,m",... / ...,CPI: Consumer Price Index (2010=100),...,"148n,o",...,International trade: exports (million current US$),15p,9,19d,International trade: imports (million current US$),970,929,904d,International trade: balance (million current US$),-955p,-920,-885d,"Balance of payments, current account (million US$)",696,943,828b,,,,
GDP per capita (current US$),101 462.4,104 480.0,117 767.9b,Economy: Agriculturee (% of Gross Value Added),0.3,0.2,0.3b,Economy: Industry (% of Gross Value Added),6.9,5.3,5.8b,Economy: Services and other activityf (% of GVA),92.8,94.4,93.9b,"Employment in agricultureg,h,i (% of employed)",1.4,"1.6j,k",...,"Employment in industryg,h,i (% of employed)",12.9,"10.3j,k",...,"Employment in servicesg,h,i (% employed)",85.7,"87.6j,k",...,Unemploymentg (% of labour force),"4.5h,l","6.7j,k",...,Labour force participation rate (female/male pop. %),81.0 /       87.0g,"72.6 /       80.0g,j,m",... / ...,CPI: Consumer Price Index (2010=100),...,"148n,o",...,International trade: exports (million current US$),15p,9,19d,International trade: imports (million current US$),970,929,904d,International trade: balance (million current US$),-955p,-920,-885d,"Balance of payments, current account (million US$)",696,943,828b,,,,,,,,
Economy: Agriculturee (% of Gross Value Added),0.3,0.2,0.3b,Economy: Industry (% of Gross Value Added),6.9,5.3,5.8b,Economy: Services and other activityf (% of GVA),92.8,94.4,93.9b,"Employment in agricultureg,h,i (% of employed)",1.4,"1.6j,k",...,"Employment in industryg,h,i (% of employed)",12.9,"10.3j,k",...,"Employment in servicesg,h,i (% employed)",85.7,"87.6j,k",...,Unemploymentg (% of labour force),"4.5h,l","6.7j,k",...,Labour force participation rate (female/male pop. %),81.0 /       87.0g,"72.6 /       80.0g,j,m",... / ...,CPI: Consumer Price Index (2010=100),...,"148n,o",...,International trade: exports (million current US$),15p,9,19d,International trade: imports (million current US$),970,929,904d,International trade: balance (million current US$),-955p,-920,-885d,"Balance of payments, current account (million US$)",696,943,828b,,,,,,,,,,,,
Economy: Industry (% of Gross Value Added),6.9,5.3,5.8b,Economy: Services and other activityf (% of GVA),92.8,94.4,93.9b,"Employment in agricultureg,h,i (% of employed)",1.4,"1.6j,k",...,"Employment in industryg,h,i (% of employed)",12.9,"10.3j,k",...,"Employment in servicesg,h,i (% employed)",85.7,"87.6j,k",...,Unemploymentg (% of labour force),"4.5h,l","6.7j,k",...,Labour force participation rate (female/male pop. %),81.0 /       87.0g,"72.6 /       80.0g,j,m",... / ...,CPI: Consumer Price Index (2010=100),...,"148n,o",...,International trade: exports (million current US$),15p,9,19d,International trade: imports (million current US$),970,929,904d,International trade: balance (million current US$),-955p,-920,-885d,"Balance of payments, current account (million US$)",696,943,828b,,,,,,,,,,,,,,,,
Economy: Services and other activityf (% of GVA),92.8,94.4,93.9b,"Employment in agricultureg,h,i (% of employed)",1.4,"1.6j,k",...,"Employment in industryg,h,i (% of employed)",12.9,"10.3j,k",...,"Employment in servicesg,h,i (% employed)",85.7,"87.6j,k",...,Unemploymentg (% of labour force),"4.5h,l","6.7j,k",...,Labour force participation rate (female/male pop. %),81.0 /       87.0g,"72.6 /       80.0g,j,m",... / ...,CPI: Consumer Price Index (2010=100),...,"148n,o",...,International trade: exports (million current US$),15p,9,19d,International trade: imports (million current US$),970,929,904d,International trade: balance (million current US$),-955p,-920,-885d,"Balance of payments, current account (million US$)",696,943,828b,,,,,,,,,,,,,,,,,,,,
"Employment in agricultureg,h,i (% of employed)",1.4,"1.6j,k",...,"Employment in industryg,h,i (% of employed)",12.9,"10.3j,k",...,"Employment in servicesg,h,i (% employed)",85.7,"87.6j,k",...,Unemploymentg (% of labour force),"4.5h,l","6.7j,k",...,Labour force participation rate (female/male pop. %),81.0 /       87.0g,"72.6 /       80.0g,j,m",... / ...,CPI: Consumer Price Index (2010=100),...,"148n,o",...,International trade: exports (million current US$),15p,9,19d,International trade: imports (million current US$),970,929,904d,International trade: balance (million current US$),-955p,-920,-885d,"Balance of payments, current account (million US$)",696,943,828b,,,,,,,,,,,,,,,,,,,,,,,,
"Employment in industryg,h,i (% of employed)",12.9,"10.3j,k",...,"Employment in servicesg,h,i (% employed)",85.7,"87.6j,k",...,Unemploymentg (% of labour force),"4.5h,l","6.7j,k",...,Labour force participation rate (female/male pop. %),81.0 /       87.0g,"72.6 /       80.0g,j,m",... / ...,CPI: Consumer Price Index (2010=100),...,"148n,o",...,International trade: exports (million current US$),15p,9,19d,International trade: imports (million current US$),970,929,904d,International trade: balance (million current US$),-955p,-920,-885d,"Balance of payments, current account (million US$)",696,943,828b,,,,,,,,,,,,,,,,,,,,,,,,,,,,
"Employment in servicesg,h,i (% employed)",85.7,"87.6j,k",...,Unemploymentg (% of labour force),"4.5h,l","6.7j,k",...,Labour force participation rate (female/male pop. %),81.0 /       87.0g,"72.6 /       80.0g,j,m",... / ...,CPI: Consumer Price Index (2010=100),...,"148n,o",...,International trade: exports (million current US$),15p,9,19d,International trade: imports (million current US$),970,929,904d,International trade: balance (million current US$),-955p,-920,-885d,"Balance of payments, current account (million US$)",696,943,828b,,,,,,,,,,,,,,,,,,,,,,,,,,,,,,,,
Unemploymentg (% of labour force),"4.5h,l","6.7j,k",...,Labour force participation rate (female/male pop. %),81.0 /       87.0g,"72.6 /       80.0g,j,m",... / ...,CPI: Consumer Price Index (2010=100),...,"148n,o",...,International trade: exports (million current US$),15p,9,19d,International trade: imports (million current US$),970,929,904d,International trade: balance (million current US$),-955p,-920,-885d,"Balance of payments, current account (million US$)",696,943,828b,,,,,,,,,,,,,,,,,,,,,,,,,,,,,,,,,,,,
Labour force participation rate (female/male pop. %),81.0 /       87.0g,"72.6 /       80.0g,j,m",... / ...,CPI: Consumer Price Index (2010=100),...,"148n,o",...,International trade: exports (million current US$),15p,9,19d,International trade: imports (million current US$),970,929,904d,International trade: balance (million current US$),-955p,-920,-885d,"Balance of payments, current account (million US$)",696,943,828b,,,,,,,,,,,,,,,,,,,,,,,,,,,,,,,,,,,,,,,,
CPI: Consumer Price Index (2010=100),...,"148n,o",...,International trade: exports (million current US$),15p,9,19d,International trade: imports (million current US$),970,929,904d,International trade: balance (million current US$),-955p,-920,-885d,"Balance of payments, current account (million US$)",696,943,828b,,,,,,,,,,,,,,,,,,,,,,,,,,,,,,,,,,,,,,,,,,,,
International trade: exports (million current US$),15p,9,19d,International trade: imports (million current US$),970,929,904d,International trade: balance (million current US$),-955p,-920,-885d,"Balance of payments, current account (million US$)",696,943,828b,,,,,,,,,,,,,,,,,,,,,,,,,,,,,,,,,,,,,,,,,,,,,,,,
International trade: imports (million current US$),970,929,904d,International trade: balance (million current US$),-955p,-920,-885d,"Balance of payments, current account (million US$)",696,943,828b,,,,,,,,,,,,,,,,,,,,,,,,,,,,,,,,,,,,,,,,,,,,,,,,,,,,
International trade: balance (million current US$),-955p,-920,-885d,"Balance of payments, current account (million US$)",696,943,828b,,,,,,,,,,,,,,,,,,,,,,,,,,,,,,,,,,,,,,,,,,,,,,,,,,,,,,,,
"Balance of payments, current account (million US$)",696,943,828b,,,,,,,,,,,,,,,,,,,,,,,,,,,,,,,,,,,,,,,,,,,,,,,,,,,,,,,,,,,,
