0,1,2,3,4,5,6,7,8,9,10,11,12,13,14,15,16,17,18,19,20,21,22,23,24,25,26,27,28,29,30,31
,2010,2015,2021,,,,,,,,,,,,,,,,,,,,,,,,,,,,
Individuals using the Internetp (per 100 inhabitants),84.2,98.3,98.4r,Research & Development expendituret (% of GDP),0.2u,0.2,0.3c,Threatened species (number),50,64,86,Forested areap (% of land area),18.5,18.5,18.5c,"Energy production, primaryp (Petajoules)",1,1,1c,Energy supply per capita (Gigajoules),135p,127,165c,"Tourist/visitor arrivals at national bordersv,w (000)",232,220,269b,Important sites for terrestrial biodiversity protected (%),52,52,52d
Research & Development expendituret (% of GDP),0.2u,0.2,0.3c,Threatened species (number),50,64,86,Forested areap (% of land area),18.5,18.5,18.5c,"Energy production, primaryp (Petajoules)",1,1,1c,Energy supply per capita (Gigajoules),135p,127,165c,"Tourist/visitor arrivals at national bordersv,w (000)",232,220,269b,Important sites for terrestrial biodiversity protected (%),52,52,52d,,,,
Threatened species (number),50,64,86,Forested areap (% of land area),18.5,18.5,18.5c,"Energy production, primaryp (Petajoules)",1,1,1c,Energy supply per capita (Gigajoules),135p,127,165c,"Tourist/visitor arrivals at national bordersv,w (000)",232,220,269b,Important sites for terrestrial biodiversity protected (%),52,52,52d,,,,,,,,
Forested areap (% of land area),18.5,18.5,18.5c,"Energy production, primaryp (Petajoules)",1,1,1c,Energy supply per capita (Gigajoules),135p,127,165c,"Tourist/visitor arrivals at national bordersv,w (000)",232,220,269b,Important sites for terrestrial biodiversity protected (%),52,52,52d,,,,,,,,,,,,
"Energy production, primaryp (Petajoules)",1,1,1c,Energy supply per capita (Gigajoules),135p,127,165c,"Tourist/visitor arrivals at national bordersv,w (000)",232,220,269b,Important sites for terrestrial biodiversity protected (%),52,52,52d,,,,,,,,,,,,,,,,
Energy supply per capita (Gigajoules),135p,127,165c,"Tourist/visitor arrivals at national bordersv,w (000)",232,220,269b,Important sites for terrestrial biodiversity protected (%),52,52,52d,,,,,,,,,,,,,,,,,,,,
"Tourist/visitor arrivals at national bordersv,w (000)",232,220,269b,Important sites for terrestrial biodiversity protected (%),52,52,52d,,,,,,,,,,,,,,,,,,,,,,,,
Important sites for terrestrial biodiversity protected (%),52,52,52d,,,,,,,,,,,,,,,,,,,,,,,,,,,,
