0,1,2,3,4,5,6,7,8,9,10,11,12,13,14,15,16,17,18,19,20,21,22,23,24,25,26,27,28,29,30,31,32,33,34,35,36,37,38,39,40,41,42,43,44,45,46,47,48,49,50,51,52,53,54,55,56,57,58,59,60,61,62,63,64,65,66,67
,2010,2015,2021,,,,,,,,,,,,,,,,,,,,,,,,,,,,,,,,,,,,,,,,,,,,,,,,,,,,,,,,,,,,,,,,
GDP: Gross domestic product (million current US$),6 853,8 794,12 354b,"GDP growth rate (annual %, const. 2015 prices)",4.8,3.8,5.6b,GDP per capita (current US$),672.4,769.3,967.4b,Economy: Agriculture (% of Gross Value Added),18.6,20.1,22.6b,Economy: Industry (% of Gross Value Added),34.3,28.6,31.4b,Economy: Services and other activity (% of GVA),47.1,51.3,46b,Employment in agriculturec (% of employed),67.5,64.9,61.3d,Employment in industryc (% of employed),5.3,5.4,6.2d,Employment in servicesc (% employed),27.2,29.7,32.5d,Unemploymentc (% of labour force),4.5,4.4,4.3d,Labour force participation ratec (female/male pop. %),62.5 /       63.6,62.6 /       62.0,62.8 /       60.3d,CPI: Consumer Price Indexe (2010=100),100,186,291d,Agricultural production index (2014-2016=100),82,100,125b,International trade: exports (million current US$),1 471c,1 574,"3 167c,d",International trade: imports (million current US$),1 402c,2 139,"3 389c,d",International trade: balance (million current US$),69c,-565,"-222c,d","Balance of payments, current account (million US$)",-327,- 1 020,-315b
"GDP growth rate (annual %, const. 2015 prices)",4.8,3.8,5.6b,GDP per capita (current US$),672.4,769.3,967.4b,Economy: Agriculture (% of Gross Value Added),18.6,20.1,22.6b,Economy: Industry (% of Gross Value Added),34.3,28.6,31.4b,Economy: Services and other activity (% of GVA),47.1,51.3,46b,Employment in agriculturec (% of employed),67.5,64.9,61.3d,Employment in industryc (% of employed),5.3,5.4,6.2d,Employment in servicesc (% employed),27.2,29.7,32.5d,Unemploymentc (% of labour force),4.5,4.4,4.3d,Labour force participation ratec (female/male pop. %),62.5 /       63.6,62.6 /       62.0,62.8 /       60.3d,CPI: Consumer Price Indexe (2010=100),100,186,291d,Agricultural production index (2014-2016=100),82,100,125b,International trade: exports (million current US$),1 471c,1 574,"3 167c,d",International trade: imports (million current US$),1 402c,2 139,"3 389c,d",International trade: balance (million current US$),69c,-565,"-222c,d","Balance of payments, current account (million US$)",-327,- 1 020,-315b,,,,
GDP per capita (current US$),672.4,769.3,967.4b,Economy: Agriculture (% of Gross Value Added),18.6,20.1,22.6b,Economy: Industry (% of Gross Value Added),34.3,28.6,31.4b,Economy: Services and other activity (% of GVA),47.1,51.3,46b,Employment in agriculturec (% of employed),67.5,64.9,61.3d,Employment in industryc (% of employed),5.3,5.4,6.2d,Employment in servicesc (% employed),27.2,29.7,32.5d,Unemploymentc (% of labour force),4.5,4.4,4.3d,Labour force participation ratec (female/male pop. %),62.5 /       63.6,62.6 /       62.0,62.8 /       60.3d,CPI: Consumer Price Indexe (2010=100),100,186,291d,Agricultural production index (2014-2016=100),82,100,125b,International trade: exports (million current US$),1 471c,1 574,"3 167c,d",International trade: imports (million current US$),1 402c,2 139,"3 389c,d",International trade: balance (million current US$),69c,-565,"-222c,d","Balance of payments, current account (million US$)",-327,- 1 020,-315b,,,,,,,,
Economy: Agriculture (% of Gross Value Added),18.6,20.1,22.6b,Economy: Industry (% of Gross Value Added),34.3,28.6,31.4b,Economy: Services and other activity (% of GVA),47.1,51.3,46b,Employment in agriculturec (% of employed),67.5,64.9,61.3d,Employment in industryc (% of employed),5.3,5.4,6.2d,Employment in servicesc (% employed),27.2,29.7,32.5d,Unemploymentc (% of labour force),4.5,4.4,4.3d,Labour force participation ratec (female/male pop. %),62.5 /       63.6,62.6 /       62.0,62.8 /       60.3d,CPI: Consumer Price Indexe (2010=100),100,186,291d,Agricultural production index (2014-2016=100),82,100,125b,International trade: exports (million current US$),1 471c,1 574,"3 167c,d",International trade: imports (million current US$),1 402c,2 139,"3 389c,d",International trade: balance (million current US$),69c,-565,"-222c,d","Balance of payments, current account (million US$)",-327,- 1 020,-315b,,,,,,,,,,,,
Economy: Industry (% of Gross Value Added),34.3,28.6,31.4b,Economy: Services and other activity (% of GVA),47.1,51.3,46b,Employment in agriculturec (% of employed),67.5,64.9,61.3d,Employment in industryc (% of employed),5.3,5.4,6.2d,Employment in servicesc (% employed),27.2,29.7,32.5d,Unemploymentc (% of labour force),4.5,4.4,4.3d,Labour force participation ratec (female/male pop. %),62.5 /       63.6,62.6 /       62.0,62.8 /       60.3d,CPI: Consumer Price Indexe (2010=100),100,186,291d,Agricultural production index (2014-2016=100),82,100,125b,International trade: exports (million current US$),1 471c,1 574,"3 167c,d",International trade: imports (million current US$),1 402c,2 139,"3 389c,d",International trade: balance (million current US$),69c,-565,"-222c,d","Balance of payments, current account (million US$)",-327,- 1 020,-315b,,,,,,,,,,,,,,,,
Economy: Services and other activity (% of GVA),47.1,51.3,46b,Employment in agriculturec (% of employed),67.5,64.9,61.3d,Employment in industryc (% of employed),5.3,5.4,6.2d,Employment in servicesc (% employed),27.2,29.7,32.5d,Unemploymentc (% of labour force),4.5,4.4,4.3d,Labour force participation ratec (female/male pop. %),62.5 /       63.6,62.6 /       62.0,62.8 /       60.3d,CPI: Consumer Price Indexe (2010=100),100,186,291d,Agricultural production index (2014-2016=100),82,100,125b,International trade: exports (million current US$),1 471c,1 574,"3 167c,d",International trade: imports (million current US$),1 402c,2 139,"3 389c,d",International trade: balance (million current US$),69c,-565,"-222c,d","Balance of payments, current account (million US$)",-327,- 1 020,-315b,,,,,,,,,,,,,,,,,,,,
Employment in agriculturec (% of employed),67.5,64.9,61.3d,Employment in industryc (% of employed),5.3,5.4,6.2d,Employment in servicesc (% employed),27.2,29.7,32.5d,Unemploymentc (% of labour force),4.5,4.4,4.3d,Labour force participation ratec (female/male pop. %),62.5 /       63.6,62.6 /       62.0,62.8 /       60.3d,CPI: Consumer Price Indexe (2010=100),100,186,291d,Agricultural production index (2014-2016=100),82,100,125b,International trade: exports (million current US$),1 471c,1 574,"3 167c,d",International trade: imports (million current US$),1 402c,2 139,"3 389c,d",International trade: balance (million current US$),69c,-565,"-222c,d","Balance of payments, current account (million US$)",-327,- 1 020,-315b,,,,,,,,,,,,,,,,,,,,,,,,
Employment in industryc (% of employed),5.3,5.4,6.2d,Employment in servicesc (% employed),27.2,29.7,32.5d,Unemploymentc (% of labour force),4.5,4.4,4.3d,Labour force participation ratec (female/male pop. %),62.5 /       63.6,62.6 /       62.0,62.8 /       60.3d,CPI: Consumer Price Indexe (2010=100),100,186,291d,Agricultural production index (2014-2016=100),82,100,125b,International trade: exports (million current US$),1 471c,1 574,"3 167c,d",International trade: imports (million current US$),1 402c,2 139,"3 389c,d",International trade: balance (million current US$),69c,-565,"-222c,d","Balance of payments, current account (million US$)",-327,- 1 020,-315b,,,,,,,,,,,,,,,,,,,,,,,,,,,,
Employment in servicesc (% employed),27.2,29.7,32.5d,Unemploymentc (% of labour force),4.5,4.4,4.3d,Labour force participation ratec (female/male pop. %),62.5 /       63.6,62.6 /       62.0,62.8 /       60.3d,CPI: Consumer Price Indexe (2010=100),100,186,291d,Agricultural production index (2014-2016=100),82,100,125b,International trade: exports (million current US$),1 471c,1 574,"3 167c,d",International trade: imports (million current US$),1 402c,2 139,"3 389c,d",International trade: balance (million current US$),69c,-565,"-222c,d","Balance of payments, current account (million US$)",-327,- 1 020,-315b,,,,,,,,,,,,,,,,,,,,,,,,,,,,,,,,
Unemploymentc (% of labour force),4.5,4.4,4.3d,Labour force participation ratec (female/male pop. %),62.5 /       63.6,62.6 /       62.0,62.8 /       60.3d,CPI: Consumer Price Indexe (2010=100),100,186,291d,Agricultural production index (2014-2016=100),82,100,125b,International trade: exports (million current US$),1 471c,1 574,"3 167c,d",International trade: imports (million current US$),1 402c,2 139,"3 389c,d",International trade: balance (million current US$),69c,-565,"-222c,d","Balance of payments, current account (million US$)",-327,- 1 020,-315b,,,,,,,,,,,,,,,,,,,,,,,,,,,,,,,,,,,,
Labour force participation ratec (female/male pop. %),62.5 /       63.6,62.6 /       62.0,62.8 /       60.3d,CPI: Consumer Price Indexe (2010=100),100,186,291d,Agricultural production index (2014-2016=100),82,100,125b,International trade: exports (million current US$),1 471c,1 574,"3 167c,d",International trade: imports (million current US$),1 402c,2 139,"3 389c,d",International trade: balance (million current US$),69c,-565,"-222c,d","Balance of payments, current account (million US$)",-327,- 1 020,-315b,,,,,,,,,,,,,,,,,,,,,,,,,,,,,,,,,,,,,,,,
CPI: Consumer Price Indexe (2010=100),100,186,291d,Agricultural production index (2014-2016=100),82,100,125b,International trade: exports (million current US$),1 471c,1 574,"3 167c,d",International trade: imports (million current US$),1 402c,2 139,"3 389c,d",International trade: balance (million current US$),69c,-565,"-222c,d","Balance of payments, current account (million US$)",-327,- 1 020,-315b,,,,,,,,,,,,,,,,,,,,,,,,,,,,,,,,,,,,,,,,,,,,
Agricultural production index (2014-2016=100),82,100,125b,International trade: exports (million current US$),1 471c,1 574,"3 167c,d",International trade: imports (million current US$),1 402c,2 139,"3 389c,d",International trade: balance (million current US$),69c,-565,"-222c,d","Balance of payments, current account (million US$)",-327,- 1 020,-315b,,,,,,,,,,,,,,,,,,,,,,,,,,,,,,,,,,,,,,,,,,,,,,,,
International trade: exports (million current US$),1 471c,1 574,"3 167c,d",International trade: imports (million current US$),1 402c,2 139,"3 389c,d",International trade: balance (million current US$),69c,-565,"-222c,d","Balance of payments, current account (million US$)",-327,- 1 020,-315b,,,,,,,,,,,,,,,,,,,,,,,,,,,,,,,,,,,,,,,,,,,,,,,,,,,,
International trade: imports (million current US$),1 402c,2 139,"3 389c,d",International trade: balance (million current US$),69c,-565,"-222c,d","Balance of payments, current account (million US$)",-327,- 1 020,-315b,,,,,,,,,,,,,,,,,,,,,,,,,,,,,,,,,,,,,,,,,,,,,,,,,,,,,,,,
International trade: balance (million current US$),69c,-565,"-222c,d","Balance of payments, current account (million US$)",-327,- 1 020,-315b,,,,,,,,,,,,,,,,,,,,,,,,,,,,,,,,,,,,,,,,,,,,,,,,,,,,,,,,,,,,
"Balance of payments, current account (million US$)",-327,- 1 020,-315b,,,,,,,,,,,,,,,,,,,,,,,,,,,,,,,,,,,,,,,,,,,,,,,,,,,,,,,,,,,,,,,,
