0,1,2,3,4,5,6,7,8,9,10,11,12,13,14,15,16,17,18,19,20,21,22,23,24,25,26,27,28,29,30,31
,2010,2015,2021,,,,,,,,,,,,,,,,,,,,,,,,,,,,
Individuals using the Internet (per 100 inhabitants),1c,8.2c,21.8j,Threatened species (number),134,163,380,Forested areac (% of land area),26.7,26,25.5j,"Energy production, primary (Petajoules)",112,116,118j,Energy supply per capita (Gigajoules),14,13,14j,Tourist/visitor arrivals at national bordersp (000),12,35,99q,Important sites for terrestrial biodiversity protected (%),69.8,69.8,69.8d,Net Official Development Assist. received (% of GNI),3.26,6.23,4.38b
Threatened species (number),134,163,380,Forested areac (% of land area),26.7,26,25.5j,"Energy production, primary (Petajoules)",112,116,118j,Energy supply per capita (Gigajoules),14,13,14j,Tourist/visitor arrivals at national bordersp (000),12,35,99q,Important sites for terrestrial biodiversity protected (%),69.8,69.8,69.8d,Net Official Development Assist. received (% of GNI),3.26,6.23,4.38b,,,,
Forested areac (% of land area),26.7,26,25.5j,"Energy production, primary (Petajoules)",112,116,118j,Energy supply per capita (Gigajoules),14,13,14j,Tourist/visitor arrivals at national bordersp (000),12,35,99q,Important sites for terrestrial biodiversity protected (%),69.8,69.8,69.8d,Net Official Development Assist. received (% of GNI),3.26,6.23,4.38b,,,,,,,,
"Energy production, primary (Petajoules)",112,116,118j,Energy supply per capita (Gigajoules),14,13,14j,Tourist/visitor arrivals at national bordersp (000),12,35,99q,Important sites for terrestrial biodiversity protected (%),69.8,69.8,69.8d,Net Official Development Assist. received (% of GNI),3.26,6.23,4.38b,,,,,,,,,,,,
Energy supply per capita (Gigajoules),14,13,14j,Tourist/visitor arrivals at national bordersp (000),12,35,99q,Important sites for terrestrial biodiversity protected (%),69.8,69.8,69.8d,Net Official Development Assist. received (% of GNI),3.26,6.23,4.38b,,,,,,,,,,,,,,,,
Tourist/visitor arrivals at national bordersp (000),12,35,99q,Important sites for terrestrial biodiversity protected (%),69.8,69.8,69.8d,Net Official Development Assist. received (% of GNI),3.26,6.23,4.38b,,,,,,,,,,,,,,,,,,,,
Important sites for terrestrial biodiversity protected (%),69.8,69.8,69.8d,Net Official Development Assist. received (% of GNI),3.26,6.23,4.38b,,,,,,,,,,,,,,,,,,,,,,,,
Net Official Development Assist. received (% of GNI),3.26,6.23,4.38b,,,,,,,,,,,,,,,,,,,,,,,,,,,,
