0,1,2,3,4,5,6,7,8,9,10,11,12,13,14,15,16,17,18,19,20,21,22,23,24,25,26,27,28,29,30,31,32,33,34,35,36,37,38,39,40,41,42,43,44,45,46,47,48,49,50,51,52,53,54,55,56,57,58,59,60,61,62,63,64,65,66,67
,2010,2015,2021,,,,,,,,,,,,,,,,,,,,,,,,,,,,,,,,,,,,,,,,,,,,,,,,,,,,,,,,,,,,,,,,
GDP: Gross domestic product (million current US$),1 299 463,1 247 634,1 380 208d,"GDP growth rate (annual %, const. 2015 prices)",2.5,2.8,-0.3d,GDP per capita (current US$),58 654.1,52 131.4,54 763.2d,Economy: Agricultureg (% of Gross Value Added),2.4,2.6,2d,"Economy: Industryh,i (% of Gross Value Added)",28.3,24,27.4d,Economy: Services and other activityj (% of GVA),69.3,73.4,70.5d,Employment in agriculture (% of employed),3.2,2.6,"2.5k,f",Employment in industry (% of employed),21,19.4,"19.8k,f",Employment in services (% employed),75.8,78,"77.7k,f",Unemploymentk (% of labour force),5.2,6,5.3f,Labour force participation ratek (female/male pop. %),58.8 /       72.5,59.2 /       71.2,60.2 /       70.6f,"CPI: Consumer Price Indexl,n (2010=100)",100m,112,121f,Agricultural production index (2014-2016=100),85,100,89d,International trade: exportso (million current US$),212 109,187 792,245 046f,International trade: importso (million current US$),201 703,200 114,211 973f,International trade: balanceo (million current US$),10 405,- 12 322,33 073f,"Balance of payments, current account (million US$)",- 44 714,- 56 959,33 829f
"GDP growth rate (annual %, const. 2015 prices)",2.5,2.8,-0.3d,GDP per capita (current US$),58 654.1,52 131.4,54 763.2d,Economy: Agricultureg (% of Gross Value Added),2.4,2.6,2d,"Economy: Industryh,i (% of Gross Value Added)",28.3,24,27.4d,Economy: Services and other activityj (% of GVA),69.3,73.4,70.5d,Employment in agriculture (% of employed),3.2,2.6,"2.5k,f",Employment in industry (% of employed),21,19.4,"19.8k,f",Employment in services (% employed),75.8,78,"77.7k,f",Unemploymentk (% of labour force),5.2,6,5.3f,Labour force participation ratek (female/male pop. %),58.8 /       72.5,59.2 /       71.2,60.2 /       70.6f,"CPI: Consumer Price Indexl,n (2010=100)",100m,112,121f,Agricultural production index (2014-2016=100),85,100,89d,International trade: exportso (million current US$),212 109,187 792,245 046f,International trade: importso (million current US$),201 703,200 114,211 973f,International trade: balanceo (million current US$),10 405,- 12 322,33 073f,"Balance of payments, current account (million US$)",- 44 714,- 56 959,33 829f,,,,
GDP per capita (current US$),58 654.1,52 131.4,54 763.2d,Economy: Agricultureg (% of Gross Value Added),2.4,2.6,2d,"Economy: Industryh,i (% of Gross Value Added)",28.3,24,27.4d,Economy: Services and other activityj (% of GVA),69.3,73.4,70.5d,Employment in agriculture (% of employed),3.2,2.6,"2.5k,f",Employment in industry (% of employed),21,19.4,"19.8k,f",Employment in services (% employed),75.8,78,"77.7k,f",Unemploymentk (% of labour force),5.2,6,5.3f,Labour force participation ratek (female/male pop. %),58.8 /       72.5,59.2 /       71.2,60.2 /       70.6f,"CPI: Consumer Price Indexl,n (2010=100)",100m,112,121f,Agricultural production index (2014-2016=100),85,100,89d,International trade: exportso (million current US$),212 109,187 792,245 046f,International trade: importso (million current US$),201 703,200 114,211 973f,International trade: balanceo (million current US$),10 405,- 12 322,33 073f,"Balance of payments, current account (million US$)",- 44 714,- 56 959,33 829f,,,,,,,,
Economy: Agricultureg (% of Gross Value Added),2.4,2.6,2d,"Economy: Industryh,i (% of Gross Value Added)",28.3,24,27.4d,Economy: Services and other activityj (% of GVA),69.3,73.4,70.5d,Employment in agriculture (% of employed),3.2,2.6,"2.5k,f",Employment in industry (% of employed),21,19.4,"19.8k,f",Employment in services (% employed),75.8,78,"77.7k,f",Unemploymentk (% of labour force),5.2,6,5.3f,Labour force participation ratek (female/male pop. %),58.8 /       72.5,59.2 /       71.2,60.2 /       70.6f,"CPI: Consumer Price Indexl,n (2010=100)",100m,112,121f,Agricultural production index (2014-2016=100),85,100,89d,International trade: exportso (million current US$),212 109,187 792,245 046f,International trade: importso (million current US$),201 703,200 114,211 973f,International trade: balanceo (million current US$),10 405,- 12 322,33 073f,"Balance of payments, current account (million US$)",- 44 714,- 56 959,33 829f,,,,,,,,,,,,
"Economy: Industryh,i (% of Gross Value Added)",28.3,24,27.4d,Economy: Services and other activityj (% of GVA),69.3,73.4,70.5d,Employment in agriculture (% of employed),3.2,2.6,"2.5k,f",Employment in industry (% of employed),21,19.4,"19.8k,f",Employment in services (% employed),75.8,78,"77.7k,f",Unemploymentk (% of labour force),5.2,6,5.3f,Labour force participation ratek (female/male pop. %),58.8 /       72.5,59.2 /       71.2,60.2 /       70.6f,"CPI: Consumer Price Indexl,n (2010=100)",100m,112,121f,Agricultural production index (2014-2016=100),85,100,89d,International trade: exportso (million current US$),212 109,187 792,245 046f,International trade: importso (million current US$),201 703,200 114,211 973f,International trade: balanceo (million current US$),10 405,- 12 322,33 073f,"Balance of payments, current account (million US$)",- 44 714,- 56 959,33 829f,,,,,,,,,,,,,,,,
Economy: Services and other activityj (% of GVA),69.3,73.4,70.5d,Employment in agriculture (% of employed),3.2,2.6,"2.5k,f",Employment in industry (% of employed),21,19.4,"19.8k,f",Employment in services (% employed),75.8,78,"77.7k,f",Unemploymentk (% of labour force),5.2,6,5.3f,Labour force participation ratek (female/male pop. %),58.8 /       72.5,59.2 /       71.2,60.2 /       70.6f,"CPI: Consumer Price Indexl,n (2010=100)",100m,112,121f,Agricultural production index (2014-2016=100),85,100,89d,International trade: exportso (million current US$),212 109,187 792,245 046f,International trade: importso (million current US$),201 703,200 114,211 973f,International trade: balanceo (million current US$),10 405,- 12 322,33 073f,"Balance of payments, current account (million US$)",- 44 714,- 56 959,33 829f,,,,,,,,,,,,,,,,,,,,
Employment in agriculture (% of employed),3.2,2.6,"2.5k,f",Employment in industry (% of employed),21,19.4,"19.8k,f",Employment in services (% employed),75.8,78,"77.7k,f",Unemploymentk (% of labour force),5.2,6,5.3f,Labour force participation ratek (female/male pop. %),58.8 /       72.5,59.2 /       71.2,60.2 /       70.6f,"CPI: Consumer Price Indexl,n (2010=100)",100m,112,121f,Agricultural production index (2014-2016=100),85,100,89d,International trade: exportso (million current US$),212 109,187 792,245 046f,International trade: importso (million current US$),201 703,200 114,211 973f,International trade: balanceo (million current US$),10 405,- 12 322,33 073f,"Balance of payments, current account (million US$)",- 44 714,- 56 959,33 829f,,,,,,,,,,,,,,,,,,,,,,,,
Employment in industry (% of employed),21,19.4,"19.8k,f",Employment in services (% employed),75.8,78,"77.7k,f",Unemploymentk (% of labour force),5.2,6,5.3f,Labour force participation ratek (female/male pop. %),58.8 /       72.5,59.2 /       71.2,60.2 /       70.6f,"CPI: Consumer Price Indexl,n (2010=100)",100m,112,121f,Agricultural production index (2014-2016=100),85,100,89d,International trade: exportso (million current US$),212 109,187 792,245 046f,International trade: importso (million current US$),201 703,200 114,211 973f,International trade: balanceo (million current US$),10 405,- 12 322,33 073f,"Balance of payments, current account (million US$)",- 44 714,- 56 959,33 829f,,,,,,,,,,,,,,,,,,,,,,,,,,,,
Employment in services (% employed),75.8,78,"77.7k,f",Unemploymentk (% of labour force),5.2,6,5.3f,Labour force participation ratek (female/male pop. %),58.8 /       72.5,59.2 /       71.2,60.2 /       70.6f,"CPI: Consumer Price Indexl,n (2010=100)",100m,112,121f,Agricultural production index (2014-2016=100),85,100,89d,International trade: exportso (million current US$),212 109,187 792,245 046f,International trade: importso (million current US$),201 703,200 114,211 973f,International trade: balanceo (million current US$),10 405,- 12 322,33 073f,"Balance of payments, current account (million US$)",- 44 714,- 56 959,33 829f,,,,,,,,,,,,,,,,,,,,,,,,,,,,,,,,
Unemploymentk (% of labour force),5.2,6,5.3f,Labour force participation ratek (female/male pop. %),58.8 /       72.5,59.2 /       71.2,60.2 /       70.6f,"CPI: Consumer Price Indexl,n (2010=100)",100m,112,121f,Agricultural production index (2014-2016=100),85,100,89d,International trade: exportso (million current US$),212 109,187 792,245 046f,International trade: importso (million current US$),201 703,200 114,211 973f,International trade: balanceo (million current US$),10 405,- 12 322,33 073f,"Balance of payments, current account (million US$)",- 44 714,- 56 959,33 829f,,,,,,,,,,,,,,,,,,,,,,,,,,,,,,,,,,,,
Labour force participation ratek (female/male pop. %),58.8 /       72.5,59.2 /       71.2,60.2 /       70.6f,"CPI: Consumer Price Indexl,n (2010=100)",100m,112,121f,Agricultural production index (2014-2016=100),85,100,89d,International trade: exportso (million current US$),212 109,187 792,245 046f,International trade: importso (million current US$),201 703,200 114,211 973f,International trade: balanceo (million current US$),10 405,- 12 322,33 073f,"Balance of payments, current account (million US$)",- 44 714,- 56 959,33 829f,,,,,,,,,,,,,,,,,,,,,,,,,,,,,,,,,,,,,,,,
"CPI: Consumer Price Indexl,n (2010=100)",100m,112,121f,Agricultural production index (2014-2016=100),85,100,89d,International trade: exportso (million current US$),212 109,187 792,245 046f,International trade: importso (million current US$),201 703,200 114,211 973f,International trade: balanceo (million current US$),10 405,- 12 322,33 073f,"Balance of payments, current account (million US$)",- 44 714,- 56 959,33 829f,,,,,,,,,,,,,,,,,,,,,,,,,,,,,,,,,,,,,,,,,,,,
Agricultural production index (2014-2016=100),85,100,89d,International trade: exportso (million current US$),212 109,187 792,245 046f,International trade: importso (million current US$),201 703,200 114,211 973f,International trade: balanceo (million current US$),10 405,- 12 322,33 073f,"Balance of payments, current account (million US$)",- 44 714,- 56 959,33 829f,,,,,,,,,,,,,,,,,,,,,,,,,,,,,,,,,,,,,,,,,,,,,,,,
International trade: exportso (million current US$),212 109,187 792,245 046f,International trade: importso (million current US$),201 703,200 114,211 973f,International trade: balanceo (million current US$),10 405,- 12 322,33 073f,"Balance of payments, current account (million US$)",- 44 714,- 56 959,33 829f,,,,,,,,,,,,,,,,,,,,,,,,,,,,,,,,,,,,,,,,,,,,,,,,,,,,
International trade: importso (million current US$),201 703,200 114,211 973f,International trade: balanceo (million current US$),10 405,- 12 322,33 073f,"Balance of payments, current account (million US$)",- 44 714,- 56 959,33 829f,,,,,,,,,,,,,,,,,,,,,,,,,,,,,,,,,,,,,,,,,,,,,,,,,,,,,,,,
International trade: balanceo (million current US$),10 405,- 12 322,33 073f,"Balance of payments, current account (million US$)",- 44 714,- 56 959,33 829f,,,,,,,,,,,,,,,,,,,,,,,,,,,,,,,,,,,,,,,,,,,,,,,,,,,,,,,,,,,,
"Balance of payments, current account (million US$)",- 44 714,- 56 959,33 829f,,,,,,,,,,,,,,,,,,,,,,,,,,,,,,,,,,,,,,,,,,,,,,,,,,,,,,,,,,,,,,,,
