0,1,2,3,4,5,6,7,8,9,10,11,12,13,14,15,16,17,18,19,20,21,22,23,24,25,26,27,28,29,30,31,32,33,34,35,36,37,38,39,40,41,42,43,44,45,46,47,48,49,50,51,52,53,54,55,56,57,58,59,60,61,62,63,64,65,66,67
,2010,2015,2021,,,,,,,,,,,,,,,,,,,,,,,,,,,,,,,,,,,,,,,,,,,,,,,,,,,,,,,,,,,,,,,,
GDP: Gross domestic product (million current US$),3 396 354,3 356 236,3 861 124b,"GDP growth rate (annual %, const. 2015 prices)",4.2,1.5,0.6b,GDP per capita (current US$),42 020.0,41 036.1,46 231.6b,Economy: Agricultured (% of Gross Value Added),0.9,0.8,0.8b,"Economy: Industrye,f (% of Gross Value Added)",29.8,30.1,29.6b,Economy: Services and other activityg (% of GVA),69.3,69.2,69.6b,Employment in agriculture (% of employed),1.6,1.4,"1.2h,c",Employment in industry (% of employed),28.3,27.7,"26.8h,c",Employment in services (% employed),70,70.9,"72.1h,c",Unemploymenth (% of labour force),7,4.6,3c,Labour force participation rateh (female/male pop. %),52.8 /       66.5,54.3 /       66.1,55.3 /       66.5c,CPI: Consumer Price Index (2010=100),100,107,"106i,c",Agricultural production index (2014-2016=100),95,99,94b,International trade: exports (million current US$),1 267 743,1 328 500,1 382 851c,International trade: imports (million current US$),1 060 672,1 057 536,1 171 421c,International trade: balance (million current US$),207 071,270 964,211 430c,"Balance of payments, current account (million US$)",196 172,288 621,266 326c
"GDP growth rate (annual %, const. 2015 prices)",4.2,1.5,0.6b,GDP per capita (current US$),42 020.0,41 036.1,46 231.6b,Economy: Agricultured (% of Gross Value Added),0.9,0.8,0.8b,"Economy: Industrye,f (% of Gross Value Added)",29.8,30.1,29.6b,Economy: Services and other activityg (% of GVA),69.3,69.2,69.6b,Employment in agriculture (% of employed),1.6,1.4,"1.2h,c",Employment in industry (% of employed),28.3,27.7,"26.8h,c",Employment in services (% employed),70,70.9,"72.1h,c",Unemploymenth (% of labour force),7,4.6,3c,Labour force participation rateh (female/male pop. %),52.8 /       66.5,54.3 /       66.1,55.3 /       66.5c,CPI: Consumer Price Index (2010=100),100,107,"106i,c",Agricultural production index (2014-2016=100),95,99,94b,International trade: exports (million current US$),1 267 743,1 328 500,1 382 851c,International trade: imports (million current US$),1 060 672,1 057 536,1 171 421c,International trade: balance (million current US$),207 071,270 964,211 430c,"Balance of payments, current account (million US$)",196 172,288 621,266 326c,,,,
GDP per capita (current US$),42 020.0,41 036.1,46 231.6b,Economy: Agricultured (% of Gross Value Added),0.9,0.8,0.8b,"Economy: Industrye,f (% of Gross Value Added)",29.8,30.1,29.6b,Economy: Services and other activityg (% of GVA),69.3,69.2,69.6b,Employment in agriculture (% of employed),1.6,1.4,"1.2h,c",Employment in industry (% of employed),28.3,27.7,"26.8h,c",Employment in services (% employed),70,70.9,"72.1h,c",Unemploymenth (% of labour force),7,4.6,3c,Labour force participation rateh (female/male pop. %),52.8 /       66.5,54.3 /       66.1,55.3 /       66.5c,CPI: Consumer Price Index (2010=100),100,107,"106i,c",Agricultural production index (2014-2016=100),95,99,94b,International trade: exports (million current US$),1 267 743,1 328 500,1 382 851c,International trade: imports (million current US$),1 060 672,1 057 536,1 171 421c,International trade: balance (million current US$),207 071,270 964,211 430c,"Balance of payments, current account (million US$)",196 172,288 621,266 326c,,,,,,,,
Economy: Agricultured (% of Gross Value Added),0.9,0.8,0.8b,"Economy: Industrye,f (% of Gross Value Added)",29.8,30.1,29.6b,Economy: Services and other activityg (% of GVA),69.3,69.2,69.6b,Employment in agriculture (% of employed),1.6,1.4,"1.2h,c",Employment in industry (% of employed),28.3,27.7,"26.8h,c",Employment in services (% employed),70,70.9,"72.1h,c",Unemploymenth (% of labour force),7,4.6,3c,Labour force participation rateh (female/male pop. %),52.8 /       66.5,54.3 /       66.1,55.3 /       66.5c,CPI: Consumer Price Index (2010=100),100,107,"106i,c",Agricultural production index (2014-2016=100),95,99,94b,International trade: exports (million current US$),1 267 743,1 328 500,1 382 851c,International trade: imports (million current US$),1 060 672,1 057 536,1 171 421c,International trade: balance (million current US$),207 071,270 964,211 430c,"Balance of payments, current account (million US$)",196 172,288 621,266 326c,,,,,,,,,,,,
"Economy: Industrye,f (% of Gross Value Added)",29.8,30.1,29.6b,Economy: Services and other activityg (% of GVA),69.3,69.2,69.6b,Employment in agriculture (% of employed),1.6,1.4,"1.2h,c",Employment in industry (% of employed),28.3,27.7,"26.8h,c",Employment in services (% employed),70,70.9,"72.1h,c",Unemploymenth (% of labour force),7,4.6,3c,Labour force participation rateh (female/male pop. %),52.8 /       66.5,54.3 /       66.1,55.3 /       66.5c,CPI: Consumer Price Index (2010=100),100,107,"106i,c",Agricultural production index (2014-2016=100),95,99,94b,International trade: exports (million current US$),1 267 743,1 328 500,1 382 851c,International trade: imports (million current US$),1 060 672,1 057 536,1 171 421c,International trade: balance (million current US$),207 071,270 964,211 430c,"Balance of payments, current account (million US$)",196 172,288 621,266 326c,,,,,,,,,,,,,,,,
Economy: Services and other activityg (% of GVA),69.3,69.2,69.6b,Employment in agriculture (% of employed),1.6,1.4,"1.2h,c",Employment in industry (% of employed),28.3,27.7,"26.8h,c",Employment in services (% employed),70,70.9,"72.1h,c",Unemploymenth (% of labour force),7,4.6,3c,Labour force participation rateh (female/male pop. %),52.8 /       66.5,54.3 /       66.1,55.3 /       66.5c,CPI: Consumer Price Index (2010=100),100,107,"106i,c",Agricultural production index (2014-2016=100),95,99,94b,International trade: exports (million current US$),1 267 743,1 328 500,1 382 851c,International trade: imports (million current US$),1 060 672,1 057 536,1 171 421c,International trade: balance (million current US$),207 071,270 964,211 430c,"Balance of payments, current account (million US$)",196 172,288 621,266 326c,,,,,,,,,,,,,,,,,,,,
Employment in agriculture (% of employed),1.6,1.4,"1.2h,c",Employment in industry (% of employed),28.3,27.7,"26.8h,c",Employment in services (% employed),70,70.9,"72.1h,c",Unemploymenth (% of labour force),7,4.6,3c,Labour force participation rateh (female/male pop. %),52.8 /       66.5,54.3 /       66.1,55.3 /       66.5c,CPI: Consumer Price Index (2010=100),100,107,"106i,c",Agricultural production index (2014-2016=100),95,99,94b,International trade: exports (million current US$),1 267 743,1 328 500,1 382 851c,International trade: imports (million current US$),1 060 672,1 057 536,1 171 421c,International trade: balance (million current US$),207 071,270 964,211 430c,"Balance of payments, current account (million US$)",196 172,288 621,266 326c,,,,,,,,,,,,,,,,,,,,,,,,
Employment in industry (% of employed),28.3,27.7,"26.8h,c",Employment in services (% employed),70,70.9,"72.1h,c",Unemploymenth (% of labour force),7,4.6,3c,Labour force participation rateh (female/male pop. %),52.8 /       66.5,54.3 /       66.1,55.3 /       66.5c,CPI: Consumer Price Index (2010=100),100,107,"106i,c",Agricultural production index (2014-2016=100),95,99,94b,International trade: exports (million current US$),1 267 743,1 328 500,1 382 851c,International trade: imports (million current US$),1 060 672,1 057 536,1 171 421c,International trade: balance (million current US$),207 071,270 964,211 430c,"Balance of payments, current account (million US$)",196 172,288 621,266 326c,,,,,,,,,,,,,,,,,,,,,,,,,,,,
Employment in services (% employed),70,70.9,"72.1h,c",Unemploymenth (% of labour force),7,4.6,3c,Labour force participation rateh (female/male pop. %),52.8 /       66.5,54.3 /       66.1,55.3 /       66.5c,CPI: Consumer Price Index (2010=100),100,107,"106i,c",Agricultural production index (2014-2016=100),95,99,94b,International trade: exports (million current US$),1 267 743,1 328 500,1 382 851c,International trade: imports (million current US$),1 060 672,1 057 536,1 171 421c,International trade: balance (million current US$),207 071,270 964,211 430c,"Balance of payments, current account (million US$)",196 172,288 621,266 326c,,,,,,,,,,,,,,,,,,,,,,,,,,,,,,,,
Unemploymenth (% of labour force),7,4.6,3c,Labour force participation rateh (female/male pop. %),52.8 /       66.5,54.3 /       66.1,55.3 /       66.5c,CPI: Consumer Price Index (2010=100),100,107,"106i,c",Agricultural production index (2014-2016=100),95,99,94b,International trade: exports (million current US$),1 267 743,1 328 500,1 382 851c,International trade: imports (million current US$),1 060 672,1 057 536,1 171 421c,International trade: balance (million current US$),207 071,270 964,211 430c,"Balance of payments, current account (million US$)",196 172,288 621,266 326c,,,,,,,,,,,,,,,,,,,,,,,,,,,,,,,,,,,,
Labour force participation rateh (female/male pop. %),52.8 /       66.5,54.3 /       66.1,55.3 /       66.5c,CPI: Consumer Price Index (2010=100),100,107,"106i,c",Agricultural production index (2014-2016=100),95,99,94b,International trade: exports (million current US$),1 267 743,1 328 500,1 382 851c,International trade: imports (million current US$),1 060 672,1 057 536,1 171 421c,International trade: balance (million current US$),207 071,270 964,211 430c,"Balance of payments, current account (million US$)",196 172,288 621,266 326c,,,,,,,,,,,,,,,,,,,,,,,,,,,,,,,,,,,,,,,,
CPI: Consumer Price Index (2010=100),100,107,"106i,c",Agricultural production index (2014-2016=100),95,99,94b,International trade: exports (million current US$),1 267 743,1 328 500,1 382 851c,International trade: imports (million current US$),1 060 672,1 057 536,1 171 421c,International trade: balance (million current US$),207 071,270 964,211 430c,"Balance of payments, current account (million US$)",196 172,288 621,266 326c,,,,,,,,,,,,,,,,,,,,,,,,,,,,,,,,,,,,,,,,,,,,
Agricultural production index (2014-2016=100),95,99,94b,International trade: exports (million current US$),1 267 743,1 328 500,1 382 851c,International trade: imports (million current US$),1 060 672,1 057 536,1 171 421c,International trade: balance (million current US$),207 071,270 964,211 430c,"Balance of payments, current account (million US$)",196 172,288 621,266 326c,,,,,,,,,,,,,,,,,,,,,,,,,,,,,,,,,,,,,,,,,,,,,,,,
International trade: exports (million current US$),1 267 743,1 328 500,1 382 851c,International trade: imports (million current US$),1 060 672,1 057 536,1 171 421c,International trade: balance (million current US$),207 071,270 964,211 430c,"Balance of payments, current account (million US$)",196 172,288 621,266 326c,,,,,,,,,,,,,,,,,,,,,,,,,,,,,,,,,,,,,,,,,,,,,,,,,,,,
International trade: imports (million current US$),1 060 672,1 057 536,1 171 421c,International trade: balance (million current US$),207 071,270 964,211 430c,"Balance of payments, current account (million US$)",196 172,288 621,266 326c,,,,,,,,,,,,,,,,,,,,,,,,,,,,,,,,,,,,,,,,,,,,,,,,,,,,,,,,
International trade: balance (million current US$),207 071,270 964,211 430c,"Balance of payments, current account (million US$)",196 172,288 621,266 326c,,,,,,,,,,,,,,,,,,,,,,,,,,,,,,,,,,,,,,,,,,,,,,,,,,,,,,,,,,,,
"Balance of payments, current account (million US$)",196 172,288 621,266 326c,,,,,,,,,,,,,,,,,,,,,,,,,,,,,,,,,,,,,,,,,,,,,,,,,,,,,,,,,,,,,,,,
