0,1,2,3,4,5,6,7,8,9,10,11,12,13,14,15,16,17,18,19,20,21,22,23,24,25,26,27,28,29,30,31,32,33,34,35,36,37,38,39,40,41,42,43
,2010,2015,2021,,,,,,,,,,,,,,,,,,,,,,,,,,,,,,,,,,,,,,,,
Individuals using the Internet (per 100 inhabitants),82p,87.6q,88.1b,Research & Development expenditure (% of GDP),2.7,2.9,"3.1h,m",Threatened species (number),79,107,205,Forested area (% of land area),32.7,32.7,32.7m,CO2 emission estimates (million tons/tons per capita),758.8 /        9.5,729.7 /        8.9,659.1 /        7.9b,"Energy production, primary (Petajoules)",5 490,5 015,4 666m,Energy supply per capita (Gigajoules),171,158,152m,Tourist/visitor arrivals at national bordersr (000),26 875,34 970,39 563b,Important sites for terrestrial biodiversity protected (%),77.5,78.1,78.7c,Pop. using safely managed sanitation (urban/rural %),98.1 /       91.1,98.5 /       91.4,98.7 /       91.6c,Net Official Development Assist. disburseds (% of GNI),0.39,0.52,0.67n
Research & Development expenditure (% of GDP),2.7,2.9,"3.1h,m",Threatened species (number),79,107,205,Forested area (% of land area),32.7,32.7,32.7m,CO2 emission estimates (million tons/tons per capita),758.8 /        9.5,729.7 /        8.9,659.1 /        7.9b,"Energy production, primary (Petajoules)",5 490,5 015,4 666m,Energy supply per capita (Gigajoules),171,158,152m,Tourist/visitor arrivals at national bordersr (000),26 875,34 970,39 563b,Important sites for terrestrial biodiversity protected (%),77.5,78.1,78.7c,Pop. using safely managed sanitation (urban/rural %),98.1 /       91.1,98.5 /       91.4,98.7 /       91.6c,Net Official Development Assist. disburseds (% of GNI),0.39,0.52,0.67n,,,,
Threatened species (number),79,107,205,Forested area (% of land area),32.7,32.7,32.7m,CO2 emission estimates (million tons/tons per capita),758.8 /        9.5,729.7 /        8.9,659.1 /        7.9b,"Energy production, primary (Petajoules)",5 490,5 015,4 666m,Energy supply per capita (Gigajoules),171,158,152m,Tourist/visitor arrivals at national bordersr (000),26 875,34 970,39 563b,Important sites for terrestrial biodiversity protected (%),77.5,78.1,78.7c,Pop. using safely managed sanitation (urban/rural %),98.1 /       91.1,98.5 /       91.4,98.7 /       91.6c,Net Official Development Assist. disburseds (% of GNI),0.39,0.52,0.67n,,,,,,,,
Forested area (% of land area),32.7,32.7,32.7m,CO2 emission estimates (million tons/tons per capita),758.8 /        9.5,729.7 /        8.9,659.1 /        7.9b,"Energy production, primary (Petajoules)",5 490,5 015,4 666m,Energy supply per capita (Gigajoules),171,158,152m,Tourist/visitor arrivals at national bordersr (000),26 875,34 970,39 563b,Important sites for terrestrial biodiversity protected (%),77.5,78.1,78.7c,Pop. using safely managed sanitation (urban/rural %),98.1 /       91.1,98.5 /       91.4,98.7 /       91.6c,Net Official Development Assist. disburseds (% of GNI),0.39,0.52,0.67n,,,,,,,,,,,,
CO2 emission estimates (million tons/tons per capita),758.8 /        9.5,729.7 /        8.9,659.1 /        7.9b,"Energy production, primary (Petajoules)",5 490,5 015,4 666m,Energy supply per capita (Gigajoules),171,158,152m,Tourist/visitor arrivals at national bordersr (000),26 875,34 970,39 563b,Important sites for terrestrial biodiversity protected (%),77.5,78.1,78.7c,Pop. using safely managed sanitation (urban/rural %),98.1 /       91.1,98.5 /       91.4,98.7 /       91.6c,Net Official Development Assist. disburseds (% of GNI),0.39,0.52,0.67n,,,,,,,,,,,,,,,,
"Energy production, primary (Petajoules)",5 490,5 015,4 666m,Energy supply per capita (Gigajoules),171,158,152m,Tourist/visitor arrivals at national bordersr (000),26 875,34 970,39 563b,Important sites for terrestrial biodiversity protected (%),77.5,78.1,78.7c,Pop. using safely managed sanitation (urban/rural %),98.1 /       91.1,98.5 /       91.4,98.7 /       91.6c,Net Official Development Assist. disburseds (% of GNI),0.39,0.52,0.67n,,,,,,,,,,,,,,,,,,,,
Energy supply per capita (Gigajoules),171,158,152m,Tourist/visitor arrivals at national bordersr (000),26 875,34 970,39 563b,Important sites for terrestrial biodiversity protected (%),77.5,78.1,78.7c,Pop. using safely managed sanitation (urban/rural %),98.1 /       91.1,98.5 /       91.4,98.7 /       91.6c,Net Official Development Assist. disburseds (% of GNI),0.39,0.52,0.67n,,,,,,,,,,,,,,,,,,,,,,,,
Tourist/visitor arrivals at national bordersr (000),26 875,34 970,39 563b,Important sites for terrestrial biodiversity protected (%),77.5,78.1,78.7c,Pop. using safely managed sanitation (urban/rural %),98.1 /       91.1,98.5 /       91.4,98.7 /       91.6c,Net Official Development Assist. disburseds (% of GNI),0.39,0.52,0.67n,,,,,,,,,,,,,,,,,,,,,,,,,,,,
Important sites for terrestrial biodiversity protected (%),77.5,78.1,78.7c,Pop. using safely managed sanitation (urban/rural %),98.1 /       91.1,98.5 /       91.4,98.7 /       91.6c,Net Official Development Assist. disburseds (% of GNI),0.39,0.52,0.67n,,,,,,,,,,,,,,,,,,,,,,,,,,,,,,,,
Pop. using safely managed sanitation (urban/rural %),98.1 /       91.1,98.5 /       91.4,98.7 /       91.6c,Net Official Development Assist. disburseds (% of GNI),0.39,0.52,0.67n,,,,,,,,,,,,,,,,,,,,,,,,,,,,,,,,,,,,
Net Official Development Assist. disburseds (% of GNI),0.39,0.52,0.67n,,,,,,,,,,,,,,,,,,,,,,,,,,,,,,,,,,,,,,,,
