0,1,2,3,4,5,6,7,8,9,10,11,12,13,14,15
,2010,2015,2021,,,,,,,,,,,,
CPI: Consumer Price Index (2010=100),...,"142e,f",...,International trade: exportsg (million current US$),259,295,475d,International trade: importsg (million current US$),627,815,1 063d,International trade: balanceg (million current US$),-368,-520,-588d
International trade: exportsg (million current US$),259,295,475d,International trade: importsg (million current US$),627,815,1 063d,International trade: balanceg (million current US$),-368,-520,-588d,,,,
International trade: importsg (million current US$),627,815,1 063d,International trade: balanceg (million current US$),-368,-520,-588d,,,,,,,,
International trade: balanceg (million current US$),-368,-520,-588d,,,,,,,,,,,,
