0,1,2,3,4,5,6,7,8,9,10,11,12,13,14,15,16,17,18,19,20,21,22,23,24,25,26,27,28,29,30,31
,2010,2015,2021,,,,,,,,,,,,,,,,,,,,,,,,,,,,
Population growth ratei (average annual %),0.2,0.1,-~0.0d,Urban population (% of total population),100,100,100b,Urban population growth ratei (average annual %),0.7,0.6,...,International migrant stock (000/% of total pop.),10.4 /       30.9,11.1 /       32.8,11.2 /       33.2d,Education: Primary gross enrol. ratio (f/m per 100 pop.),112.8 /      110.9j,... / ...,108.9 /      106.6b,Education: Secondary gross enrol. ratio (f/m per 100 pop.),83.2 /       85.2j,... / ...,90.6 /       95.2b,Education: Upper secondary gross enrol. ratio (f/m per 100 pop.),79.8 /       83.7j,... / ...,85.2 /       90.3b,Intentional homicide rate (per 100 000 pop.),3,...,...
Urban population (% of total population),100,100,100b,Urban population growth ratei (average annual %),0.7,0.6,...,International migrant stock (000/% of total pop.),10.4 /       30.9,11.1 /       32.8,11.2 /       33.2d,Education: Primary gross enrol. ratio (f/m per 100 pop.),112.8 /      110.9j,... / ...,108.9 /      106.6b,Education: Secondary gross enrol. ratio (f/m per 100 pop.),83.2 /       85.2j,... / ...,90.6 /       95.2b,Education: Upper secondary gross enrol. ratio (f/m per 100 pop.),79.8 /       83.7j,... / ...,85.2 /       90.3b,Intentional homicide rate (per 100 000 pop.),3,...,...,,,,
Urban population growth ratei (average annual %),0.7,0.6,...,International migrant stock (000/% of total pop.),10.4 /       30.9,11.1 /       32.8,11.2 /       33.2d,Education: Primary gross enrol. ratio (f/m per 100 pop.),112.8 /      110.9j,... / ...,108.9 /      106.6b,Education: Secondary gross enrol. ratio (f/m per 100 pop.),83.2 /       85.2j,... / ...,90.6 /       95.2b,Education: Upper secondary gross enrol. ratio (f/m per 100 pop.),79.8 /       83.7j,... / ...,85.2 /       90.3b,Intentional homicide rate (per 100 000 pop.),3,...,...,,,,,,,,
International migrant stock (000/% of total pop.),10.4 /       30.9,11.1 /       32.8,11.2 /       33.2d,Education: Primary gross enrol. ratio (f/m per 100 pop.),112.8 /      110.9j,... / ...,108.9 /      106.6b,Education: Secondary gross enrol. ratio (f/m per 100 pop.),83.2 /       85.2j,... / ...,90.6 /       95.2b,Education: Upper secondary gross enrol. ratio (f/m per 100 pop.),79.8 /       83.7j,... / ...,85.2 /       90.3b,Intentional homicide rate (per 100 000 pop.),3,...,...,,,,,,,,,,,,
Education: Primary gross enrol. ratio (f/m per 100 pop.),112.8 /      110.9j,... / ...,108.9 /      106.6b,Education: Secondary gross enrol. ratio (f/m per 100 pop.),83.2 /       85.2j,... / ...,90.6 /       95.2b,Education: Upper secondary gross enrol. ratio (f/m per 100 pop.),79.8 /       83.7j,... / ...,85.2 /       90.3b,Intentional homicide rate (per 100 000 pop.),3,...,...,,,,,,,,,,,,,,,,
Education: Secondary gross enrol. ratio (f/m per 100 pop.),83.2 /       85.2j,... / ...,90.6 /       95.2b,Education: Upper secondary gross enrol. ratio (f/m per 100 pop.),79.8 /       83.7j,... / ...,85.2 /       90.3b,Intentional homicide rate (per 100 000 pop.),3,...,...,,,,,,,,,,,,,,,,,,,,
Education: Upper secondary gross enrol. ratio (f/m per 100 pop.),79.8 /       83.7j,... / ...,85.2 /       90.3b,Intentional homicide rate (per 100 000 pop.),3,...,...,,,,,,,,,,,,,,,,,,,,,,,,
Intentional homicide rate (per 100 000 pop.),3,...,...,,,,,,,,,,,,,,,,,,,,,,,,,,,,
