0,1,2,3,4,5,6,7,8,9,10,11,12,13,14,15,16,17,18,19,20,21,22,23,24,25,26,27,28,29,30,31,32,33,34,35,36,37,38,39,40,41,42,43,44,45,46,47,48,49,50,51,52,53,54,55,56,57,58,59,60,61,62,63,64,65,66,67
,2010,2015,2021,,,,,,,,,,,,,,,,,,,,,,,,,,,,,,,,,,,,,,,,,,,,,,,,,,,,,,,,,,,,,,,,
GDP: Gross domestic product (million current US$),1 617 267,1 556 129,1 741 497b,"GDP growth rate (annual %, const. 2015 prices)",3.1,0.7,1.9b,GDP per capita (current US$),47 361.1,43 193.8,46 550.3b,Economy: Agriculturee (% of Gross Value Added),1.6,2,2b,"Economy: Industryf,g (% of Gross Value Added)",27.9,25.8,25.6b,Economy: Services and other activityh (% of GVA),70.5,72.1,72.5b,Employment in agriculture (% of employed),1.8,1.6,"1.4i,d",Employment in industry (% of employed),20.2,19.9,"19.4i,d",Employment in services (% employed),78,78.4,"79.2i,d",Unemploymenti (% of labour force),8.1,6.9,5.4d,Labour force participation ratei (female/male pop. %),61.9 /       71.5,60.8 /       70.5,60.7 /       69.2d,CPI: Consumer Price Indexj (2010=100),100,109,118d,Agricultural production index (2014-2016=100),86,99,111b,International trade: exportsk (million current US$),386 580,408 697,389 513d,International trade: importsk (million current US$),392 109,419 375,405 391d,International trade: balancek (million current US$),- 5 529,- 10 677,- 15 878d,"Balance of payments, current account (million US$)",- 58 163,- 54 696,- 29 722d
"GDP growth rate (annual %, const. 2015 prices)",3.1,0.7,1.9b,GDP per capita (current US$),47 361.1,43 193.8,46 550.3b,Economy: Agriculturee (% of Gross Value Added),1.6,2,2b,"Economy: Industryf,g (% of Gross Value Added)",27.9,25.8,25.6b,Economy: Services and other activityh (% of GVA),70.5,72.1,72.5b,Employment in agriculture (% of employed),1.8,1.6,"1.4i,d",Employment in industry (% of employed),20.2,19.9,"19.4i,d",Employment in services (% employed),78,78.4,"79.2i,d",Unemploymenti (% of labour force),8.1,6.9,5.4d,Labour force participation ratei (female/male pop. %),61.9 /       71.5,60.8 /       70.5,60.7 /       69.2d,CPI: Consumer Price Indexj (2010=100),100,109,118d,Agricultural production index (2014-2016=100),86,99,111b,International trade: exportsk (million current US$),386 580,408 697,389 513d,International trade: importsk (million current US$),392 109,419 375,405 391d,International trade: balancek (million current US$),- 5 529,- 10 677,- 15 878d,"Balance of payments, current account (million US$)",- 58 163,- 54 696,- 29 722d,,,,
GDP per capita (current US$),47 361.1,43 193.8,46 550.3b,Economy: Agriculturee (% of Gross Value Added),1.6,2,2b,"Economy: Industryf,g (% of Gross Value Added)",27.9,25.8,25.6b,Economy: Services and other activityh (% of GVA),70.5,72.1,72.5b,Employment in agriculture (% of employed),1.8,1.6,"1.4i,d",Employment in industry (% of employed),20.2,19.9,"19.4i,d",Employment in services (% employed),78,78.4,"79.2i,d",Unemploymenti (% of labour force),8.1,6.9,5.4d,Labour force participation ratei (female/male pop. %),61.9 /       71.5,60.8 /       70.5,60.7 /       69.2d,CPI: Consumer Price Indexj (2010=100),100,109,118d,Agricultural production index (2014-2016=100),86,99,111b,International trade: exportsk (million current US$),386 580,408 697,389 513d,International trade: importsk (million current US$),392 109,419 375,405 391d,International trade: balancek (million current US$),- 5 529,- 10 677,- 15 878d,"Balance of payments, current account (million US$)",- 58 163,- 54 696,- 29 722d,,,,,,,,
Economy: Agriculturee (% of Gross Value Added),1.6,2,2b,"Economy: Industryf,g (% of Gross Value Added)",27.9,25.8,25.6b,Economy: Services and other activityh (% of GVA),70.5,72.1,72.5b,Employment in agriculture (% of employed),1.8,1.6,"1.4i,d",Employment in industry (% of employed),20.2,19.9,"19.4i,d",Employment in services (% employed),78,78.4,"79.2i,d",Unemploymenti (% of labour force),8.1,6.9,5.4d,Labour force participation ratei (female/male pop. %),61.9 /       71.5,60.8 /       70.5,60.7 /       69.2d,CPI: Consumer Price Indexj (2010=100),100,109,118d,Agricultural production index (2014-2016=100),86,99,111b,International trade: exportsk (million current US$),386 580,408 697,389 513d,International trade: importsk (million current US$),392 109,419 375,405 391d,International trade: balancek (million current US$),- 5 529,- 10 677,- 15 878d,"Balance of payments, current account (million US$)",- 58 163,- 54 696,- 29 722d,,,,,,,,,,,,
"Economy: Industryf,g (% of Gross Value Added)",27.9,25.8,25.6b,Economy: Services and other activityh (% of GVA),70.5,72.1,72.5b,Employment in agriculture (% of employed),1.8,1.6,"1.4i,d",Employment in industry (% of employed),20.2,19.9,"19.4i,d",Employment in services (% employed),78,78.4,"79.2i,d",Unemploymenti (% of labour force),8.1,6.9,5.4d,Labour force participation ratei (female/male pop. %),61.9 /       71.5,60.8 /       70.5,60.7 /       69.2d,CPI: Consumer Price Indexj (2010=100),100,109,118d,Agricultural production index (2014-2016=100),86,99,111b,International trade: exportsk (million current US$),386 580,408 697,389 513d,International trade: importsk (million current US$),392 109,419 375,405 391d,International trade: balancek (million current US$),- 5 529,- 10 677,- 15 878d,"Balance of payments, current account (million US$)",- 58 163,- 54 696,- 29 722d,,,,,,,,,,,,,,,,
Economy: Services and other activityh (% of GVA),70.5,72.1,72.5b,Employment in agriculture (% of employed),1.8,1.6,"1.4i,d",Employment in industry (% of employed),20.2,19.9,"19.4i,d",Employment in services (% employed),78,78.4,"79.2i,d",Unemploymenti (% of labour force),8.1,6.9,5.4d,Labour force participation ratei (female/male pop. %),61.9 /       71.5,60.8 /       70.5,60.7 /       69.2d,CPI: Consumer Price Indexj (2010=100),100,109,118d,Agricultural production index (2014-2016=100),86,99,111b,International trade: exportsk (million current US$),386 580,408 697,389 513d,International trade: importsk (million current US$),392 109,419 375,405 391d,International trade: balancek (million current US$),- 5 529,- 10 677,- 15 878d,"Balance of payments, current account (million US$)",- 58 163,- 54 696,- 29 722d,,,,,,,,,,,,,,,,,,,,
Employment in agriculture (% of employed),1.8,1.6,"1.4i,d",Employment in industry (% of employed),20.2,19.9,"19.4i,d",Employment in services (% employed),78,78.4,"79.2i,d",Unemploymenti (% of labour force),8.1,6.9,5.4d,Labour force participation ratei (female/male pop. %),61.9 /       71.5,60.8 /       70.5,60.7 /       69.2d,CPI: Consumer Price Indexj (2010=100),100,109,118d,Agricultural production index (2014-2016=100),86,99,111b,International trade: exportsk (million current US$),386 580,408 697,389 513d,International trade: importsk (million current US$),392 109,419 375,405 391d,International trade: balancek (million current US$),- 5 529,- 10 677,- 15 878d,"Balance of payments, current account (million US$)",- 58 163,- 54 696,- 29 722d,,,,,,,,,,,,,,,,,,,,,,,,
Employment in industry (% of employed),20.2,19.9,"19.4i,d",Employment in services (% employed),78,78.4,"79.2i,d",Unemploymenti (% of labour force),8.1,6.9,5.4d,Labour force participation ratei (female/male pop. %),61.9 /       71.5,60.8 /       70.5,60.7 /       69.2d,CPI: Consumer Price Indexj (2010=100),100,109,118d,Agricultural production index (2014-2016=100),86,99,111b,International trade: exportsk (million current US$),386 580,408 697,389 513d,International trade: importsk (million current US$),392 109,419 375,405 391d,International trade: balancek (million current US$),- 5 529,- 10 677,- 15 878d,"Balance of payments, current account (million US$)",- 58 163,- 54 696,- 29 722d,,,,,,,,,,,,,,,,,,,,,,,,,,,,
Employment in services (% employed),78,78.4,"79.2i,d",Unemploymenti (% of labour force),8.1,6.9,5.4d,Labour force participation ratei (female/male pop. %),61.9 /       71.5,60.8 /       70.5,60.7 /       69.2d,CPI: Consumer Price Indexj (2010=100),100,109,118d,Agricultural production index (2014-2016=100),86,99,111b,International trade: exportsk (million current US$),386 580,408 697,389 513d,International trade: importsk (million current US$),392 109,419 375,405 391d,International trade: balancek (million current US$),- 5 529,- 10 677,- 15 878d,"Balance of payments, current account (million US$)",- 58 163,- 54 696,- 29 722d,,,,,,,,,,,,,,,,,,,,,,,,,,,,,,,,
Unemploymenti (% of labour force),8.1,6.9,5.4d,Labour force participation ratei (female/male pop. %),61.9 /       71.5,60.8 /       70.5,60.7 /       69.2d,CPI: Consumer Price Indexj (2010=100),100,109,118d,Agricultural production index (2014-2016=100),86,99,111b,International trade: exportsk (million current US$),386 580,408 697,389 513d,International trade: importsk (million current US$),392 109,419 375,405 391d,International trade: balancek (million current US$),- 5 529,- 10 677,- 15 878d,"Balance of payments, current account (million US$)",- 58 163,- 54 696,- 29 722d,,,,,,,,,,,,,,,,,,,,,,,,,,,,,,,,,,,,
Labour force participation ratei (female/male pop. %),61.9 /       71.5,60.8 /       70.5,60.7 /       69.2d,CPI: Consumer Price Indexj (2010=100),100,109,118d,Agricultural production index (2014-2016=100),86,99,111b,International trade: exportsk (million current US$),386 580,408 697,389 513d,International trade: importsk (million current US$),392 109,419 375,405 391d,International trade: balancek (million current US$),- 5 529,- 10 677,- 15 878d,"Balance of payments, current account (million US$)",- 58 163,- 54 696,- 29 722d,,,,,,,,,,,,,,,,,,,,,,,,,,,,,,,,,,,,,,,,
CPI: Consumer Price Indexj (2010=100),100,109,118d,Agricultural production index (2014-2016=100),86,99,111b,International trade: exportsk (million current US$),386 580,408 697,389 513d,International trade: importsk (million current US$),392 109,419 375,405 391d,International trade: balancek (million current US$),- 5 529,- 10 677,- 15 878d,"Balance of payments, current account (million US$)",- 58 163,- 54 696,- 29 722d,,,,,,,,,,,,,,,,,,,,,,,,,,,,,,,,,,,,,,,,,,,,
Agricultural production index (2014-2016=100),86,99,111b,International trade: exportsk (million current US$),386 580,408 697,389 513d,International trade: importsk (million current US$),392 109,419 375,405 391d,International trade: balancek (million current US$),- 5 529,- 10 677,- 15 878d,"Balance of payments, current account (million US$)",- 58 163,- 54 696,- 29 722d,,,,,,,,,,,,,,,,,,,,,,,,,,,,,,,,,,,,,,,,,,,,,,,,
International trade: exportsk (million current US$),386 580,408 697,389 513d,International trade: importsk (million current US$),392 109,419 375,405 391d,International trade: balancek (million current US$),- 5 529,- 10 677,- 15 878d,"Balance of payments, current account (million US$)",- 58 163,- 54 696,- 29 722d,,,,,,,,,,,,,,,,,,,,,,,,,,,,,,,,,,,,,,,,,,,,,,,,,,,,
International trade: importsk (million current US$),392 109,419 375,405 391d,International trade: balancek (million current US$),- 5 529,- 10 677,- 15 878d,"Balance of payments, current account (million US$)",- 58 163,- 54 696,- 29 722d,,,,,,,,,,,,,,,,,,,,,,,,,,,,,,,,,,,,,,,,,,,,,,,,,,,,,,,,
International trade: balancek (million current US$),- 5 529,- 10 677,- 15 878d,"Balance of payments, current account (million US$)",- 58 163,- 54 696,- 29 722d,,,,,,,,,,,,,,,,,,,,,,,,,,,,,,,,,,,,,,,,,,,,,,,,,,,,,,,,,,,,
"Balance of payments, current account (million US$)",- 58 163,- 54 696,- 29 722d,,,,,,,,,,,,,,,,,,,,,,,,,,,,,,,,,,,,,,,,,,,,,,,,,,,,,,,,,,,,,,,,
