0,1,2,3,4,5,6,7,8,9,10,11,12,13,14,15,16,17,18,19,20,21,22,23,24,25,26,27,28,29,30,31,32,33,34,35,36,37,38,39,40,41,42,43,44,45,46,47,48,49,50,51,52,53,54,55,56,57,58,59,60,61,62,63,64,65,66,67
,2010,2015,2021,,,,,,,,,,,,,,,,,,,,,,,,,,,,,,,,,,,,,,,,,,,,,,,,,,,,,,,,,,,,,,,,
Population growth ratel (average annual %),1.2,1.1,0.9d,Urban population (% of total population),80.9,81.3,81.5b,Urban population growth ratel (average annual %),1.3,1.1,...,"Fertility rate, totall (live births per woman)",1.6,1.6,1.5d,"Life expectancy at birthl (females/males, years)",83.0 /       78.4,83.8 /       79.6,84.2 /       80.2d,"Population age distribution (0-14/60+ years old, %)",16.5 /       19.9,16.0 /       22.3,15.8 /       25.4a,International migrant stock (000/% of total pop.),6 761.2 /       19.8,7 428.7 /       20.6,8 049.3 /       21.3d,Refugees and others of concern to UNHCR (000),216.6m,155.8m,209.4d,Infant mortality ratel (per 1 000 live births),5.1,4.6,4.5d,Health: Current expendituren (% of GDP),10.7,10.7,10.8o,Health: Physicians (per 1 000 pop.),...,...,2.4b,Education: Government expenditure (% of GDP),5.4,5.3p,...,Education: Primary gross enrol. ratio (f/m per 100 pop.),98.9 /       98.4,102.9 /      102.1,101.3 /      101.7o,Education: Secondary gross enrol. ratio (f/m per 100 pop.),101.2 /      103.6,110.9 /      109.9,114.7 /      113.5o,Education: Upper secondary gross enrol. ratio (f/m per 100 pop.),102.0 /      105.0,119.9 /      118.2,118.4 /      117.2o,Intentional homicide rate (per 100 000 pop.),1.6,1.7,1.8o,Seats held by women in national parliaments (%),22.1,25.2,29.6q
Urban population (% of total population),80.9,81.3,81.5b,Urban population growth ratel (average annual %),1.3,1.1,...,"Fertility rate, totall (live births per woman)",1.6,1.6,1.5d,"Life expectancy at birthl (females/males, years)",83.0 /       78.4,83.8 /       79.6,84.2 /       80.2d,"Population age distribution (0-14/60+ years old, %)",16.5 /       19.9,16.0 /       22.3,15.8 /       25.4a,International migrant stock (000/% of total pop.),6 761.2 /       19.8,7 428.7 /       20.6,8 049.3 /       21.3d,Refugees and others of concern to UNHCR (000),216.6m,155.8m,209.4d,Infant mortality ratel (per 1 000 live births),5.1,4.6,4.5d,Health: Current expendituren (% of GDP),10.7,10.7,10.8o,Health: Physicians (per 1 000 pop.),...,...,2.4b,Education: Government expenditure (% of GDP),5.4,5.3p,...,Education: Primary gross enrol. ratio (f/m per 100 pop.),98.9 /       98.4,102.9 /      102.1,101.3 /      101.7o,Education: Secondary gross enrol. ratio (f/m per 100 pop.),101.2 /      103.6,110.9 /      109.9,114.7 /      113.5o,Education: Upper secondary gross enrol. ratio (f/m per 100 pop.),102.0 /      105.0,119.9 /      118.2,118.4 /      117.2o,Intentional homicide rate (per 100 000 pop.),1.6,1.7,1.8o,Seats held by women in national parliaments (%),22.1,25.2,29.6q,,,,
Urban population growth ratel (average annual %),1.3,1.1,...,"Fertility rate, totall (live births per woman)",1.6,1.6,1.5d,"Life expectancy at birthl (females/males, years)",83.0 /       78.4,83.8 /       79.6,84.2 /       80.2d,"Population age distribution (0-14/60+ years old, %)",16.5 /       19.9,16.0 /       22.3,15.8 /       25.4a,International migrant stock (000/% of total pop.),6 761.2 /       19.8,7 428.7 /       20.6,8 049.3 /       21.3d,Refugees and others of concern to UNHCR (000),216.6m,155.8m,209.4d,Infant mortality ratel (per 1 000 live births),5.1,4.6,4.5d,Health: Current expendituren (% of GDP),10.7,10.7,10.8o,Health: Physicians (per 1 000 pop.),...,...,2.4b,Education: Government expenditure (% of GDP),5.4,5.3p,...,Education: Primary gross enrol. ratio (f/m per 100 pop.),98.9 /       98.4,102.9 /      102.1,101.3 /      101.7o,Education: Secondary gross enrol. ratio (f/m per 100 pop.),101.2 /      103.6,110.9 /      109.9,114.7 /      113.5o,Education: Upper secondary gross enrol. ratio (f/m per 100 pop.),102.0 /      105.0,119.9 /      118.2,118.4 /      117.2o,Intentional homicide rate (per 100 000 pop.),1.6,1.7,1.8o,Seats held by women in national parliaments (%),22.1,25.2,29.6q,,,,,,,,
"Fertility rate, totall (live births per woman)",1.6,1.6,1.5d,"Life expectancy at birthl (females/males, years)",83.0 /       78.4,83.8 /       79.6,84.2 /       80.2d,"Population age distribution (0-14/60+ years old, %)",16.5 /       19.9,16.0 /       22.3,15.8 /       25.4a,International migrant stock (000/% of total pop.),6 761.2 /       19.8,7 428.7 /       20.6,8 049.3 /       21.3d,Refugees and others of concern to UNHCR (000),216.6m,155.8m,209.4d,Infant mortality ratel (per 1 000 live births),5.1,4.6,4.5d,Health: Current expendituren (% of GDP),10.7,10.7,10.8o,Health: Physicians (per 1 000 pop.),...,...,2.4b,Education: Government expenditure (% of GDP),5.4,5.3p,...,Education: Primary gross enrol. ratio (f/m per 100 pop.),98.9 /       98.4,102.9 /      102.1,101.3 /      101.7o,Education: Secondary gross enrol. ratio (f/m per 100 pop.),101.2 /      103.6,110.9 /      109.9,114.7 /      113.5o,Education: Upper secondary gross enrol. ratio (f/m per 100 pop.),102.0 /      105.0,119.9 /      118.2,118.4 /      117.2o,Intentional homicide rate (per 100 000 pop.),1.6,1.7,1.8o,Seats held by women in national parliaments (%),22.1,25.2,29.6q,,,,,,,,,,,,
"Life expectancy at birthl (females/males, years)",83.0 /       78.4,83.8 /       79.6,84.2 /       80.2d,"Population age distribution (0-14/60+ years old, %)",16.5 /       19.9,16.0 /       22.3,15.8 /       25.4a,International migrant stock (000/% of total pop.),6 761.2 /       19.8,7 428.7 /       20.6,8 049.3 /       21.3d,Refugees and others of concern to UNHCR (000),216.6m,155.8m,209.4d,Infant mortality ratel (per 1 000 live births),5.1,4.6,4.5d,Health: Current expendituren (% of GDP),10.7,10.7,10.8o,Health: Physicians (per 1 000 pop.),...,...,2.4b,Education: Government expenditure (% of GDP),5.4,5.3p,...,Education: Primary gross enrol. ratio (f/m per 100 pop.),98.9 /       98.4,102.9 /      102.1,101.3 /      101.7o,Education: Secondary gross enrol. ratio (f/m per 100 pop.),101.2 /      103.6,110.9 /      109.9,114.7 /      113.5o,Education: Upper secondary gross enrol. ratio (f/m per 100 pop.),102.0 /      105.0,119.9 /      118.2,118.4 /      117.2o,Intentional homicide rate (per 100 000 pop.),1.6,1.7,1.8o,Seats held by women in national parliaments (%),22.1,25.2,29.6q,,,,,,,,,,,,,,,,
"Population age distribution (0-14/60+ years old, %)",16.5 /       19.9,16.0 /       22.3,15.8 /       25.4a,International migrant stock (000/% of total pop.),6 761.2 /       19.8,7 428.7 /       20.6,8 049.3 /       21.3d,Refugees and others of concern to UNHCR (000),216.6m,155.8m,209.4d,Infant mortality ratel (per 1 000 live births),5.1,4.6,4.5d,Health: Current expendituren (% of GDP),10.7,10.7,10.8o,Health: Physicians (per 1 000 pop.),...,...,2.4b,Education: Government expenditure (% of GDP),5.4,5.3p,...,Education: Primary gross enrol. ratio (f/m per 100 pop.),98.9 /       98.4,102.9 /      102.1,101.3 /      101.7o,Education: Secondary gross enrol. ratio (f/m per 100 pop.),101.2 /      103.6,110.9 /      109.9,114.7 /      113.5o,Education: Upper secondary gross enrol. ratio (f/m per 100 pop.),102.0 /      105.0,119.9 /      118.2,118.4 /      117.2o,Intentional homicide rate (per 100 000 pop.),1.6,1.7,1.8o,Seats held by women in national parliaments (%),22.1,25.2,29.6q,,,,,,,,,,,,,,,,,,,,
International migrant stock (000/% of total pop.),6 761.2 /       19.8,7 428.7 /       20.6,8 049.3 /       21.3d,Refugees and others of concern to UNHCR (000),216.6m,155.8m,209.4d,Infant mortality ratel (per 1 000 live births),5.1,4.6,4.5d,Health: Current expendituren (% of GDP),10.7,10.7,10.8o,Health: Physicians (per 1 000 pop.),...,...,2.4b,Education: Government expenditure (% of GDP),5.4,5.3p,...,Education: Primary gross enrol. ratio (f/m per 100 pop.),98.9 /       98.4,102.9 /      102.1,101.3 /      101.7o,Education: Secondary gross enrol. ratio (f/m per 100 pop.),101.2 /      103.6,110.9 /      109.9,114.7 /      113.5o,Education: Upper secondary gross enrol. ratio (f/m per 100 pop.),102.0 /      105.0,119.9 /      118.2,118.4 /      117.2o,Intentional homicide rate (per 100 000 pop.),1.6,1.7,1.8o,Seats held by women in national parliaments (%),22.1,25.2,29.6q,,,,,,,,,,,,,,,,,,,,,,,,
Refugees and others of concern to UNHCR (000),216.6m,155.8m,209.4d,Infant mortality ratel (per 1 000 live births),5.1,4.6,4.5d,Health: Current expendituren (% of GDP),10.7,10.7,10.8o,Health: Physicians (per 1 000 pop.),...,...,2.4b,Education: Government expenditure (% of GDP),5.4,5.3p,...,Education: Primary gross enrol. ratio (f/m per 100 pop.),98.9 /       98.4,102.9 /      102.1,101.3 /      101.7o,Education: Secondary gross enrol. ratio (f/m per 100 pop.),101.2 /      103.6,110.9 /      109.9,114.7 /      113.5o,Education: Upper secondary gross enrol. ratio (f/m per 100 pop.),102.0 /      105.0,119.9 /      118.2,118.4 /      117.2o,Intentional homicide rate (per 100 000 pop.),1.6,1.7,1.8o,Seats held by women in national parliaments (%),22.1,25.2,29.6q,,,,,,,,,,,,,,,,,,,,,,,,,,,,
Infant mortality ratel (per 1 000 live births),5.1,4.6,4.5d,Health: Current expendituren (% of GDP),10.7,10.7,10.8o,Health: Physicians (per 1 000 pop.),...,...,2.4b,Education: Government expenditure (% of GDP),5.4,5.3p,...,Education: Primary gross enrol. ratio (f/m per 100 pop.),98.9 /       98.4,102.9 /      102.1,101.3 /      101.7o,Education: Secondary gross enrol. ratio (f/m per 100 pop.),101.2 /      103.6,110.9 /      109.9,114.7 /      113.5o,Education: Upper secondary gross enrol. ratio (f/m per 100 pop.),102.0 /      105.0,119.9 /      118.2,118.4 /      117.2o,Intentional homicide rate (per 100 000 pop.),1.6,1.7,1.8o,Seats held by women in national parliaments (%),22.1,25.2,29.6q,,,,,,,,,,,,,,,,,,,,,,,,,,,,,,,,
Health: Current expendituren (% of GDP),10.7,10.7,10.8o,Health: Physicians (per 1 000 pop.),...,...,2.4b,Education: Government expenditure (% of GDP),5.4,5.3p,...,Education: Primary gross enrol. ratio (f/m per 100 pop.),98.9 /       98.4,102.9 /      102.1,101.3 /      101.7o,Education: Secondary gross enrol. ratio (f/m per 100 pop.),101.2 /      103.6,110.9 /      109.9,114.7 /      113.5o,Education: Upper secondary gross enrol. ratio (f/m per 100 pop.),102.0 /      105.0,119.9 /      118.2,118.4 /      117.2o,Intentional homicide rate (per 100 000 pop.),1.6,1.7,1.8o,Seats held by women in national parliaments (%),22.1,25.2,29.6q,,,,,,,,,,,,,,,,,,,,,,,,,,,,,,,,,,,,
Health: Physicians (per 1 000 pop.),...,...,2.4b,Education: Government expenditure (% of GDP),5.4,5.3p,...,Education: Primary gross enrol. ratio (f/m per 100 pop.),98.9 /       98.4,102.9 /      102.1,101.3 /      101.7o,Education: Secondary gross enrol. ratio (f/m per 100 pop.),101.2 /      103.6,110.9 /      109.9,114.7 /      113.5o,Education: Upper secondary gross enrol. ratio (f/m per 100 pop.),102.0 /      105.0,119.9 /      118.2,118.4 /      117.2o,Intentional homicide rate (per 100 000 pop.),1.6,1.7,1.8o,Seats held by women in national parliaments (%),22.1,25.2,29.6q,,,,,,,,,,,,,,,,,,,,,,,,,,,,,,,,,,,,,,,,
Education: Government expenditure (% of GDP),5.4,5.3p,...,Education: Primary gross enrol. ratio (f/m per 100 pop.),98.9 /       98.4,102.9 /      102.1,101.3 /      101.7o,Education: Secondary gross enrol. ratio (f/m per 100 pop.),101.2 /      103.6,110.9 /      109.9,114.7 /      113.5o,Education: Upper secondary gross enrol. ratio (f/m per 100 pop.),102.0 /      105.0,119.9 /      118.2,118.4 /      117.2o,Intentional homicide rate (per 100 000 pop.),1.6,1.7,1.8o,Seats held by women in national parliaments (%),22.1,25.2,29.6q,,,,,,,,,,,,,,,,,,,,,,,,,,,,,,,,,,,,,,,,,,,,
Education: Primary gross enrol. ratio (f/m per 100 pop.),98.9 /       98.4,102.9 /      102.1,101.3 /      101.7o,Education: Secondary gross enrol. ratio (f/m per 100 pop.),101.2 /      103.6,110.9 /      109.9,114.7 /      113.5o,Education: Upper secondary gross enrol. ratio (f/m per 100 pop.),102.0 /      105.0,119.9 /      118.2,118.4 /      117.2o,Intentional homicide rate (per 100 000 pop.),1.6,1.7,1.8o,Seats held by women in national parliaments (%),22.1,25.2,29.6q,,,,,,,,,,,,,,,,,,,,,,,,,,,,,,,,,,,,,,,,,,,,,,,,
Education: Secondary gross enrol. ratio (f/m per 100 pop.),101.2 /      103.6,110.9 /      109.9,114.7 /      113.5o,Education: Upper secondary gross enrol. ratio (f/m per 100 pop.),102.0 /      105.0,119.9 /      118.2,118.4 /      117.2o,Intentional homicide rate (per 100 000 pop.),1.6,1.7,1.8o,Seats held by women in national parliaments (%),22.1,25.2,29.6q,,,,,,,,,,,,,,,,,,,,,,,,,,,,,,,,,,,,,,,,,,,,,,,,,,,,
Education: Upper secondary gross enrol. ratio (f/m per 100 pop.),102.0 /      105.0,119.9 /      118.2,118.4 /      117.2o,Intentional homicide rate (per 100 000 pop.),1.6,1.7,1.8o,Seats held by women in national parliaments (%),22.1,25.2,29.6q,,,,,,,,,,,,,,,,,,,,,,,,,,,,,,,,,,,,,,,,,,,,,,,,,,,,,,,,
Intentional homicide rate (per 100 000 pop.),1.6,1.7,1.8o,Seats held by women in national parliaments (%),22.1,25.2,29.6q,,,,,,,,,,,,,,,,,,,,,,,,,,,,,,,,,,,,,,,,,,,,,,,,,,,,,,,,,,,,
Seats held by women in national parliaments (%),22.1,25.2,29.6q,,,,,,,,,,,,,,,,,,,,,,,,,,,,,,,,,,,,,,,,,,,,,,,,,,,,,,,,,,,,,,,,
