0,1,2,3,4,5,6,7,8,9,10,11,12,13,14,15,16,17,18,19,20,21,22,23,24,25,26,27,28,29,30,31,32,33,34,35,36,37,38,39,40,41,42,43,44,45,46,47,48,49,50,51,52,53,54,55,56,57,58,59,60,61,62,63,64,65,66,67
,2010,2015,2021,,,,,,,,,,,,,,,,,,,,,,,,,,,,,,,,,,,,,,,,,,,,,,,,,,,,,,,,,,,,,,,,
GDP: Gross domestic product (million current US$),40 682,62 186,76 710b,"GDP growth rate (annual %, const. 2015 prices)",2.9,4.1,3.8b,GDP per capita (current US$),2 780.7,3 826.3,4 363.1b,Economy: Agricultured (% of Gross Value Added),11.4,10.6,10b,"Economy: Industrye,f (% of Gross Value Added)",24.2,24.1,23.3b,Economy: Services and other activityg (% of GVA),64.4,65.3,66.7b,Employment in agriculture (% of employed),33.5,31.9,"31.3h,c",Employment in industry (% of employed),22,18.9,"18.4h,c",Employment in services (% employed),44.5,49.2,"50.3h,c",Unemploymenth (% of labour force),3.5,2.5,2.5c,Labour force participation rateh (female/male pop. %),40.5 /       84.2,39.1 /       85.5,39.9 /       86.4c,CPI: Consumer Price Index (2010=100),100i,122,148c,Agricultural production index (2014-2016=100),78,101,106b,International trade: exports (million current US$),8 460,10 677,11 658c,International trade: imports (million current US$),13 830,17 637,18 198c,International trade: balance (million current US$),- 5 370,- 6 960,- 6 539c,"Balance of payments, current account (million US$)",-767,-774,4 249c
"GDP growth rate (annual %, const. 2015 prices)",2.9,4.1,3.8b,GDP per capita (current US$),2 780.7,3 826.3,4 363.1b,Economy: Agricultured (% of Gross Value Added),11.4,10.6,10b,"Economy: Industrye,f (% of Gross Value Added)",24.2,24.1,23.3b,Economy: Services and other activityg (% of GVA),64.4,65.3,66.7b,Employment in agriculture (% of employed),33.5,31.9,"31.3h,c",Employment in industry (% of employed),22,18.9,"18.4h,c",Employment in services (% employed),44.5,49.2,"50.3h,c",Unemploymenth (% of labour force),3.5,2.5,2.5c,Labour force participation rateh (female/male pop. %),40.5 /       84.2,39.1 /       85.5,39.9 /       86.4c,CPI: Consumer Price Index (2010=100),100i,122,148c,Agricultural production index (2014-2016=100),78,101,106b,International trade: exports (million current US$),8 460,10 677,11 658c,International trade: imports (million current US$),13 830,17 637,18 198c,International trade: balance (million current US$),- 5 370,- 6 960,- 6 539c,"Balance of payments, current account (million US$)",-767,-774,4 249c,,,,
GDP per capita (current US$),2 780.7,3 826.3,4 363.1b,Economy: Agricultured (% of Gross Value Added),11.4,10.6,10b,"Economy: Industrye,f (% of Gross Value Added)",24.2,24.1,23.3b,Economy: Services and other activityg (% of GVA),64.4,65.3,66.7b,Employment in agriculture (% of employed),33.5,31.9,"31.3h,c",Employment in industry (% of employed),22,18.9,"18.4h,c",Employment in services (% employed),44.5,49.2,"50.3h,c",Unemploymenth (% of labour force),3.5,2.5,2.5c,Labour force participation rateh (female/male pop. %),40.5 /       84.2,39.1 /       85.5,39.9 /       86.4c,CPI: Consumer Price Index (2010=100),100i,122,148c,Agricultural production index (2014-2016=100),78,101,106b,International trade: exports (million current US$),8 460,10 677,11 658c,International trade: imports (million current US$),13 830,17 637,18 198c,International trade: balance (million current US$),- 5 370,- 6 960,- 6 539c,"Balance of payments, current account (million US$)",-767,-774,4 249c,,,,,,,,
Economy: Agricultured (% of Gross Value Added),11.4,10.6,10b,"Economy: Industrye,f (% of Gross Value Added)",24.2,24.1,23.3b,Economy: Services and other activityg (% of GVA),64.4,65.3,66.7b,Employment in agriculture (% of employed),33.5,31.9,"31.3h,c",Employment in industry (% of employed),22,18.9,"18.4h,c",Employment in services (% employed),44.5,49.2,"50.3h,c",Unemploymenth (% of labour force),3.5,2.5,2.5c,Labour force participation rateh (female/male pop. %),40.5 /       84.2,39.1 /       85.5,39.9 /       86.4c,CPI: Consumer Price Index (2010=100),100i,122,148c,Agricultural production index (2014-2016=100),78,101,106b,International trade: exports (million current US$),8 460,10 677,11 658c,International trade: imports (million current US$),13 830,17 637,18 198c,International trade: balance (million current US$),- 5 370,- 6 960,- 6 539c,"Balance of payments, current account (million US$)",-767,-774,4 249c,,,,,,,,,,,,
"Economy: Industrye,f (% of Gross Value Added)",24.2,24.1,23.3b,Economy: Services and other activityg (% of GVA),64.4,65.3,66.7b,Employment in agriculture (% of employed),33.5,31.9,"31.3h,c",Employment in industry (% of employed),22,18.9,"18.4h,c",Employment in services (% employed),44.5,49.2,"50.3h,c",Unemploymenth (% of labour force),3.5,2.5,2.5c,Labour force participation rateh (female/male pop. %),40.5 /       84.2,39.1 /       85.5,39.9 /       86.4c,CPI: Consumer Price Index (2010=100),100i,122,148c,Agricultural production index (2014-2016=100),78,101,106b,International trade: exports (million current US$),8 460,10 677,11 658c,International trade: imports (million current US$),13 830,17 637,18 198c,International trade: balance (million current US$),- 5 370,- 6 960,- 6 539c,"Balance of payments, current account (million US$)",-767,-774,4 249c,,,,,,,,,,,,,,,,
Economy: Services and other activityg (% of GVA),64.4,65.3,66.7b,Employment in agriculture (% of employed),33.5,31.9,"31.3h,c",Employment in industry (% of employed),22,18.9,"18.4h,c",Employment in services (% employed),44.5,49.2,"50.3h,c",Unemploymenth (% of labour force),3.5,2.5,2.5c,Labour force participation rateh (female/male pop. %),40.5 /       84.2,39.1 /       85.5,39.9 /       86.4c,CPI: Consumer Price Index (2010=100),100i,122,148c,Agricultural production index (2014-2016=100),78,101,106b,International trade: exports (million current US$),8 460,10 677,11 658c,International trade: imports (million current US$),13 830,17 637,18 198c,International trade: balance (million current US$),- 5 370,- 6 960,- 6 539c,"Balance of payments, current account (million US$)",-767,-774,4 249c,,,,,,,,,,,,,,,,,,,,
Employment in agriculture (% of employed),33.5,31.9,"31.3h,c",Employment in industry (% of employed),22,18.9,"18.4h,c",Employment in services (% employed),44.5,49.2,"50.3h,c",Unemploymenth (% of labour force),3.5,2.5,2.5c,Labour force participation rateh (female/male pop. %),40.5 /       84.2,39.1 /       85.5,39.9 /       86.4c,CPI: Consumer Price Index (2010=100),100i,122,148c,Agricultural production index (2014-2016=100),78,101,106b,International trade: exports (million current US$),8 460,10 677,11 658c,International trade: imports (million current US$),13 830,17 637,18 198c,International trade: balance (million current US$),- 5 370,- 6 960,- 6 539c,"Balance of payments, current account (million US$)",-767,-774,4 249c,,,,,,,,,,,,,,,,,,,,,,,,
Employment in industry (% of employed),22,18.9,"18.4h,c",Employment in services (% employed),44.5,49.2,"50.3h,c",Unemploymenth (% of labour force),3.5,2.5,2.5c,Labour force participation rateh (female/male pop. %),40.5 /       84.2,39.1 /       85.5,39.9 /       86.4c,CPI: Consumer Price Index (2010=100),100i,122,148c,Agricultural production index (2014-2016=100),78,101,106b,International trade: exports (million current US$),8 460,10 677,11 658c,International trade: imports (million current US$),13 830,17 637,18 198c,International trade: balance (million current US$),- 5 370,- 6 960,- 6 539c,"Balance of payments, current account (million US$)",-767,-774,4 249c,,,,,,,,,,,,,,,,,,,,,,,,,,,,
Employment in services (% employed),44.5,49.2,"50.3h,c",Unemploymenth (% of labour force),3.5,2.5,2.5c,Labour force participation rateh (female/male pop. %),40.5 /       84.2,39.1 /       85.5,39.9 /       86.4c,CPI: Consumer Price Index (2010=100),100i,122,148c,Agricultural production index (2014-2016=100),78,101,106b,International trade: exports (million current US$),8 460,10 677,11 658c,International trade: imports (million current US$),13 830,17 637,18 198c,International trade: balance (million current US$),- 5 370,- 6 960,- 6 539c,"Balance of payments, current account (million US$)",-767,-774,4 249c,,,,,,,,,,,,,,,,,,,,,,,,,,,,,,,,
Unemploymenth (% of labour force),3.5,2.5,2.5c,Labour force participation rateh (female/male pop. %),40.5 /       84.2,39.1 /       85.5,39.9 /       86.4c,CPI: Consumer Price Index (2010=100),100i,122,148c,Agricultural production index (2014-2016=100),78,101,106b,International trade: exports (million current US$),8 460,10 677,11 658c,International trade: imports (million current US$),13 830,17 637,18 198c,International trade: balance (million current US$),- 5 370,- 6 960,- 6 539c,"Balance of payments, current account (million US$)",-767,-774,4 249c,,,,,,,,,,,,,,,,,,,,,,,,,,,,,,,,,,,,
Labour force participation rateh (female/male pop. %),40.5 /       84.2,39.1 /       85.5,39.9 /       86.4c,CPI: Consumer Price Index (2010=100),100i,122,148c,Agricultural production index (2014-2016=100),78,101,106b,International trade: exports (million current US$),8 460,10 677,11 658c,International trade: imports (million current US$),13 830,17 637,18 198c,International trade: balance (million current US$),- 5 370,- 6 960,- 6 539c,"Balance of payments, current account (million US$)",-767,-774,4 249c,,,,,,,,,,,,,,,,,,,,,,,,,,,,,,,,,,,,,,,,
CPI: Consumer Price Index (2010=100),100i,122,148c,Agricultural production index (2014-2016=100),78,101,106b,International trade: exports (million current US$),8 460,10 677,11 658c,International trade: imports (million current US$),13 830,17 637,18 198c,International trade: balance (million current US$),- 5 370,- 6 960,- 6 539c,"Balance of payments, current account (million US$)",-767,-774,4 249c,,,,,,,,,,,,,,,,,,,,,,,,,,,,,,,,,,,,,,,,,,,,
Agricultural production index (2014-2016=100),78,101,106b,International trade: exports (million current US$),8 460,10 677,11 658c,International trade: imports (million current US$),13 830,17 637,18 198c,International trade: balance (million current US$),- 5 370,- 6 960,- 6 539c,"Balance of payments, current account (million US$)",-767,-774,4 249c,,,,,,,,,,,,,,,,,,,,,,,,,,,,,,,,,,,,,,,,,,,,,,,,
International trade: exports (million current US$),8 460,10 677,11 658c,International trade: imports (million current US$),13 830,17 637,18 198c,International trade: balance (million current US$),- 5 370,- 6 960,- 6 539c,"Balance of payments, current account (million US$)",-767,-774,4 249c,,,,,,,,,,,,,,,,,,,,,,,,,,,,,,,,,,,,,,,,,,,,,,,,,,,,
International trade: imports (million current US$),13 830,17 637,18 198c,International trade: balance (million current US$),- 5 370,- 6 960,- 6 539c,"Balance of payments, current account (million US$)",-767,-774,4 249c,,,,,,,,,,,,,,,,,,,,,,,,,,,,,,,,,,,,,,,,,,,,,,,,,,,,,,,,
International trade: balance (million current US$),- 5 370,- 6 960,- 6 539c,"Balance of payments, current account (million US$)",-767,-774,4 249c,,,,,,,,,,,,,,,,,,,,,,,,,,,,,,,,,,,,,,,,,,,,,,,,,,,,,,,,,,,,
"Balance of payments, current account (million US$)",-767,-774,4 249c,,,,,,,,,,,,,,,,,,,,,,,,,,,,,,,,,,,,,,,,,,,,,,,,,,,,,,,,,,,,,,,,
