0,1,2,3,4,5,6,7,8,9,10,11,12,13,14,15,16,17,18,19,20,21,22,23,24,25,26,27,28,29,30,31,32,33,34,35,36,37,38,39,40,41,42,43,44,45,46,47,48,49,50,51,52,53,54,55,56,57,58,59,60,61,62,63,64,65,66,67
,2010,2015,2021,,,,,,,,,,,,,,,,,,,,,,,,,,,,,,,,,,,,,,,,,,,,,,,,,,,,,,,,,,,,,,,,
GDP: Gross domestic product (million current US$),286 563,293 482,323 803b,"GDP growth rate (annual %, const. 2015 prices)",4.5,3,3.3b,GDP per capita (current US$),6 336.7,6 175.9,6 432.4b,Economy: Agriculturee (% of Gross Value Added),6.9,6.6,7.4b,"Economy: Industryf,g (% of Gross Value Added)",34.4,31.5,29b,Economy: Services and other activityh (% of GVA),58.6,61.9,63.5b,Employment in agriculture (% of employed),18.4,16,"16.5i,d",Employment in industry (% of employed),20,19.8,"20i,d",Employment in services (% employed),61.6,64.2,"63.5i,d",Unemploymenti (% of labour force),11,8.3,9.7d,Labour force participation ratei (female/male pop. %),55.7 /       81.6,58.5 /       82.0,57.5 /       81.0d,CPI: Consumer Price Indexj (2010=100),100,118,145d,Agricultural production index (2014-2016=100),81,101,133b,International trade: exports (million current US$),39 820,35 691,"31 057i,d",International trade: imports (million current US$),40 683,54 036,"43 483i,d",International trade: balance (million current US$),-863,- 18 345,"- 12 426i,d","Balance of payments, current account (million US$)",- 8 822,- 19 302,- 9 326d
"GDP growth rate (annual %, const. 2015 prices)",4.5,3,3.3b,GDP per capita (current US$),6 336.7,6 175.9,6 432.4b,Economy: Agriculturee (% of Gross Value Added),6.9,6.6,7.4b,"Economy: Industryf,g (% of Gross Value Added)",34.4,31.5,29b,Economy: Services and other activityh (% of GVA),58.6,61.9,63.5b,Employment in agriculture (% of employed),18.4,16,"16.5i,d",Employment in industry (% of employed),20,19.8,"20i,d",Employment in services (% employed),61.6,64.2,"63.5i,d",Unemploymenti (% of labour force),11,8.3,9.7d,Labour force participation ratei (female/male pop. %),55.7 /       81.6,58.5 /       82.0,57.5 /       81.0d,CPI: Consumer Price Indexj (2010=100),100,118,145d,Agricultural production index (2014-2016=100),81,101,133b,International trade: exports (million current US$),39 820,35 691,"31 057i,d",International trade: imports (million current US$),40 683,54 036,"43 483i,d",International trade: balance (million current US$),-863,- 18 345,"- 12 426i,d","Balance of payments, current account (million US$)",- 8 822,- 19 302,- 9 326d,,,,
GDP per capita (current US$),6 336.7,6 175.9,6 432.4b,Economy: Agriculturee (% of Gross Value Added),6.9,6.6,7.4b,"Economy: Industryf,g (% of Gross Value Added)",34.4,31.5,29b,Economy: Services and other activityh (% of GVA),58.6,61.9,63.5b,Employment in agriculture (% of employed),18.4,16,"16.5i,d",Employment in industry (% of employed),20,19.8,"20i,d",Employment in services (% employed),61.6,64.2,"63.5i,d",Unemploymenti (% of labour force),11,8.3,9.7d,Labour force participation ratei (female/male pop. %),55.7 /       81.6,58.5 /       82.0,57.5 /       81.0d,CPI: Consumer Price Indexj (2010=100),100,118,145d,Agricultural production index (2014-2016=100),81,101,133b,International trade: exports (million current US$),39 820,35 691,"31 057i,d",International trade: imports (million current US$),40 683,54 036,"43 483i,d",International trade: balance (million current US$),-863,- 18 345,"- 12 426i,d","Balance of payments, current account (million US$)",- 8 822,- 19 302,- 9 326d,,,,,,,,
Economy: Agriculturee (% of Gross Value Added),6.9,6.6,7.4b,"Economy: Industryf,g (% of Gross Value Added)",34.4,31.5,29b,Economy: Services and other activityh (% of GVA),58.6,61.9,63.5b,Employment in agriculture (% of employed),18.4,16,"16.5i,d",Employment in industry (% of employed),20,19.8,"20i,d",Employment in services (% employed),61.6,64.2,"63.5i,d",Unemploymenti (% of labour force),11,8.3,9.7d,Labour force participation ratei (female/male pop. %),55.7 /       81.6,58.5 /       82.0,57.5 /       81.0d,CPI: Consumer Price Indexj (2010=100),100,118,145d,Agricultural production index (2014-2016=100),81,101,133b,International trade: exports (million current US$),39 820,35 691,"31 057i,d",International trade: imports (million current US$),40 683,54 036,"43 483i,d",International trade: balance (million current US$),-863,- 18 345,"- 12 426i,d","Balance of payments, current account (million US$)",- 8 822,- 19 302,- 9 326d,,,,,,,,,,,,
"Economy: Industryf,g (% of Gross Value Added)",34.4,31.5,29b,Economy: Services and other activityh (% of GVA),58.6,61.9,63.5b,Employment in agriculture (% of employed),18.4,16,"16.5i,d",Employment in industry (% of employed),20,19.8,"20i,d",Employment in services (% employed),61.6,64.2,"63.5i,d",Unemploymenti (% of labour force),11,8.3,9.7d,Labour force participation ratei (female/male pop. %),55.7 /       81.6,58.5 /       82.0,57.5 /       81.0d,CPI: Consumer Price Indexj (2010=100),100,118,145d,Agricultural production index (2014-2016=100),81,101,133b,International trade: exports (million current US$),39 820,35 691,"31 057i,d",International trade: imports (million current US$),40 683,54 036,"43 483i,d",International trade: balance (million current US$),-863,- 18 345,"- 12 426i,d","Balance of payments, current account (million US$)",- 8 822,- 19 302,- 9 326d,,,,,,,,,,,,,,,,
Economy: Services and other activityh (% of GVA),58.6,61.9,63.5b,Employment in agriculture (% of employed),18.4,16,"16.5i,d",Employment in industry (% of employed),20,19.8,"20i,d",Employment in services (% employed),61.6,64.2,"63.5i,d",Unemploymenti (% of labour force),11,8.3,9.7d,Labour force participation ratei (female/male pop. %),55.7 /       81.6,58.5 /       82.0,57.5 /       81.0d,CPI: Consumer Price Indexj (2010=100),100,118,145d,Agricultural production index (2014-2016=100),81,101,133b,International trade: exports (million current US$),39 820,35 691,"31 057i,d",International trade: imports (million current US$),40 683,54 036,"43 483i,d",International trade: balance (million current US$),-863,- 18 345,"- 12 426i,d","Balance of payments, current account (million US$)",- 8 822,- 19 302,- 9 326d,,,,,,,,,,,,,,,,,,,,
Employment in agriculture (% of employed),18.4,16,"16.5i,d",Employment in industry (% of employed),20,19.8,"20i,d",Employment in services (% employed),61.6,64.2,"63.5i,d",Unemploymenti (% of labour force),11,8.3,9.7d,Labour force participation ratei (female/male pop. %),55.7 /       81.6,58.5 /       82.0,57.5 /       81.0d,CPI: Consumer Price Indexj (2010=100),100,118,145d,Agricultural production index (2014-2016=100),81,101,133b,International trade: exports (million current US$),39 820,35 691,"31 057i,d",International trade: imports (million current US$),40 683,54 036,"43 483i,d",International trade: balance (million current US$),-863,- 18 345,"- 12 426i,d","Balance of payments, current account (million US$)",- 8 822,- 19 302,- 9 326d,,,,,,,,,,,,,,,,,,,,,,,,
Employment in industry (% of employed),20,19.8,"20i,d",Employment in services (% employed),61.6,64.2,"63.5i,d",Unemploymenti (% of labour force),11,8.3,9.7d,Labour force participation ratei (female/male pop. %),55.7 /       81.6,58.5 /       82.0,57.5 /       81.0d,CPI: Consumer Price Indexj (2010=100),100,118,145d,Agricultural production index (2014-2016=100),81,101,133b,International trade: exports (million current US$),39 820,35 691,"31 057i,d",International trade: imports (million current US$),40 683,54 036,"43 483i,d",International trade: balance (million current US$),-863,- 18 345,"- 12 426i,d","Balance of payments, current account (million US$)",- 8 822,- 19 302,- 9 326d,,,,,,,,,,,,,,,,,,,,,,,,,,,,
Employment in services (% employed),61.6,64.2,"63.5i,d",Unemploymenti (% of labour force),11,8.3,9.7d,Labour force participation ratei (female/male pop. %),55.7 /       81.6,58.5 /       82.0,57.5 /       81.0d,CPI: Consumer Price Indexj (2010=100),100,118,145d,Agricultural production index (2014-2016=100),81,101,133b,International trade: exports (million current US$),39 820,35 691,"31 057i,d",International trade: imports (million current US$),40 683,54 036,"43 483i,d",International trade: balance (million current US$),-863,- 18 345,"- 12 426i,d","Balance of payments, current account (million US$)",- 8 822,- 19 302,- 9 326d,,,,,,,,,,,,,,,,,,,,,,,,,,,,,,,,
Unemploymenti (% of labour force),11,8.3,9.7d,Labour force participation ratei (female/male pop. %),55.7 /       81.6,58.5 /       82.0,57.5 /       81.0d,CPI: Consumer Price Indexj (2010=100),100,118,145d,Agricultural production index (2014-2016=100),81,101,133b,International trade: exports (million current US$),39 820,35 691,"31 057i,d",International trade: imports (million current US$),40 683,54 036,"43 483i,d",International trade: balance (million current US$),-863,- 18 345,"- 12 426i,d","Balance of payments, current account (million US$)",- 8 822,- 19 302,- 9 326d,,,,,,,,,,,,,,,,,,,,,,,,,,,,,,,,,,,,
Labour force participation ratei (female/male pop. %),55.7 /       81.6,58.5 /       82.0,57.5 /       81.0d,CPI: Consumer Price Indexj (2010=100),100,118,145d,Agricultural production index (2014-2016=100),81,101,133b,International trade: exports (million current US$),39 820,35 691,"31 057i,d",International trade: imports (million current US$),40 683,54 036,"43 483i,d",International trade: balance (million current US$),-863,- 18 345,"- 12 426i,d","Balance of payments, current account (million US$)",- 8 822,- 19 302,- 9 326d,,,,,,,,,,,,,,,,,,,,,,,,,,,,,,,,,,,,,,,,
CPI: Consumer Price Indexj (2010=100),100,118,145d,Agricultural production index (2014-2016=100),81,101,133b,International trade: exports (million current US$),39 820,35 691,"31 057i,d",International trade: imports (million current US$),40 683,54 036,"43 483i,d",International trade: balance (million current US$),-863,- 18 345,"- 12 426i,d","Balance of payments, current account (million US$)",- 8 822,- 19 302,- 9 326d,,,,,,,,,,,,,,,,,,,,,,,,,,,,,,,,,,,,,,,,,,,,
Agricultural production index (2014-2016=100),81,101,133b,International trade: exports (million current US$),39 820,35 691,"31 057i,d",International trade: imports (million current US$),40 683,54 036,"43 483i,d",International trade: balance (million current US$),-863,- 18 345,"- 12 426i,d","Balance of payments, current account (million US$)",- 8 822,- 19 302,- 9 326d,,,,,,,,,,,,,,,,,,,,,,,,,,,,,,,,,,,,,,,,,,,,,,,,
International trade: exports (million current US$),39 820,35 691,"31 057i,d",International trade: imports (million current US$),40 683,54 036,"43 483i,d",International trade: balance (million current US$),-863,- 18 345,"- 12 426i,d","Balance of payments, current account (million US$)",- 8 822,- 19 302,- 9 326d,,,,,,,,,,,,,,,,,,,,,,,,,,,,,,,,,,,,,,,,,,,,,,,,,,,,
International trade: imports (million current US$),40 683,54 036,"43 483i,d",International trade: balance (million current US$),-863,- 18 345,"- 12 426i,d","Balance of payments, current account (million US$)",- 8 822,- 19 302,- 9 326d,,,,,,,,,,,,,,,,,,,,,,,,,,,,,,,,,,,,,,,,,,,,,,,,,,,,,,,,
International trade: balance (million current US$),-863,- 18 345,"- 12 426i,d","Balance of payments, current account (million US$)",- 8 822,- 19 302,- 9 326d,,,,,,,,,,,,,,,,,,,,,,,,,,,,,,,,,,,,,,,,,,,,,,,,,,,,,,,,,,,,
"Balance of payments, current account (million US$)",- 8 822,- 19 302,- 9 326d,,,,,,,,,,,,,,,,,,,,,,,,,,,,,,,,,,,,,,,,,,,,,,,,,,,,,,,,,,,,,,,,
