0,1,2,3,4,5,6,7,8,9,10,11,12,13,14,15,16,17,18,19,20,21,22,23,24,25,26,27,28,29,30,31,32,33,34,35,36,37,38,39,40,41,42,43
,2010,2015,2021,,,,,,,,,,,,,,,,,,,,,,,,,,,,,,,,,,,,,,,,
Individuals using the Internet (per 100 inhabitants),42.8i,52.6i,69.9b,Research & Development expenditure (% of GDP),"~0.0o,p",0.2,0.2m,Threatened species (number),67,85,107,Forested areai (% of land area),41.1,42.2,42.7m,CO2 emission estimates (million tons/tons per capita),20.5 /        5.5,19.3 /        5.6,22.2 /        6.7m,"Energy production, primary (Petajoules)",182,173,238m,Energy supply per capita (Gigajoules),73,73,94m,Tourist/visitor arrivals at national borders (000),365,678,1 053m,Important sites for terrestrial biodiversity protected (%),28.9,29,29d,Pop. using safely managed sanitation (urban/rural %),7.0 / ...,19.4 / ...,29.8 / ...d,Net Official Development Assist. received (% of GNI),2.93,2.18,2.29b
Research & Development expenditure (% of GDP),"~0.0o,p",0.2,0.2m,Threatened species (number),67,85,107,Forested areai (% of land area),41.1,42.2,42.7m,CO2 emission estimates (million tons/tons per capita),20.5 /        5.5,19.3 /        5.6,22.2 /        6.7m,"Energy production, primary (Petajoules)",182,173,238m,Energy supply per capita (Gigajoules),73,73,94m,Tourist/visitor arrivals at national borders (000),365,678,1 053m,Important sites for terrestrial biodiversity protected (%),28.9,29,29d,Pop. using safely managed sanitation (urban/rural %),7.0 / ...,19.4 / ...,29.8 / ...d,Net Official Development Assist. received (% of GNI),2.93,2.18,2.29b,,,,
Threatened species (number),67,85,107,Forested areai (% of land area),41.1,42.2,42.7m,CO2 emission estimates (million tons/tons per capita),20.5 /        5.5,19.3 /        5.6,22.2 /        6.7m,"Energy production, primary (Petajoules)",182,173,238m,Energy supply per capita (Gigajoules),73,73,94m,Tourist/visitor arrivals at national borders (000),365,678,1 053m,Important sites for terrestrial biodiversity protected (%),28.9,29,29d,Pop. using safely managed sanitation (urban/rural %),7.0 / ...,19.4 / ...,29.8 / ...d,Net Official Development Assist. received (% of GNI),2.93,2.18,2.29b,,,,,,,,
Forested areai (% of land area),41.1,42.2,42.7m,CO2 emission estimates (million tons/tons per capita),20.5 /        5.5,19.3 /        5.6,22.2 /        6.7m,"Energy production, primary (Petajoules)",182,173,238m,Energy supply per capita (Gigajoules),73,73,94m,Tourist/visitor arrivals at national borders (000),365,678,1 053m,Important sites for terrestrial biodiversity protected (%),28.9,29,29d,Pop. using safely managed sanitation (urban/rural %),7.0 / ...,19.4 / ...,29.8 / ...d,Net Official Development Assist. received (% of GNI),2.93,2.18,2.29b,,,,,,,,,,,,
CO2 emission estimates (million tons/tons per capita),20.5 /        5.5,19.3 /        5.6,22.2 /        6.7m,"Energy production, primary (Petajoules)",182,173,238m,Energy supply per capita (Gigajoules),73,73,94m,Tourist/visitor arrivals at national borders (000),365,678,1 053m,Important sites for terrestrial biodiversity protected (%),28.9,29,29d,Pop. using safely managed sanitation (urban/rural %),7.0 / ...,19.4 / ...,29.8 / ...d,Net Official Development Assist. received (% of GNI),2.93,2.18,2.29b,,,,,,,,,,,,,,,,
"Energy production, primary (Petajoules)",182,173,238m,Energy supply per capita (Gigajoules),73,73,94m,Tourist/visitor arrivals at national borders (000),365,678,1 053m,Important sites for terrestrial biodiversity protected (%),28.9,29,29d,Pop. using safely managed sanitation (urban/rural %),7.0 / ...,19.4 / ...,29.8 / ...d,Net Official Development Assist. received (% of GNI),2.93,2.18,2.29b,,,,,,,,,,,,,,,,,,,,
Energy supply per capita (Gigajoules),73,73,94m,Tourist/visitor arrivals at national borders (000),365,678,1 053m,Important sites for terrestrial biodiversity protected (%),28.9,29,29d,Pop. using safely managed sanitation (urban/rural %),7.0 / ...,19.4 / ...,29.8 / ...d,Net Official Development Assist. received (% of GNI),2.93,2.18,2.29b,,,,,,,,,,,,,,,,,,,,,,,,
Tourist/visitor arrivals at national borders (000),365,678,1 053m,Important sites for terrestrial biodiversity protected (%),28.9,29,29d,Pop. using safely managed sanitation (urban/rural %),7.0 / ...,19.4 / ...,29.8 / ...d,Net Official Development Assist. received (% of GNI),2.93,2.18,2.29b,,,,,,,,,,,,,,,,,,,,,,,,,,,,
Important sites for terrestrial biodiversity protected (%),28.9,29,29d,Pop. using safely managed sanitation (urban/rural %),7.0 / ...,19.4 / ...,29.8 / ...d,Net Official Development Assist. received (% of GNI),2.93,2.18,2.29b,,,,,,,,,,,,,,,,,,,,,,,,,,,,,,,,
Pop. using safely managed sanitation (urban/rural %),7.0 / ...,19.4 / ...,29.8 / ...d,Net Official Development Assist. received (% of GNI),2.93,2.18,2.29b,,,,,,,,,,,,,,,,,,,,,,,,,,,,,,,,,,,,
Net Official Development Assist. received (% of GNI),2.93,2.18,2.29b,,,,,,,,,,,,,,,,,,,,,,,,,,,,,,,,,,,,,,,,
