0,1,2,3,4,5,6,7,8,9,10,11,12,13,14,15,16,17,18,19,20,21,22,23,24,25,26,27,28,29,30,31,32,33,34,35,36,37,38,39,40,41,42,43,44,45,46,47,48,49,50,51,52,53,54,55
,2010,2015,2021,,,,,,,,,,,,,,,,,,,,,,,,,,,,,,,,,,,,,,,,,,,,,,,,,,,,
Population growth ratej (average annual %),-0.3,-1.5,-0.9d,Urban population (% of total population),45.6,47.2,48.6b,Urban population growth ratej (average annual %),0.4,-0.3,...,"Fertility rate, totalj (live births per woman)",1.3,1.3,1.3d,"Life expectancy at birthj (females/males, years)",78.1 /       72.9,78.9 /       74.0,79.6 /       74.6d,"Population age distribution (0-14/60+ years old, %)",15.7 /       19.3,15.2 /       21.5,14.3 /       26.0a,"International migrant stocki,k (000/% of total pop.)",38.9 /        1.1,38.6 /        1.1,36.0 /        1.1d,Refugees and others of concern to UNHCR (000),179l,143.9,156.2d,Infant mortality ratej (per 1 000 live births),9,6.9,6d,Health: Current expenditure (% of GDP),9,9.3,8.9m,Health: Physicians (per 1 000 pop.),1.8,2.2,...,Education: Upper secondary gross enrol. ratio (f/m per 100 pop.),... / ...,... / ...,84.0 /       80.6b,Intentional homicide rate (per 100 000 pop.),1.5,1.7,1.2m,Seats held by women in national parliaments (%),19,21.4,26.2n
Urban population (% of total population),45.6,47.2,48.6b,Urban population growth ratej (average annual %),0.4,-0.3,...,"Fertility rate, totalj (live births per woman)",1.3,1.3,1.3d,"Life expectancy at birthj (females/males, years)",78.1 /       72.9,78.9 /       74.0,79.6 /       74.6d,"Population age distribution (0-14/60+ years old, %)",15.7 /       19.3,15.2 /       21.5,14.3 /       26.0a,"International migrant stocki,k (000/% of total pop.)",38.9 /        1.1,38.6 /        1.1,36.0 /        1.1d,Refugees and others of concern to UNHCR (000),179l,143.9,156.2d,Infant mortality ratej (per 1 000 live births),9,6.9,6d,Health: Current expenditure (% of GDP),9,9.3,8.9m,Health: Physicians (per 1 000 pop.),1.8,2.2,...,Education: Upper secondary gross enrol. ratio (f/m per 100 pop.),... / ...,... / ...,84.0 /       80.6b,Intentional homicide rate (per 100 000 pop.),1.5,1.7,1.2m,Seats held by women in national parliaments (%),19,21.4,26.2n,,,,
Urban population growth ratej (average annual %),0.4,-0.3,...,"Fertility rate, totalj (live births per woman)",1.3,1.3,1.3d,"Life expectancy at birthj (females/males, years)",78.1 /       72.9,78.9 /       74.0,79.6 /       74.6d,"Population age distribution (0-14/60+ years old, %)",15.7 /       19.3,15.2 /       21.5,14.3 /       26.0a,"International migrant stocki,k (000/% of total pop.)",38.9 /        1.1,38.6 /        1.1,36.0 /        1.1d,Refugees and others of concern to UNHCR (000),179l,143.9,156.2d,Infant mortality ratej (per 1 000 live births),9,6.9,6d,Health: Current expenditure (% of GDP),9,9.3,8.9m,Health: Physicians (per 1 000 pop.),1.8,2.2,...,Education: Upper secondary gross enrol. ratio (f/m per 100 pop.),... / ...,... / ...,84.0 /       80.6b,Intentional homicide rate (per 100 000 pop.),1.5,1.7,1.2m,Seats held by women in national parliaments (%),19,21.4,26.2n,,,,,,,,
"Fertility rate, totalj (live births per woman)",1.3,1.3,1.3d,"Life expectancy at birthj (females/males, years)",78.1 /       72.9,78.9 /       74.0,79.6 /       74.6d,"Population age distribution (0-14/60+ years old, %)",15.7 /       19.3,15.2 /       21.5,14.3 /       26.0a,"International migrant stocki,k (000/% of total pop.)",38.9 /        1.1,38.6 /        1.1,36.0 /        1.1d,Refugees and others of concern to UNHCR (000),179l,143.9,156.2d,Infant mortality ratej (per 1 000 live births),9,6.9,6d,Health: Current expenditure (% of GDP),9,9.3,8.9m,Health: Physicians (per 1 000 pop.),1.8,2.2,...,Education: Upper secondary gross enrol. ratio (f/m per 100 pop.),... / ...,... / ...,84.0 /       80.6b,Intentional homicide rate (per 100 000 pop.),1.5,1.7,1.2m,Seats held by women in national parliaments (%),19,21.4,26.2n,,,,,,,,,,,,
"Life expectancy at birthj (females/males, years)",78.1 /       72.9,78.9 /       74.0,79.6 /       74.6d,"Population age distribution (0-14/60+ years old, %)",15.7 /       19.3,15.2 /       21.5,14.3 /       26.0a,"International migrant stocki,k (000/% of total pop.)",38.9 /        1.1,38.6 /        1.1,36.0 /        1.1d,Refugees and others of concern to UNHCR (000),179l,143.9,156.2d,Infant mortality ratej (per 1 000 live births),9,6.9,6d,Health: Current expenditure (% of GDP),9,9.3,8.9m,Health: Physicians (per 1 000 pop.),1.8,2.2,...,Education: Upper secondary gross enrol. ratio (f/m per 100 pop.),... / ...,... / ...,84.0 /       80.6b,Intentional homicide rate (per 100 000 pop.),1.5,1.7,1.2m,Seats held by women in national parliaments (%),19,21.4,26.2n,,,,,,,,,,,,,,,,
"Population age distribution (0-14/60+ years old, %)",15.7 /       19.3,15.2 /       21.5,14.3 /       26.0a,"International migrant stocki,k (000/% of total pop.)",38.9 /        1.1,38.6 /        1.1,36.0 /        1.1d,Refugees and others of concern to UNHCR (000),179l,143.9,156.2d,Infant mortality ratej (per 1 000 live births),9,6.9,6d,Health: Current expenditure (% of GDP),9,9.3,8.9m,Health: Physicians (per 1 000 pop.),1.8,2.2,...,Education: Upper secondary gross enrol. ratio (f/m per 100 pop.),... / ...,... / ...,84.0 /       80.6b,Intentional homicide rate (per 100 000 pop.),1.5,1.7,1.2m,Seats held by women in national parliaments (%),19,21.4,26.2n,,,,,,,,,,,,,,,,,,,,
"International migrant stocki,k (000/% of total pop.)",38.9 /        1.1,38.6 /        1.1,36.0 /        1.1d,Refugees and others of concern to UNHCR (000),179l,143.9,156.2d,Infant mortality ratej (per 1 000 live births),9,6.9,6d,Health: Current expenditure (% of GDP),9,9.3,8.9m,Health: Physicians (per 1 000 pop.),1.8,2.2,...,Education: Upper secondary gross enrol. ratio (f/m per 100 pop.),... / ...,... / ...,84.0 /       80.6b,Intentional homicide rate (per 100 000 pop.),1.5,1.7,1.2m,Seats held by women in national parliaments (%),19,21.4,26.2n,,,,,,,,,,,,,,,,,,,,,,,,
Refugees and others of concern to UNHCR (000),179l,143.9,156.2d,Infant mortality ratej (per 1 000 live births),9,6.9,6d,Health: Current expenditure (% of GDP),9,9.3,8.9m,Health: Physicians (per 1 000 pop.),1.8,2.2,...,Education: Upper secondary gross enrol. ratio (f/m per 100 pop.),... / ...,... / ...,84.0 /       80.6b,Intentional homicide rate (per 100 000 pop.),1.5,1.7,1.2m,Seats held by women in national parliaments (%),19,21.4,26.2n,,,,,,,,,,,,,,,,,,,,,,,,,,,,
Infant mortality ratej (per 1 000 live births),9,6.9,6d,Health: Current expenditure (% of GDP),9,9.3,8.9m,Health: Physicians (per 1 000 pop.),1.8,2.2,...,Education: Upper secondary gross enrol. ratio (f/m per 100 pop.),... / ...,... / ...,84.0 /       80.6b,Intentional homicide rate (per 100 000 pop.),1.5,1.7,1.2m,Seats held by women in national parliaments (%),19,21.4,26.2n,,,,,,,,,,,,,,,,,,,,,,,,,,,,,,,,
Health: Current expenditure (% of GDP),9,9.3,8.9m,Health: Physicians (per 1 000 pop.),1.8,2.2,...,Education: Upper secondary gross enrol. ratio (f/m per 100 pop.),... / ...,... / ...,84.0 /       80.6b,Intentional homicide rate (per 100 000 pop.),1.5,1.7,1.2m,Seats held by women in national parliaments (%),19,21.4,26.2n,,,,,,,,,,,,,,,,,,,,,,,,,,,,,,,,,,,,
Health: Physicians (per 1 000 pop.),1.8,2.2,...,Education: Upper secondary gross enrol. ratio (f/m per 100 pop.),... / ...,... / ...,84.0 /       80.6b,Intentional homicide rate (per 100 000 pop.),1.5,1.7,1.2m,Seats held by women in national parliaments (%),19,21.4,26.2n,,,,,,,,,,,,,,,,,,,,,,,,,,,,,,,,,,,,,,,,
Education: Upper secondary gross enrol. ratio (f/m per 100 pop.),... / ...,... / ...,84.0 /       80.6b,Intentional homicide rate (per 100 000 pop.),1.5,1.7,1.2m,Seats held by women in national parliaments (%),19,21.4,26.2n,,,,,,,,,,,,,,,,,,,,,,,,,,,,,,,,,,,,,,,,,,,,
Intentional homicide rate (per 100 000 pop.),1.5,1.7,1.2m,Seats held by women in national parliaments (%),19,21.4,26.2n,,,,,,,,,,,,,,,,,,,,,,,,,,,,,,,,,,,,,,,,,,,,,,,,
Seats held by women in national parliaments (%),19,21.4,26.2n,,,,,,,,,,,,,,,,,,,,,,,,,,,,,,,,,,,,,,,,,,,,,,,,,,,,
