0,1,2,3,4,5,6,7,8,9,10,11,12,13,14,15,16,17,18,19,20,21,22,23,24,25,26,27,28,29,30,31,32,33,34,35,36,37,38,39,40,41,42,43
,2010,2015,2021,,,,,,,,,,,,,,,,,,,,,,,,,,,,,,,,,,,,,,,,
Individuals using the Internet (per 100 inhabitants),6,37.3e,"41.4e,n",Research & Development expenditure (% of GDP),0.5o,0.5p,...,Threatened species (number),18,24,35,Forested areae (% of land area),29,28,27.3c,CO2 emission estimates (million tons/tons per capita),3.3 /        1.6,7.1 /        3.3,8.1 /        3.6c,"Energy production, primary (Petajoules)",30,56,65c,Energy supply per capita (Gigajoules),37,38,45c,Tourist/visitor arrivals at national borders (000),1 973,1 528,1 655c,Important sites for terrestrial biodiversity protected (%),51.1,51.1,51.1d,"Pop. using safely managed drinking water (urban/rural, %)",83.7 / ...,83.4 / ...,83.1 / ...d,Net Official Development Assist. received (% of GNI),1.27,0.47,0.4b
Research & Development expenditure (% of GDP),0.5o,0.5p,...,Threatened species (number),18,24,35,Forested areae (% of land area),29,28,27.3c,CO2 emission estimates (million tons/tons per capita),3.3 /        1.6,7.1 /        3.3,8.1 /        3.6c,"Energy production, primary (Petajoules)",30,56,65c,Energy supply per capita (Gigajoules),37,38,45c,Tourist/visitor arrivals at national borders (000),1 973,1 528,1 655c,Important sites for terrestrial biodiversity protected (%),51.1,51.1,51.1d,"Pop. using safely managed drinking water (urban/rural, %)",83.7 / ...,83.4 / ...,83.1 / ...d,Net Official Development Assist. received (% of GNI),1.27,0.47,0.4b,,,,
Threatened species (number),18,24,35,Forested areae (% of land area),29,28,27.3c,CO2 emission estimates (million tons/tons per capita),3.3 /        1.6,7.1 /        3.3,8.1 /        3.6c,"Energy production, primary (Petajoules)",30,56,65c,Energy supply per capita (Gigajoules),37,38,45c,Tourist/visitor arrivals at national borders (000),1 973,1 528,1 655c,Important sites for terrestrial biodiversity protected (%),51.1,51.1,51.1d,"Pop. using safely managed drinking water (urban/rural, %)",83.7 / ...,83.4 / ...,83.1 / ...d,Net Official Development Assist. received (% of GNI),1.27,0.47,0.4b,,,,,,,,
Forested areae (% of land area),29,28,27.3c,CO2 emission estimates (million tons/tons per capita),3.3 /        1.6,7.1 /        3.3,8.1 /        3.6c,"Energy production, primary (Petajoules)",30,56,65c,Energy supply per capita (Gigajoules),37,38,45c,Tourist/visitor arrivals at national borders (000),1 973,1 528,1 655c,Important sites for terrestrial biodiversity protected (%),51.1,51.1,51.1d,"Pop. using safely managed drinking water (urban/rural, %)",83.7 / ...,83.4 / ...,83.1 / ...d,Net Official Development Assist. received (% of GNI),1.27,0.47,0.4b,,,,,,,,,,,,
CO2 emission estimates (million tons/tons per capita),3.3 /        1.6,7.1 /        3.3,8.1 /        3.6c,"Energy production, primary (Petajoules)",30,56,65c,Energy supply per capita (Gigajoules),37,38,45c,Tourist/visitor arrivals at national borders (000),1 973,1 528,1 655c,Important sites for terrestrial biodiversity protected (%),51.1,51.1,51.1d,"Pop. using safely managed drinking water (urban/rural, %)",83.7 / ...,83.4 / ...,83.1 / ...d,Net Official Development Assist. received (% of GNI),1.27,0.47,0.4b,,,,,,,,,,,,,,,,
"Energy production, primary (Petajoules)",30,56,65c,Energy supply per capita (Gigajoules),37,38,45c,Tourist/visitor arrivals at national borders (000),1 973,1 528,1 655c,Important sites for terrestrial biodiversity protected (%),51.1,51.1,51.1d,"Pop. using safely managed drinking water (urban/rural, %)",83.7 / ...,83.4 / ...,83.1 / ...d,Net Official Development Assist. received (% of GNI),1.27,0.47,0.4b,,,,,,,,,,,,,,,,,,,,
Energy supply per capita (Gigajoules),37,38,45c,Tourist/visitor arrivals at national borders (000),1 973,1 528,1 655c,Important sites for terrestrial biodiversity protected (%),51.1,51.1,51.1d,"Pop. using safely managed drinking water (urban/rural, %)",83.7 / ...,83.4 / ...,83.1 / ...d,Net Official Development Assist. received (% of GNI),1.27,0.47,0.4b,,,,,,,,,,,,,,,,,,,,,,,,
Tourist/visitor arrivals at national borders (000),1 973,1 528,1 655c,Important sites for terrestrial biodiversity protected (%),51.1,51.1,51.1d,"Pop. using safely managed drinking water (urban/rural, %)",83.7 / ...,83.4 / ...,83.1 / ...d,Net Official Development Assist. received (% of GNI),1.27,0.47,0.4b,,,,,,,,,,,,,,,,,,,,,,,,,,,,
Important sites for terrestrial biodiversity protected (%),51.1,51.1,51.1d,"Pop. using safely managed drinking water (urban/rural, %)",83.7 / ...,83.4 / ...,83.1 / ...d,Net Official Development Assist. received (% of GNI),1.27,0.47,0.4b,,,,,,,,,,,,,,,,,,,,,,,,,,,,,,,,
"Pop. using safely managed drinking water (urban/rural, %)",83.7 / ...,83.4 / ...,83.1 / ...d,Net Official Development Assist. received (% of GNI),1.27,0.47,0.4b,,,,,,,,,,,,,,,,,,,,,,,,,,,,,,,,,,,,
Net Official Development Assist. received (% of GNI),1.27,0.47,0.4b,,,,,,,,,,,,,,,,,,,,,,,,,,,,,,,,,,,,,,,,
