0,1,2,3,4,5,6,7,8,9,10,11,12,13,14,15,16,17,18,19,20,21,22,23,24,25,26,27,28,29,30,31,32,33,34,35,36,37,38,39,40,41,42,43,44,45,46,47,48,49,50,51,52,53,54,55,56,57,58,59,60,61,62,63,64,65,66,67
,2010,2015,2021,,,,,,,,,,,,,,,,,,,,,,,,,,,,,,,,,,,,,,,,,,,,,,,,,,,,,,,,,,,,,,,,
Population growth rateg (average annual %),2,1.3,2.1d,Urban population (% of total population),62.4,67.2,70.2b,Urban population growth rateg (average annual %),3.8,3.3,...,"Fertility rate, totalg (live births per woman)",3,3,2.9d,"Life expectancy at birthg (females/males, years)",58.1 /       53.6,67.0 /       61.8,71.9 /       66.0d,"Population age distribution (0-14/60+ years old, %)",35.0 /        5.3,34.9 /        6.2,33.0 /        7.2a,International migrant stockh (000/% of total pop.),94.9 /        4.8,103.1 /        4.9,110.3 /        4.7d,Refugees and others of concern to UNHCR (000),3.3i,2.4,1d,Infant mortality rateg (per 1 000 live births),44.2,35.5,30.2d,Health: Current expenditure (% of GDP),6.2,5.7,5.8c,Health: Physicians (per 1 000 pop.),0.4,0.4j,0.3c,Education: Government expenditure (% of GDP),9.6k,...,...,Education: Primary gross enrol. ratio (f/m per 100 pop.),106.6 /      109.8k,102.1 /      104.4,... / ...,Education: Secondary gross enrol. ratio (f/m per 100 pop.),83.5 /       76.4l,... / ...,... / ...,Education: Upper secondary gross enrol. ratio (f/m per 100 pop.),62.9 /       54.5l,... / ...,... / ...,Intentional homicide rate (per 100 000 pop.),15.2,...,...,Seats held by women in national parliaments (%),7.9,9.5,10.8m
Urban population (% of total population),62.4,67.2,70.2b,Urban population growth rateg (average annual %),3.8,3.3,...,"Fertility rate, totalg (live births per woman)",3,3,2.9d,"Life expectancy at birthg (females/males, years)",58.1 /       53.6,67.0 /       61.8,71.9 /       66.0d,"Population age distribution (0-14/60+ years old, %)",35.0 /        5.3,34.9 /        6.2,33.0 /        7.2a,International migrant stockh (000/% of total pop.),94.9 /        4.8,103.1 /        4.9,110.3 /        4.7d,Refugees and others of concern to UNHCR (000),3.3i,2.4,1d,Infant mortality rateg (per 1 000 live births),44.2,35.5,30.2d,Health: Current expenditure (% of GDP),6.2,5.7,5.8c,Health: Physicians (per 1 000 pop.),0.4,0.4j,0.3c,Education: Government expenditure (% of GDP),9.6k,...,...,Education: Primary gross enrol. ratio (f/m per 100 pop.),106.6 /      109.8k,102.1 /      104.4,... / ...,Education: Secondary gross enrol. ratio (f/m per 100 pop.),83.5 /       76.4l,... / ...,... / ...,Education: Upper secondary gross enrol. ratio (f/m per 100 pop.),62.9 /       54.5l,... / ...,... / ...,Intentional homicide rate (per 100 000 pop.),15.2,...,...,Seats held by women in national parliaments (%),7.9,9.5,10.8m,,,,
Urban population growth rateg (average annual %),3.8,3.3,...,"Fertility rate, totalg (live births per woman)",3,3,2.9d,"Life expectancy at birthg (females/males, years)",58.1 /       53.6,67.0 /       61.8,71.9 /       66.0d,"Population age distribution (0-14/60+ years old, %)",35.0 /        5.3,34.9 /        6.2,33.0 /        7.2a,International migrant stockh (000/% of total pop.),94.9 /        4.8,103.1 /        4.9,110.3 /        4.7d,Refugees and others of concern to UNHCR (000),3.3i,2.4,1d,Infant mortality rateg (per 1 000 live births),44.2,35.5,30.2d,Health: Current expenditure (% of GDP),6.2,5.7,5.8c,Health: Physicians (per 1 000 pop.),0.4,0.4j,0.3c,Education: Government expenditure (% of GDP),9.6k,...,...,Education: Primary gross enrol. ratio (f/m per 100 pop.),106.6 /      109.8k,102.1 /      104.4,... / ...,Education: Secondary gross enrol. ratio (f/m per 100 pop.),83.5 /       76.4l,... / ...,... / ...,Education: Upper secondary gross enrol. ratio (f/m per 100 pop.),62.9 /       54.5l,... / ...,... / ...,Intentional homicide rate (per 100 000 pop.),15.2,...,...,Seats held by women in national parliaments (%),7.9,9.5,10.8m,,,,,,,,
"Fertility rate, totalg (live births per woman)",3,3,2.9d,"Life expectancy at birthg (females/males, years)",58.1 /       53.6,67.0 /       61.8,71.9 /       66.0d,"Population age distribution (0-14/60+ years old, %)",35.0 /        5.3,34.9 /        6.2,33.0 /        7.2a,International migrant stockh (000/% of total pop.),94.9 /        4.8,103.1 /        4.9,110.3 /        4.7d,Refugees and others of concern to UNHCR (000),3.3i,2.4,1d,Infant mortality rateg (per 1 000 live births),44.2,35.5,30.2d,Health: Current expenditure (% of GDP),6.2,5.7,5.8c,Health: Physicians (per 1 000 pop.),0.4,0.4j,0.3c,Education: Government expenditure (% of GDP),9.6k,...,...,Education: Primary gross enrol. ratio (f/m per 100 pop.),106.6 /      109.8k,102.1 /      104.4,... / ...,Education: Secondary gross enrol. ratio (f/m per 100 pop.),83.5 /       76.4l,... / ...,... / ...,Education: Upper secondary gross enrol. ratio (f/m per 100 pop.),62.9 /       54.5l,... / ...,... / ...,Intentional homicide rate (per 100 000 pop.),15.2,...,...,Seats held by women in national parliaments (%),7.9,9.5,10.8m,,,,,,,,,,,,
"Life expectancy at birthg (females/males, years)",58.1 /       53.6,67.0 /       61.8,71.9 /       66.0d,"Population age distribution (0-14/60+ years old, %)",35.0 /        5.3,34.9 /        6.2,33.0 /        7.2a,International migrant stockh (000/% of total pop.),94.9 /        4.8,103.1 /        4.9,110.3 /        4.7d,Refugees and others of concern to UNHCR (000),3.3i,2.4,1d,Infant mortality rateg (per 1 000 live births),44.2,35.5,30.2d,Health: Current expenditure (% of GDP),6.2,5.7,5.8c,Health: Physicians (per 1 000 pop.),0.4,0.4j,0.3c,Education: Government expenditure (% of GDP),9.6k,...,...,Education: Primary gross enrol. ratio (f/m per 100 pop.),106.6 /      109.8k,102.1 /      104.4,... / ...,Education: Secondary gross enrol. ratio (f/m per 100 pop.),83.5 /       76.4l,... / ...,... / ...,Education: Upper secondary gross enrol. ratio (f/m per 100 pop.),62.9 /       54.5l,... / ...,... / ...,Intentional homicide rate (per 100 000 pop.),15.2,...,...,Seats held by women in national parliaments (%),7.9,9.5,10.8m,,,,,,,,,,,,,,,,
"Population age distribution (0-14/60+ years old, %)",35.0 /        5.3,34.9 /        6.2,33.0 /        7.2a,International migrant stockh (000/% of total pop.),94.9 /        4.8,103.1 /        4.9,110.3 /        4.7d,Refugees and others of concern to UNHCR (000),3.3i,2.4,1d,Infant mortality rateg (per 1 000 live births),44.2,35.5,30.2d,Health: Current expenditure (% of GDP),6.2,5.7,5.8c,Health: Physicians (per 1 000 pop.),0.4,0.4j,0.3c,Education: Government expenditure (% of GDP),9.6k,...,...,Education: Primary gross enrol. ratio (f/m per 100 pop.),106.6 /      109.8k,102.1 /      104.4,... / ...,Education: Secondary gross enrol. ratio (f/m per 100 pop.),83.5 /       76.4l,... / ...,... / ...,Education: Upper secondary gross enrol. ratio (f/m per 100 pop.),62.9 /       54.5l,... / ...,... / ...,Intentional homicide rate (per 100 000 pop.),15.2,...,...,Seats held by women in national parliaments (%),7.9,9.5,10.8m,,,,,,,,,,,,,,,,,,,,
International migrant stockh (000/% of total pop.),94.9 /        4.8,103.1 /        4.9,110.3 /        4.7d,Refugees and others of concern to UNHCR (000),3.3i,2.4,1d,Infant mortality rateg (per 1 000 live births),44.2,35.5,30.2d,Health: Current expenditure (% of GDP),6.2,5.7,5.8c,Health: Physicians (per 1 000 pop.),0.4,0.4j,0.3c,Education: Government expenditure (% of GDP),9.6k,...,...,Education: Primary gross enrol. ratio (f/m per 100 pop.),106.6 /      109.8k,102.1 /      104.4,... / ...,Education: Secondary gross enrol. ratio (f/m per 100 pop.),83.5 /       76.4l,... / ...,... / ...,Education: Upper secondary gross enrol. ratio (f/m per 100 pop.),62.9 /       54.5l,... / ...,... / ...,Intentional homicide rate (per 100 000 pop.),15.2,...,...,Seats held by women in national parliaments (%),7.9,9.5,10.8m,,,,,,,,,,,,,,,,,,,,,,,,
Refugees and others of concern to UNHCR (000),3.3i,2.4,1d,Infant mortality rateg (per 1 000 live births),44.2,35.5,30.2d,Health: Current expenditure (% of GDP),6.2,5.7,5.8c,Health: Physicians (per 1 000 pop.),0.4,0.4j,0.3c,Education: Government expenditure (% of GDP),9.6k,...,...,Education: Primary gross enrol. ratio (f/m per 100 pop.),106.6 /      109.8k,102.1 /      104.4,... / ...,Education: Secondary gross enrol. ratio (f/m per 100 pop.),83.5 /       76.4l,... / ...,... / ...,Education: Upper secondary gross enrol. ratio (f/m per 100 pop.),62.9 /       54.5l,... / ...,... / ...,Intentional homicide rate (per 100 000 pop.),15.2,...,...,Seats held by women in national parliaments (%),7.9,9.5,10.8m,,,,,,,,,,,,,,,,,,,,,,,,,,,,
Infant mortality rateg (per 1 000 live births),44.2,35.5,30.2d,Health: Current expenditure (% of GDP),6.2,5.7,5.8c,Health: Physicians (per 1 000 pop.),0.4,0.4j,0.3c,Education: Government expenditure (% of GDP),9.6k,...,...,Education: Primary gross enrol. ratio (f/m per 100 pop.),106.6 /      109.8k,102.1 /      104.4,... / ...,Education: Secondary gross enrol. ratio (f/m per 100 pop.),83.5 /       76.4l,... / ...,... / ...,Education: Upper secondary gross enrol. ratio (f/m per 100 pop.),62.9 /       54.5l,... / ...,... / ...,Intentional homicide rate (per 100 000 pop.),15.2,...,...,Seats held by women in national parliaments (%),7.9,9.5,10.8m,,,,,,,,,,,,,,,,,,,,,,,,,,,,,,,,
Health: Current expenditure (% of GDP),6.2,5.7,5.8c,Health: Physicians (per 1 000 pop.),0.4,0.4j,0.3c,Education: Government expenditure (% of GDP),9.6k,...,...,Education: Primary gross enrol. ratio (f/m per 100 pop.),106.6 /      109.8k,102.1 /      104.4,... / ...,Education: Secondary gross enrol. ratio (f/m per 100 pop.),83.5 /       76.4l,... / ...,... / ...,Education: Upper secondary gross enrol. ratio (f/m per 100 pop.),62.9 /       54.5l,... / ...,... / ...,Intentional homicide rate (per 100 000 pop.),15.2,...,...,Seats held by women in national parliaments (%),7.9,9.5,10.8m,,,,,,,,,,,,,,,,,,,,,,,,,,,,,,,,,,,,
Health: Physicians (per 1 000 pop.),0.4,0.4j,0.3c,Education: Government expenditure (% of GDP),9.6k,...,...,Education: Primary gross enrol. ratio (f/m per 100 pop.),106.6 /      109.8k,102.1 /      104.4,... / ...,Education: Secondary gross enrol. ratio (f/m per 100 pop.),83.5 /       76.4l,... / ...,... / ...,Education: Upper secondary gross enrol. ratio (f/m per 100 pop.),62.9 /       54.5l,... / ...,... / ...,Intentional homicide rate (per 100 000 pop.),15.2,...,...,Seats held by women in national parliaments (%),7.9,9.5,10.8m,,,,,,,,,,,,,,,,,,,,,,,,,,,,,,,,,,,,,,,,
Education: Government expenditure (% of GDP),9.6k,...,...,Education: Primary gross enrol. ratio (f/m per 100 pop.),106.6 /      109.8k,102.1 /      104.4,... / ...,Education: Secondary gross enrol. ratio (f/m per 100 pop.),83.5 /       76.4l,... / ...,... / ...,Education: Upper secondary gross enrol. ratio (f/m per 100 pop.),62.9 /       54.5l,... / ...,... / ...,Intentional homicide rate (per 100 000 pop.),15.2,...,...,Seats held by women in national parliaments (%),7.9,9.5,10.8m,,,,,,,,,,,,,,,,,,,,,,,,,,,,,,,,,,,,,,,,,,,,
Education: Primary gross enrol. ratio (f/m per 100 pop.),106.6 /      109.8k,102.1 /      104.4,... / ...,Education: Secondary gross enrol. ratio (f/m per 100 pop.),83.5 /       76.4l,... / ...,... / ...,Education: Upper secondary gross enrol. ratio (f/m per 100 pop.),62.9 /       54.5l,... / ...,... / ...,Intentional homicide rate (per 100 000 pop.),15.2,...,...,Seats held by women in national parliaments (%),7.9,9.5,10.8m,,,,,,,,,,,,,,,,,,,,,,,,,,,,,,,,,,,,,,,,,,,,,,,,
Education: Secondary gross enrol. ratio (f/m per 100 pop.),83.5 /       76.4l,... / ...,... / ...,Education: Upper secondary gross enrol. ratio (f/m per 100 pop.),62.9 /       54.5l,... / ...,... / ...,Intentional homicide rate (per 100 000 pop.),15.2,...,...,Seats held by women in national parliaments (%),7.9,9.5,10.8m,,,,,,,,,,,,,,,,,,,,,,,,,,,,,,,,,,,,,,,,,,,,,,,,,,,,
Education: Upper secondary gross enrol. ratio (f/m per 100 pop.),62.9 /       54.5l,... / ...,... / ...,Intentional homicide rate (per 100 000 pop.),15.2,...,...,Seats held by women in national parliaments (%),7.9,9.5,10.8m,,,,,,,,,,,,,,,,,,,,,,,,,,,,,,,,,,,,,,,,,,,,,,,,,,,,,,,,
Intentional homicide rate (per 100 000 pop.),15.2,...,...,Seats held by women in national parliaments (%),7.9,9.5,10.8m,,,,,,,,,,,,,,,,,,,,,,,,,,,,,,,,,,,,,,,,,,,,,,,,,,,,,,,,,,,,
Seats held by women in national parliaments (%),7.9,9.5,10.8m,,,,,,,,,,,,,,,,,,,,,,,,,,,,,,,,,,,,,,,,,,,,,,,,,,,,,,,,,,,,,,,,
