0,1,2,3,4,5,6,7,8,9,10,11,12,13,14,15,16,17,18,19,20,21,22,23,24,25,26,27,28,29,30,31,32,33,34,35,36,37,38,39,40,41,42,43
,2010,2015,2021,,,,,,,,,,,,,,,,,,,,,,,,,,,,,,,,,,,,,,,,
GDP: Gross domestic product (million current US$),268,331,380b,"GDP growth rate (annual %, const. 2015 prices)",-4.6,3.1,5.4b,GDP per capita (current US$),19 923.5,23 148.3,25 528.6b,Economy: Agriculture (% of Gross Value Added),2.1,2.3,2.9b,Economy: Industry (% of Gross Value Added),16.1,15.7,11.8b,Economy: Services and other activity (% of GVA),81.9,81.9,85.3b,CPI: Consumer Price Index (2010=100),100f,105,107b,International trade: exportsg (million current US$),12,11,2e,International trade: importsg (million current US$),149,204,148e,International trade: balanceg (million current US$),-137,-193,-145e,"Balance of payments, current account (million US$)",-51,-89,-136d
"GDP growth rate (annual %, const. 2015 prices)",-4.6,3.1,5.4b,GDP per capita (current US$),19 923.5,23 148.3,25 528.6b,Economy: Agriculture (% of Gross Value Added),2.1,2.3,2.9b,Economy: Industry (% of Gross Value Added),16.1,15.7,11.8b,Economy: Services and other activity (% of GVA),81.9,81.9,85.3b,CPI: Consumer Price Index (2010=100),100f,105,107b,International trade: exportsg (million current US$),12,11,2e,International trade: importsg (million current US$),149,204,148e,International trade: balanceg (million current US$),-137,-193,-145e,"Balance of payments, current account (million US$)",-51,-89,-136d,,,,
GDP per capita (current US$),19 923.5,23 148.3,25 528.6b,Economy: Agriculture (% of Gross Value Added),2.1,2.3,2.9b,Economy: Industry (% of Gross Value Added),16.1,15.7,11.8b,Economy: Services and other activity (% of GVA),81.9,81.9,85.3b,CPI: Consumer Price Index (2010=100),100f,105,107b,International trade: exportsg (million current US$),12,11,2e,International trade: importsg (million current US$),149,204,148e,International trade: balanceg (million current US$),-137,-193,-145e,"Balance of payments, current account (million US$)",-51,-89,-136d,,,,,,,,
Economy: Agriculture (% of Gross Value Added),2.1,2.3,2.9b,Economy: Industry (% of Gross Value Added),16.1,15.7,11.8b,Economy: Services and other activity (% of GVA),81.9,81.9,85.3b,CPI: Consumer Price Index (2010=100),100f,105,107b,International trade: exportsg (million current US$),12,11,2e,International trade: importsg (million current US$),149,204,148e,International trade: balanceg (million current US$),-137,-193,-145e,"Balance of payments, current account (million US$)",-51,-89,-136d,,,,,,,,,,,,
Economy: Industry (% of Gross Value Added),16.1,15.7,11.8b,Economy: Services and other activity (% of GVA),81.9,81.9,85.3b,CPI: Consumer Price Index (2010=100),100f,105,107b,International trade: exportsg (million current US$),12,11,2e,International trade: importsg (million current US$),149,204,148e,International trade: balanceg (million current US$),-137,-193,-145e,"Balance of payments, current account (million US$)",-51,-89,-136d,,,,,,,,,,,,,,,,
Economy: Services and other activity (% of GVA),81.9,81.9,85.3b,CPI: Consumer Price Index (2010=100),100f,105,107b,International trade: exportsg (million current US$),12,11,2e,International trade: importsg (million current US$),149,204,148e,International trade: balanceg (million current US$),-137,-193,-145e,"Balance of payments, current account (million US$)",-51,-89,-136d,,,,,,,,,,,,,,,,,,,,
CPI: Consumer Price Index (2010=100),100f,105,107b,International trade: exportsg (million current US$),12,11,2e,International trade: importsg (million current US$),149,204,148e,International trade: balanceg (million current US$),-137,-193,-145e,"Balance of payments, current account (million US$)",-51,-89,-136d,,,,,,,,,,,,,,,,,,,,,,,,
International trade: exportsg (million current US$),12,11,2e,International trade: importsg (million current US$),149,204,148e,International trade: balanceg (million current US$),-137,-193,-145e,"Balance of payments, current account (million US$)",-51,-89,-136d,,,,,,,,,,,,,,,,,,,,,,,,,,,,
International trade: importsg (million current US$),149,204,148e,International trade: balanceg (million current US$),-137,-193,-145e,"Balance of payments, current account (million US$)",-51,-89,-136d,,,,,,,,,,,,,,,,,,,,,,,,,,,,,,,,
International trade: balanceg (million current US$),-137,-193,-145e,"Balance of payments, current account (million US$)",-51,-89,-136d,,,,,,,,,,,,,,,,,,,,,,,,,,,,,,,,,,,,
"Balance of payments, current account (million US$)",-51,-89,-136d,,,,,,,,,,,,,,,,,,,,,,,,,,,,,,,,,,,,,,,,
