0,1,2,3,4,5,6,7,8,9,10,11,12,13,14,15,16,17,18,19,20,21,22,23,24,25,26,27,28,29,30,31,32,33,34,35,36,37,38,39
,2010,2015,2021,,,,,,,,,,,,,,,,,,,,,,,,,,,,,,,,,,,,
Population growth rateh (average annual %),1.5,1.2,1e,Urban population (% of total population),100,100,100b,Urban population growth rateh (average annual %),1.7,1.2,...,International migrant stocki (000/% of total pop.),5.1 /       38.0,5.5 /       38.3,5.7 /       38.1e,Refugees and others of concern to UNHCR (000),...,...,~0.0e,Education: Government expenditure (% of GDP),2.8j,...,...,Education: Primary gross enrol. ratio (f/m per 100 pop.),118.9 /      124.4,119.0 /      124.2k,105.8 /      106.8b,Education: Secondary gross enrol. ratio (f/m per 100 pop.),111.0 /      112.1,114.3 /      114.2k,99.2 /      102.4b,Education: Upper secondary gross enrol. ratio (f/m per 100 pop.),113.9 /      103.2,104.2 /      120.5k,94.9 /       99.5b,Intentional homicide rate (per 100 000 pop.),0,28.3l,...
Urban population (% of total population),100,100,100b,Urban population growth rateh (average annual %),1.7,1.2,...,International migrant stocki (000/% of total pop.),5.1 /       38.0,5.5 /       38.3,5.7 /       38.1e,Refugees and others of concern to UNHCR (000),...,...,~0.0e,Education: Government expenditure (% of GDP),2.8j,...,...,Education: Primary gross enrol. ratio (f/m per 100 pop.),118.9 /      124.4,119.0 /      124.2k,105.8 /      106.8b,Education: Secondary gross enrol. ratio (f/m per 100 pop.),111.0 /      112.1,114.3 /      114.2k,99.2 /      102.4b,Education: Upper secondary gross enrol. ratio (f/m per 100 pop.),113.9 /      103.2,104.2 /      120.5k,94.9 /       99.5b,Intentional homicide rate (per 100 000 pop.),0,28.3l,...,,,,
Urban population growth rateh (average annual %),1.7,1.2,...,International migrant stocki (000/% of total pop.),5.1 /       38.0,5.5 /       38.3,5.7 /       38.1e,Refugees and others of concern to UNHCR (000),...,...,~0.0e,Education: Government expenditure (% of GDP),2.8j,...,...,Education: Primary gross enrol. ratio (f/m per 100 pop.),118.9 /      124.4,119.0 /      124.2k,105.8 /      106.8b,Education: Secondary gross enrol. ratio (f/m per 100 pop.),111.0 /      112.1,114.3 /      114.2k,99.2 /      102.4b,Education: Upper secondary gross enrol. ratio (f/m per 100 pop.),113.9 /      103.2,104.2 /      120.5k,94.9 /       99.5b,Intentional homicide rate (per 100 000 pop.),0,28.3l,...,,,,,,,,
International migrant stocki (000/% of total pop.),5.1 /       38.0,5.5 /       38.3,5.7 /       38.1e,Refugees and others of concern to UNHCR (000),...,...,~0.0e,Education: Government expenditure (% of GDP),2.8j,...,...,Education: Primary gross enrol. ratio (f/m per 100 pop.),118.9 /      124.4,119.0 /      124.2k,105.8 /      106.8b,Education: Secondary gross enrol. ratio (f/m per 100 pop.),111.0 /      112.1,114.3 /      114.2k,99.2 /      102.4b,Education: Upper secondary gross enrol. ratio (f/m per 100 pop.),113.9 /      103.2,104.2 /      120.5k,94.9 /       99.5b,Intentional homicide rate (per 100 000 pop.),0,28.3l,...,,,,,,,,,,,,
Refugees and others of concern to UNHCR (000),...,...,~0.0e,Education: Government expenditure (% of GDP),2.8j,...,...,Education: Primary gross enrol. ratio (f/m per 100 pop.),118.9 /      124.4,119.0 /      124.2k,105.8 /      106.8b,Education: Secondary gross enrol. ratio (f/m per 100 pop.),111.0 /      112.1,114.3 /      114.2k,99.2 /      102.4b,Education: Upper secondary gross enrol. ratio (f/m per 100 pop.),113.9 /      103.2,104.2 /      120.5k,94.9 /       99.5b,Intentional homicide rate (per 100 000 pop.),0,28.3l,...,,,,,,,,,,,,,,,,
Education: Government expenditure (% of GDP),2.8j,...,...,Education: Primary gross enrol. ratio (f/m per 100 pop.),118.9 /      124.4,119.0 /      124.2k,105.8 /      106.8b,Education: Secondary gross enrol. ratio (f/m per 100 pop.),111.0 /      112.1,114.3 /      114.2k,99.2 /      102.4b,Education: Upper secondary gross enrol. ratio (f/m per 100 pop.),113.9 /      103.2,104.2 /      120.5k,94.9 /       99.5b,Intentional homicide rate (per 100 000 pop.),0,28.3l,...,,,,,,,,,,,,,,,,,,,,
Education: Primary gross enrol. ratio (f/m per 100 pop.),118.9 /      124.4,119.0 /      124.2k,105.8 /      106.8b,Education: Secondary gross enrol. ratio (f/m per 100 pop.),111.0 /      112.1,114.3 /      114.2k,99.2 /      102.4b,Education: Upper secondary gross enrol. ratio (f/m per 100 pop.),113.9 /      103.2,104.2 /      120.5k,94.9 /       99.5b,Intentional homicide rate (per 100 000 pop.),0,28.3l,...,,,,,,,,,,,,,,,,,,,,,,,,
Education: Secondary gross enrol. ratio (f/m per 100 pop.),111.0 /      112.1,114.3 /      114.2k,99.2 /      102.4b,Education: Upper secondary gross enrol. ratio (f/m per 100 pop.),113.9 /      103.2,104.2 /      120.5k,94.9 /       99.5b,Intentional homicide rate (per 100 000 pop.),0,28.3l,...,,,,,,,,,,,,,,,,,,,,,,,,,,,,
Education: Upper secondary gross enrol. ratio (f/m per 100 pop.),113.9 /      103.2,104.2 /      120.5k,94.9 /       99.5b,Intentional homicide rate (per 100 000 pop.),0,28.3l,...,,,,,,,,,,,,,,,,,,,,,,,,,,,,,,,,
Intentional homicide rate (per 100 000 pop.),0,28.3l,...,,,,,,,,,,,,,,,,,,,,,,,,,,,,,,,,,,,,
