0,1,2,3,4,5,6,7,8,9,10,11,12,13,14,15,16,17,18,19,20,21,22,23,24,25,26,27,28,29,30,31,32,33,34,35,36,37,38,39,40,41,42,43,44,45,46,47,48,49,50,51,52,53,54,55,56,57,58,59,60,61,62,63,64,65,66,67
,2010,2015,2021,,,,,,,,,,,,,,,,,,,,,,,,,,,,,,,,,,,,,,,,,,,,,,,,,,,,,,,,,,,,,,,,
GDP: Gross domestic product (million current US$),426 487,644 903,449 664c,"GDP growth rate (annual %, const. 2015 prices)",10.1,2.7,-2.2c,GDP per capita (current US$),10 428.6,14 971.5,10 041.5c,Economy: Agriculture (% of Gross Value Added),8.5,6.1,8.6c,Economy: Industry (% of Gross Value Added),30.1,27.5,27.6c,Economy: Services and other activity (% of GVA),61.4,66.3,63.9c,Employment in agriculture (% of employed),1.3,0.3f,"0.1f,e",Employment in industry (% of employed),23.3,23.7f,"21f,e",Employment in services (% employed),75.4,76.1f,"78.9f,e",Unemploymentf (% of labour force),7.7,7.8,10.4e,Labour force participation ratef (female/male pop. %),48.0 /       74.0,48.0 /       73.0,50.6 /       72.6e,CPI: Consumer Price Index (2010=100),...,...,"331g,e",Agricultural production index (2014-2016=100),88,104,113c,International trade: exports (million current US$),68 174,56 784,54 884e,International trade: imports (million current US$),56 792,60 203,42 356e,International trade: balance (million current US$),11 382,- 3 419,12 528e,"Balance of payments, current account (million US$)",- 1 623,- 17 622,2 985e
"GDP growth rate (annual %, const. 2015 prices)",10.1,2.7,-2.2c,GDP per capita (current US$),10 428.6,14 971.5,10 041.5c,Economy: Agriculture (% of Gross Value Added),8.5,6.1,8.6c,Economy: Industry (% of Gross Value Added),30.1,27.5,27.6c,Economy: Services and other activity (% of GVA),61.4,66.3,63.9c,Employment in agriculture (% of employed),1.3,0.3f,"0.1f,e",Employment in industry (% of employed),23.3,23.7f,"21f,e",Employment in services (% employed),75.4,76.1f,"78.9f,e",Unemploymentf (% of labour force),7.7,7.8,10.4e,Labour force participation ratef (female/male pop. %),48.0 /       74.0,48.0 /       73.0,50.6 /       72.6e,CPI: Consumer Price Index (2010=100),...,...,"331g,e",Agricultural production index (2014-2016=100),88,104,113c,International trade: exports (million current US$),68 174,56 784,54 884e,International trade: imports (million current US$),56 792,60 203,42 356e,International trade: balance (million current US$),11 382,- 3 419,12 528e,"Balance of payments, current account (million US$)",- 1 623,- 17 622,2 985e,,,,
GDP per capita (current US$),10 428.6,14 971.5,10 041.5c,Economy: Agriculture (% of Gross Value Added),8.5,6.1,8.6c,Economy: Industry (% of Gross Value Added),30.1,27.5,27.6c,Economy: Services and other activity (% of GVA),61.4,66.3,63.9c,Employment in agriculture (% of employed),1.3,0.3f,"0.1f,e",Employment in industry (% of employed),23.3,23.7f,"21f,e",Employment in services (% employed),75.4,76.1f,"78.9f,e",Unemploymentf (% of labour force),7.7,7.8,10.4e,Labour force participation ratef (female/male pop. %),48.0 /       74.0,48.0 /       73.0,50.6 /       72.6e,CPI: Consumer Price Index (2010=100),...,...,"331g,e",Agricultural production index (2014-2016=100),88,104,113c,International trade: exports (million current US$),68 174,56 784,54 884e,International trade: imports (million current US$),56 792,60 203,42 356e,International trade: balance (million current US$),11 382,- 3 419,12 528e,"Balance of payments, current account (million US$)",- 1 623,- 17 622,2 985e,,,,,,,,
Economy: Agriculture (% of Gross Value Added),8.5,6.1,8.6c,Economy: Industry (% of Gross Value Added),30.1,27.5,27.6c,Economy: Services and other activity (% of GVA),61.4,66.3,63.9c,Employment in agriculture (% of employed),1.3,0.3f,"0.1f,e",Employment in industry (% of employed),23.3,23.7f,"21f,e",Employment in services (% employed),75.4,76.1f,"78.9f,e",Unemploymentf (% of labour force),7.7,7.8,10.4e,Labour force participation ratef (female/male pop. %),48.0 /       74.0,48.0 /       73.0,50.6 /       72.6e,CPI: Consumer Price Index (2010=100),...,...,"331g,e",Agricultural production index (2014-2016=100),88,104,113c,International trade: exports (million current US$),68 174,56 784,54 884e,International trade: imports (million current US$),56 792,60 203,42 356e,International trade: balance (million current US$),11 382,- 3 419,12 528e,"Balance of payments, current account (million US$)",- 1 623,- 17 622,2 985e,,,,,,,,,,,,
Economy: Industry (% of Gross Value Added),30.1,27.5,27.6c,Economy: Services and other activity (% of GVA),61.4,66.3,63.9c,Employment in agriculture (% of employed),1.3,0.3f,"0.1f,e",Employment in industry (% of employed),23.3,23.7f,"21f,e",Employment in services (% employed),75.4,76.1f,"78.9f,e",Unemploymentf (% of labour force),7.7,7.8,10.4e,Labour force participation ratef (female/male pop. %),48.0 /       74.0,48.0 /       73.0,50.6 /       72.6e,CPI: Consumer Price Index (2010=100),...,...,"331g,e",Agricultural production index (2014-2016=100),88,104,113c,International trade: exports (million current US$),68 174,56 784,54 884e,International trade: imports (million current US$),56 792,60 203,42 356e,International trade: balance (million current US$),11 382,- 3 419,12 528e,"Balance of payments, current account (million US$)",- 1 623,- 17 622,2 985e,,,,,,,,,,,,,,,,
Economy: Services and other activity (% of GVA),61.4,66.3,63.9c,Employment in agriculture (% of employed),1.3,0.3f,"0.1f,e",Employment in industry (% of employed),23.3,23.7f,"21f,e",Employment in services (% employed),75.4,76.1f,"78.9f,e",Unemploymentf (% of labour force),7.7,7.8,10.4e,Labour force participation ratef (female/male pop. %),48.0 /       74.0,48.0 /       73.0,50.6 /       72.6e,CPI: Consumer Price Index (2010=100),...,...,"331g,e",Agricultural production index (2014-2016=100),88,104,113c,International trade: exports (million current US$),68 174,56 784,54 884e,International trade: imports (million current US$),56 792,60 203,42 356e,International trade: balance (million current US$),11 382,- 3 419,12 528e,"Balance of payments, current account (million US$)",- 1 623,- 17 622,2 985e,,,,,,,,,,,,,,,,,,,,
Employment in agriculture (% of employed),1.3,0.3f,"0.1f,e",Employment in industry (% of employed),23.3,23.7f,"21f,e",Employment in services (% employed),75.4,76.1f,"78.9f,e",Unemploymentf (% of labour force),7.7,7.8,10.4e,Labour force participation ratef (female/male pop. %),48.0 /       74.0,48.0 /       73.0,50.6 /       72.6e,CPI: Consumer Price Index (2010=100),...,...,"331g,e",Agricultural production index (2014-2016=100),88,104,113c,International trade: exports (million current US$),68 174,56 784,54 884e,International trade: imports (million current US$),56 792,60 203,42 356e,International trade: balance (million current US$),11 382,- 3 419,12 528e,"Balance of payments, current account (million US$)",- 1 623,- 17 622,2 985e,,,,,,,,,,,,,,,,,,,,,,,,
Employment in industry (% of employed),23.3,23.7f,"21f,e",Employment in services (% employed),75.4,76.1f,"78.9f,e",Unemploymentf (% of labour force),7.7,7.8,10.4e,Labour force participation ratef (female/male pop. %),48.0 /       74.0,48.0 /       73.0,50.6 /       72.6e,CPI: Consumer Price Index (2010=100),...,...,"331g,e",Agricultural production index (2014-2016=100),88,104,113c,International trade: exports (million current US$),68 174,56 784,54 884e,International trade: imports (million current US$),56 792,60 203,42 356e,International trade: balance (million current US$),11 382,- 3 419,12 528e,"Balance of payments, current account (million US$)",- 1 623,- 17 622,2 985e,,,,,,,,,,,,,,,,,,,,,,,,,,,,
Employment in services (% employed),75.4,76.1f,"78.9f,e",Unemploymentf (% of labour force),7.7,7.8,10.4e,Labour force participation ratef (female/male pop. %),48.0 /       74.0,48.0 /       73.0,50.6 /       72.6e,CPI: Consumer Price Index (2010=100),...,...,"331g,e",Agricultural production index (2014-2016=100),88,104,113c,International trade: exports (million current US$),68 174,56 784,54 884e,International trade: imports (million current US$),56 792,60 203,42 356e,International trade: balance (million current US$),11 382,- 3 419,12 528e,"Balance of payments, current account (million US$)",- 1 623,- 17 622,2 985e,,,,,,,,,,,,,,,,,,,,,,,,,,,,,,,,
Unemploymentf (% of labour force),7.7,7.8,10.4e,Labour force participation ratef (female/male pop. %),48.0 /       74.0,48.0 /       73.0,50.6 /       72.6e,CPI: Consumer Price Index (2010=100),...,...,"331g,e",Agricultural production index (2014-2016=100),88,104,113c,International trade: exports (million current US$),68 174,56 784,54 884e,International trade: imports (million current US$),56 792,60 203,42 356e,International trade: balance (million current US$),11 382,- 3 419,12 528e,"Balance of payments, current account (million US$)",- 1 623,- 17 622,2 985e,,,,,,,,,,,,,,,,,,,,,,,,,,,,,,,,,,,,
Labour force participation ratef (female/male pop. %),48.0 /       74.0,48.0 /       73.0,50.6 /       72.6e,CPI: Consumer Price Index (2010=100),...,...,"331g,e",Agricultural production index (2014-2016=100),88,104,113c,International trade: exports (million current US$),68 174,56 784,54 884e,International trade: imports (million current US$),56 792,60 203,42 356e,International trade: balance (million current US$),11 382,- 3 419,12 528e,"Balance of payments, current account (million US$)",- 1 623,- 17 622,2 985e,,,,,,,,,,,,,,,,,,,,,,,,,,,,,,,,,,,,,,,,
CPI: Consumer Price Index (2010=100),...,...,"331g,e",Agricultural production index (2014-2016=100),88,104,113c,International trade: exports (million current US$),68 174,56 784,54 884e,International trade: imports (million current US$),56 792,60 203,42 356e,International trade: balance (million current US$),11 382,- 3 419,12 528e,"Balance of payments, current account (million US$)",- 1 623,- 17 622,2 985e,,,,,,,,,,,,,,,,,,,,,,,,,,,,,,,,,,,,,,,,,,,,
Agricultural production index (2014-2016=100),88,104,113c,International trade: exports (million current US$),68 174,56 784,54 884e,International trade: imports (million current US$),56 792,60 203,42 356e,International trade: balance (million current US$),11 382,- 3 419,12 528e,"Balance of payments, current account (million US$)",- 1 623,- 17 622,2 985e,,,,,,,,,,,,,,,,,,,,,,,,,,,,,,,,,,,,,,,,,,,,,,,,
International trade: exports (million current US$),68 174,56 784,54 884e,International trade: imports (million current US$),56 792,60 203,42 356e,International trade: balance (million current US$),11 382,- 3 419,12 528e,"Balance of payments, current account (million US$)",- 1 623,- 17 622,2 985e,,,,,,,,,,,,,,,,,,,,,,,,,,,,,,,,,,,,,,,,,,,,,,,,,,,,
International trade: imports (million current US$),56 792,60 203,42 356e,International trade: balance (million current US$),11 382,- 3 419,12 528e,"Balance of payments, current account (million US$)",- 1 623,- 17 622,2 985e,,,,,,,,,,,,,,,,,,,,,,,,,,,,,,,,,,,,,,,,,,,,,,,,,,,,,,,,
International trade: balance (million current US$),11 382,- 3 419,12 528e,"Balance of payments, current account (million US$)",- 1 623,- 17 622,2 985e,,,,,,,,,,,,,,,,,,,,,,,,,,,,,,,,,,,,,,,,,,,,,,,,,,,,,,,,,,,,
"Balance of payments, current account (million US$)",- 1 623,- 17 622,2 985e,,,,,,,,,,,,,,,,,,,,,,,,,,,,,,,,,,,,,,,,,,,,,,,,,,,,,,,,,,,,,,,,
