0,1,2,3,4,5,6,7,8,9,10,11,12,13,14,15,16,17,18,19,20,21,22,23,24,25,26,27,28,29,30,31,32,33,34,35,36,37,38,39,40,41,42,43
,2010,2015,2021,,,,,,,,,,,,,,,,,,,,,,,,,,,,,,,,,,,,,,,,
Individuals using the Internet (per 100 inhabitants),45f,68,74.3l,Research & Development expenditure (% of GDP),0.6,0.6,0.5k,Threatened species (number),213,243,320,Forested areaf (% of land area),11,10.6,10.5k,CO2 emission estimates (million tons/tons per capita),162.4 /        4.0,179.6 /        4.2,171.2 /        3.8k,"Energy production, primary (Petajoules)",3 331,3 059,3 152k,Energy supply per capita (Gigajoules),81,79,74k,Tourist/visitor arrivals at national borders (000),6 800n,6 816,6 942k,Important sites for terrestrial biodiversity protected (%),29.7,31.1,32.1e,Pop. using safely managed sanitation (urban/rural %),45.9 / ...,46.7 / ...,47.1 / ...e,Net Official Development Assist. received (% of GNI),0.03,0,0c
Research & Development expenditure (% of GDP),0.6,0.6,0.5k,Threatened species (number),213,243,320,Forested areaf (% of land area),11,10.6,10.5k,CO2 emission estimates (million tons/tons per capita),162.4 /        4.0,179.6 /        4.2,171.2 /        3.8k,"Energy production, primary (Petajoules)",3 331,3 059,3 152k,Energy supply per capita (Gigajoules),81,79,74k,Tourist/visitor arrivals at national borders (000),6 800n,6 816,6 942k,Important sites for terrestrial biodiversity protected (%),29.7,31.1,32.1e,Pop. using safely managed sanitation (urban/rural %),45.9 / ...,46.7 / ...,47.1 / ...e,Net Official Development Assist. received (% of GNI),0.03,0,0c,,,,
Threatened species (number),213,243,320,Forested areaf (% of land area),11,10.6,10.5k,CO2 emission estimates (million tons/tons per capita),162.4 /        4.0,179.6 /        4.2,171.2 /        3.8k,"Energy production, primary (Petajoules)",3 331,3 059,3 152k,Energy supply per capita (Gigajoules),81,79,74k,Tourist/visitor arrivals at national borders (000),6 800n,6 816,6 942k,Important sites for terrestrial biodiversity protected (%),29.7,31.1,32.1e,Pop. using safely managed sanitation (urban/rural %),45.9 / ...,46.7 / ...,47.1 / ...e,Net Official Development Assist. received (% of GNI),0.03,0,0c,,,,,,,,
Forested areaf (% of land area),11,10.6,10.5k,CO2 emission estimates (million tons/tons per capita),162.4 /        4.0,179.6 /        4.2,171.2 /        3.8k,"Energy production, primary (Petajoules)",3 331,3 059,3 152k,Energy supply per capita (Gigajoules),81,79,74k,Tourist/visitor arrivals at national borders (000),6 800n,6 816,6 942k,Important sites for terrestrial biodiversity protected (%),29.7,31.1,32.1e,Pop. using safely managed sanitation (urban/rural %),45.9 / ...,46.7 / ...,47.1 / ...e,Net Official Development Assist. received (% of GNI),0.03,0,0c,,,,,,,,,,,,
CO2 emission estimates (million tons/tons per capita),162.4 /        4.0,179.6 /        4.2,171.2 /        3.8k,"Energy production, primary (Petajoules)",3 331,3 059,3 152k,Energy supply per capita (Gigajoules),81,79,74k,Tourist/visitor arrivals at national borders (000),6 800n,6 816,6 942k,Important sites for terrestrial biodiversity protected (%),29.7,31.1,32.1e,Pop. using safely managed sanitation (urban/rural %),45.9 / ...,46.7 / ...,47.1 / ...e,Net Official Development Assist. received (% of GNI),0.03,0,0c,,,,,,,,,,,,,,,,
"Energy production, primary (Petajoules)",3 331,3 059,3 152k,Energy supply per capita (Gigajoules),81,79,74k,Tourist/visitor arrivals at national borders (000),6 800n,6 816,6 942k,Important sites for terrestrial biodiversity protected (%),29.7,31.1,32.1e,Pop. using safely managed sanitation (urban/rural %),45.9 / ...,46.7 / ...,47.1 / ...e,Net Official Development Assist. received (% of GNI),0.03,0,0c,,,,,,,,,,,,,,,,,,,,
Energy supply per capita (Gigajoules),81,79,74k,Tourist/visitor arrivals at national borders (000),6 800n,6 816,6 942k,Important sites for terrestrial biodiversity protected (%),29.7,31.1,32.1e,Pop. using safely managed sanitation (urban/rural %),45.9 / ...,46.7 / ...,47.1 / ...e,Net Official Development Assist. received (% of GNI),0.03,0,0c,,,,,,,,,,,,,,,,,,,,,,,,
Tourist/visitor arrivals at national borders (000),6 800n,6 816,6 942k,Important sites for terrestrial biodiversity protected (%),29.7,31.1,32.1e,Pop. using safely managed sanitation (urban/rural %),45.9 / ...,46.7 / ...,47.1 / ...e,Net Official Development Assist. received (% of GNI),0.03,0,0c,,,,,,,,,,,,,,,,,,,,,,,,,,,,
Important sites for terrestrial biodiversity protected (%),29.7,31.1,32.1e,Pop. using safely managed sanitation (urban/rural %),45.9 / ...,46.7 / ...,47.1 / ...e,Net Official Development Assist. received (% of GNI),0.03,0,0c,,,,,,,,,,,,,,,,,,,,,,,,,,,,,,,,
Pop. using safely managed sanitation (urban/rural %),45.9 / ...,46.7 / ...,47.1 / ...e,Net Official Development Assist. received (% of GNI),0.03,0,0c,,,,,,,,,,,,,,,,,,,,,,,,,,,,,,,,,,,,
Net Official Development Assist. received (% of GNI),0.03,0,0c,,,,,,,,,,,,,,,,,,,,,,,,,,,,,,,,,,,,,,,,
