0,1,2,3,4,5,6,7,8,9,10,11,12,13,14,15,16,17,18,19,20,21,22,23,24,25,26,27,28,29,30,31,32,33,34,35,36,37,38,39,40,41,42,43,44,45,46,47,48,49,50,51,52,53,54,55,56,57,58,59,60,61,62,63,64,65,66,67
,2010,2015,2021,,,,,,,,,,,,,,,,,,,,,,,,,,,,,,,,,,,,,,,,,,,,,,,,,,,,,,,,,,,,,,,,
GDP: Gross domestic product (million current US$),18 448,23 438,27 023c,"GDP growth rate (annual %, const. 2015 prices)",1.4,2.4,2.4c,GDP per capita (current US$),2 983.2,3 705.6,4 187.2c,Economy: Agriculturee (% of Gross Value Added),7.6,6.1,5.6c,"Economy: Industryf,g (% of Gross Value Added)",27.5,27.8,28.3c,Economy: Services and other activityh (% of GVA),64.8,66.1,66.1c,Employment in agriculture (% of employed),20.8,18.1,"16i,j",Employment in industry (% of employed),21.4,22.2,"22.1i,j",Employment in services (% employed),57.9,59.7,"62i,j",Unemploymenti (% of labour force),4.9,4,4.2j,Labour force participation ratei (female/male pop. %),46.0 /       76.6,45.2 /       75.3,45.5 /       75.8j,CPI: Consumer Price Indexk (2010=100),100,108,111j,Agricultural production index (2014-2016=100),102,97,100c,International trade: exports (million current US$),4 499,5 509,5 030j,International trade: imports (million current US$),8 416,10 293,10 594j,International trade: balance (million current US$),- 3 917,- 4 784,- 5 564j,"Balance of payments, current account (million US$)",-533,-754,121j
"GDP growth rate (annual %, const. 2015 prices)",1.4,2.4,2.4c,GDP per capita (current US$),2 983.2,3 705.6,4 187.2c,Economy: Agriculturee (% of Gross Value Added),7.6,6.1,5.6c,"Economy: Industryf,g (% of Gross Value Added)",27.5,27.8,28.3c,Economy: Services and other activityh (% of GVA),64.8,66.1,66.1c,Employment in agriculture (% of employed),20.8,18.1,"16i,j",Employment in industry (% of employed),21.4,22.2,"22.1i,j",Employment in services (% employed),57.9,59.7,"62i,j",Unemploymenti (% of labour force),4.9,4,4.2j,Labour force participation ratei (female/male pop. %),46.0 /       76.6,45.2 /       75.3,45.5 /       75.8j,CPI: Consumer Price Indexk (2010=100),100,108,111j,Agricultural production index (2014-2016=100),102,97,100c,International trade: exports (million current US$),4 499,5 509,5 030j,International trade: imports (million current US$),8 416,10 293,10 594j,International trade: balance (million current US$),- 3 917,- 4 784,- 5 564j,"Balance of payments, current account (million US$)",-533,-754,121j,,,,
GDP per capita (current US$),2 983.2,3 705.6,4 187.2c,Economy: Agriculturee (% of Gross Value Added),7.6,6.1,5.6c,"Economy: Industryf,g (% of Gross Value Added)",27.5,27.8,28.3c,Economy: Services and other activityh (% of GVA),64.8,66.1,66.1c,Employment in agriculture (% of employed),20.8,18.1,"16i,j",Employment in industry (% of employed),21.4,22.2,"22.1i,j",Employment in services (% employed),57.9,59.7,"62i,j",Unemploymenti (% of labour force),4.9,4,4.2j,Labour force participation ratei (female/male pop. %),46.0 /       76.6,45.2 /       75.3,45.5 /       75.8j,CPI: Consumer Price Indexk (2010=100),100,108,111j,Agricultural production index (2014-2016=100),102,97,100c,International trade: exports (million current US$),4 499,5 509,5 030j,International trade: imports (million current US$),8 416,10 293,10 594j,International trade: balance (million current US$),- 3 917,- 4 784,- 5 564j,"Balance of payments, current account (million US$)",-533,-754,121j,,,,,,,,
Economy: Agriculturee (% of Gross Value Added),7.6,6.1,5.6c,"Economy: Industryf,g (% of Gross Value Added)",27.5,27.8,28.3c,Economy: Services and other activityh (% of GVA),64.8,66.1,66.1c,Employment in agriculture (% of employed),20.8,18.1,"16i,j",Employment in industry (% of employed),21.4,22.2,"22.1i,j",Employment in services (% employed),57.9,59.7,"62i,j",Unemploymenti (% of labour force),4.9,4,4.2j,Labour force participation ratei (female/male pop. %),46.0 /       76.6,45.2 /       75.3,45.5 /       75.8j,CPI: Consumer Price Indexk (2010=100),100,108,111j,Agricultural production index (2014-2016=100),102,97,100c,International trade: exports (million current US$),4 499,5 509,5 030j,International trade: imports (million current US$),8 416,10 293,10 594j,International trade: balance (million current US$),- 3 917,- 4 784,- 5 564j,"Balance of payments, current account (million US$)",-533,-754,121j,,,,,,,,,,,,
"Economy: Industryf,g (% of Gross Value Added)",27.5,27.8,28.3c,Economy: Services and other activityh (% of GVA),64.8,66.1,66.1c,Employment in agriculture (% of employed),20.8,18.1,"16i,j",Employment in industry (% of employed),21.4,22.2,"22.1i,j",Employment in services (% employed),57.9,59.7,"62i,j",Unemploymenti (% of labour force),4.9,4,4.2j,Labour force participation ratei (female/male pop. %),46.0 /       76.6,45.2 /       75.3,45.5 /       75.8j,CPI: Consumer Price Indexk (2010=100),100,108,111j,Agricultural production index (2014-2016=100),102,97,100c,International trade: exports (million current US$),4 499,5 509,5 030j,International trade: imports (million current US$),8 416,10 293,10 594j,International trade: balance (million current US$),- 3 917,- 4 784,- 5 564j,"Balance of payments, current account (million US$)",-533,-754,121j,,,,,,,,,,,,,,,,
Economy: Services and other activityh (% of GVA),64.8,66.1,66.1c,Employment in agriculture (% of employed),20.8,18.1,"16i,j",Employment in industry (% of employed),21.4,22.2,"22.1i,j",Employment in services (% employed),57.9,59.7,"62i,j",Unemploymenti (% of labour force),4.9,4,4.2j,Labour force participation ratei (female/male pop. %),46.0 /       76.6,45.2 /       75.3,45.5 /       75.8j,CPI: Consumer Price Indexk (2010=100),100,108,111j,Agricultural production index (2014-2016=100),102,97,100c,International trade: exports (million current US$),4 499,5 509,5 030j,International trade: imports (million current US$),8 416,10 293,10 594j,International trade: balance (million current US$),- 3 917,- 4 784,- 5 564j,"Balance of payments, current account (million US$)",-533,-754,121j,,,,,,,,,,,,,,,,,,,,
Employment in agriculture (% of employed),20.8,18.1,"16i,j",Employment in industry (% of employed),21.4,22.2,"22.1i,j",Employment in services (% employed),57.9,59.7,"62i,j",Unemploymenti (% of labour force),4.9,4,4.2j,Labour force participation ratei (female/male pop. %),46.0 /       76.6,45.2 /       75.3,45.5 /       75.8j,CPI: Consumer Price Indexk (2010=100),100,108,111j,Agricultural production index (2014-2016=100),102,97,100c,International trade: exports (million current US$),4 499,5 509,5 030j,International trade: imports (million current US$),8 416,10 293,10 594j,International trade: balance (million current US$),- 3 917,- 4 784,- 5 564j,"Balance of payments, current account (million US$)",-533,-754,121j,,,,,,,,,,,,,,,,,,,,,,,,
Employment in industry (% of employed),21.4,22.2,"22.1i,j",Employment in services (% employed),57.9,59.7,"62i,j",Unemploymenti (% of labour force),4.9,4,4.2j,Labour force participation ratei (female/male pop. %),46.0 /       76.6,45.2 /       75.3,45.5 /       75.8j,CPI: Consumer Price Indexk (2010=100),100,108,111j,Agricultural production index (2014-2016=100),102,97,100c,International trade: exports (million current US$),4 499,5 509,5 030j,International trade: imports (million current US$),8 416,10 293,10 594j,International trade: balance (million current US$),- 3 917,- 4 784,- 5 564j,"Balance of payments, current account (million US$)",-533,-754,121j,,,,,,,,,,,,,,,,,,,,,,,,,,,,
Employment in services (% employed),57.9,59.7,"62i,j",Unemploymenti (% of labour force),4.9,4,4.2j,Labour force participation ratei (female/male pop. %),46.0 /       76.6,45.2 /       75.3,45.5 /       75.8j,CPI: Consumer Price Indexk (2010=100),100,108,111j,Agricultural production index (2014-2016=100),102,97,100c,International trade: exports (million current US$),4 499,5 509,5 030j,International trade: imports (million current US$),8 416,10 293,10 594j,International trade: balance (million current US$),- 3 917,- 4 784,- 5 564j,"Balance of payments, current account (million US$)",-533,-754,121j,,,,,,,,,,,,,,,,,,,,,,,,,,,,,,,,
Unemploymenti (% of labour force),4.9,4,4.2j,Labour force participation ratei (female/male pop. %),46.0 /       76.6,45.2 /       75.3,45.5 /       75.8j,CPI: Consumer Price Indexk (2010=100),100,108,111j,Agricultural production index (2014-2016=100),102,97,100c,International trade: exports (million current US$),4 499,5 509,5 030j,International trade: imports (million current US$),8 416,10 293,10 594j,International trade: balance (million current US$),- 3 917,- 4 784,- 5 564j,"Balance of payments, current account (million US$)",-533,-754,121j,,,,,,,,,,,,,,,,,,,,,,,,,,,,,,,,,,,,
Labour force participation ratei (female/male pop. %),46.0 /       76.6,45.2 /       75.3,45.5 /       75.8j,CPI: Consumer Price Indexk (2010=100),100,108,111j,Agricultural production index (2014-2016=100),102,97,100c,International trade: exports (million current US$),4 499,5 509,5 030j,International trade: imports (million current US$),8 416,10 293,10 594j,International trade: balance (million current US$),- 3 917,- 4 784,- 5 564j,"Balance of payments, current account (million US$)",-533,-754,121j,,,,,,,,,,,,,,,,,,,,,,,,,,,,,,,,,,,,,,,,
CPI: Consumer Price Indexk (2010=100),100,108,111j,Agricultural production index (2014-2016=100),102,97,100c,International trade: exports (million current US$),4 499,5 509,5 030j,International trade: imports (million current US$),8 416,10 293,10 594j,International trade: balance (million current US$),- 3 917,- 4 784,- 5 564j,"Balance of payments, current account (million US$)",-533,-754,121j,,,,,,,,,,,,,,,,,,,,,,,,,,,,,,,,,,,,,,,,,,,,
Agricultural production index (2014-2016=100),102,97,100c,International trade: exports (million current US$),4 499,5 509,5 030j,International trade: imports (million current US$),8 416,10 293,10 594j,International trade: balance (million current US$),- 3 917,- 4 784,- 5 564j,"Balance of payments, current account (million US$)",-533,-754,121j,,,,,,,,,,,,,,,,,,,,,,,,,,,,,,,,,,,,,,,,,,,,,,,,
International trade: exports (million current US$),4 499,5 509,5 030j,International trade: imports (million current US$),8 416,10 293,10 594j,International trade: balance (million current US$),- 3 917,- 4 784,- 5 564j,"Balance of payments, current account (million US$)",-533,-754,121j,,,,,,,,,,,,,,,,,,,,,,,,,,,,,,,,,,,,,,,,,,,,,,,,,,,,
International trade: imports (million current US$),8 416,10 293,10 594j,International trade: balance (million current US$),- 3 917,- 4 784,- 5 564j,"Balance of payments, current account (million US$)",-533,-754,121j,,,,,,,,,,,,,,,,,,,,,,,,,,,,,,,,,,,,,,,,,,,,,,,,,,,,,,,,
International trade: balance (million current US$),- 3 917,- 4 784,- 5 564j,"Balance of payments, current account (million US$)",-533,-754,121j,,,,,,,,,,,,,,,,,,,,,,,,,,,,,,,,,,,,,,,,,,,,,,,,,,,,,,,,,,,,
"Balance of payments, current account (million US$)",-533,-754,121j,,,,,,,,,,,,,,,,,,,,,,,,,,,,,,,,,,,,,,,,,,,,,,,,,,,,,,,,,,,,,,,,
