0,1,2,3,4,5,6,7,8,9,10,11,12,13,14,15,16,17,18,19,20,21,22,23,24,25,26,27,28,29,30,31,32,33,34,35,36,37,38,39,40,41,42,43,44,45,46,47,48,49,50,51,52,53,54,55,56,57,58,59,60,61,62,63,64,65,66,67
,2010,2015,2021,,,,,,,,,,,,,,,,,,,,,,,,,,,,,,,,,,,,,,,,,,,,,,,,,,,,,,,,,,,,,,,,
GDP: Gross domestic product (million current US$),4 439,4 073,4 594b,"GDP growth rate (annual %, const. 2015 prices)",3.8,2.3,1.1b,GDP per capita (current US$),4 168.5,3 689.5,4 001.6b,Economy: Agriculturef (% of Gross Value Added),10.4,9.8,9.1b,"Economy: Industryg,h (% of Gross Value Added)",38.7,37.4,35.4b,Economy: Services and other activityi (% of GVA),50.9,52.8,55.4b,Employment in agriculturej (% of employed),15.2,13.5,12.3e,Employment in industryj (% of employed),25.3,24.6,23.5e,Employment in servicesj (% employed),59.5,61.8,64.2e,Unemploymentj (% of labour force),26.9,23.5,22e,Labour force participation ratej (female/male pop. %),45.5 /       57.4,47.0 /       56.4,48.6 /       56.9e,CPI: Consumer Price Index (2010=100),100,135,167b,Agricultural production index (2014-2016=100),96,101,101b,International trade: exports (million current US$),1 557j,1 820,"2 248j,e",International trade: imports (million current US$),1 710j,1 508,"2 076j,e",International trade: balance (million current US$),-153j,312,"172j,e","Balance of payments, current account (million US$)",-388,533,255e
"GDP growth rate (annual %, const. 2015 prices)",3.8,2.3,1.1b,GDP per capita (current US$),4 168.5,3 689.5,4 001.6b,Economy: Agriculturef (% of Gross Value Added),10.4,9.8,9.1b,"Economy: Industryg,h (% of Gross Value Added)",38.7,37.4,35.4b,Economy: Services and other activityi (% of GVA),50.9,52.8,55.4b,Employment in agriculturej (% of employed),15.2,13.5,12.3e,Employment in industryj (% of employed),25.3,24.6,23.5e,Employment in servicesj (% employed),59.5,61.8,64.2e,Unemploymentj (% of labour force),26.9,23.5,22e,Labour force participation ratej (female/male pop. %),45.5 /       57.4,47.0 /       56.4,48.6 /       56.9e,CPI: Consumer Price Index (2010=100),100,135,167b,Agricultural production index (2014-2016=100),96,101,101b,International trade: exports (million current US$),1 557j,1 820,"2 248j,e",International trade: imports (million current US$),1 710j,1 508,"2 076j,e",International trade: balance (million current US$),-153j,312,"172j,e","Balance of payments, current account (million US$)",-388,533,255e,,,,
GDP per capita (current US$),4 168.5,3 689.5,4 001.6b,Economy: Agriculturef (% of Gross Value Added),10.4,9.8,9.1b,"Economy: Industryg,h (% of Gross Value Added)",38.7,37.4,35.4b,Economy: Services and other activityi (% of GVA),50.9,52.8,55.4b,Employment in agriculturej (% of employed),15.2,13.5,12.3e,Employment in industryj (% of employed),25.3,24.6,23.5e,Employment in servicesj (% employed),59.5,61.8,64.2e,Unemploymentj (% of labour force),26.9,23.5,22e,Labour force participation ratej (female/male pop. %),45.5 /       57.4,47.0 /       56.4,48.6 /       56.9e,CPI: Consumer Price Index (2010=100),100,135,167b,Agricultural production index (2014-2016=100),96,101,101b,International trade: exports (million current US$),1 557j,1 820,"2 248j,e",International trade: imports (million current US$),1 710j,1 508,"2 076j,e",International trade: balance (million current US$),-153j,312,"172j,e","Balance of payments, current account (million US$)",-388,533,255e,,,,,,,,
Economy: Agriculturef (% of Gross Value Added),10.4,9.8,9.1b,"Economy: Industryg,h (% of Gross Value Added)",38.7,37.4,35.4b,Economy: Services and other activityi (% of GVA),50.9,52.8,55.4b,Employment in agriculturej (% of employed),15.2,13.5,12.3e,Employment in industryj (% of employed),25.3,24.6,23.5e,Employment in servicesj (% employed),59.5,61.8,64.2e,Unemploymentj (% of labour force),26.9,23.5,22e,Labour force participation ratej (female/male pop. %),45.5 /       57.4,47.0 /       56.4,48.6 /       56.9e,CPI: Consumer Price Index (2010=100),100,135,167b,Agricultural production index (2014-2016=100),96,101,101b,International trade: exports (million current US$),1 557j,1 820,"2 248j,e",International trade: imports (million current US$),1 710j,1 508,"2 076j,e",International trade: balance (million current US$),-153j,312,"172j,e","Balance of payments, current account (million US$)",-388,533,255e,,,,,,,,,,,,
"Economy: Industryg,h (% of Gross Value Added)",38.7,37.4,35.4b,Economy: Services and other activityi (% of GVA),50.9,52.8,55.4b,Employment in agriculturej (% of employed),15.2,13.5,12.3e,Employment in industryj (% of employed),25.3,24.6,23.5e,Employment in servicesj (% employed),59.5,61.8,64.2e,Unemploymentj (% of labour force),26.9,23.5,22e,Labour force participation ratej (female/male pop. %),45.5 /       57.4,47.0 /       56.4,48.6 /       56.9e,CPI: Consumer Price Index (2010=100),100,135,167b,Agricultural production index (2014-2016=100),96,101,101b,International trade: exports (million current US$),1 557j,1 820,"2 248j,e",International trade: imports (million current US$),1 710j,1 508,"2 076j,e",International trade: balance (million current US$),-153j,312,"172j,e","Balance of payments, current account (million US$)",-388,533,255e,,,,,,,,,,,,,,,,
Economy: Services and other activityi (% of GVA),50.9,52.8,55.4b,Employment in agriculturej (% of employed),15.2,13.5,12.3e,Employment in industryj (% of employed),25.3,24.6,23.5e,Employment in servicesj (% employed),59.5,61.8,64.2e,Unemploymentj (% of labour force),26.9,23.5,22e,Labour force participation ratej (female/male pop. %),45.5 /       57.4,47.0 /       56.4,48.6 /       56.9e,CPI: Consumer Price Index (2010=100),100,135,167b,Agricultural production index (2014-2016=100),96,101,101b,International trade: exports (million current US$),1 557j,1 820,"2 248j,e",International trade: imports (million current US$),1 710j,1 508,"2 076j,e",International trade: balance (million current US$),-153j,312,"172j,e","Balance of payments, current account (million US$)",-388,533,255e,,,,,,,,,,,,,,,,,,,,
Employment in agriculturej (% of employed),15.2,13.5,12.3e,Employment in industryj (% of employed),25.3,24.6,23.5e,Employment in servicesj (% employed),59.5,61.8,64.2e,Unemploymentj (% of labour force),26.9,23.5,22e,Labour force participation ratej (female/male pop. %),45.5 /       57.4,47.0 /       56.4,48.6 /       56.9e,CPI: Consumer Price Index (2010=100),100,135,167b,Agricultural production index (2014-2016=100),96,101,101b,International trade: exports (million current US$),1 557j,1 820,"2 248j,e",International trade: imports (million current US$),1 710j,1 508,"2 076j,e",International trade: balance (million current US$),-153j,312,"172j,e","Balance of payments, current account (million US$)",-388,533,255e,,,,,,,,,,,,,,,,,,,,,,,,
Employment in industryj (% of employed),25.3,24.6,23.5e,Employment in servicesj (% employed),59.5,61.8,64.2e,Unemploymentj (% of labour force),26.9,23.5,22e,Labour force participation ratej (female/male pop. %),45.5 /       57.4,47.0 /       56.4,48.6 /       56.9e,CPI: Consumer Price Index (2010=100),100,135,167b,Agricultural production index (2014-2016=100),96,101,101b,International trade: exports (million current US$),1 557j,1 820,"2 248j,e",International trade: imports (million current US$),1 710j,1 508,"2 076j,e",International trade: balance (million current US$),-153j,312,"172j,e","Balance of payments, current account (million US$)",-388,533,255e,,,,,,,,,,,,,,,,,,,,,,,,,,,,
Employment in servicesj (% employed),59.5,61.8,64.2e,Unemploymentj (% of labour force),26.9,23.5,22e,Labour force participation ratej (female/male pop. %),45.5 /       57.4,47.0 /       56.4,48.6 /       56.9e,CPI: Consumer Price Index (2010=100),100,135,167b,Agricultural production index (2014-2016=100),96,101,101b,International trade: exports (million current US$),1 557j,1 820,"2 248j,e",International trade: imports (million current US$),1 710j,1 508,"2 076j,e",International trade: balance (million current US$),-153j,312,"172j,e","Balance of payments, current account (million US$)",-388,533,255e,,,,,,,,,,,,,,,,,,,,,,,,,,,,,,,,
Unemploymentj (% of labour force),26.9,23.5,22e,Labour force participation ratej (female/male pop. %),45.5 /       57.4,47.0 /       56.4,48.6 /       56.9e,CPI: Consumer Price Index (2010=100),100,135,167b,Agricultural production index (2014-2016=100),96,101,101b,International trade: exports (million current US$),1 557j,1 820,"2 248j,e",International trade: imports (million current US$),1 710j,1 508,"2 076j,e",International trade: balance (million current US$),-153j,312,"172j,e","Balance of payments, current account (million US$)",-388,533,255e,,,,,,,,,,,,,,,,,,,,,,,,,,,,,,,,,,,,
Labour force participation ratej (female/male pop. %),45.5 /       57.4,47.0 /       56.4,48.6 /       56.9e,CPI: Consumer Price Index (2010=100),100,135,167b,Agricultural production index (2014-2016=100),96,101,101b,International trade: exports (million current US$),1 557j,1 820,"2 248j,e",International trade: imports (million current US$),1 710j,1 508,"2 076j,e",International trade: balance (million current US$),-153j,312,"172j,e","Balance of payments, current account (million US$)",-388,533,255e,,,,,,,,,,,,,,,,,,,,,,,,,,,,,,,,,,,,,,,,
CPI: Consumer Price Index (2010=100),100,135,167b,Agricultural production index (2014-2016=100),96,101,101b,International trade: exports (million current US$),1 557j,1 820,"2 248j,e",International trade: imports (million current US$),1 710j,1 508,"2 076j,e",International trade: balance (million current US$),-153j,312,"172j,e","Balance of payments, current account (million US$)",-388,533,255e,,,,,,,,,,,,,,,,,,,,,,,,,,,,,,,,,,,,,,,,,,,,
Agricultural production index (2014-2016=100),96,101,101b,International trade: exports (million current US$),1 557j,1 820,"2 248j,e",International trade: imports (million current US$),1 710j,1 508,"2 076j,e",International trade: balance (million current US$),-153j,312,"172j,e","Balance of payments, current account (million US$)",-388,533,255e,,,,,,,,,,,,,,,,,,,,,,,,,,,,,,,,,,,,,,,,,,,,,,,,
International trade: exports (million current US$),1 557j,1 820,"2 248j,e",International trade: imports (million current US$),1 710j,1 508,"2 076j,e",International trade: balance (million current US$),-153j,312,"172j,e","Balance of payments, current account (million US$)",-388,533,255e,,,,,,,,,,,,,,,,,,,,,,,,,,,,,,,,,,,,,,,,,,,,,,,,,,,,
International trade: imports (million current US$),1 710j,1 508,"2 076j,e",International trade: balance (million current US$),-153j,312,"172j,e","Balance of payments, current account (million US$)",-388,533,255e,,,,,,,,,,,,,,,,,,,,,,,,,,,,,,,,,,,,,,,,,,,,,,,,,,,,,,,,
International trade: balance (million current US$),-153j,312,"172j,e","Balance of payments, current account (million US$)",-388,533,255e,,,,,,,,,,,,,,,,,,,,,,,,,,,,,,,,,,,,,,,,,,,,,,,,,,,,,,,,,,,,
"Balance of payments, current account (million US$)",-388,533,255e,,,,,,,,,,,,,,,,,,,,,,,,,,,,,,,,,,,,,,,,,,,,,,,,,,,,,,,,,,,,,,,,
