0,1,2,3,4,5,6,7,8,9,10,11,12,13,14,15,16,17,18,19,20,21,22,23,24,25,26,27,28,29,30,31,32,33,34,35,36,37,38,39
,2010,2015,2021,,,,,,,,,,,,,,,,,,,,,,,,,,,,,,,,,,,,
Individuals using the Internet (per 100 inhabitants),11,25.6j,"30.3j,r",Research & Development expenditure (% of GDP),...,0.3,...,Threatened species (number),29,34,46,Forested areaj (% of land area),28.2,28.6,28.8d,"Energy production, primary (Petajoules)",33,33,29d,Energy supply per capita (Gigajoules),41,40,38d,Tourist/visitor arrivals at national borders (000),868,873,680b,Important sites for terrestrial biodiversity protected (%),30,30.6,30.6e,"Pop. using safely managed drinking water (urban/rural, %)",82.5 / ...,87.1 / ...,88.7 / ...e,Net Official Development Assist. received (% of GNI),2.16,2.25,1.82b
Research & Development expenditure (% of GDP),...,0.3,...,Threatened species (number),29,34,46,Forested areaj (% of land area),28.2,28.6,28.8d,"Energy production, primary (Petajoules)",33,33,29d,Energy supply per capita (Gigajoules),41,40,38d,Tourist/visitor arrivals at national borders (000),868,873,680b,Important sites for terrestrial biodiversity protected (%),30,30.6,30.6e,"Pop. using safely managed drinking water (urban/rural, %)",82.5 / ...,87.1 / ...,88.7 / ...e,Net Official Development Assist. received (% of GNI),2.16,2.25,1.82b,,,,
Threatened species (number),29,34,46,Forested areaj (% of land area),28.2,28.6,28.8d,"Energy production, primary (Petajoules)",33,33,29d,Energy supply per capita (Gigajoules),41,40,38d,Tourist/visitor arrivals at national borders (000),868,873,680b,Important sites for terrestrial biodiversity protected (%),30,30.6,30.6e,"Pop. using safely managed drinking water (urban/rural, %)",82.5 / ...,87.1 / ...,88.7 / ...e,Net Official Development Assist. received (% of GNI),2.16,2.25,1.82b,,,,,,,,
Forested areaj (% of land area),28.2,28.6,28.8d,"Energy production, primary (Petajoules)",33,33,29d,Energy supply per capita (Gigajoules),41,40,38d,Tourist/visitor arrivals at national borders (000),868,873,680b,Important sites for terrestrial biodiversity protected (%),30,30.6,30.6e,"Pop. using safely managed drinking water (urban/rural, %)",82.5 / ...,87.1 / ...,88.7 / ...e,Net Official Development Assist. received (% of GNI),2.16,2.25,1.82b,,,,,,,,,,,,
"Energy production, primary (Petajoules)",33,33,29d,Energy supply per capita (Gigajoules),41,40,38d,Tourist/visitor arrivals at national borders (000),868,873,680b,Important sites for terrestrial biodiversity protected (%),30,30.6,30.6e,"Pop. using safely managed drinking water (urban/rural, %)",82.5 / ...,87.1 / ...,88.7 / ...e,Net Official Development Assist. received (% of GNI),2.16,2.25,1.82b,,,,,,,,,,,,,,,,
Energy supply per capita (Gigajoules),41,40,38d,Tourist/visitor arrivals at national borders (000),868,873,680b,Important sites for terrestrial biodiversity protected (%),30,30.6,30.6e,"Pop. using safely managed drinking water (urban/rural, %)",82.5 / ...,87.1 / ...,88.7 / ...e,Net Official Development Assist. received (% of GNI),2.16,2.25,1.82b,,,,,,,,,,,,,,,,,,,,
Tourist/visitor arrivals at national borders (000),868,873,680b,Important sites for terrestrial biodiversity protected (%),30,30.6,30.6e,"Pop. using safely managed drinking water (urban/rural, %)",82.5 / ...,87.1 / ...,88.7 / ...e,Net Official Development Assist. received (% of GNI),2.16,2.25,1.82b,,,,,,,,,,,,,,,,,,,,,,,,
Important sites for terrestrial biodiversity protected (%),30,30.6,30.6e,"Pop. using safely managed drinking water (urban/rural, %)",82.5 / ...,87.1 / ...,88.7 / ...e,Net Official Development Assist. received (% of GNI),2.16,2.25,1.82b,,,,,,,,,,,,,,,,,,,,,,,,,,,,
"Pop. using safely managed drinking water (urban/rural, %)",82.5 / ...,87.1 / ...,88.7 / ...e,Net Official Development Assist. received (% of GNI),2.16,2.25,1.82b,,,,,,,,,,,,,,,,,,,,,,,,,,,,,,,,
Net Official Development Assist. received (% of GNI),2.16,2.25,1.82b,,,,,,,,,,,,,,,,,,,,,,,,,,,,,,,,,,,,
