0,1,2,3,4,5,6,7,8,9,10,11,12,13,14,15,16,17,18,19,20,21,22,23,24,25,26,27,28,29,30,31,32,33,34,35,36,37,38,39,40,41,42,43,44,45,46,47,48,49,50,51,52,53,54,55,56,57,58,59,60,61,62,63,64,65,66,67
,2010,2015,2021,,,,,,,,,,,,,,,,,,,,,,,,,,,,,,,,,,,,,,,,,,,,,,,,,,,,,,,,,,,,,,,,
Population growth ratek (average annual %),0.7,0.7,1e,Urban population (% of total population),22.5,23.3,24b,Urban population growth ratek (average annual %),2.1,2.6,...,"Fertility rate, totalk (live births per woman)",3.6,3.1,3e,"Life expectancy at birthk (females/males, years)",46.0 /       42.0,54.0 /       47.8,63.9 /       55.2e,"Population age distribution (0-14/60+ years old, %)",40.2 /        5.6,39.1 /        5.7,37.0 /        5.7a,International migrant stockl (000/% of total pop.),32.6 /        3.1,32.4 /        2.9,32.9 /        2.8e,Refugees and others of concern to UNHCR (000),0.8m,0.9,2e,Infant mortality ratek (per 1 000 live births),74.2,51.6,41.4e,Health: Current expenditure (% of GDP),8.6,7,6.5d,Health: Physicians (per 1 000 pop.),0.2n,0.1o,0.1p,Education: Government expenditure (% of GDP),6.1,7.1q,...,Education: Primary gross enrol. ratio (f/m per 100 pop.),118.8 /      131.0,113.5 /      124.9,110.1 /      119.3d,Education: Secondary gross enrol. ratio (f/m per 100 pop.),63.7 /       67.3,76.0 /       76.0,82.2 /       82.6p,Education: Upper secondary gross enrol. ratio (f/m per 100 pop.),49.5 /       53.9,61.7 /       62.1,71.4 /       73.0p,Intentional homicide rate (per 100 000 pop.),19.5,10.1,11.6r,Seats held by women in national parliaments (%),13.6,6.2,9.6s
Urban population (% of total population),22.5,23.3,24b,Urban population growth ratek (average annual %),2.1,2.6,...,"Fertility rate, totalk (live births per woman)",3.6,3.1,3e,"Life expectancy at birthk (females/males, years)",46.0 /       42.0,54.0 /       47.8,63.9 /       55.2e,"Population age distribution (0-14/60+ years old, %)",40.2 /        5.6,39.1 /        5.7,37.0 /        5.7a,International migrant stockl (000/% of total pop.),32.6 /        3.1,32.4 /        2.9,32.9 /        2.8e,Refugees and others of concern to UNHCR (000),0.8m,0.9,2e,Infant mortality ratek (per 1 000 live births),74.2,51.6,41.4e,Health: Current expenditure (% of GDP),8.6,7,6.5d,Health: Physicians (per 1 000 pop.),0.2n,0.1o,0.1p,Education: Government expenditure (% of GDP),6.1,7.1q,...,Education: Primary gross enrol. ratio (f/m per 100 pop.),118.8 /      131.0,113.5 /      124.9,110.1 /      119.3d,Education: Secondary gross enrol. ratio (f/m per 100 pop.),63.7 /       67.3,76.0 /       76.0,82.2 /       82.6p,Education: Upper secondary gross enrol. ratio (f/m per 100 pop.),49.5 /       53.9,61.7 /       62.1,71.4 /       73.0p,Intentional homicide rate (per 100 000 pop.),19.5,10.1,11.6r,Seats held by women in national parliaments (%),13.6,6.2,9.6s,,,,
Urban population growth ratek (average annual %),2.1,2.6,...,"Fertility rate, totalk (live births per woman)",3.6,3.1,3e,"Life expectancy at birthk (females/males, years)",46.0 /       42.0,54.0 /       47.8,63.9 /       55.2e,"Population age distribution (0-14/60+ years old, %)",40.2 /        5.6,39.1 /        5.7,37.0 /        5.7a,International migrant stockl (000/% of total pop.),32.6 /        3.1,32.4 /        2.9,32.9 /        2.8e,Refugees and others of concern to UNHCR (000),0.8m,0.9,2e,Infant mortality ratek (per 1 000 live births),74.2,51.6,41.4e,Health: Current expenditure (% of GDP),8.6,7,6.5d,Health: Physicians (per 1 000 pop.),0.2n,0.1o,0.1p,Education: Government expenditure (% of GDP),6.1,7.1q,...,Education: Primary gross enrol. ratio (f/m per 100 pop.),118.8 /      131.0,113.5 /      124.9,110.1 /      119.3d,Education: Secondary gross enrol. ratio (f/m per 100 pop.),63.7 /       67.3,76.0 /       76.0,82.2 /       82.6p,Education: Upper secondary gross enrol. ratio (f/m per 100 pop.),49.5 /       53.9,61.7 /       62.1,71.4 /       73.0p,Intentional homicide rate (per 100 000 pop.),19.5,10.1,11.6r,Seats held by women in national parliaments (%),13.6,6.2,9.6s,,,,,,,,
"Fertility rate, totalk (live births per woman)",3.6,3.1,3e,"Life expectancy at birthk (females/males, years)",46.0 /       42.0,54.0 /       47.8,63.9 /       55.2e,"Population age distribution (0-14/60+ years old, %)",40.2 /        5.6,39.1 /        5.7,37.0 /        5.7a,International migrant stockl (000/% of total pop.),32.6 /        3.1,32.4 /        2.9,32.9 /        2.8e,Refugees and others of concern to UNHCR (000),0.8m,0.9,2e,Infant mortality ratek (per 1 000 live births),74.2,51.6,41.4e,Health: Current expenditure (% of GDP),8.6,7,6.5d,Health: Physicians (per 1 000 pop.),0.2n,0.1o,0.1p,Education: Government expenditure (% of GDP),6.1,7.1q,...,Education: Primary gross enrol. ratio (f/m per 100 pop.),118.8 /      131.0,113.5 /      124.9,110.1 /      119.3d,Education: Secondary gross enrol. ratio (f/m per 100 pop.),63.7 /       67.3,76.0 /       76.0,82.2 /       82.6p,Education: Upper secondary gross enrol. ratio (f/m per 100 pop.),49.5 /       53.9,61.7 /       62.1,71.4 /       73.0p,Intentional homicide rate (per 100 000 pop.),19.5,10.1,11.6r,Seats held by women in national parliaments (%),13.6,6.2,9.6s,,,,,,,,,,,,
"Life expectancy at birthk (females/males, years)",46.0 /       42.0,54.0 /       47.8,63.9 /       55.2e,"Population age distribution (0-14/60+ years old, %)",40.2 /        5.6,39.1 /        5.7,37.0 /        5.7a,International migrant stockl (000/% of total pop.),32.6 /        3.1,32.4 /        2.9,32.9 /        2.8e,Refugees and others of concern to UNHCR (000),0.8m,0.9,2e,Infant mortality ratek (per 1 000 live births),74.2,51.6,41.4e,Health: Current expenditure (% of GDP),8.6,7,6.5d,Health: Physicians (per 1 000 pop.),0.2n,0.1o,0.1p,Education: Government expenditure (% of GDP),6.1,7.1q,...,Education: Primary gross enrol. ratio (f/m per 100 pop.),118.8 /      131.0,113.5 /      124.9,110.1 /      119.3d,Education: Secondary gross enrol. ratio (f/m per 100 pop.),63.7 /       67.3,76.0 /       76.0,82.2 /       82.6p,Education: Upper secondary gross enrol. ratio (f/m per 100 pop.),49.5 /       53.9,61.7 /       62.1,71.4 /       73.0p,Intentional homicide rate (per 100 000 pop.),19.5,10.1,11.6r,Seats held by women in national parliaments (%),13.6,6.2,9.6s,,,,,,,,,,,,,,,,
"Population age distribution (0-14/60+ years old, %)",40.2 /        5.6,39.1 /        5.7,37.0 /        5.7a,International migrant stockl (000/% of total pop.),32.6 /        3.1,32.4 /        2.9,32.9 /        2.8e,Refugees and others of concern to UNHCR (000),0.8m,0.9,2e,Infant mortality ratek (per 1 000 live births),74.2,51.6,41.4e,Health: Current expenditure (% of GDP),8.6,7,6.5d,Health: Physicians (per 1 000 pop.),0.2n,0.1o,0.1p,Education: Government expenditure (% of GDP),6.1,7.1q,...,Education: Primary gross enrol. ratio (f/m per 100 pop.),118.8 /      131.0,113.5 /      124.9,110.1 /      119.3d,Education: Secondary gross enrol. ratio (f/m per 100 pop.),63.7 /       67.3,76.0 /       76.0,82.2 /       82.6p,Education: Upper secondary gross enrol. ratio (f/m per 100 pop.),49.5 /       53.9,61.7 /       62.1,71.4 /       73.0p,Intentional homicide rate (per 100 000 pop.),19.5,10.1,11.6r,Seats held by women in national parliaments (%),13.6,6.2,9.6s,,,,,,,,,,,,,,,,,,,,
International migrant stockl (000/% of total pop.),32.6 /        3.1,32.4 /        2.9,32.9 /        2.8e,Refugees and others of concern to UNHCR (000),0.8m,0.9,2e,Infant mortality ratek (per 1 000 live births),74.2,51.6,41.4e,Health: Current expenditure (% of GDP),8.6,7,6.5d,Health: Physicians (per 1 000 pop.),0.2n,0.1o,0.1p,Education: Government expenditure (% of GDP),6.1,7.1q,...,Education: Primary gross enrol. ratio (f/m per 100 pop.),118.8 /      131.0,113.5 /      124.9,110.1 /      119.3d,Education: Secondary gross enrol. ratio (f/m per 100 pop.),63.7 /       67.3,76.0 /       76.0,82.2 /       82.6p,Education: Upper secondary gross enrol. ratio (f/m per 100 pop.),49.5 /       53.9,61.7 /       62.1,71.4 /       73.0p,Intentional homicide rate (per 100 000 pop.),19.5,10.1,11.6r,Seats held by women in national parliaments (%),13.6,6.2,9.6s,,,,,,,,,,,,,,,,,,,,,,,,
Refugees and others of concern to UNHCR (000),0.8m,0.9,2e,Infant mortality ratek (per 1 000 live births),74.2,51.6,41.4e,Health: Current expenditure (% of GDP),8.6,7,6.5d,Health: Physicians (per 1 000 pop.),0.2n,0.1o,0.1p,Education: Government expenditure (% of GDP),6.1,7.1q,...,Education: Primary gross enrol. ratio (f/m per 100 pop.),118.8 /      131.0,113.5 /      124.9,110.1 /      119.3d,Education: Secondary gross enrol. ratio (f/m per 100 pop.),63.7 /       67.3,76.0 /       76.0,82.2 /       82.6p,Education: Upper secondary gross enrol. ratio (f/m per 100 pop.),49.5 /       53.9,61.7 /       62.1,71.4 /       73.0p,Intentional homicide rate (per 100 000 pop.),19.5,10.1,11.6r,Seats held by women in national parliaments (%),13.6,6.2,9.6s,,,,,,,,,,,,,,,,,,,,,,,,,,,,
Infant mortality ratek (per 1 000 live births),74.2,51.6,41.4e,Health: Current expenditure (% of GDP),8.6,7,6.5d,Health: Physicians (per 1 000 pop.),0.2n,0.1o,0.1p,Education: Government expenditure (% of GDP),6.1,7.1q,...,Education: Primary gross enrol. ratio (f/m per 100 pop.),118.8 /      131.0,113.5 /      124.9,110.1 /      119.3d,Education: Secondary gross enrol. ratio (f/m per 100 pop.),63.7 /       67.3,76.0 /       76.0,82.2 /       82.6p,Education: Upper secondary gross enrol. ratio (f/m per 100 pop.),49.5 /       53.9,61.7 /       62.1,71.4 /       73.0p,Intentional homicide rate (per 100 000 pop.),19.5,10.1,11.6r,Seats held by women in national parliaments (%),13.6,6.2,9.6s,,,,,,,,,,,,,,,,,,,,,,,,,,,,,,,,
Health: Current expenditure (% of GDP),8.6,7,6.5d,Health: Physicians (per 1 000 pop.),0.2n,0.1o,0.1p,Education: Government expenditure (% of GDP),6.1,7.1q,...,Education: Primary gross enrol. ratio (f/m per 100 pop.),118.8 /      131.0,113.5 /      124.9,110.1 /      119.3d,Education: Secondary gross enrol. ratio (f/m per 100 pop.),63.7 /       67.3,76.0 /       76.0,82.2 /       82.6p,Education: Upper secondary gross enrol. ratio (f/m per 100 pop.),49.5 /       53.9,61.7 /       62.1,71.4 /       73.0p,Intentional homicide rate (per 100 000 pop.),19.5,10.1,11.6r,Seats held by women in national parliaments (%),13.6,6.2,9.6s,,,,,,,,,,,,,,,,,,,,,,,,,,,,,,,,,,,,
Health: Physicians (per 1 000 pop.),0.2n,0.1o,0.1p,Education: Government expenditure (% of GDP),6.1,7.1q,...,Education: Primary gross enrol. ratio (f/m per 100 pop.),118.8 /      131.0,113.5 /      124.9,110.1 /      119.3d,Education: Secondary gross enrol. ratio (f/m per 100 pop.),63.7 /       67.3,76.0 /       76.0,82.2 /       82.6p,Education: Upper secondary gross enrol. ratio (f/m per 100 pop.),49.5 /       53.9,61.7 /       62.1,71.4 /       73.0p,Intentional homicide rate (per 100 000 pop.),19.5,10.1,11.6r,Seats held by women in national parliaments (%),13.6,6.2,9.6s,,,,,,,,,,,,,,,,,,,,,,,,,,,,,,,,,,,,,,,,
Education: Government expenditure (% of GDP),6.1,7.1q,...,Education: Primary gross enrol. ratio (f/m per 100 pop.),118.8 /      131.0,113.5 /      124.9,110.1 /      119.3d,Education: Secondary gross enrol. ratio (f/m per 100 pop.),63.7 /       67.3,76.0 /       76.0,82.2 /       82.6p,Education: Upper secondary gross enrol. ratio (f/m per 100 pop.),49.5 /       53.9,61.7 /       62.1,71.4 /       73.0p,Intentional homicide rate (per 100 000 pop.),19.5,10.1,11.6r,Seats held by women in national parliaments (%),13.6,6.2,9.6s,,,,,,,,,,,,,,,,,,,,,,,,,,,,,,,,,,,,,,,,,,,,
Education: Primary gross enrol. ratio (f/m per 100 pop.),118.8 /      131.0,113.5 /      124.9,110.1 /      119.3d,Education: Secondary gross enrol. ratio (f/m per 100 pop.),63.7 /       67.3,76.0 /       76.0,82.2 /       82.6p,Education: Upper secondary gross enrol. ratio (f/m per 100 pop.),49.5 /       53.9,61.7 /       62.1,71.4 /       73.0p,Intentional homicide rate (per 100 000 pop.),19.5,10.1,11.6r,Seats held by women in national parliaments (%),13.6,6.2,9.6s,,,,,,,,,,,,,,,,,,,,,,,,,,,,,,,,,,,,,,,,,,,,,,,,
Education: Secondary gross enrol. ratio (f/m per 100 pop.),63.7 /       67.3,76.0 /       76.0,82.2 /       82.6p,Education: Upper secondary gross enrol. ratio (f/m per 100 pop.),49.5 /       53.9,61.7 /       62.1,71.4 /       73.0p,Intentional homicide rate (per 100 000 pop.),19.5,10.1,11.6r,Seats held by women in national parliaments (%),13.6,6.2,9.6s,,,,,,,,,,,,,,,,,,,,,,,,,,,,,,,,,,,,,,,,,,,,,,,,,,,,
Education: Upper secondary gross enrol. ratio (f/m per 100 pop.),49.5 /       53.9,61.7 /       62.1,71.4 /       73.0p,Intentional homicide rate (per 100 000 pop.),19.5,10.1,11.6r,Seats held by women in national parliaments (%),13.6,6.2,9.6s,,,,,,,,,,,,,,,,,,,,,,,,,,,,,,,,,,,,,,,,,,,,,,,,,,,,,,,,
Intentional homicide rate (per 100 000 pop.),19.5,10.1,11.6r,Seats held by women in national parliaments (%),13.6,6.2,9.6s,,,,,,,,,,,,,,,,,,,,,,,,,,,,,,,,,,,,,,,,,,,,,,,,,,,,,,,,,,,,
Seats held by women in national parliaments (%),13.6,6.2,9.6s,,,,,,,,,,,,,,,,,,,,,,,,,,,,,,,,,,,,,,,,,,,,,,,,,,,,,,,,,,,,,,,,
