0,1,2,3,4,5,6,7,8,9,10,11,12,13,14,15,16,17,18,19,20,21,22,23,24,25,26,27,28,29,30,31,32,33,34,35,36,37,38,39,40,41,42,43,44,45,46,47,48,49,50,51,52,53,54,55,56,57,58,59,60,61,62,63
,2010,2015,2021,,,,,,,,,,,,,,,,,,,,,,,,,,,,,,,,,,,,,,,,,,,,,,,,,,,,,,,,,,,,
GDP: Gross domestic product (million current US$),2 502,2 920,3 293b,"GDP growth rate (annual %, const. 2015 prices)",-3.3,5.7,-0.7b,GDP per capita (current US$),24 607.3,27 980.4,30 974.7b,Economy: Agriculturee (% of Gross Value Added),~0.0,~0.0,~0.0b,"Economy: Industryf,g (% of Gross Value Added)",12,13.7,13.8b,Economy: Services and other activityh (% of GVA),88,86.3,86.2b,"Employment in agriculturej,k (% of employed)",0.6i,0.6l,...,"Employment in industryj,k (% of employed)",14.5i,14l,...,"Employment in servicesj,k (% employed)",84.4i,85.1l,...,Unemployment (% of labour force),"10.6i,k",...,...,Labour force participation rate (female/male pop. %),"59.5 /       68.9i,k,m","58.8 /       69.6k,l",... / ...,CPI: Consumer Price Indexn (2010=100),100,103,108d,International trade: exports (million current US$),125,80,66d,International trade: imports (million current US$),1 071,1 165,939d,International trade: balance (million current US$),-947,- 1 085,-873d,"Balance of payments, current account (million US$)",-460,111,-324d
"GDP growth rate (annual %, const. 2015 prices)",-3.3,5.7,-0.7b,GDP per capita (current US$),24 607.3,27 980.4,30 974.7b,Economy: Agriculturee (% of Gross Value Added),~0.0,~0.0,~0.0b,"Economy: Industryf,g (% of Gross Value Added)",12,13.7,13.8b,Economy: Services and other activityh (% of GVA),88,86.3,86.2b,"Employment in agriculturej,k (% of employed)",0.6i,0.6l,...,"Employment in industryj,k (% of employed)",14.5i,14l,...,"Employment in servicesj,k (% employed)",84.4i,85.1l,...,Unemployment (% of labour force),"10.6i,k",...,...,Labour force participation rate (female/male pop. %),"59.5 /       68.9i,k,m","58.8 /       69.6k,l",... / ...,CPI: Consumer Price Indexn (2010=100),100,103,108d,International trade: exports (million current US$),125,80,66d,International trade: imports (million current US$),1 071,1 165,939d,International trade: balance (million current US$),-947,- 1 085,-873d,"Balance of payments, current account (million US$)",-460,111,-324d,,,,
GDP per capita (current US$),24 607.3,27 980.4,30 974.7b,Economy: Agriculturee (% of Gross Value Added),~0.0,~0.0,~0.0b,"Economy: Industryf,g (% of Gross Value Added)",12,13.7,13.8b,Economy: Services and other activityh (% of GVA),88,86.3,86.2b,"Employment in agriculturej,k (% of employed)",0.6i,0.6l,...,"Employment in industryj,k (% of employed)",14.5i,14l,...,"Employment in servicesj,k (% employed)",84.4i,85.1l,...,Unemployment (% of labour force),"10.6i,k",...,...,Labour force participation rate (female/male pop. %),"59.5 /       68.9i,k,m","58.8 /       69.6k,l",... / ...,CPI: Consumer Price Indexn (2010=100),100,103,108d,International trade: exports (million current US$),125,80,66d,International trade: imports (million current US$),1 071,1 165,939d,International trade: balance (million current US$),-947,- 1 085,-873d,"Balance of payments, current account (million US$)",-460,111,-324d,,,,,,,,
Economy: Agriculturee (% of Gross Value Added),~0.0,~0.0,~0.0b,"Economy: Industryf,g (% of Gross Value Added)",12,13.7,13.8b,Economy: Services and other activityh (% of GVA),88,86.3,86.2b,"Employment in agriculturej,k (% of employed)",0.6i,0.6l,...,"Employment in industryj,k (% of employed)",14.5i,14l,...,"Employment in servicesj,k (% employed)",84.4i,85.1l,...,Unemployment (% of labour force),"10.6i,k",...,...,Labour force participation rate (female/male pop. %),"59.5 /       68.9i,k,m","58.8 /       69.6k,l",... / ...,CPI: Consumer Price Indexn (2010=100),100,103,108d,International trade: exports (million current US$),125,80,66d,International trade: imports (million current US$),1 071,1 165,939d,International trade: balance (million current US$),-947,- 1 085,-873d,"Balance of payments, current account (million US$)",-460,111,-324d,,,,,,,,,,,,
"Economy: Industryf,g (% of Gross Value Added)",12,13.7,13.8b,Economy: Services and other activityh (% of GVA),88,86.3,86.2b,"Employment in agriculturej,k (% of employed)",0.6i,0.6l,...,"Employment in industryj,k (% of employed)",14.5i,14l,...,"Employment in servicesj,k (% employed)",84.4i,85.1l,...,Unemployment (% of labour force),"10.6i,k",...,...,Labour force participation rate (female/male pop. %),"59.5 /       68.9i,k,m","58.8 /       69.6k,l",... / ...,CPI: Consumer Price Indexn (2010=100),100,103,108d,International trade: exports (million current US$),125,80,66d,International trade: imports (million current US$),1 071,1 165,939d,International trade: balance (million current US$),-947,- 1 085,-873d,"Balance of payments, current account (million US$)",-460,111,-324d,,,,,,,,,,,,,,,,
Economy: Services and other activityh (% of GVA),88,86.3,86.2b,"Employment in agriculturej,k (% of employed)",0.6i,0.6l,...,"Employment in industryj,k (% of employed)",14.5i,14l,...,"Employment in servicesj,k (% employed)",84.4i,85.1l,...,Unemployment (% of labour force),"10.6i,k",...,...,Labour force participation rate (female/male pop. %),"59.5 /       68.9i,k,m","58.8 /       69.6k,l",... / ...,CPI: Consumer Price Indexn (2010=100),100,103,108d,International trade: exports (million current US$),125,80,66d,International trade: imports (million current US$),1 071,1 165,939d,International trade: balance (million current US$),-947,- 1 085,-873d,"Balance of payments, current account (million US$)",-460,111,-324d,,,,,,,,,,,,,,,,,,,,
"Employment in agriculturej,k (% of employed)",0.6i,0.6l,...,"Employment in industryj,k (% of employed)",14.5i,14l,...,"Employment in servicesj,k (% employed)",84.4i,85.1l,...,Unemployment (% of labour force),"10.6i,k",...,...,Labour force participation rate (female/male pop. %),"59.5 /       68.9i,k,m","58.8 /       69.6k,l",... / ...,CPI: Consumer Price Indexn (2010=100),100,103,108d,International trade: exports (million current US$),125,80,66d,International trade: imports (million current US$),1 071,1 165,939d,International trade: balance (million current US$),-947,- 1 085,-873d,"Balance of payments, current account (million US$)",-460,111,-324d,,,,,,,,,,,,,,,,,,,,,,,,
"Employment in industryj,k (% of employed)",14.5i,14l,...,"Employment in servicesj,k (% employed)",84.4i,85.1l,...,Unemployment (% of labour force),"10.6i,k",...,...,Labour force participation rate (female/male pop. %),"59.5 /       68.9i,k,m","58.8 /       69.6k,l",... / ...,CPI: Consumer Price Indexn (2010=100),100,103,108d,International trade: exports (million current US$),125,80,66d,International trade: imports (million current US$),1 071,1 165,939d,International trade: balance (million current US$),-947,- 1 085,-873d,"Balance of payments, current account (million US$)",-460,111,-324d,,,,,,,,,,,,,,,,,,,,,,,,,,,,
"Employment in servicesj,k (% employed)",84.4i,85.1l,...,Unemployment (% of labour force),"10.6i,k",...,...,Labour force participation rate (female/male pop. %),"59.5 /       68.9i,k,m","58.8 /       69.6k,l",... / ...,CPI: Consumer Price Indexn (2010=100),100,103,108d,International trade: exports (million current US$),125,80,66d,International trade: imports (million current US$),1 071,1 165,939d,International trade: balance (million current US$),-947,- 1 085,-873d,"Balance of payments, current account (million US$)",-460,111,-324d,,,,,,,,,,,,,,,,,,,,,,,,,,,,,,,,
Unemployment (% of labour force),"10.6i,k",...,...,Labour force participation rate (female/male pop. %),"59.5 /       68.9i,k,m","58.8 /       69.6k,l",... / ...,CPI: Consumer Price Indexn (2010=100),100,103,108d,International trade: exports (million current US$),125,80,66d,International trade: imports (million current US$),1 071,1 165,939d,International trade: balance (million current US$),-947,- 1 085,-873d,"Balance of payments, current account (million US$)",-460,111,-324d,,,,,,,,,,,,,,,,,,,,,,,,,,,,,,,,,,,,
Labour force participation rate (female/male pop. %),"59.5 /       68.9i,k,m","58.8 /       69.6k,l",... / ...,CPI: Consumer Price Indexn (2010=100),100,103,108d,International trade: exports (million current US$),125,80,66d,International trade: imports (million current US$),1 071,1 165,939d,International trade: balance (million current US$),-947,- 1 085,-873d,"Balance of payments, current account (million US$)",-460,111,-324d,,,,,,,,,,,,,,,,,,,,,,,,,,,,,,,,,,,,,,,,
CPI: Consumer Price Indexn (2010=100),100,103,108d,International trade: exports (million current US$),125,80,66d,International trade: imports (million current US$),1 071,1 165,939d,International trade: balance (million current US$),-947,- 1 085,-873d,"Balance of payments, current account (million US$)",-460,111,-324d,,,,,,,,,,,,,,,,,,,,,,,,,,,,,,,,,,,,,,,,,,,,
International trade: exports (million current US$),125,80,66d,International trade: imports (million current US$),1 071,1 165,939d,International trade: balance (million current US$),-947,- 1 085,-873d,"Balance of payments, current account (million US$)",-460,111,-324d,,,,,,,,,,,,,,,,,,,,,,,,,,,,,,,,,,,,,,,,,,,,,,,,
International trade: imports (million current US$),1 071,1 165,939d,International trade: balance (million current US$),-947,- 1 085,-873d,"Balance of payments, current account (million US$)",-460,111,-324d,,,,,,,,,,,,,,,,,,,,,,,,,,,,,,,,,,,,,,,,,,,,,,,,,,,,
International trade: balance (million current US$),-947,- 1 085,-873d,"Balance of payments, current account (million US$)",-460,111,-324d,,,,,,,,,,,,,,,,,,,,,,,,,,,,,,,,,,,,,,,,,,,,,,,,,,,,,,,,
"Balance of payments, current account (million US$)",-460,111,-324d,,,,,,,,,,,,,,,,,,,,,,,,,,,,,,,,,,,,,,,,,,,,,,,,,,,,,,,,,,,,
