0,1,2,3,4,5,6,7,8,9,10,11,12,13,14,15,16,17,18,19,20,21,22,23,24,25,26,27
,2010,2015,2021,,,,,,,,,,,,,,,,,,,,,,,,
Individuals using the Internetv (per 100 inhabitants),62,88.7,97.2w,Threatened species (number),22,29,60,Forested areav (% of land area),2.3,2.3,2.3c,"Energy production, primaryv (Petajoules)",5,1,1c,Energy supply per capitav (Gigajoules),550,122,118c,Tourist/visitor arrivals at national bordersx (000),824,1 225,1 119b,Important sites for terrestrial biodiversity protected (%),37.1,37.1,37.1d
Threatened species (number),22,29,60,Forested areav (% of land area),2.3,2.3,2.3c,"Energy production, primaryv (Petajoules)",5,1,1c,Energy supply per capitav (Gigajoules),550,122,118c,Tourist/visitor arrivals at national bordersx (000),824,1 225,1 119b,Important sites for terrestrial biodiversity protected (%),37.1,37.1,37.1d,,,,
Forested areav (% of land area),2.3,2.3,2.3c,"Energy production, primaryv (Petajoules)",5,1,1c,Energy supply per capitav (Gigajoules),550,122,118c,Tourist/visitor arrivals at national bordersx (000),824,1 225,1 119b,Important sites for terrestrial biodiversity protected (%),37.1,37.1,37.1d,,,,,,,,
"Energy production, primaryv (Petajoules)",5,1,1c,Energy supply per capitav (Gigajoules),550,122,118c,Tourist/visitor arrivals at national bordersx (000),824,1 225,1 119b,Important sites for terrestrial biodiversity protected (%),37.1,37.1,37.1d,,,,,,,,,,,,
Energy supply per capitav (Gigajoules),550,122,118c,Tourist/visitor arrivals at national bordersx (000),824,1 225,1 119b,Important sites for terrestrial biodiversity protected (%),37.1,37.1,37.1d,,,,,,,,,,,,,,,,
Tourist/visitor arrivals at national bordersx (000),824,1 225,1 119b,Important sites for terrestrial biodiversity protected (%),37.1,37.1,37.1d,,,,,,,,,,,,,,,,,,,,
Important sites for terrestrial biodiversity protected (%),37.1,37.1,37.1d,,,,,,,,,,,,,,,,,,,,,,,,
