0,1,2,3,4,5,6,7,8,9,10,11,12,13,14,15,16,17,18,19,20,21,22,23,24,25,26,27,28,29,30,31,32,33,34,35,36,37,38,39,40,41,42,43,44,45,46,47,48,49,50,51,52,53,54,55
,2010,2015,2021,,,,,,,,,,,,,,,,,,,,,,,,,,,,,,,,,,,,,,,,,,,,,,,,,,,,
Population growth ratep (average annual %),0.3,0.5,0.5d,Urban population (% of total population),43.1,43.1,43.5b,Urban population growth ratep (average annual %),-0.5,0.5,...,"Fertility rate, totalp (live births per woman)",1.8,1.8,1.9d,"Life expectancy at birthp (females/males, years)",77.1 /       72.2,77.8 /       72.9,78.4 /       73.6d,"Population age distribution (0-14/60+ years old, %)",20.9 /       15.5,18.7 /       18.4,17.3 /       22.6a,International migrant stockq (000/% of total pop.),34.3 /       33.8,36.1 /       34.6,53.6 /       50.2d,Refugees and others of concern to UNHCR (000),~0.0r,~0.0,17d,Infant mortality ratep (per 1 000 live births),16.2,14.8,13.6d,Education: Government expenditure (% of GDP),6.9,6,5.5s,Education: Primary gross enrol. ratio (f/m per 100 pop.),113.0 /      114.5,115.2 /      118.9t,... / ...,Education: Secondary gross enrol. ratio (f/m per 100 pop.),98.3 /       93.5,112.1 /      110.2u,... / ...,Education: Upper secondary gross enrol. ratio (f/m per 100 pop.),91.2 /       78.5,107.0 /      105.6u,... / ...,Intentional homicide rate (per 100 000 pop.),3.9,1.9t,...
Urban population (% of total population),43.1,43.1,43.5b,Urban population growth ratep (average annual %),-0.5,0.5,...,"Fertility rate, totalp (live births per woman)",1.8,1.8,1.9d,"Life expectancy at birthp (females/males, years)",77.1 /       72.2,77.8 /       72.9,78.4 /       73.6d,"Population age distribution (0-14/60+ years old, %)",20.9 /       15.5,18.7 /       18.4,17.3 /       22.6a,International migrant stockq (000/% of total pop.),34.3 /       33.8,36.1 /       34.6,53.6 /       50.2d,Refugees and others of concern to UNHCR (000),~0.0r,~0.0,17d,Infant mortality ratep (per 1 000 live births),16.2,14.8,13.6d,Education: Government expenditure (% of GDP),6.9,6,5.5s,Education: Primary gross enrol. ratio (f/m per 100 pop.),113.0 /      114.5,115.2 /      118.9t,... / ...,Education: Secondary gross enrol. ratio (f/m per 100 pop.),98.3 /       93.5,112.1 /      110.2u,... / ...,Education: Upper secondary gross enrol. ratio (f/m per 100 pop.),91.2 /       78.5,107.0 /      105.6u,... / ...,Intentional homicide rate (per 100 000 pop.),3.9,1.9t,...,,,,
Urban population growth ratep (average annual %),-0.5,0.5,...,"Fertility rate, totalp (live births per woman)",1.8,1.8,1.9d,"Life expectancy at birthp (females/males, years)",77.1 /       72.2,77.8 /       72.9,78.4 /       73.6d,"Population age distribution (0-14/60+ years old, %)",20.9 /       15.5,18.7 /       18.4,17.3 /       22.6a,International migrant stockq (000/% of total pop.),34.3 /       33.8,36.1 /       34.6,53.6 /       50.2d,Refugees and others of concern to UNHCR (000),~0.0r,~0.0,17d,Infant mortality ratep (per 1 000 live births),16.2,14.8,13.6d,Education: Government expenditure (% of GDP),6.9,6,5.5s,Education: Primary gross enrol. ratio (f/m per 100 pop.),113.0 /      114.5,115.2 /      118.9t,... / ...,Education: Secondary gross enrol. ratio (f/m per 100 pop.),98.3 /       93.5,112.1 /      110.2u,... / ...,Education: Upper secondary gross enrol. ratio (f/m per 100 pop.),91.2 /       78.5,107.0 /      105.6u,... / ...,Intentional homicide rate (per 100 000 pop.),3.9,1.9t,...,,,,,,,,
"Fertility rate, totalp (live births per woman)",1.8,1.8,1.9d,"Life expectancy at birthp (females/males, years)",77.1 /       72.2,77.8 /       72.9,78.4 /       73.6d,"Population age distribution (0-14/60+ years old, %)",20.9 /       15.5,18.7 /       18.4,17.3 /       22.6a,International migrant stockq (000/% of total pop.),34.3 /       33.8,36.1 /       34.6,53.6 /       50.2d,Refugees and others of concern to UNHCR (000),~0.0r,~0.0,17d,Infant mortality ratep (per 1 000 live births),16.2,14.8,13.6d,Education: Government expenditure (% of GDP),6.9,6,5.5s,Education: Primary gross enrol. ratio (f/m per 100 pop.),113.0 /      114.5,115.2 /      118.9t,... / ...,Education: Secondary gross enrol. ratio (f/m per 100 pop.),98.3 /       93.5,112.1 /      110.2u,... / ...,Education: Upper secondary gross enrol. ratio (f/m per 100 pop.),91.2 /       78.5,107.0 /      105.6u,... / ...,Intentional homicide rate (per 100 000 pop.),3.9,1.9t,...,,,,,,,,,,,,
"Life expectancy at birthp (females/males, years)",77.1 /       72.2,77.8 /       72.9,78.4 /       73.6d,"Population age distribution (0-14/60+ years old, %)",20.9 /       15.5,18.7 /       18.4,17.3 /       22.6a,International migrant stockq (000/% of total pop.),34.3 /       33.8,36.1 /       34.6,53.6 /       50.2d,Refugees and others of concern to UNHCR (000),~0.0r,~0.0,17d,Infant mortality ratep (per 1 000 live births),16.2,14.8,13.6d,Education: Government expenditure (% of GDP),6.9,6,5.5s,Education: Primary gross enrol. ratio (f/m per 100 pop.),113.0 /      114.5,115.2 /      118.9t,... / ...,Education: Secondary gross enrol. ratio (f/m per 100 pop.),98.3 /       93.5,112.1 /      110.2u,... / ...,Education: Upper secondary gross enrol. ratio (f/m per 100 pop.),91.2 /       78.5,107.0 /      105.6u,... / ...,Intentional homicide rate (per 100 000 pop.),3.9,1.9t,...,,,,,,,,,,,,,,,,
"Population age distribution (0-14/60+ years old, %)",20.9 /       15.5,18.7 /       18.4,17.3 /       22.6a,International migrant stockq (000/% of total pop.),34.3 /       33.8,36.1 /       34.6,53.6 /       50.2d,Refugees and others of concern to UNHCR (000),~0.0r,~0.0,17d,Infant mortality ratep (per 1 000 live births),16.2,14.8,13.6d,Education: Government expenditure (% of GDP),6.9,6,5.5s,Education: Primary gross enrol. ratio (f/m per 100 pop.),113.0 /      114.5,115.2 /      118.9t,... / ...,Education: Secondary gross enrol. ratio (f/m per 100 pop.),98.3 /       93.5,112.1 /      110.2u,... / ...,Education: Upper secondary gross enrol. ratio (f/m per 100 pop.),91.2 /       78.5,107.0 /      105.6u,... / ...,Intentional homicide rate (per 100 000 pop.),3.9,1.9t,...,,,,,,,,,,,,,,,,,,,,
International migrant stockq (000/% of total pop.),34.3 /       33.8,36.1 /       34.6,53.6 /       50.2d,Refugees and others of concern to UNHCR (000),~0.0r,~0.0,17d,Infant mortality ratep (per 1 000 live births),16.2,14.8,13.6d,Education: Government expenditure (% of GDP),6.9,6,5.5s,Education: Primary gross enrol. ratio (f/m per 100 pop.),113.0 /      114.5,115.2 /      118.9t,... / ...,Education: Secondary gross enrol. ratio (f/m per 100 pop.),98.3 /       93.5,112.1 /      110.2u,... / ...,Education: Upper secondary gross enrol. ratio (f/m per 100 pop.),91.2 /       78.5,107.0 /      105.6u,... / ...,Intentional homicide rate (per 100 000 pop.),3.9,1.9t,...,,,,,,,,,,,,,,,,,,,,,,,,
Refugees and others of concern to UNHCR (000),~0.0r,~0.0,17d,Infant mortality ratep (per 1 000 live births),16.2,14.8,13.6d,Education: Government expenditure (% of GDP),6.9,6,5.5s,Education: Primary gross enrol. ratio (f/m per 100 pop.),113.0 /      114.5,115.2 /      118.9t,... / ...,Education: Secondary gross enrol. ratio (f/m per 100 pop.),98.3 /       93.5,112.1 /      110.2u,... / ...,Education: Upper secondary gross enrol. ratio (f/m per 100 pop.),91.2 /       78.5,107.0 /      105.6u,... / ...,Intentional homicide rate (per 100 000 pop.),3.9,1.9t,...,,,,,,,,,,,,,,,,,,,,,,,,,,,,
Infant mortality ratep (per 1 000 live births),16.2,14.8,13.6d,Education: Government expenditure (% of GDP),6.9,6,5.5s,Education: Primary gross enrol. ratio (f/m per 100 pop.),113.0 /      114.5,115.2 /      118.9t,... / ...,Education: Secondary gross enrol. ratio (f/m per 100 pop.),98.3 /       93.5,112.1 /      110.2u,... / ...,Education: Upper secondary gross enrol. ratio (f/m per 100 pop.),91.2 /       78.5,107.0 /      105.6u,... / ...,Intentional homicide rate (per 100 000 pop.),3.9,1.9t,...,,,,,,,,,,,,,,,,,,,,,,,,,,,,,,,,
Education: Government expenditure (% of GDP),6.9,6,5.5s,Education: Primary gross enrol. ratio (f/m per 100 pop.),113.0 /      114.5,115.2 /      118.9t,... / ...,Education: Secondary gross enrol. ratio (f/m per 100 pop.),98.3 /       93.5,112.1 /      110.2u,... / ...,Education: Upper secondary gross enrol. ratio (f/m per 100 pop.),91.2 /       78.5,107.0 /      105.6u,... / ...,Intentional homicide rate (per 100 000 pop.),3.9,1.9t,...,,,,,,,,,,,,,,,,,,,,,,,,,,,,,,,,,,,,
Education: Primary gross enrol. ratio (f/m per 100 pop.),113.0 /      114.5,115.2 /      118.9t,... / ...,Education: Secondary gross enrol. ratio (f/m per 100 pop.),98.3 /       93.5,112.1 /      110.2u,... / ...,Education: Upper secondary gross enrol. ratio (f/m per 100 pop.),91.2 /       78.5,107.0 /      105.6u,... / ...,Intentional homicide rate (per 100 000 pop.),3.9,1.9t,...,,,,,,,,,,,,,,,,,,,,,,,,,,,,,,,,,,,,,,,,
Education: Secondary gross enrol. ratio (f/m per 100 pop.),98.3 /       93.5,112.1 /      110.2u,... / ...,Education: Upper secondary gross enrol. ratio (f/m per 100 pop.),91.2 /       78.5,107.0 /      105.6u,... / ...,Intentional homicide rate (per 100 000 pop.),3.9,1.9t,...,,,,,,,,,,,,,,,,,,,,,,,,,,,,,,,,,,,,,,,,,,,,
Education: Upper secondary gross enrol. ratio (f/m per 100 pop.),91.2 /       78.5,107.0 /      105.6u,... / ...,Intentional homicide rate (per 100 000 pop.),3.9,1.9t,...,,,,,,,,,,,,,,,,,,,,,,,,,,,,,,,,,,,,,,,,,,,,,,,,
Intentional homicide rate (per 100 000 pop.),3.9,1.9t,...,,,,,,,,,,,,,,,,,,,,,,,,,,,,,,,,,,,,,,,,,,,,,,,,,,,,
