0,1,2,3,4,5,6,7,8,9,10,11,12,13,14,15,16,17,18,19,20,21,22,23,24,25,26,27,28,29,30,31,32,33,34,35,36,37,38,39,40,41,42,43,44,45,46,47,48,49,50,51,52,53,54,55,56,57,58,59,60,61,62,63,64,65,66,67
,2010,2015,2021,,,,,,,,,,,,,,,,,,,,,,,,,,,,,,,,,,,,,,,,,,,,,,,,,,,,,,,,,,,,,,,,
GDP: Gross domestic product (million current US$),849,1 047,1 322b,"GDP growth rate (annual %, const. 2015 prices)",4.6,6.1,4.5b,GDP per capita (current US$),557.6,602.9,688.4b,Economy: Agriculture (% of Gross Value Added),46.2,49,51b,Economy: Industry (% of Gross Value Added),13.5,12.8,12.8b,Economy: Services and other activity (% of GVA),40.3,38.2,36.2b,Employment in agriculturee (% of employed),71,69.7,67.8d,Employment in industrye (% of employed),7.1,6.9,7d,Employment in servicese (% employed),21.8,23.4,25.2d,Unemploymente (% of labour force),2.7,2.6,2.5d,Labour force participation ratee (female/male pop. %),65.1 /       78.7,65.6 /       78.8,65.9 /       78.6d,CPI: Consumer Price Indexf (2010=100),100,109,113b,Agricultural production index (2014-2016=100),92,102,107b,International trade: exportse (million current US$),120,548,6 028d,International trade: importse (million current US$),197,221,180d,International trade: balancee (million current US$),-77,327,5 847d,"Balance of payments, current account (million US$)",-71,21,-127b
"GDP growth rate (annual %, const. 2015 prices)",4.6,6.1,4.5b,GDP per capita (current US$),557.6,602.9,688.4b,Economy: Agriculture (% of Gross Value Added),46.2,49,51b,Economy: Industry (% of Gross Value Added),13.5,12.8,12.8b,Economy: Services and other activity (% of GVA),40.3,38.2,36.2b,Employment in agriculturee (% of employed),71,69.7,67.8d,Employment in industrye (% of employed),7.1,6.9,7d,Employment in servicese (% employed),21.8,23.4,25.2d,Unemploymente (% of labour force),2.7,2.6,2.5d,Labour force participation ratee (female/male pop. %),65.1 /       78.7,65.6 /       78.8,65.9 /       78.6d,CPI: Consumer Price Indexf (2010=100),100,109,113b,Agricultural production index (2014-2016=100),92,102,107b,International trade: exportse (million current US$),120,548,6 028d,International trade: importse (million current US$),197,221,180d,International trade: balancee (million current US$),-77,327,5 847d,"Balance of payments, current account (million US$)",-71,21,-127b,,,,
GDP per capita (current US$),557.6,602.9,688.4b,Economy: Agriculture (% of Gross Value Added),46.2,49,51b,Economy: Industry (% of Gross Value Added),13.5,12.8,12.8b,Economy: Services and other activity (% of GVA),40.3,38.2,36.2b,Employment in agriculturee (% of employed),71,69.7,67.8d,Employment in industrye (% of employed),7.1,6.9,7d,Employment in servicese (% employed),21.8,23.4,25.2d,Unemploymente (% of labour force),2.7,2.6,2.5d,Labour force participation ratee (female/male pop. %),65.1 /       78.7,65.6 /       78.8,65.9 /       78.6d,CPI: Consumer Price Indexf (2010=100),100,109,113b,Agricultural production index (2014-2016=100),92,102,107b,International trade: exportse (million current US$),120,548,6 028d,International trade: importse (million current US$),197,221,180d,International trade: balancee (million current US$),-77,327,5 847d,"Balance of payments, current account (million US$)",-71,21,-127b,,,,,,,,
Economy: Agriculture (% of Gross Value Added),46.2,49,51b,Economy: Industry (% of Gross Value Added),13.5,12.8,12.8b,Economy: Services and other activity (% of GVA),40.3,38.2,36.2b,Employment in agriculturee (% of employed),71,69.7,67.8d,Employment in industrye (% of employed),7.1,6.9,7d,Employment in servicese (% employed),21.8,23.4,25.2d,Unemploymente (% of labour force),2.7,2.6,2.5d,Labour force participation ratee (female/male pop. %),65.1 /       78.7,65.6 /       78.8,65.9 /       78.6d,CPI: Consumer Price Indexf (2010=100),100,109,113b,Agricultural production index (2014-2016=100),92,102,107b,International trade: exportse (million current US$),120,548,6 028d,International trade: importse (million current US$),197,221,180d,International trade: balancee (million current US$),-77,327,5 847d,"Balance of payments, current account (million US$)",-71,21,-127b,,,,,,,,,,,,
Economy: Industry (% of Gross Value Added),13.5,12.8,12.8b,Economy: Services and other activity (% of GVA),40.3,38.2,36.2b,Employment in agriculturee (% of employed),71,69.7,67.8d,Employment in industrye (% of employed),7.1,6.9,7d,Employment in servicese (% employed),21.8,23.4,25.2d,Unemploymente (% of labour force),2.7,2.6,2.5d,Labour force participation ratee (female/male pop. %),65.1 /       78.7,65.6 /       78.8,65.9 /       78.6d,CPI: Consumer Price Indexf (2010=100),100,109,113b,Agricultural production index (2014-2016=100),92,102,107b,International trade: exportse (million current US$),120,548,6 028d,International trade: importse (million current US$),197,221,180d,International trade: balancee (million current US$),-77,327,5 847d,"Balance of payments, current account (million US$)",-71,21,-127b,,,,,,,,,,,,,,,,
Economy: Services and other activity (% of GVA),40.3,38.2,36.2b,Employment in agriculturee (% of employed),71,69.7,67.8d,Employment in industrye (% of employed),7.1,6.9,7d,Employment in servicese (% employed),21.8,23.4,25.2d,Unemploymente (% of labour force),2.7,2.6,2.5d,Labour force participation ratee (female/male pop. %),65.1 /       78.7,65.6 /       78.8,65.9 /       78.6d,CPI: Consumer Price Indexf (2010=100),100,109,113b,Agricultural production index (2014-2016=100),92,102,107b,International trade: exportse (million current US$),120,548,6 028d,International trade: importse (million current US$),197,221,180d,International trade: balancee (million current US$),-77,327,5 847d,"Balance of payments, current account (million US$)",-71,21,-127b,,,,,,,,,,,,,,,,,,,,
Employment in agriculturee (% of employed),71,69.7,67.8d,Employment in industrye (% of employed),7.1,6.9,7d,Employment in servicese (% employed),21.8,23.4,25.2d,Unemploymente (% of labour force),2.7,2.6,2.5d,Labour force participation ratee (female/male pop. %),65.1 /       78.7,65.6 /       78.8,65.9 /       78.6d,CPI: Consumer Price Indexf (2010=100),100,109,113b,Agricultural production index (2014-2016=100),92,102,107b,International trade: exportse (million current US$),120,548,6 028d,International trade: importse (million current US$),197,221,180d,International trade: balancee (million current US$),-77,327,5 847d,"Balance of payments, current account (million US$)",-71,21,-127b,,,,,,,,,,,,,,,,,,,,,,,,
Employment in industrye (% of employed),7.1,6.9,7d,Employment in servicese (% employed),21.8,23.4,25.2d,Unemploymente (% of labour force),2.7,2.6,2.5d,Labour force participation ratee (female/male pop. %),65.1 /       78.7,65.6 /       78.8,65.9 /       78.6d,CPI: Consumer Price Indexf (2010=100),100,109,113b,Agricultural production index (2014-2016=100),92,102,107b,International trade: exportse (million current US$),120,548,6 028d,International trade: importse (million current US$),197,221,180d,International trade: balancee (million current US$),-77,327,5 847d,"Balance of payments, current account (million US$)",-71,21,-127b,,,,,,,,,,,,,,,,,,,,,,,,,,,,
Employment in servicese (% employed),21.8,23.4,25.2d,Unemploymente (% of labour force),2.7,2.6,2.5d,Labour force participation ratee (female/male pop. %),65.1 /       78.7,65.6 /       78.8,65.9 /       78.6d,CPI: Consumer Price Indexf (2010=100),100,109,113b,Agricultural production index (2014-2016=100),92,102,107b,International trade: exportse (million current US$),120,548,6 028d,International trade: importse (million current US$),197,221,180d,International trade: balancee (million current US$),-77,327,5 847d,"Balance of payments, current account (million US$)",-71,21,-127b,,,,,,,,,,,,,,,,,,,,,,,,,,,,,,,,
Unemploymente (% of labour force),2.7,2.6,2.5d,Labour force participation ratee (female/male pop. %),65.1 /       78.7,65.6 /       78.8,65.9 /       78.6d,CPI: Consumer Price Indexf (2010=100),100,109,113b,Agricultural production index (2014-2016=100),92,102,107b,International trade: exportse (million current US$),120,548,6 028d,International trade: importse (million current US$),197,221,180d,International trade: balancee (million current US$),-77,327,5 847d,"Balance of payments, current account (million US$)",-71,21,-127b,,,,,,,,,,,,,,,,,,,,,,,,,,,,,,,,,,,,
Labour force participation ratee (female/male pop. %),65.1 /       78.7,65.6 /       78.8,65.9 /       78.6d,CPI: Consumer Price Indexf (2010=100),100,109,113b,Agricultural production index (2014-2016=100),92,102,107b,International trade: exportse (million current US$),120,548,6 028d,International trade: importse (million current US$),197,221,180d,International trade: balancee (million current US$),-77,327,5 847d,"Balance of payments, current account (million US$)",-71,21,-127b,,,,,,,,,,,,,,,,,,,,,,,,,,,,,,,,,,,,,,,,
CPI: Consumer Price Indexf (2010=100),100,109,113b,Agricultural production index (2014-2016=100),92,102,107b,International trade: exportse (million current US$),120,548,6 028d,International trade: importse (million current US$),197,221,180d,International trade: balancee (million current US$),-77,327,5 847d,"Balance of payments, current account (million US$)",-71,21,-127b,,,,,,,,,,,,,,,,,,,,,,,,,,,,,,,,,,,,,,,,,,,,
Agricultural production index (2014-2016=100),92,102,107b,International trade: exportse (million current US$),120,548,6 028d,International trade: importse (million current US$),197,221,180d,International trade: balancee (million current US$),-77,327,5 847d,"Balance of payments, current account (million US$)",-71,21,-127b,,,,,,,,,,,,,,,,,,,,,,,,,,,,,,,,,,,,,,,,,,,,,,,,
International trade: exportse (million current US$),120,548,6 028d,International trade: importse (million current US$),197,221,180d,International trade: balancee (million current US$),-77,327,5 847d,"Balance of payments, current account (million US$)",-71,21,-127b,,,,,,,,,,,,,,,,,,,,,,,,,,,,,,,,,,,,,,,,,,,,,,,,,,,,
International trade: importse (million current US$),197,221,180d,International trade: balancee (million current US$),-77,327,5 847d,"Balance of payments, current account (million US$)",-71,21,-127b,,,,,,,,,,,,,,,,,,,,,,,,,,,,,,,,,,,,,,,,,,,,,,,,,,,,,,,,
International trade: balancee (million current US$),-77,327,5 847d,"Balance of payments, current account (million US$)",-71,21,-127b,,,,,,,,,,,,,,,,,,,,,,,,,,,,,,,,,,,,,,,,,,,,,,,,,,,,,,,,,,,,
"Balance of payments, current account (million US$)",-71,21,-127b,,,,,,,,,,,,,,,,,,,,,,,,,,,,,,,,,,,,,,,,,,,,,,,,,,,,,,,,,,,,,,,,
