0,1,2,3,4,5,6,7,8,9,10,11,12,13,14,15,16,17,18,19,20,21,22,23,24,25,26,27,28,29,30,31,32,33,34,35,36,37,38,39,40,41,42,43,44,45,46,47,48,49,50,51,52,53,54,55,56,57,58,59
,2010,2015,2021,,,,,,,,,,,,,,,,,,,,,,,,,,,,,,,,,,,,,,,,,,,,,,,,,,,,,,,,
Population growth rateg (average annual %),2.5,2.6,2.5d,Urban population (% of total population),40.1,42.1,43.8b,Urban population growth rateg (average annual %),3.4,3.6,...,"Fertility rate, totalg (live births per woman)",5.2,4.9,4.5d,"Life expectancy at birthg (females/males, years)",55.6 /       50.9,58.2 /       53.6,59.7 /       55.8d,"Population age distribution (0-14/60+ years old, %)",43.1 /        4.3,42.7 /        4.5,41.7 /        4.6a,International migrant stockh (000/% of total pop.),21.4 /        1.4,22.3 /        1.3,17.9 /        0.9d,Refugees and others of concern to UNHCR (000),8i,8.8,1.6d,Infant mortality rateg (per 1 000 live births),85.2,68.1,57.1d,Health: Current expendituree (% of GDP),6.5,8.6,7j,Health: Physicians (per 1 000 pop.),0.1k,0.2,0.1l,Education: Government expenditure (% of GDP),1.9,2.1m,...,Education: Primary gross enrol. ratio (f/m per 100 pop.),114.5 /      122.9,... / ...,... / ...,Intentional homicide rate (per 100 000 pop.),...,2.8,1.1n,Seats held by women in national parliaments (%),10,13.7,13.7o
Urban population (% of total population),40.1,42.1,43.8b,Urban population growth rateg (average annual %),3.4,3.6,...,"Fertility rate, totalg (live births per woman)",5.2,4.9,4.5d,"Life expectancy at birthg (females/males, years)",55.6 /       50.9,58.2 /       53.6,59.7 /       55.8d,"Population age distribution (0-14/60+ years old, %)",43.1 /        4.3,42.7 /        4.5,41.7 /        4.6a,International migrant stockh (000/% of total pop.),21.4 /        1.4,22.3 /        1.3,17.9 /        0.9d,Refugees and others of concern to UNHCR (000),8i,8.8,1.6d,Infant mortality rateg (per 1 000 live births),85.2,68.1,57.1d,Health: Current expendituree (% of GDP),6.5,8.6,7j,Health: Physicians (per 1 000 pop.),0.1k,0.2,0.1l,Education: Government expenditure (% of GDP),1.9,2.1m,...,Education: Primary gross enrol. ratio (f/m per 100 pop.),114.5 /      122.9,... / ...,... / ...,Intentional homicide rate (per 100 000 pop.),...,2.8,1.1n,Seats held by women in national parliaments (%),10,13.7,13.7o,,,,
Urban population growth rateg (average annual %),3.4,3.6,...,"Fertility rate, totalg (live births per woman)",5.2,4.9,4.5d,"Life expectancy at birthg (females/males, years)",55.6 /       50.9,58.2 /       53.6,59.7 /       55.8d,"Population age distribution (0-14/60+ years old, %)",43.1 /        4.3,42.7 /        4.5,41.7 /        4.6a,International migrant stockh (000/% of total pop.),21.4 /        1.4,22.3 /        1.3,17.9 /        0.9d,Refugees and others of concern to UNHCR (000),8i,8.8,1.6d,Infant mortality rateg (per 1 000 live births),85.2,68.1,57.1d,Health: Current expendituree (% of GDP),6.5,8.6,7j,Health: Physicians (per 1 000 pop.),0.1k,0.2,0.1l,Education: Government expenditure (% of GDP),1.9,2.1m,...,Education: Primary gross enrol. ratio (f/m per 100 pop.),114.5 /      122.9,... / ...,... / ...,Intentional homicide rate (per 100 000 pop.),...,2.8,1.1n,Seats held by women in national parliaments (%),10,13.7,13.7o,,,,,,,,
"Fertility rate, totalg (live births per woman)",5.2,4.9,4.5d,"Life expectancy at birthg (females/males, years)",55.6 /       50.9,58.2 /       53.6,59.7 /       55.8d,"Population age distribution (0-14/60+ years old, %)",43.1 /        4.3,42.7 /        4.5,41.7 /        4.6a,International migrant stockh (000/% of total pop.),21.4 /        1.4,22.3 /        1.3,17.9 /        0.9d,Refugees and others of concern to UNHCR (000),8i,8.8,1.6d,Infant mortality rateg (per 1 000 live births),85.2,68.1,57.1d,Health: Current expendituree (% of GDP),6.5,8.6,7j,Health: Physicians (per 1 000 pop.),0.1k,0.2,0.1l,Education: Government expenditure (% of GDP),1.9,2.1m,...,Education: Primary gross enrol. ratio (f/m per 100 pop.),114.5 /      122.9,... / ...,... / ...,Intentional homicide rate (per 100 000 pop.),...,2.8,1.1n,Seats held by women in national parliaments (%),10,13.7,13.7o,,,,,,,,,,,,
"Life expectancy at birthg (females/males, years)",55.6 /       50.9,58.2 /       53.6,59.7 /       55.8d,"Population age distribution (0-14/60+ years old, %)",43.1 /        4.3,42.7 /        4.5,41.7 /        4.6a,International migrant stockh (000/% of total pop.),21.4 /        1.4,22.3 /        1.3,17.9 /        0.9d,Refugees and others of concern to UNHCR (000),8i,8.8,1.6d,Infant mortality rateg (per 1 000 live births),85.2,68.1,57.1d,Health: Current expendituree (% of GDP),6.5,8.6,7j,Health: Physicians (per 1 000 pop.),0.1k,0.2,0.1l,Education: Government expenditure (% of GDP),1.9,2.1m,...,Education: Primary gross enrol. ratio (f/m per 100 pop.),114.5 /      122.9,... / ...,... / ...,Intentional homicide rate (per 100 000 pop.),...,2.8,1.1n,Seats held by women in national parliaments (%),10,13.7,13.7o,,,,,,,,,,,,,,,,
"Population age distribution (0-14/60+ years old, %)",43.1 /        4.3,42.7 /        4.5,41.7 /        4.6a,International migrant stockh (000/% of total pop.),21.4 /        1.4,22.3 /        1.3,17.9 /        0.9d,Refugees and others of concern to UNHCR (000),8i,8.8,1.6d,Infant mortality rateg (per 1 000 live births),85.2,68.1,57.1d,Health: Current expendituree (% of GDP),6.5,8.6,7j,Health: Physicians (per 1 000 pop.),0.1k,0.2,0.1l,Education: Government expenditure (% of GDP),1.9,2.1m,...,Education: Primary gross enrol. ratio (f/m per 100 pop.),114.5 /      122.9,... / ...,... / ...,Intentional homicide rate (per 100 000 pop.),...,2.8,1.1n,Seats held by women in national parliaments (%),10,13.7,13.7o,,,,,,,,,,,,,,,,,,,,
International migrant stockh (000/% of total pop.),21.4 /        1.4,22.3 /        1.3,17.9 /        0.9d,Refugees and others of concern to UNHCR (000),8i,8.8,1.6d,Infant mortality rateg (per 1 000 live births),85.2,68.1,57.1d,Health: Current expendituree (% of GDP),6.5,8.6,7j,Health: Physicians (per 1 000 pop.),0.1k,0.2,0.1l,Education: Government expenditure (% of GDP),1.9,2.1m,...,Education: Primary gross enrol. ratio (f/m per 100 pop.),114.5 /      122.9,... / ...,... / ...,Intentional homicide rate (per 100 000 pop.),...,2.8,1.1n,Seats held by women in national parliaments (%),10,13.7,13.7o,,,,,,,,,,,,,,,,,,,,,,,,
Refugees and others of concern to UNHCR (000),8i,8.8,1.6d,Infant mortality rateg (per 1 000 live births),85.2,68.1,57.1d,Health: Current expendituree (% of GDP),6.5,8.6,7j,Health: Physicians (per 1 000 pop.),0.1k,0.2,0.1l,Education: Government expenditure (% of GDP),1.9,2.1m,...,Education: Primary gross enrol. ratio (f/m per 100 pop.),114.5 /      122.9,... / ...,... / ...,Intentional homicide rate (per 100 000 pop.),...,2.8,1.1n,Seats held by women in national parliaments (%),10,13.7,13.7o,,,,,,,,,,,,,,,,,,,,,,,,,,,,
Infant mortality rateg (per 1 000 live births),85.2,68.1,57.1d,Health: Current expendituree (% of GDP),6.5,8.6,7j,Health: Physicians (per 1 000 pop.),0.1k,0.2,0.1l,Education: Government expenditure (% of GDP),1.9,2.1m,...,Education: Primary gross enrol. ratio (f/m per 100 pop.),114.5 /      122.9,... / ...,... / ...,Intentional homicide rate (per 100 000 pop.),...,2.8,1.1n,Seats held by women in national parliaments (%),10,13.7,13.7o,,,,,,,,,,,,,,,,,,,,,,,,,,,,,,,,
Health: Current expendituree (% of GDP),6.5,8.6,7j,Health: Physicians (per 1 000 pop.),0.1k,0.2,0.1l,Education: Government expenditure (% of GDP),1.9,2.1m,...,Education: Primary gross enrol. ratio (f/m per 100 pop.),114.5 /      122.9,... / ...,... / ...,Intentional homicide rate (per 100 000 pop.),...,2.8,1.1n,Seats held by women in national parliaments (%),10,13.7,13.7o,,,,,,,,,,,,,,,,,,,,,,,,,,,,,,,,,,,,
Health: Physicians (per 1 000 pop.),0.1k,0.2,0.1l,Education: Government expenditure (% of GDP),1.9,2.1m,...,Education: Primary gross enrol. ratio (f/m per 100 pop.),114.5 /      122.9,... / ...,... / ...,Intentional homicide rate (per 100 000 pop.),...,2.8,1.1n,Seats held by women in national parliaments (%),10,13.7,13.7o,,,,,,,,,,,,,,,,,,,,,,,,,,,,,,,,,,,,,,,,
Education: Government expenditure (% of GDP),1.9,2.1m,...,Education: Primary gross enrol. ratio (f/m per 100 pop.),114.5 /      122.9,... / ...,... / ...,Intentional homicide rate (per 100 000 pop.),...,2.8,1.1n,Seats held by women in national parliaments (%),10,13.7,13.7o,,,,,,,,,,,,,,,,,,,,,,,,,,,,,,,,,,,,,,,,,,,,
Education: Primary gross enrol. ratio (f/m per 100 pop.),114.5 /      122.9,... / ...,... / ...,Intentional homicide rate (per 100 000 pop.),...,2.8,1.1n,Seats held by women in national parliaments (%),10,13.7,13.7o,,,,,,,,,,,,,,,,,,,,,,,,,,,,,,,,,,,,,,,,,,,,,,,,
Intentional homicide rate (per 100 000 pop.),...,2.8,1.1n,Seats held by women in national parliaments (%),10,13.7,13.7o,,,,,,,,,,,,,,,,,,,,,,,,,,,,,,,,,,,,,,,,,,,,,,,,,,,,
Seats held by women in national parliaments (%),10,13.7,13.7o,,,,,,,,,,,,,,,,,,,,,,,,,,,,,,,,,,,,,,,,,,,,,,,,,,,,,,,,
