0,1,2,3,4,5,6,7,8,9,10,11,12,13,14,15,16,17,18,19,20,21,22,23,24,25,26,27,28,29,30,31,32,33,34,35,36,37,38,39,40,41,42,43,44,45,46,47,48,49,50,51,52,53,54,55,56,57,58,59,60,61,62,63,64,65,66,67
,2010,2015,2021,,,,,,,,,,,,,,,,,,,,,,,,,,,,,,,,,,,,,,,,,,,,,,,,,,,,,,,,,,,,,,,,
GDP: Gross domestic product (million current US$),5 700 098,4 389 476,5 082 466c,"GDP growth rate (annual %, const. 2015 prices)",4.2,1.2,0.7c,GDP per capita (current US$),44 344.1,34 296.8,40 063.5c,Economy: Agriculturef (% of Gross Value Added),1.1,1.1,1.2c,Economy: Industryf (% of Gross Value Added),28.5,29.2,28.9c,Economy: Services and other activityf (% of GVA),70.4,69.7,69.9c,Employment in agriculture (% of employed),4.1,3.6,"3.4g,e",Employment in industry (% of employed),25.6,25,"24.1g,e",Employment in services (% employed),70.4,71.4,"72.6g,e",Unemploymentg (% of labour force),5.1,3.4,2.3e,Labour force participation rateg (female/male pop. %),48.7 /       72.1,49.8 /       70.8,52.7 /       71.0e,CPI: Consumer Price Indexh (2010=100),100,104,105e,Agricultural production index (2014-2016=100),96,100,100c,International trade: exports (million current US$),769 774,624 874,641 283e,International trade: imports (million current US$),694 059,625 568,635 402e,International trade: balance (million current US$),75 715,-695,5 880e,"Balance of payments, current account (million US$)",220 888,136 472,164 497e
"GDP growth rate (annual %, const. 2015 prices)",4.2,1.2,0.7c,GDP per capita (current US$),44 344.1,34 296.8,40 063.5c,Economy: Agriculturef (% of Gross Value Added),1.1,1.1,1.2c,Economy: Industryf (% of Gross Value Added),28.5,29.2,28.9c,Economy: Services and other activityf (% of GVA),70.4,69.7,69.9c,Employment in agriculture (% of employed),4.1,3.6,"3.4g,e",Employment in industry (% of employed),25.6,25,"24.1g,e",Employment in services (% employed),70.4,71.4,"72.6g,e",Unemploymentg (% of labour force),5.1,3.4,2.3e,Labour force participation rateg (female/male pop. %),48.7 /       72.1,49.8 /       70.8,52.7 /       71.0e,CPI: Consumer Price Indexh (2010=100),100,104,105e,Agricultural production index (2014-2016=100),96,100,100c,International trade: exports (million current US$),769 774,624 874,641 283e,International trade: imports (million current US$),694 059,625 568,635 402e,International trade: balance (million current US$),75 715,-695,5 880e,"Balance of payments, current account (million US$)",220 888,136 472,164 497e,,,,
GDP per capita (current US$),44 344.1,34 296.8,40 063.5c,Economy: Agriculturef (% of Gross Value Added),1.1,1.1,1.2c,Economy: Industryf (% of Gross Value Added),28.5,29.2,28.9c,Economy: Services and other activityf (% of GVA),70.4,69.7,69.9c,Employment in agriculture (% of employed),4.1,3.6,"3.4g,e",Employment in industry (% of employed),25.6,25,"24.1g,e",Employment in services (% employed),70.4,71.4,"72.6g,e",Unemploymentg (% of labour force),5.1,3.4,2.3e,Labour force participation rateg (female/male pop. %),48.7 /       72.1,49.8 /       70.8,52.7 /       71.0e,CPI: Consumer Price Indexh (2010=100),100,104,105e,Agricultural production index (2014-2016=100),96,100,100c,International trade: exports (million current US$),769 774,624 874,641 283e,International trade: imports (million current US$),694 059,625 568,635 402e,International trade: balance (million current US$),75 715,-695,5 880e,"Balance of payments, current account (million US$)",220 888,136 472,164 497e,,,,,,,,
Economy: Agriculturef (% of Gross Value Added),1.1,1.1,1.2c,Economy: Industryf (% of Gross Value Added),28.5,29.2,28.9c,Economy: Services and other activityf (% of GVA),70.4,69.7,69.9c,Employment in agriculture (% of employed),4.1,3.6,"3.4g,e",Employment in industry (% of employed),25.6,25,"24.1g,e",Employment in services (% employed),70.4,71.4,"72.6g,e",Unemploymentg (% of labour force),5.1,3.4,2.3e,Labour force participation rateg (female/male pop. %),48.7 /       72.1,49.8 /       70.8,52.7 /       71.0e,CPI: Consumer Price Indexh (2010=100),100,104,105e,Agricultural production index (2014-2016=100),96,100,100c,International trade: exports (million current US$),769 774,624 874,641 283e,International trade: imports (million current US$),694 059,625 568,635 402e,International trade: balance (million current US$),75 715,-695,5 880e,"Balance of payments, current account (million US$)",220 888,136 472,164 497e,,,,,,,,,,,,
Economy: Industryf (% of Gross Value Added),28.5,29.2,28.9c,Economy: Services and other activityf (% of GVA),70.4,69.7,69.9c,Employment in agriculture (% of employed),4.1,3.6,"3.4g,e",Employment in industry (% of employed),25.6,25,"24.1g,e",Employment in services (% employed),70.4,71.4,"72.6g,e",Unemploymentg (% of labour force),5.1,3.4,2.3e,Labour force participation rateg (female/male pop. %),48.7 /       72.1,49.8 /       70.8,52.7 /       71.0e,CPI: Consumer Price Indexh (2010=100),100,104,105e,Agricultural production index (2014-2016=100),96,100,100c,International trade: exports (million current US$),769 774,624 874,641 283e,International trade: imports (million current US$),694 059,625 568,635 402e,International trade: balance (million current US$),75 715,-695,5 880e,"Balance of payments, current account (million US$)",220 888,136 472,164 497e,,,,,,,,,,,,,,,,
Economy: Services and other activityf (% of GVA),70.4,69.7,69.9c,Employment in agriculture (% of employed),4.1,3.6,"3.4g,e",Employment in industry (% of employed),25.6,25,"24.1g,e",Employment in services (% employed),70.4,71.4,"72.6g,e",Unemploymentg (% of labour force),5.1,3.4,2.3e,Labour force participation rateg (female/male pop. %),48.7 /       72.1,49.8 /       70.8,52.7 /       71.0e,CPI: Consumer Price Indexh (2010=100),100,104,105e,Agricultural production index (2014-2016=100),96,100,100c,International trade: exports (million current US$),769 774,624 874,641 283e,International trade: imports (million current US$),694 059,625 568,635 402e,International trade: balance (million current US$),75 715,-695,5 880e,"Balance of payments, current account (million US$)",220 888,136 472,164 497e,,,,,,,,,,,,,,,,,,,,
Employment in agriculture (% of employed),4.1,3.6,"3.4g,e",Employment in industry (% of employed),25.6,25,"24.1g,e",Employment in services (% employed),70.4,71.4,"72.6g,e",Unemploymentg (% of labour force),5.1,3.4,2.3e,Labour force participation rateg (female/male pop. %),48.7 /       72.1,49.8 /       70.8,52.7 /       71.0e,CPI: Consumer Price Indexh (2010=100),100,104,105e,Agricultural production index (2014-2016=100),96,100,100c,International trade: exports (million current US$),769 774,624 874,641 283e,International trade: imports (million current US$),694 059,625 568,635 402e,International trade: balance (million current US$),75 715,-695,5 880e,"Balance of payments, current account (million US$)",220 888,136 472,164 497e,,,,,,,,,,,,,,,,,,,,,,,,
Employment in industry (% of employed),25.6,25,"24.1g,e",Employment in services (% employed),70.4,71.4,"72.6g,e",Unemploymentg (% of labour force),5.1,3.4,2.3e,Labour force participation rateg (female/male pop. %),48.7 /       72.1,49.8 /       70.8,52.7 /       71.0e,CPI: Consumer Price Indexh (2010=100),100,104,105e,Agricultural production index (2014-2016=100),96,100,100c,International trade: exports (million current US$),769 774,624 874,641 283e,International trade: imports (million current US$),694 059,625 568,635 402e,International trade: balance (million current US$),75 715,-695,5 880e,"Balance of payments, current account (million US$)",220 888,136 472,164 497e,,,,,,,,,,,,,,,,,,,,,,,,,,,,
Employment in services (% employed),70.4,71.4,"72.6g,e",Unemploymentg (% of labour force),5.1,3.4,2.3e,Labour force participation rateg (female/male pop. %),48.7 /       72.1,49.8 /       70.8,52.7 /       71.0e,CPI: Consumer Price Indexh (2010=100),100,104,105e,Agricultural production index (2014-2016=100),96,100,100c,International trade: exports (million current US$),769 774,624 874,641 283e,International trade: imports (million current US$),694 059,625 568,635 402e,International trade: balance (million current US$),75 715,-695,5 880e,"Balance of payments, current account (million US$)",220 888,136 472,164 497e,,,,,,,,,,,,,,,,,,,,,,,,,,,,,,,,
Unemploymentg (% of labour force),5.1,3.4,2.3e,Labour force participation rateg (female/male pop. %),48.7 /       72.1,49.8 /       70.8,52.7 /       71.0e,CPI: Consumer Price Indexh (2010=100),100,104,105e,Agricultural production index (2014-2016=100),96,100,100c,International trade: exports (million current US$),769 774,624 874,641 283e,International trade: imports (million current US$),694 059,625 568,635 402e,International trade: balance (million current US$),75 715,-695,5 880e,"Balance of payments, current account (million US$)",220 888,136 472,164 497e,,,,,,,,,,,,,,,,,,,,,,,,,,,,,,,,,,,,
Labour force participation rateg (female/male pop. %),48.7 /       72.1,49.8 /       70.8,52.7 /       71.0e,CPI: Consumer Price Indexh (2010=100),100,104,105e,Agricultural production index (2014-2016=100),96,100,100c,International trade: exports (million current US$),769 774,624 874,641 283e,International trade: imports (million current US$),694 059,625 568,635 402e,International trade: balance (million current US$),75 715,-695,5 880e,"Balance of payments, current account (million US$)",220 888,136 472,164 497e,,,,,,,,,,,,,,,,,,,,,,,,,,,,,,,,,,,,,,,,
CPI: Consumer Price Indexh (2010=100),100,104,105e,Agricultural production index (2014-2016=100),96,100,100c,International trade: exports (million current US$),769 774,624 874,641 283e,International trade: imports (million current US$),694 059,625 568,635 402e,International trade: balance (million current US$),75 715,-695,5 880e,"Balance of payments, current account (million US$)",220 888,136 472,164 497e,,,,,,,,,,,,,,,,,,,,,,,,,,,,,,,,,,,,,,,,,,,,
Agricultural production index (2014-2016=100),96,100,100c,International trade: exports (million current US$),769 774,624 874,641 283e,International trade: imports (million current US$),694 059,625 568,635 402e,International trade: balance (million current US$),75 715,-695,5 880e,"Balance of payments, current account (million US$)",220 888,136 472,164 497e,,,,,,,,,,,,,,,,,,,,,,,,,,,,,,,,,,,,,,,,,,,,,,,,
International trade: exports (million current US$),769 774,624 874,641 283e,International trade: imports (million current US$),694 059,625 568,635 402e,International trade: balance (million current US$),75 715,-695,5 880e,"Balance of payments, current account (million US$)",220 888,136 472,164 497e,,,,,,,,,,,,,,,,,,,,,,,,,,,,,,,,,,,,,,,,,,,,,,,,,,,,
International trade: imports (million current US$),694 059,625 568,635 402e,International trade: balance (million current US$),75 715,-695,5 880e,"Balance of payments, current account (million US$)",220 888,136 472,164 497e,,,,,,,,,,,,,,,,,,,,,,,,,,,,,,,,,,,,,,,,,,,,,,,,,,,,,,,,
International trade: balance (million current US$),75 715,-695,5 880e,"Balance of payments, current account (million US$)",220 888,136 472,164 497e,,,,,,,,,,,,,,,,,,,,,,,,,,,,,,,,,,,,,,,,,,,,,,,,,,,,,,,,,,,,
"Balance of payments, current account (million US$)",220 888,136 472,164 497e,,,,,,,,,,,,,,,,,,,,,,,,,,,,,,,,,,,,,,,,,,,,,,,,,,,,,,,,,,,,,,,,
