0,1,2,3,4,5,6,7,8,9,10,11,12,13,14,15,16,17,18,19,20,21,22,23,24,25,26,27,28,29,30,31,32,33,34,35,36,37,38,39,40,41,42,43,44,45,46,47,48,49,50,51,52,53,54,55
,2010,2015,2021,,,,,,,,,,,,,,,,,,,,,,,,,,,,,,,,,,,,,,,,,,,,,,,,,,,,
Population growth ratei (average annual %),~0.0,-0.1,-0.2e,Urban population (% of total population),90.8,91.4,91.7c,Urban population growth ratei (average annual %),1.1,~0.0,...,"Fertility rate, totali (live births per woman)",1.3,1.4,1.4e,"Life expectancy at birthi (females/males, years)",86.0 /       79.2,86.5 /       80.0,87.5 /       81.3e,"Population age distribution (0-14/60+ years old, %)",13.4 /       30.3,13.0 /       32.8,12.3 /       34.6a,International migrant stockj (000/% of total pop.),2 134.2 /        1.7,2 232.2 /        1.7,2 771.0 /        2.2e,Refugees and others of concern to UNHCR (000),7k,13.8g,"30.6g,e",Infant mortality ratei (per 1 000 live births),2.6,2.2,1.8e,Health: Current expenditure (% of GDP),9.2,10.9,11l,Health: Physicians (per 1 000 pop.),2.2,2.3m,2.5l,Education: Government expenditure (% of GDP),3.6,3.6m,3.2n,Intentional homicide rate (per 100 000 pop.),0.4,0.3,0.3l,Seats held by women in national parliaments (%),11.2,9.5,9.9o
Urban population (% of total population),90.8,91.4,91.7c,Urban population growth ratei (average annual %),1.1,~0.0,...,"Fertility rate, totali (live births per woman)",1.3,1.4,1.4e,"Life expectancy at birthi (females/males, years)",86.0 /       79.2,86.5 /       80.0,87.5 /       81.3e,"Population age distribution (0-14/60+ years old, %)",13.4 /       30.3,13.0 /       32.8,12.3 /       34.6a,International migrant stockj (000/% of total pop.),2 134.2 /        1.7,2 232.2 /        1.7,2 771.0 /        2.2e,Refugees and others of concern to UNHCR (000),7k,13.8g,"30.6g,e",Infant mortality ratei (per 1 000 live births),2.6,2.2,1.8e,Health: Current expenditure (% of GDP),9.2,10.9,11l,Health: Physicians (per 1 000 pop.),2.2,2.3m,2.5l,Education: Government expenditure (% of GDP),3.6,3.6m,3.2n,Intentional homicide rate (per 100 000 pop.),0.4,0.3,0.3l,Seats held by women in national parliaments (%),11.2,9.5,9.9o,,,,
Urban population growth ratei (average annual %),1.1,~0.0,...,"Fertility rate, totali (live births per woman)",1.3,1.4,1.4e,"Life expectancy at birthi (females/males, years)",86.0 /       79.2,86.5 /       80.0,87.5 /       81.3e,"Population age distribution (0-14/60+ years old, %)",13.4 /       30.3,13.0 /       32.8,12.3 /       34.6a,International migrant stockj (000/% of total pop.),2 134.2 /        1.7,2 232.2 /        1.7,2 771.0 /        2.2e,Refugees and others of concern to UNHCR (000),7k,13.8g,"30.6g,e",Infant mortality ratei (per 1 000 live births),2.6,2.2,1.8e,Health: Current expenditure (% of GDP),9.2,10.9,11l,Health: Physicians (per 1 000 pop.),2.2,2.3m,2.5l,Education: Government expenditure (% of GDP),3.6,3.6m,3.2n,Intentional homicide rate (per 100 000 pop.),0.4,0.3,0.3l,Seats held by women in national parliaments (%),11.2,9.5,9.9o,,,,,,,,
"Fertility rate, totali (live births per woman)",1.3,1.4,1.4e,"Life expectancy at birthi (females/males, years)",86.0 /       79.2,86.5 /       80.0,87.5 /       81.3e,"Population age distribution (0-14/60+ years old, %)",13.4 /       30.3,13.0 /       32.8,12.3 /       34.6a,International migrant stockj (000/% of total pop.),2 134.2 /        1.7,2 232.2 /        1.7,2 771.0 /        2.2e,Refugees and others of concern to UNHCR (000),7k,13.8g,"30.6g,e",Infant mortality ratei (per 1 000 live births),2.6,2.2,1.8e,Health: Current expenditure (% of GDP),9.2,10.9,11l,Health: Physicians (per 1 000 pop.),2.2,2.3m,2.5l,Education: Government expenditure (% of GDP),3.6,3.6m,3.2n,Intentional homicide rate (per 100 000 pop.),0.4,0.3,0.3l,Seats held by women in national parliaments (%),11.2,9.5,9.9o,,,,,,,,,,,,
"Life expectancy at birthi (females/males, years)",86.0 /       79.2,86.5 /       80.0,87.5 /       81.3e,"Population age distribution (0-14/60+ years old, %)",13.4 /       30.3,13.0 /       32.8,12.3 /       34.6a,International migrant stockj (000/% of total pop.),2 134.2 /        1.7,2 232.2 /        1.7,2 771.0 /        2.2e,Refugees and others of concern to UNHCR (000),7k,13.8g,"30.6g,e",Infant mortality ratei (per 1 000 live births),2.6,2.2,1.8e,Health: Current expenditure (% of GDP),9.2,10.9,11l,Health: Physicians (per 1 000 pop.),2.2,2.3m,2.5l,Education: Government expenditure (% of GDP),3.6,3.6m,3.2n,Intentional homicide rate (per 100 000 pop.),0.4,0.3,0.3l,Seats held by women in national parliaments (%),11.2,9.5,9.9o,,,,,,,,,,,,,,,,
"Population age distribution (0-14/60+ years old, %)",13.4 /       30.3,13.0 /       32.8,12.3 /       34.6a,International migrant stockj (000/% of total pop.),2 134.2 /        1.7,2 232.2 /        1.7,2 771.0 /        2.2e,Refugees and others of concern to UNHCR (000),7k,13.8g,"30.6g,e",Infant mortality ratei (per 1 000 live births),2.6,2.2,1.8e,Health: Current expenditure (% of GDP),9.2,10.9,11l,Health: Physicians (per 1 000 pop.),2.2,2.3m,2.5l,Education: Government expenditure (% of GDP),3.6,3.6m,3.2n,Intentional homicide rate (per 100 000 pop.),0.4,0.3,0.3l,Seats held by women in national parliaments (%),11.2,9.5,9.9o,,,,,,,,,,,,,,,,,,,,
International migrant stockj (000/% of total pop.),2 134.2 /        1.7,2 232.2 /        1.7,2 771.0 /        2.2e,Refugees and others of concern to UNHCR (000),7k,13.8g,"30.6g,e",Infant mortality ratei (per 1 000 live births),2.6,2.2,1.8e,Health: Current expenditure (% of GDP),9.2,10.9,11l,Health: Physicians (per 1 000 pop.),2.2,2.3m,2.5l,Education: Government expenditure (% of GDP),3.6,3.6m,3.2n,Intentional homicide rate (per 100 000 pop.),0.4,0.3,0.3l,Seats held by women in national parliaments (%),11.2,9.5,9.9o,,,,,,,,,,,,,,,,,,,,,,,,
Refugees and others of concern to UNHCR (000),7k,13.8g,"30.6g,e",Infant mortality ratei (per 1 000 live births),2.6,2.2,1.8e,Health: Current expenditure (% of GDP),9.2,10.9,11l,Health: Physicians (per 1 000 pop.),2.2,2.3m,2.5l,Education: Government expenditure (% of GDP),3.6,3.6m,3.2n,Intentional homicide rate (per 100 000 pop.),0.4,0.3,0.3l,Seats held by women in national parliaments (%),11.2,9.5,9.9o,,,,,,,,,,,,,,,,,,,,,,,,,,,,
Infant mortality ratei (per 1 000 live births),2.6,2.2,1.8e,Health: Current expenditure (% of GDP),9.2,10.9,11l,Health: Physicians (per 1 000 pop.),2.2,2.3m,2.5l,Education: Government expenditure (% of GDP),3.6,3.6m,3.2n,Intentional homicide rate (per 100 000 pop.),0.4,0.3,0.3l,Seats held by women in national parliaments (%),11.2,9.5,9.9o,,,,,,,,,,,,,,,,,,,,,,,,,,,,,,,,
Health: Current expenditure (% of GDP),9.2,10.9,11l,Health: Physicians (per 1 000 pop.),2.2,2.3m,2.5l,Education: Government expenditure (% of GDP),3.6,3.6m,3.2n,Intentional homicide rate (per 100 000 pop.),0.4,0.3,0.3l,Seats held by women in national parliaments (%),11.2,9.5,9.9o,,,,,,,,,,,,,,,,,,,,,,,,,,,,,,,,,,,,
Health: Physicians (per 1 000 pop.),2.2,2.3m,2.5l,Education: Government expenditure (% of GDP),3.6,3.6m,3.2n,Intentional homicide rate (per 100 000 pop.),0.4,0.3,0.3l,Seats held by women in national parliaments (%),11.2,9.5,9.9o,,,,,,,,,,,,,,,,,,,,,,,,,,,,,,,,,,,,,,,,
Education: Government expenditure (% of GDP),3.6,3.6m,3.2n,Intentional homicide rate (per 100 000 pop.),0.4,0.3,0.3l,Seats held by women in national parliaments (%),11.2,9.5,9.9o,,,,,,,,,,,,,,,,,,,,,,,,,,,,,,,,,,,,,,,,,,,,
Intentional homicide rate (per 100 000 pop.),0.4,0.3,0.3l,Seats held by women in national parliaments (%),11.2,9.5,9.9o,,,,,,,,,,,,,,,,,,,,,,,,,,,,,,,,,,,,,,,,,,,,,,,,
Seats held by women in national parliaments (%),11.2,9.5,9.9o,,,,,,,,,,,,,,,,,,,,,,,,,,,,,,,,,,,,,,,,,,,,,,,,,,,,
