0,1,2,3,4,5,6,7,8,9,10,11,12,13,14,15,16,17,18,19,20,21,22,23,24,25,26,27,28,29,30,31,32,33,34,35,36,37,38,39,40,41,42,43,44,45,46,47,48,49,50,51,52,53,54,55,56,57,58,59,60,61,62,63,64,65,66,67
,2010,2015,2021,,,,,,,,,,,,,,,,,,,,,,,,,,,,,,,,,,,,,,,,,,,,,,,,,,,,,,,,,,,,,,,,
Population growth rateg (average annual %),5.5,5,2.1d,Urban population (% of total population),100,100,100b,Urban population growth rateg (average annual %),5.5,5.4,...,"Fertility rate, totalg (live births per woman)",2.4,2.1,2.1d,"Life expectancy at birthg (females/males, years)",74.9 /       73.1,75.9 /       74.1,76.4 /       74.6d,"Population age distribution (0-14/60+ years old, %)",23.2 /        3.4,21.2 /        4.2,21.1 /        7.1a,"International migrant stockh,i (000/% of total pop.)",1 874.8 /       62.7,2 866.1 /       74.7,3 110.2 /       72.8d,Refugees and others of concern to UNHCR (000),96.5j,94.6,93.8d,Infant mortality rateg (per 1 000 live births),9.7,8.2,7.1d,Health: Current expenditure (% of GDP),2.8,4,5k,Health: Physicians (per 1 000 pop.),2.4,2.6,...,Education: Government expenditure (% of GDP),"3.8e,l",...,...,Education: Primary gross enrol. ratio (f/m per 100 pop.),101.2 /      103.2,104.3 /      101.0,94.8 /       82.3b,Education: Secondary gross enrol. ratio (f/m per 100 pop.),98.8 /       97.0,101.0 /       94.9,... / ...,Education: Upper secondary gross enrol. ratio (f/m per 100 pop.),92.9 /       86.4,100.8 /       86.5m,... / ...,Intentional homicide rate (per 100 000 pop.),2,1.8m,...,Seats held by women in national parliaments (%),7.7,1.5,1.5n
Urban population (% of total population),100,100,100b,Urban population growth rateg (average annual %),5.5,5.4,...,"Fertility rate, totalg (live births per woman)",2.4,2.1,2.1d,"Life expectancy at birthg (females/males, years)",74.9 /       73.1,75.9 /       74.1,76.4 /       74.6d,"Population age distribution (0-14/60+ years old, %)",23.2 /        3.4,21.2 /        4.2,21.1 /        7.1a,"International migrant stockh,i (000/% of total pop.)",1 874.8 /       62.7,2 866.1 /       74.7,3 110.2 /       72.8d,Refugees and others of concern to UNHCR (000),96.5j,94.6,93.8d,Infant mortality rateg (per 1 000 live births),9.7,8.2,7.1d,Health: Current expenditure (% of GDP),2.8,4,5k,Health: Physicians (per 1 000 pop.),2.4,2.6,...,Education: Government expenditure (% of GDP),"3.8e,l",...,...,Education: Primary gross enrol. ratio (f/m per 100 pop.),101.2 /      103.2,104.3 /      101.0,94.8 /       82.3b,Education: Secondary gross enrol. ratio (f/m per 100 pop.),98.8 /       97.0,101.0 /       94.9,... / ...,Education: Upper secondary gross enrol. ratio (f/m per 100 pop.),92.9 /       86.4,100.8 /       86.5m,... / ...,Intentional homicide rate (per 100 000 pop.),2,1.8m,...,Seats held by women in national parliaments (%),7.7,1.5,1.5n,,,,
Urban population growth rateg (average annual %),5.5,5.4,...,"Fertility rate, totalg (live births per woman)",2.4,2.1,2.1d,"Life expectancy at birthg (females/males, years)",74.9 /       73.1,75.9 /       74.1,76.4 /       74.6d,"Population age distribution (0-14/60+ years old, %)",23.2 /        3.4,21.2 /        4.2,21.1 /        7.1a,"International migrant stockh,i (000/% of total pop.)",1 874.8 /       62.7,2 866.1 /       74.7,3 110.2 /       72.8d,Refugees and others of concern to UNHCR (000),96.5j,94.6,93.8d,Infant mortality rateg (per 1 000 live births),9.7,8.2,7.1d,Health: Current expenditure (% of GDP),2.8,4,5k,Health: Physicians (per 1 000 pop.),2.4,2.6,...,Education: Government expenditure (% of GDP),"3.8e,l",...,...,Education: Primary gross enrol. ratio (f/m per 100 pop.),101.2 /      103.2,104.3 /      101.0,94.8 /       82.3b,Education: Secondary gross enrol. ratio (f/m per 100 pop.),98.8 /       97.0,101.0 /       94.9,... / ...,Education: Upper secondary gross enrol. ratio (f/m per 100 pop.),92.9 /       86.4,100.8 /       86.5m,... / ...,Intentional homicide rate (per 100 000 pop.),2,1.8m,...,Seats held by women in national parliaments (%),7.7,1.5,1.5n,,,,,,,,
"Fertility rate, totalg (live births per woman)",2.4,2.1,2.1d,"Life expectancy at birthg (females/males, years)",74.9 /       73.1,75.9 /       74.1,76.4 /       74.6d,"Population age distribution (0-14/60+ years old, %)",23.2 /        3.4,21.2 /        4.2,21.1 /        7.1a,"International migrant stockh,i (000/% of total pop.)",1 874.8 /       62.7,2 866.1 /       74.7,3 110.2 /       72.8d,Refugees and others of concern to UNHCR (000),96.5j,94.6,93.8d,Infant mortality rateg (per 1 000 live births),9.7,8.2,7.1d,Health: Current expenditure (% of GDP),2.8,4,5k,Health: Physicians (per 1 000 pop.),2.4,2.6,...,Education: Government expenditure (% of GDP),"3.8e,l",...,...,Education: Primary gross enrol. ratio (f/m per 100 pop.),101.2 /      103.2,104.3 /      101.0,94.8 /       82.3b,Education: Secondary gross enrol. ratio (f/m per 100 pop.),98.8 /       97.0,101.0 /       94.9,... / ...,Education: Upper secondary gross enrol. ratio (f/m per 100 pop.),92.9 /       86.4,100.8 /       86.5m,... / ...,Intentional homicide rate (per 100 000 pop.),2,1.8m,...,Seats held by women in national parliaments (%),7.7,1.5,1.5n,,,,,,,,,,,,
"Life expectancy at birthg (females/males, years)",74.9 /       73.1,75.9 /       74.1,76.4 /       74.6d,"Population age distribution (0-14/60+ years old, %)",23.2 /        3.4,21.2 /        4.2,21.1 /        7.1a,"International migrant stockh,i (000/% of total pop.)",1 874.8 /       62.7,2 866.1 /       74.7,3 110.2 /       72.8d,Refugees and others of concern to UNHCR (000),96.5j,94.6,93.8d,Infant mortality rateg (per 1 000 live births),9.7,8.2,7.1d,Health: Current expenditure (% of GDP),2.8,4,5k,Health: Physicians (per 1 000 pop.),2.4,2.6,...,Education: Government expenditure (% of GDP),"3.8e,l",...,...,Education: Primary gross enrol. ratio (f/m per 100 pop.),101.2 /      103.2,104.3 /      101.0,94.8 /       82.3b,Education: Secondary gross enrol. ratio (f/m per 100 pop.),98.8 /       97.0,101.0 /       94.9,... / ...,Education: Upper secondary gross enrol. ratio (f/m per 100 pop.),92.9 /       86.4,100.8 /       86.5m,... / ...,Intentional homicide rate (per 100 000 pop.),2,1.8m,...,Seats held by women in national parliaments (%),7.7,1.5,1.5n,,,,,,,,,,,,,,,,
"Population age distribution (0-14/60+ years old, %)",23.2 /        3.4,21.2 /        4.2,21.1 /        7.1a,"International migrant stockh,i (000/% of total pop.)",1 874.8 /       62.7,2 866.1 /       74.7,3 110.2 /       72.8d,Refugees and others of concern to UNHCR (000),96.5j,94.6,93.8d,Infant mortality rateg (per 1 000 live births),9.7,8.2,7.1d,Health: Current expenditure (% of GDP),2.8,4,5k,Health: Physicians (per 1 000 pop.),2.4,2.6,...,Education: Government expenditure (% of GDP),"3.8e,l",...,...,Education: Primary gross enrol. ratio (f/m per 100 pop.),101.2 /      103.2,104.3 /      101.0,94.8 /       82.3b,Education: Secondary gross enrol. ratio (f/m per 100 pop.),98.8 /       97.0,101.0 /       94.9,... / ...,Education: Upper secondary gross enrol. ratio (f/m per 100 pop.),92.9 /       86.4,100.8 /       86.5m,... / ...,Intentional homicide rate (per 100 000 pop.),2,1.8m,...,Seats held by women in national parliaments (%),7.7,1.5,1.5n,,,,,,,,,,,,,,,,,,,,
"International migrant stockh,i (000/% of total pop.)",1 874.8 /       62.7,2 866.1 /       74.7,3 110.2 /       72.8d,Refugees and others of concern to UNHCR (000),96.5j,94.6,93.8d,Infant mortality rateg (per 1 000 live births),9.7,8.2,7.1d,Health: Current expenditure (% of GDP),2.8,4,5k,Health: Physicians (per 1 000 pop.),2.4,2.6,...,Education: Government expenditure (% of GDP),"3.8e,l",...,...,Education: Primary gross enrol. ratio (f/m per 100 pop.),101.2 /      103.2,104.3 /      101.0,94.8 /       82.3b,Education: Secondary gross enrol. ratio (f/m per 100 pop.),98.8 /       97.0,101.0 /       94.9,... / ...,Education: Upper secondary gross enrol. ratio (f/m per 100 pop.),92.9 /       86.4,100.8 /       86.5m,... / ...,Intentional homicide rate (per 100 000 pop.),2,1.8m,...,Seats held by women in national parliaments (%),7.7,1.5,1.5n,,,,,,,,,,,,,,,,,,,,,,,,
Refugees and others of concern to UNHCR (000),96.5j,94.6,93.8d,Infant mortality rateg (per 1 000 live births),9.7,8.2,7.1d,Health: Current expenditure (% of GDP),2.8,4,5k,Health: Physicians (per 1 000 pop.),2.4,2.6,...,Education: Government expenditure (% of GDP),"3.8e,l",...,...,Education: Primary gross enrol. ratio (f/m per 100 pop.),101.2 /      103.2,104.3 /      101.0,94.8 /       82.3b,Education: Secondary gross enrol. ratio (f/m per 100 pop.),98.8 /       97.0,101.0 /       94.9,... / ...,Education: Upper secondary gross enrol. ratio (f/m per 100 pop.),92.9 /       86.4,100.8 /       86.5m,... / ...,Intentional homicide rate (per 100 000 pop.),2,1.8m,...,Seats held by women in national parliaments (%),7.7,1.5,1.5n,,,,,,,,,,,,,,,,,,,,,,,,,,,,
Infant mortality rateg (per 1 000 live births),9.7,8.2,7.1d,Health: Current expenditure (% of GDP),2.8,4,5k,Health: Physicians (per 1 000 pop.),2.4,2.6,...,Education: Government expenditure (% of GDP),"3.8e,l",...,...,Education: Primary gross enrol. ratio (f/m per 100 pop.),101.2 /      103.2,104.3 /      101.0,94.8 /       82.3b,Education: Secondary gross enrol. ratio (f/m per 100 pop.),98.8 /       97.0,101.0 /       94.9,... / ...,Education: Upper secondary gross enrol. ratio (f/m per 100 pop.),92.9 /       86.4,100.8 /       86.5m,... / ...,Intentional homicide rate (per 100 000 pop.),2,1.8m,...,Seats held by women in national parliaments (%),7.7,1.5,1.5n,,,,,,,,,,,,,,,,,,,,,,,,,,,,,,,,
Health: Current expenditure (% of GDP),2.8,4,5k,Health: Physicians (per 1 000 pop.),2.4,2.6,...,Education: Government expenditure (% of GDP),"3.8e,l",...,...,Education: Primary gross enrol. ratio (f/m per 100 pop.),101.2 /      103.2,104.3 /      101.0,94.8 /       82.3b,Education: Secondary gross enrol. ratio (f/m per 100 pop.),98.8 /       97.0,101.0 /       94.9,... / ...,Education: Upper secondary gross enrol. ratio (f/m per 100 pop.),92.9 /       86.4,100.8 /       86.5m,... / ...,Intentional homicide rate (per 100 000 pop.),2,1.8m,...,Seats held by women in national parliaments (%),7.7,1.5,1.5n,,,,,,,,,,,,,,,,,,,,,,,,,,,,,,,,,,,,
Health: Physicians (per 1 000 pop.),2.4,2.6,...,Education: Government expenditure (% of GDP),"3.8e,l",...,...,Education: Primary gross enrol. ratio (f/m per 100 pop.),101.2 /      103.2,104.3 /      101.0,94.8 /       82.3b,Education: Secondary gross enrol. ratio (f/m per 100 pop.),98.8 /       97.0,101.0 /       94.9,... / ...,Education: Upper secondary gross enrol. ratio (f/m per 100 pop.),92.9 /       86.4,100.8 /       86.5m,... / ...,Intentional homicide rate (per 100 000 pop.),2,1.8m,...,Seats held by women in national parliaments (%),7.7,1.5,1.5n,,,,,,,,,,,,,,,,,,,,,,,,,,,,,,,,,,,,,,,,
Education: Government expenditure (% of GDP),"3.8e,l",...,...,Education: Primary gross enrol. ratio (f/m per 100 pop.),101.2 /      103.2,104.3 /      101.0,94.8 /       82.3b,Education: Secondary gross enrol. ratio (f/m per 100 pop.),98.8 /       97.0,101.0 /       94.9,... / ...,Education: Upper secondary gross enrol. ratio (f/m per 100 pop.),92.9 /       86.4,100.8 /       86.5m,... / ...,Intentional homicide rate (per 100 000 pop.),2,1.8m,...,Seats held by women in national parliaments (%),7.7,1.5,1.5n,,,,,,,,,,,,,,,,,,,,,,,,,,,,,,,,,,,,,,,,,,,,
Education: Primary gross enrol. ratio (f/m per 100 pop.),101.2 /      103.2,104.3 /      101.0,94.8 /       82.3b,Education: Secondary gross enrol. ratio (f/m per 100 pop.),98.8 /       97.0,101.0 /       94.9,... / ...,Education: Upper secondary gross enrol. ratio (f/m per 100 pop.),92.9 /       86.4,100.8 /       86.5m,... / ...,Intentional homicide rate (per 100 000 pop.),2,1.8m,...,Seats held by women in national parliaments (%),7.7,1.5,1.5n,,,,,,,,,,,,,,,,,,,,,,,,,,,,,,,,,,,,,,,,,,,,,,,,
Education: Secondary gross enrol. ratio (f/m per 100 pop.),98.8 /       97.0,101.0 /       94.9,... / ...,Education: Upper secondary gross enrol. ratio (f/m per 100 pop.),92.9 /       86.4,100.8 /       86.5m,... / ...,Intentional homicide rate (per 100 000 pop.),2,1.8m,...,Seats held by women in national parliaments (%),7.7,1.5,1.5n,,,,,,,,,,,,,,,,,,,,,,,,,,,,,,,,,,,,,,,,,,,,,,,,,,,,
Education: Upper secondary gross enrol. ratio (f/m per 100 pop.),92.9 /       86.4,100.8 /       86.5m,... / ...,Intentional homicide rate (per 100 000 pop.),2,1.8m,...,Seats held by women in national parliaments (%),7.7,1.5,1.5n,,,,,,,,,,,,,,,,,,,,,,,,,,,,,,,,,,,,,,,,,,,,,,,,,,,,,,,,
Intentional homicide rate (per 100 000 pop.),2,1.8m,...,Seats held by women in national parliaments (%),7.7,1.5,1.5n,,,,,,,,,,,,,,,,,,,,,,,,,,,,,,,,,,,,,,,,,,,,,,,,,,,,,,,,,,,,
Seats held by women in national parliaments (%),7.7,1.5,1.5n,,,,,,,,,,,,,,,,,,,,,,,,,,,,,,,,,,,,,,,,,,,,,,,,,,,,,,,,,,,,,,,,
