0,1,2,3,4,5,6,7,8,9,10,11,12,13,14,15,16,17,18,19,20,21,22,23,24,25,26,27,28,29,30,31,32,33,34,35,36,37,38,39,40,41,42,43,44,45,46,47,48,49,50,51,52,53,54,55,56,57,58,59,60,61,62,63,64,65,66,67
,2010,2015,2021,,,,,,,,,,,,,,,,,,,,,,,,,,,,,,,,,,,,,,,,,,,,,,,,,,,,,,,,,,,,,,,,
GDP: Gross domestic product (million current US$),1 244,2 445,3 166b,"GDP growth rate (annual %, const. 2015 prices)",11.7,7.7,7.7b,GDP per capita (current US$),1 480.2,2 675.6,3 252.3b,Economy: Agriculture (% of Gross Value Added),2.8,1.3,1.4b,Economy: Industry (% of Gross Value Added),16.1,12.1,11.8b,Economy: Services and other activity (% of GVA),81.1,86.6,86.9b,Employment in agriculturee (% of employed),40.7,36.5,32.4d,Employment in industrye (% of employed),11.5,12.3,13.3d,Employment in servicese (% employed),47.8,51.2,54.3d,Unemploymente (% of labour force),10.7,10.6,10.3d,Labour force participation ratee (female/male pop. %),49.6 /       71.0,50.4 /       69.5,50.8 /       68.8d,CPI: Consumer Price Index (2010=100),100,112,122d,Agricultural production index (2014-2016=100),117,83,126b,International trade: exportse (million current US$),470,132,146d,International trade: importse (million current US$),603,890,1 489d,International trade: balancee (million current US$),-133,-758,- 1 344d,"Balance of payments, current account (million US$)",50,714,448b
"GDP growth rate (annual %, const. 2015 prices)",11.7,7.7,7.7b,GDP per capita (current US$),1 480.2,2 675.6,3 252.3b,Economy: Agriculture (% of Gross Value Added),2.8,1.3,1.4b,Economy: Industry (% of Gross Value Added),16.1,12.1,11.8b,Economy: Services and other activity (% of GVA),81.1,86.6,86.9b,Employment in agriculturee (% of employed),40.7,36.5,32.4d,Employment in industrye (% of employed),11.5,12.3,13.3d,Employment in servicese (% employed),47.8,51.2,54.3d,Unemploymente (% of labour force),10.7,10.6,10.3d,Labour force participation ratee (female/male pop. %),49.6 /       71.0,50.4 /       69.5,50.8 /       68.8d,CPI: Consumer Price Index (2010=100),100,112,122d,Agricultural production index (2014-2016=100),117,83,126b,International trade: exportse (million current US$),470,132,146d,International trade: importse (million current US$),603,890,1 489d,International trade: balancee (million current US$),-133,-758,- 1 344d,"Balance of payments, current account (million US$)",50,714,448b,,,,
GDP per capita (current US$),1 480.2,2 675.6,3 252.3b,Economy: Agriculture (% of Gross Value Added),2.8,1.3,1.4b,Economy: Industry (% of Gross Value Added),16.1,12.1,11.8b,Economy: Services and other activity (% of GVA),81.1,86.6,86.9b,Employment in agriculturee (% of employed),40.7,36.5,32.4d,Employment in industrye (% of employed),11.5,12.3,13.3d,Employment in servicese (% employed),47.8,51.2,54.3d,Unemploymente (% of labour force),10.7,10.6,10.3d,Labour force participation ratee (female/male pop. %),49.6 /       71.0,50.4 /       69.5,50.8 /       68.8d,CPI: Consumer Price Index (2010=100),100,112,122d,Agricultural production index (2014-2016=100),117,83,126b,International trade: exportse (million current US$),470,132,146d,International trade: importse (million current US$),603,890,1 489d,International trade: balancee (million current US$),-133,-758,- 1 344d,"Balance of payments, current account (million US$)",50,714,448b,,,,,,,,
Economy: Agriculture (% of Gross Value Added),2.8,1.3,1.4b,Economy: Industry (% of Gross Value Added),16.1,12.1,11.8b,Economy: Services and other activity (% of GVA),81.1,86.6,86.9b,Employment in agriculturee (% of employed),40.7,36.5,32.4d,Employment in industrye (% of employed),11.5,12.3,13.3d,Employment in servicese (% employed),47.8,51.2,54.3d,Unemploymente (% of labour force),10.7,10.6,10.3d,Labour force participation ratee (female/male pop. %),49.6 /       71.0,50.4 /       69.5,50.8 /       68.8d,CPI: Consumer Price Index (2010=100),100,112,122d,Agricultural production index (2014-2016=100),117,83,126b,International trade: exportse (million current US$),470,132,146d,International trade: importse (million current US$),603,890,1 489d,International trade: balancee (million current US$),-133,-758,- 1 344d,"Balance of payments, current account (million US$)",50,714,448b,,,,,,,,,,,,
Economy: Industry (% of Gross Value Added),16.1,12.1,11.8b,Economy: Services and other activity (% of GVA),81.1,86.6,86.9b,Employment in agriculturee (% of employed),40.7,36.5,32.4d,Employment in industrye (% of employed),11.5,12.3,13.3d,Employment in servicese (% employed),47.8,51.2,54.3d,Unemploymente (% of labour force),10.7,10.6,10.3d,Labour force participation ratee (female/male pop. %),49.6 /       71.0,50.4 /       69.5,50.8 /       68.8d,CPI: Consumer Price Index (2010=100),100,112,122d,Agricultural production index (2014-2016=100),117,83,126b,International trade: exportse (million current US$),470,132,146d,International trade: importse (million current US$),603,890,1 489d,International trade: balancee (million current US$),-133,-758,- 1 344d,"Balance of payments, current account (million US$)",50,714,448b,,,,,,,,,,,,,,,,
Economy: Services and other activity (% of GVA),81.1,86.6,86.9b,Employment in agriculturee (% of employed),40.7,36.5,32.4d,Employment in industrye (% of employed),11.5,12.3,13.3d,Employment in servicese (% employed),47.8,51.2,54.3d,Unemploymente (% of labour force),10.7,10.6,10.3d,Labour force participation ratee (female/male pop. %),49.6 /       71.0,50.4 /       69.5,50.8 /       68.8d,CPI: Consumer Price Index (2010=100),100,112,122d,Agricultural production index (2014-2016=100),117,83,126b,International trade: exportse (million current US$),470,132,146d,International trade: importse (million current US$),603,890,1 489d,International trade: balancee (million current US$),-133,-758,- 1 344d,"Balance of payments, current account (million US$)",50,714,448b,,,,,,,,,,,,,,,,,,,,
Employment in agriculturee (% of employed),40.7,36.5,32.4d,Employment in industrye (% of employed),11.5,12.3,13.3d,Employment in servicese (% employed),47.8,51.2,54.3d,Unemploymente (% of labour force),10.7,10.6,10.3d,Labour force participation ratee (female/male pop. %),49.6 /       71.0,50.4 /       69.5,50.8 /       68.8d,CPI: Consumer Price Index (2010=100),100,112,122d,Agricultural production index (2014-2016=100),117,83,126b,International trade: exportse (million current US$),470,132,146d,International trade: importse (million current US$),603,890,1 489d,International trade: balancee (million current US$),-133,-758,- 1 344d,"Balance of payments, current account (million US$)",50,714,448b,,,,,,,,,,,,,,,,,,,,,,,,
Employment in industrye (% of employed),11.5,12.3,13.3d,Employment in servicese (% employed),47.8,51.2,54.3d,Unemploymente (% of labour force),10.7,10.6,10.3d,Labour force participation ratee (female/male pop. %),49.6 /       71.0,50.4 /       69.5,50.8 /       68.8d,CPI: Consumer Price Index (2010=100),100,112,122d,Agricultural production index (2014-2016=100),117,83,126b,International trade: exportse (million current US$),470,132,146d,International trade: importse (million current US$),603,890,1 489d,International trade: balancee (million current US$),-133,-758,- 1 344d,"Balance of payments, current account (million US$)",50,714,448b,,,,,,,,,,,,,,,,,,,,,,,,,,,,
Employment in servicese (% employed),47.8,51.2,54.3d,Unemploymente (% of labour force),10.7,10.6,10.3d,Labour force participation ratee (female/male pop. %),49.6 /       71.0,50.4 /       69.5,50.8 /       68.8d,CPI: Consumer Price Index (2010=100),100,112,122d,Agricultural production index (2014-2016=100),117,83,126b,International trade: exportse (million current US$),470,132,146d,International trade: importse (million current US$),603,890,1 489d,International trade: balancee (million current US$),-133,-758,- 1 344d,"Balance of payments, current account (million US$)",50,714,448b,,,,,,,,,,,,,,,,,,,,,,,,,,,,,,,,
Unemploymente (% of labour force),10.7,10.6,10.3d,Labour force participation ratee (female/male pop. %),49.6 /       71.0,50.4 /       69.5,50.8 /       68.8d,CPI: Consumer Price Index (2010=100),100,112,122d,Agricultural production index (2014-2016=100),117,83,126b,International trade: exportse (million current US$),470,132,146d,International trade: importse (million current US$),603,890,1 489d,International trade: balancee (million current US$),-133,-758,- 1 344d,"Balance of payments, current account (million US$)",50,714,448b,,,,,,,,,,,,,,,,,,,,,,,,,,,,,,,,,,,,
Labour force participation ratee (female/male pop. %),49.6 /       71.0,50.4 /       69.5,50.8 /       68.8d,CPI: Consumer Price Index (2010=100),100,112,122d,Agricultural production index (2014-2016=100),117,83,126b,International trade: exportse (million current US$),470,132,146d,International trade: importse (million current US$),603,890,1 489d,International trade: balancee (million current US$),-133,-758,- 1 344d,"Balance of payments, current account (million US$)",50,714,448b,,,,,,,,,,,,,,,,,,,,,,,,,,,,,,,,,,,,,,,,
CPI: Consumer Price Index (2010=100),100,112,122d,Agricultural production index (2014-2016=100),117,83,126b,International trade: exportse (million current US$),470,132,146d,International trade: importse (million current US$),603,890,1 489d,International trade: balancee (million current US$),-133,-758,- 1 344d,"Balance of payments, current account (million US$)",50,714,448b,,,,,,,,,,,,,,,,,,,,,,,,,,,,,,,,,,,,,,,,,,,,
Agricultural production index (2014-2016=100),117,83,126b,International trade: exportse (million current US$),470,132,146d,International trade: importse (million current US$),603,890,1 489d,International trade: balancee (million current US$),-133,-758,- 1 344d,"Balance of payments, current account (million US$)",50,714,448b,,,,,,,,,,,,,,,,,,,,,,,,,,,,,,,,,,,,,,,,,,,,,,,,
International trade: exportse (million current US$),470,132,146d,International trade: importse (million current US$),603,890,1 489d,International trade: balancee (million current US$),-133,-758,- 1 344d,"Balance of payments, current account (million US$)",50,714,448b,,,,,,,,,,,,,,,,,,,,,,,,,,,,,,,,,,,,,,,,,,,,,,,,,,,,
International trade: importse (million current US$),603,890,1 489d,International trade: balancee (million current US$),-133,-758,- 1 344d,"Balance of payments, current account (million US$)",50,714,448b,,,,,,,,,,,,,,,,,,,,,,,,,,,,,,,,,,,,,,,,,,,,,,,,,,,,,,,,
International trade: balancee (million current US$),-133,-758,- 1 344d,"Balance of payments, current account (million US$)",50,714,448b,,,,,,,,,,,,,,,,,,,,,,,,,,,,,,,,,,,,,,,,,,,,,,,,,,,,,,,,,,,,
"Balance of payments, current account (million US$)",50,714,448b,,,,,,,,,,,,,,,,,,,,,,,,,,,,,,,,,,,,,,,,,,,,,,,,,,,,,,,,,,,,,,,,
