0,1,2,3,4,5,6,7,8,9,10,11,12,13,14,15,16,17,18,19,20,21,22,23,24,25,26,27,28,29,30,31,32,33,34,35
,2010,2015,2021,,,,,,,,,,,,,,,,,,,,,,,,,,,,,,,,
Individuals using the Internet (per 100 inhabitants),6.5e,11.9e,55.7o,Threatened species (number),81,94,118,Forested areae (% of land area),0.2,0.2,0.2j,"Energy production, primary (Petajoules)",3,4,"4e,j",Energy supply per capita (Gigajoules),13,11,"11e,j",Tourist/visitor arrivals at national borders (000),51,63p,...,Important sites for terrestrial biodiversity protected (%),0,0.8,0.8d,Pop. using safely managed sanitation (urban/rural %),34.2 /       14.9,38.4 /       18.2,41.6 /       20.9d,Net Official Development Assist. received (% of GNI),11.52,6.73,7.61b
Threatened species (number),81,94,118,Forested areae (% of land area),0.2,0.2,0.2j,"Energy production, primary (Petajoules)",3,4,"4e,j",Energy supply per capita (Gigajoules),13,11,"11e,j",Tourist/visitor arrivals at national borders (000),51,63p,...,Important sites for terrestrial biodiversity protected (%),0,0.8,0.8d,Pop. using safely managed sanitation (urban/rural %),34.2 /       14.9,38.4 /       18.2,41.6 /       20.9d,Net Official Development Assist. received (% of GNI),11.52,6.73,7.61b,,,,
Forested areae (% of land area),0.2,0.2,0.2j,"Energy production, primary (Petajoules)",3,4,"4e,j",Energy supply per capita (Gigajoules),13,11,"11e,j",Tourist/visitor arrivals at national borders (000),51,63p,...,Important sites for terrestrial biodiversity protected (%),0,0.8,0.8d,Pop. using safely managed sanitation (urban/rural %),34.2 /       14.9,38.4 /       18.2,41.6 /       20.9d,Net Official Development Assist. received (% of GNI),11.52,6.73,7.61b,,,,,,,,
"Energy production, primary (Petajoules)",3,4,"4e,j",Energy supply per capita (Gigajoules),13,11,"11e,j",Tourist/visitor arrivals at national borders (000),51,63p,...,Important sites for terrestrial biodiversity protected (%),0,0.8,0.8d,Pop. using safely managed sanitation (urban/rural %),34.2 /       14.9,38.4 /       18.2,41.6 /       20.9d,Net Official Development Assist. received (% of GNI),11.52,6.73,7.61b,,,,,,,,,,,,
Energy supply per capita (Gigajoules),13,11,"11e,j",Tourist/visitor arrivals at national borders (000),51,63p,...,Important sites for terrestrial biodiversity protected (%),0,0.8,0.8d,Pop. using safely managed sanitation (urban/rural %),34.2 /       14.9,38.4 /       18.2,41.6 /       20.9d,Net Official Development Assist. received (% of GNI),11.52,6.73,7.61b,,,,,,,,,,,,,,,,
Tourist/visitor arrivals at national borders (000),51,63p,...,Important sites for terrestrial biodiversity protected (%),0,0.8,0.8d,Pop. using safely managed sanitation (urban/rural %),34.2 /       14.9,38.4 /       18.2,41.6 /       20.9d,Net Official Development Assist. received (% of GNI),11.52,6.73,7.61b,,,,,,,,,,,,,,,,,,,,
Important sites for terrestrial biodiversity protected (%),0,0.8,0.8d,Pop. using safely managed sanitation (urban/rural %),34.2 /       14.9,38.4 /       18.2,41.6 /       20.9d,Net Official Development Assist. received (% of GNI),11.52,6.73,7.61b,,,,,,,,,,,,,,,,,,,,,,,,
Pop. using safely managed sanitation (urban/rural %),34.2 /       14.9,38.4 /       18.2,41.6 /       20.9d,Net Official Development Assist. received (% of GNI),11.52,6.73,7.61b,,,,,,,,,,,,,,,,,,,,,,,,,,,,
Net Official Development Assist. received (% of GNI),11.52,6.73,7.61b,,,,,,,,,,,,,,,,,,,,,,,,,,,,,,,,
