0,1,2,3,4,5,6,7,8,9,10,11,12,13,14,15,16,17,18,19,20,21,22,23,24,25,26,27,28,29,30,31,32,33,34,35,36,37,38,39,40,41,42,43,44,45,46,47,48,49,50,51,52,53,54,55,56,57,58,59,60,61,62,63,64,65,66,67
,2010,2015,2021,,,,,,,,,,,,,,,,,,,,,,,,,,,,,,,,,,,,,,,,,,,,,,,,,,,,,,,,,,,,,,,,
GDP: Gross domestic product (million current US$),13 684,17 389,24 188b,"GDP growth rate (annual %, const. 2015 prices)",-3.4,4.7,1.9b,GDP per capita (current US$),42 717.7,52 655.5,71 344.6b,Economy: Agriculturee (% of Gross Value Added),7,5.9,4.7b,"Economy: Industryf,g (% of Gross Value Added)",24.3,22.5,21.9b,Economy: Services and other activityh (% of GVA),68.7,71.6,73.4b,Employment in agriculture (% of employed),5.6,4.2,"3.8i,d",Employment in industry (% of employed),18.4,17.8,"16.1i,d",Employment in services (% employed),76,77.9,"80.1i,d",Unemploymenti (% of labour force),7.6,4,3.2d,Labour force participation ratei (female/male pop. %),70.6 /       79.1,73.1 /       81.0,70.6 /       78.9d,CPI: Consumer Price Index (2010=100),100,118,133d,Agricultural production index (2014-2016=100),89,100,107b,International trade: exports (million current US$),4 603,4 722,4 560d,International trade: imports (million current US$),3 914,5 285,5 671d,International trade: balance (million current US$),689,-563,- 1 111d,"Balance of payments, current account (million US$)",-845,986,244d
"GDP growth rate (annual %, const. 2015 prices)",-3.4,4.7,1.9b,GDP per capita (current US$),42 717.7,52 655.5,71 344.6b,Economy: Agriculturee (% of Gross Value Added),7,5.9,4.7b,"Economy: Industryf,g (% of Gross Value Added)",24.3,22.5,21.9b,Economy: Services and other activityh (% of GVA),68.7,71.6,73.4b,Employment in agriculture (% of employed),5.6,4.2,"3.8i,d",Employment in industry (% of employed),18.4,17.8,"16.1i,d",Employment in services (% employed),76,77.9,"80.1i,d",Unemploymenti (% of labour force),7.6,4,3.2d,Labour force participation ratei (female/male pop. %),70.6 /       79.1,73.1 /       81.0,70.6 /       78.9d,CPI: Consumer Price Index (2010=100),100,118,133d,Agricultural production index (2014-2016=100),89,100,107b,International trade: exports (million current US$),4 603,4 722,4 560d,International trade: imports (million current US$),3 914,5 285,5 671d,International trade: balance (million current US$),689,-563,- 1 111d,"Balance of payments, current account (million US$)",-845,986,244d,,,,
GDP per capita (current US$),42 717.7,52 655.5,71 344.6b,Economy: Agriculturee (% of Gross Value Added),7,5.9,4.7b,"Economy: Industryf,g (% of Gross Value Added)",24.3,22.5,21.9b,Economy: Services and other activityh (% of GVA),68.7,71.6,73.4b,Employment in agriculture (% of employed),5.6,4.2,"3.8i,d",Employment in industry (% of employed),18.4,17.8,"16.1i,d",Employment in services (% employed),76,77.9,"80.1i,d",Unemploymenti (% of labour force),7.6,4,3.2d,Labour force participation ratei (female/male pop. %),70.6 /       79.1,73.1 /       81.0,70.6 /       78.9d,CPI: Consumer Price Index (2010=100),100,118,133d,Agricultural production index (2014-2016=100),89,100,107b,International trade: exports (million current US$),4 603,4 722,4 560d,International trade: imports (million current US$),3 914,5 285,5 671d,International trade: balance (million current US$),689,-563,- 1 111d,"Balance of payments, current account (million US$)",-845,986,244d,,,,,,,,
Economy: Agriculturee (% of Gross Value Added),7,5.9,4.7b,"Economy: Industryf,g (% of Gross Value Added)",24.3,22.5,21.9b,Economy: Services and other activityh (% of GVA),68.7,71.6,73.4b,Employment in agriculture (% of employed),5.6,4.2,"3.8i,d",Employment in industry (% of employed),18.4,17.8,"16.1i,d",Employment in services (% employed),76,77.9,"80.1i,d",Unemploymenti (% of labour force),7.6,4,3.2d,Labour force participation ratei (female/male pop. %),70.6 /       79.1,73.1 /       81.0,70.6 /       78.9d,CPI: Consumer Price Index (2010=100),100,118,133d,Agricultural production index (2014-2016=100),89,100,107b,International trade: exports (million current US$),4 603,4 722,4 560d,International trade: imports (million current US$),3 914,5 285,5 671d,International trade: balance (million current US$),689,-563,- 1 111d,"Balance of payments, current account (million US$)",-845,986,244d,,,,,,,,,,,,
"Economy: Industryf,g (% of Gross Value Added)",24.3,22.5,21.9b,Economy: Services and other activityh (% of GVA),68.7,71.6,73.4b,Employment in agriculture (% of employed),5.6,4.2,"3.8i,d",Employment in industry (% of employed),18.4,17.8,"16.1i,d",Employment in services (% employed),76,77.9,"80.1i,d",Unemploymenti (% of labour force),7.6,4,3.2d,Labour force participation ratei (female/male pop. %),70.6 /       79.1,73.1 /       81.0,70.6 /       78.9d,CPI: Consumer Price Index (2010=100),100,118,133d,Agricultural production index (2014-2016=100),89,100,107b,International trade: exports (million current US$),4 603,4 722,4 560d,International trade: imports (million current US$),3 914,5 285,5 671d,International trade: balance (million current US$),689,-563,- 1 111d,"Balance of payments, current account (million US$)",-845,986,244d,,,,,,,,,,,,,,,,
Economy: Services and other activityh (% of GVA),68.7,71.6,73.4b,Employment in agriculture (% of employed),5.6,4.2,"3.8i,d",Employment in industry (% of employed),18.4,17.8,"16.1i,d",Employment in services (% employed),76,77.9,"80.1i,d",Unemploymenti (% of labour force),7.6,4,3.2d,Labour force participation ratei (female/male pop. %),70.6 /       79.1,73.1 /       81.0,70.6 /       78.9d,CPI: Consumer Price Index (2010=100),100,118,133d,Agricultural production index (2014-2016=100),89,100,107b,International trade: exports (million current US$),4 603,4 722,4 560d,International trade: imports (million current US$),3 914,5 285,5 671d,International trade: balance (million current US$),689,-563,- 1 111d,"Balance of payments, current account (million US$)",-845,986,244d,,,,,,,,,,,,,,,,,,,,
Employment in agriculture (% of employed),5.6,4.2,"3.8i,d",Employment in industry (% of employed),18.4,17.8,"16.1i,d",Employment in services (% employed),76,77.9,"80.1i,d",Unemploymenti (% of labour force),7.6,4,3.2d,Labour force participation ratei (female/male pop. %),70.6 /       79.1,73.1 /       81.0,70.6 /       78.9d,CPI: Consumer Price Index (2010=100),100,118,133d,Agricultural production index (2014-2016=100),89,100,107b,International trade: exports (million current US$),4 603,4 722,4 560d,International trade: imports (million current US$),3 914,5 285,5 671d,International trade: balance (million current US$),689,-563,- 1 111d,"Balance of payments, current account (million US$)",-845,986,244d,,,,,,,,,,,,,,,,,,,,,,,,
Employment in industry (% of employed),18.4,17.8,"16.1i,d",Employment in services (% employed),76,77.9,"80.1i,d",Unemploymenti (% of labour force),7.6,4,3.2d,Labour force participation ratei (female/male pop. %),70.6 /       79.1,73.1 /       81.0,70.6 /       78.9d,CPI: Consumer Price Index (2010=100),100,118,133d,Agricultural production index (2014-2016=100),89,100,107b,International trade: exports (million current US$),4 603,4 722,4 560d,International trade: imports (million current US$),3 914,5 285,5 671d,International trade: balance (million current US$),689,-563,- 1 111d,"Balance of payments, current account (million US$)",-845,986,244d,,,,,,,,,,,,,,,,,,,,,,,,,,,,
Employment in services (% employed),76,77.9,"80.1i,d",Unemploymenti (% of labour force),7.6,4,3.2d,Labour force participation ratei (female/male pop. %),70.6 /       79.1,73.1 /       81.0,70.6 /       78.9d,CPI: Consumer Price Index (2010=100),100,118,133d,Agricultural production index (2014-2016=100),89,100,107b,International trade: exports (million current US$),4 603,4 722,4 560d,International trade: imports (million current US$),3 914,5 285,5 671d,International trade: balance (million current US$),689,-563,- 1 111d,"Balance of payments, current account (million US$)",-845,986,244d,,,,,,,,,,,,,,,,,,,,,,,,,,,,,,,,
Unemploymenti (% of labour force),7.6,4,3.2d,Labour force participation ratei (female/male pop. %),70.6 /       79.1,73.1 /       81.0,70.6 /       78.9d,CPI: Consumer Price Index (2010=100),100,118,133d,Agricultural production index (2014-2016=100),89,100,107b,International trade: exports (million current US$),4 603,4 722,4 560d,International trade: imports (million current US$),3 914,5 285,5 671d,International trade: balance (million current US$),689,-563,- 1 111d,"Balance of payments, current account (million US$)",-845,986,244d,,,,,,,,,,,,,,,,,,,,,,,,,,,,,,,,,,,,
Labour force participation ratei (female/male pop. %),70.6 /       79.1,73.1 /       81.0,70.6 /       78.9d,CPI: Consumer Price Index (2010=100),100,118,133d,Agricultural production index (2014-2016=100),89,100,107b,International trade: exports (million current US$),4 603,4 722,4 560d,International trade: imports (million current US$),3 914,5 285,5 671d,International trade: balance (million current US$),689,-563,- 1 111d,"Balance of payments, current account (million US$)",-845,986,244d,,,,,,,,,,,,,,,,,,,,,,,,,,,,,,,,,,,,,,,,
CPI: Consumer Price Index (2010=100),100,118,133d,Agricultural production index (2014-2016=100),89,100,107b,International trade: exports (million current US$),4 603,4 722,4 560d,International trade: imports (million current US$),3 914,5 285,5 671d,International trade: balance (million current US$),689,-563,- 1 111d,"Balance of payments, current account (million US$)",-845,986,244d,,,,,,,,,,,,,,,,,,,,,,,,,,,,,,,,,,,,,,,,,,,,
Agricultural production index (2014-2016=100),89,100,107b,International trade: exports (million current US$),4 603,4 722,4 560d,International trade: imports (million current US$),3 914,5 285,5 671d,International trade: balance (million current US$),689,-563,- 1 111d,"Balance of payments, current account (million US$)",-845,986,244d,,,,,,,,,,,,,,,,,,,,,,,,,,,,,,,,,,,,,,,,,,,,,,,,
International trade: exports (million current US$),4 603,4 722,4 560d,International trade: imports (million current US$),3 914,5 285,5 671d,International trade: balance (million current US$),689,-563,- 1 111d,"Balance of payments, current account (million US$)",-845,986,244d,,,,,,,,,,,,,,,,,,,,,,,,,,,,,,,,,,,,,,,,,,,,,,,,,,,,
International trade: imports (million current US$),3 914,5 285,5 671d,International trade: balance (million current US$),689,-563,- 1 111d,"Balance of payments, current account (million US$)",-845,986,244d,,,,,,,,,,,,,,,,,,,,,,,,,,,,,,,,,,,,,,,,,,,,,,,,,,,,,,,,
International trade: balance (million current US$),689,-563,- 1 111d,"Balance of payments, current account (million US$)",-845,986,244d,,,,,,,,,,,,,,,,,,,,,,,,,,,,,,,,,,,,,,,,,,,,,,,,,,,,,,,,,,,,
"Balance of payments, current account (million US$)",-845,986,244d,,,,,,,,,,,,,,,,,,,,,,,,,,,,,,,,,,,,,,,,,,,,,,,,,,,,,,,,,,,,,,,,
