0,1,2,3,4,5,6,7,8,9,10,11,12,13,14,15,16,17,18,19,20,21,22,23,24,25,26,27,28,29,30,31,32,33,34,35,36,37,38,39
,2010,2015,2021,,,,,,,,,,,,,,,,,,,,,,,,,,,,,,,,,,,,
Individuals using the Internet (per 100 inhabitants),"93.4n,o",98.2i,99c,Research & Development expenditure (% of GDP),2.6p,2.2,2c,Threatened species (number),17,21,38,Forested area (% of land area),0.4,0.5i,0.5c,CO2 emission estimates (million tons/tons per capita),1.9 /        6.1,2.1 /        6.2,1.9 /        5.2b,"Energy production, primary (Petajoules)",252,285,336c,Energy supply per capita (Gigajoules),869,949,1 087c,Tourist/visitor arrivals at national borders (000),489,1 289,2 013b,Important sites for terrestrial biodiversity protected (%),16.7,19.1,19.1d,Net Official Development Assist. disbursedq (% of GNI),0.26,0.24,0.28l
Research & Development expenditure (% of GDP),2.6p,2.2,2c,Threatened species (number),17,21,38,Forested area (% of land area),0.4,0.5i,0.5c,CO2 emission estimates (million tons/tons per capita),1.9 /        6.1,2.1 /        6.2,1.9 /        5.2b,"Energy production, primary (Petajoules)",252,285,336c,Energy supply per capita (Gigajoules),869,949,1 087c,Tourist/visitor arrivals at national borders (000),489,1 289,2 013b,Important sites for terrestrial biodiversity protected (%),16.7,19.1,19.1d,Net Official Development Assist. disbursedq (% of GNI),0.26,0.24,0.28l,,,,
Threatened species (number),17,21,38,Forested area (% of land area),0.4,0.5i,0.5c,CO2 emission estimates (million tons/tons per capita),1.9 /        6.1,2.1 /        6.2,1.9 /        5.2b,"Energy production, primary (Petajoules)",252,285,336c,Energy supply per capita (Gigajoules),869,949,1 087c,Tourist/visitor arrivals at national borders (000),489,1 289,2 013b,Important sites for terrestrial biodiversity protected (%),16.7,19.1,19.1d,Net Official Development Assist. disbursedq (% of GNI),0.26,0.24,0.28l,,,,,,,,
Forested area (% of land area),0.4,0.5i,0.5c,CO2 emission estimates (million tons/tons per capita),1.9 /        6.1,2.1 /        6.2,1.9 /        5.2b,"Energy production, primary (Petajoules)",252,285,336c,Energy supply per capita (Gigajoules),869,949,1 087c,Tourist/visitor arrivals at national borders (000),489,1 289,2 013b,Important sites for terrestrial biodiversity protected (%),16.7,19.1,19.1d,Net Official Development Assist. disbursedq (% of GNI),0.26,0.24,0.28l,,,,,,,,,,,,
CO2 emission estimates (million tons/tons per capita),1.9 /        6.1,2.1 /        6.2,1.9 /        5.2b,"Energy production, primary (Petajoules)",252,285,336c,Energy supply per capita (Gigajoules),869,949,1 087c,Tourist/visitor arrivals at national borders (000),489,1 289,2 013b,Important sites for terrestrial biodiversity protected (%),16.7,19.1,19.1d,Net Official Development Assist. disbursedq (% of GNI),0.26,0.24,0.28l,,,,,,,,,,,,,,,,
"Energy production, primary (Petajoules)",252,285,336c,Energy supply per capita (Gigajoules),869,949,1 087c,Tourist/visitor arrivals at national borders (000),489,1 289,2 013b,Important sites for terrestrial biodiversity protected (%),16.7,19.1,19.1d,Net Official Development Assist. disbursedq (% of GNI),0.26,0.24,0.28l,,,,,,,,,,,,,,,,,,,,
Energy supply per capita (Gigajoules),869,949,1 087c,Tourist/visitor arrivals at national borders (000),489,1 289,2 013b,Important sites for terrestrial biodiversity protected (%),16.7,19.1,19.1d,Net Official Development Assist. disbursedq (% of GNI),0.26,0.24,0.28l,,,,,,,,,,,,,,,,,,,,,,,,
Tourist/visitor arrivals at national borders (000),489,1 289,2 013b,Important sites for terrestrial biodiversity protected (%),16.7,19.1,19.1d,Net Official Development Assist. disbursedq (% of GNI),0.26,0.24,0.28l,,,,,,,,,,,,,,,,,,,,,,,,,,,,
Important sites for terrestrial biodiversity protected (%),16.7,19.1,19.1d,Net Official Development Assist. disbursedq (% of GNI),0.26,0.24,0.28l,,,,,,,,,,,,,,,,,,,,,,,,,,,,,,,,
Net Official Development Assist. disbursedq (% of GNI),0.26,0.24,0.28l,,,,,,,,,,,,,,,,,,,,,,,,,,,,,,,,,,,,
