0,1,2,3,4,5,6,7,8,9,10,11,12,13,14,15,16,17,18,19,20,21,22,23,24,25,26,27,28,29,30,31,32,33,34,35,36,37,38,39,40,41,42,43,44,45,46,47,48,49,50,51,52,53,54,55,56,57,58,59,60,61,62,63,64,65,66,67
,2010,2015,2021,,,,,,,,,,,,,,,,,,,,,,,,,,,,,,,,,,,,,,,,,,,,,,,,,,,,,,,,,,,,,,,,
Population growth ratej (average annual %),1.6,0.6,0.7d,Urban population (% of total population),93.6,93.7,93.9b,Urban population growth ratej (average annual %),1.8,0.6,...,"Fertility rate, totalj (live births per woman)",2.1,2,1.8d,"Life expectancy at birthj (females/males, years)",83.2 /       79.6,83.8 /       80.6,84.3 /       81.2d,"Population age distribution (0-14/60+ years old, %)",20.8 /       16.9,20.3 /       19.1,19.2 /       22.1a,International migrant stock (000/% of total pop.),35.1 /       11.0,39.1 /       11.8,65.4 /       19.2d,Refugees and others of concern to UNHCR (000),0.2k,0.4,1.3d,Infant mortality ratej (per 1 000 live births),2,1.6,1.3d,Health: Current expenditure (% of GDP),8.5,8.1,8.5c,Health: Physicians (per 1 000 pop.),3.6,3.8,4.1b,Education: Government expenditure (% of GDP),7,7.5,7.7l,Education: Primary gross enrol. ratio (f/m per 100 pop.),99.6 /       99.0,98.6 /       98.7,100.3 /      100.6c,Education: Secondary gross enrol. ratio (f/m per 100 pop.),108.2 /      106.5,119.6 /      118.6,117.3 /      118.6c,Education: Upper secondary gross enrol. ratio (f/m per 100 pop.),118.1 /      114.2,132.9 /      131.7,130.0 /      132.2c,Intentional homicide rate (per 100 000 pop.),0.6,0.9,0.9c,Seats held by women in national parliaments (%),42.9,41.3,39.7m
Urban population (% of total population),93.6,93.7,93.9b,Urban population growth ratej (average annual %),1.8,0.6,...,"Fertility rate, totalj (live births per woman)",2.1,2,1.8d,"Life expectancy at birthj (females/males, years)",83.2 /       79.6,83.8 /       80.6,84.3 /       81.2d,"Population age distribution (0-14/60+ years old, %)",20.8 /       16.9,20.3 /       19.1,19.2 /       22.1a,International migrant stock (000/% of total pop.),35.1 /       11.0,39.1 /       11.8,65.4 /       19.2d,Refugees and others of concern to UNHCR (000),0.2k,0.4,1.3d,Infant mortality ratej (per 1 000 live births),2,1.6,1.3d,Health: Current expenditure (% of GDP),8.5,8.1,8.5c,Health: Physicians (per 1 000 pop.),3.6,3.8,4.1b,Education: Government expenditure (% of GDP),7,7.5,7.7l,Education: Primary gross enrol. ratio (f/m per 100 pop.),99.6 /       99.0,98.6 /       98.7,100.3 /      100.6c,Education: Secondary gross enrol. ratio (f/m per 100 pop.),108.2 /      106.5,119.6 /      118.6,117.3 /      118.6c,Education: Upper secondary gross enrol. ratio (f/m per 100 pop.),118.1 /      114.2,132.9 /      131.7,130.0 /      132.2c,Intentional homicide rate (per 100 000 pop.),0.6,0.9,0.9c,Seats held by women in national parliaments (%),42.9,41.3,39.7m,,,,
Urban population growth ratej (average annual %),1.8,0.6,...,"Fertility rate, totalj (live births per woman)",2.1,2,1.8d,"Life expectancy at birthj (females/males, years)",83.2 /       79.6,83.8 /       80.6,84.3 /       81.2d,"Population age distribution (0-14/60+ years old, %)",20.8 /       16.9,20.3 /       19.1,19.2 /       22.1a,International migrant stock (000/% of total pop.),35.1 /       11.0,39.1 /       11.8,65.4 /       19.2d,Refugees and others of concern to UNHCR (000),0.2k,0.4,1.3d,Infant mortality ratej (per 1 000 live births),2,1.6,1.3d,Health: Current expenditure (% of GDP),8.5,8.1,8.5c,Health: Physicians (per 1 000 pop.),3.6,3.8,4.1b,Education: Government expenditure (% of GDP),7,7.5,7.7l,Education: Primary gross enrol. ratio (f/m per 100 pop.),99.6 /       99.0,98.6 /       98.7,100.3 /      100.6c,Education: Secondary gross enrol. ratio (f/m per 100 pop.),108.2 /      106.5,119.6 /      118.6,117.3 /      118.6c,Education: Upper secondary gross enrol. ratio (f/m per 100 pop.),118.1 /      114.2,132.9 /      131.7,130.0 /      132.2c,Intentional homicide rate (per 100 000 pop.),0.6,0.9,0.9c,Seats held by women in national parliaments (%),42.9,41.3,39.7m,,,,,,,,
"Fertility rate, totalj (live births per woman)",2.1,2,1.8d,"Life expectancy at birthj (females/males, years)",83.2 /       79.6,83.8 /       80.6,84.3 /       81.2d,"Population age distribution (0-14/60+ years old, %)",20.8 /       16.9,20.3 /       19.1,19.2 /       22.1a,International migrant stock (000/% of total pop.),35.1 /       11.0,39.1 /       11.8,65.4 /       19.2d,Refugees and others of concern to UNHCR (000),0.2k,0.4,1.3d,Infant mortality ratej (per 1 000 live births),2,1.6,1.3d,Health: Current expenditure (% of GDP),8.5,8.1,8.5c,Health: Physicians (per 1 000 pop.),3.6,3.8,4.1b,Education: Government expenditure (% of GDP),7,7.5,7.7l,Education: Primary gross enrol. ratio (f/m per 100 pop.),99.6 /       99.0,98.6 /       98.7,100.3 /      100.6c,Education: Secondary gross enrol. ratio (f/m per 100 pop.),108.2 /      106.5,119.6 /      118.6,117.3 /      118.6c,Education: Upper secondary gross enrol. ratio (f/m per 100 pop.),118.1 /      114.2,132.9 /      131.7,130.0 /      132.2c,Intentional homicide rate (per 100 000 pop.),0.6,0.9,0.9c,Seats held by women in national parliaments (%),42.9,41.3,39.7m,,,,,,,,,,,,
"Life expectancy at birthj (females/males, years)",83.2 /       79.6,83.8 /       80.6,84.3 /       81.2d,"Population age distribution (0-14/60+ years old, %)",20.8 /       16.9,20.3 /       19.1,19.2 /       22.1a,International migrant stock (000/% of total pop.),35.1 /       11.0,39.1 /       11.8,65.4 /       19.2d,Refugees and others of concern to UNHCR (000),0.2k,0.4,1.3d,Infant mortality ratej (per 1 000 live births),2,1.6,1.3d,Health: Current expenditure (% of GDP),8.5,8.1,8.5c,Health: Physicians (per 1 000 pop.),3.6,3.8,4.1b,Education: Government expenditure (% of GDP),7,7.5,7.7l,Education: Primary gross enrol. ratio (f/m per 100 pop.),99.6 /       99.0,98.6 /       98.7,100.3 /      100.6c,Education: Secondary gross enrol. ratio (f/m per 100 pop.),108.2 /      106.5,119.6 /      118.6,117.3 /      118.6c,Education: Upper secondary gross enrol. ratio (f/m per 100 pop.),118.1 /      114.2,132.9 /      131.7,130.0 /      132.2c,Intentional homicide rate (per 100 000 pop.),0.6,0.9,0.9c,Seats held by women in national parliaments (%),42.9,41.3,39.7m,,,,,,,,,,,,,,,,
"Population age distribution (0-14/60+ years old, %)",20.8 /       16.9,20.3 /       19.1,19.2 /       22.1a,International migrant stock (000/% of total pop.),35.1 /       11.0,39.1 /       11.8,65.4 /       19.2d,Refugees and others of concern to UNHCR (000),0.2k,0.4,1.3d,Infant mortality ratej (per 1 000 live births),2,1.6,1.3d,Health: Current expenditure (% of GDP),8.5,8.1,8.5c,Health: Physicians (per 1 000 pop.),3.6,3.8,4.1b,Education: Government expenditure (% of GDP),7,7.5,7.7l,Education: Primary gross enrol. ratio (f/m per 100 pop.),99.6 /       99.0,98.6 /       98.7,100.3 /      100.6c,Education: Secondary gross enrol. ratio (f/m per 100 pop.),108.2 /      106.5,119.6 /      118.6,117.3 /      118.6c,Education: Upper secondary gross enrol. ratio (f/m per 100 pop.),118.1 /      114.2,132.9 /      131.7,130.0 /      132.2c,Intentional homicide rate (per 100 000 pop.),0.6,0.9,0.9c,Seats held by women in national parliaments (%),42.9,41.3,39.7m,,,,,,,,,,,,,,,,,,,,
International migrant stock (000/% of total pop.),35.1 /       11.0,39.1 /       11.8,65.4 /       19.2d,Refugees and others of concern to UNHCR (000),0.2k,0.4,1.3d,Infant mortality ratej (per 1 000 live births),2,1.6,1.3d,Health: Current expenditure (% of GDP),8.5,8.1,8.5c,Health: Physicians (per 1 000 pop.),3.6,3.8,4.1b,Education: Government expenditure (% of GDP),7,7.5,7.7l,Education: Primary gross enrol. ratio (f/m per 100 pop.),99.6 /       99.0,98.6 /       98.7,100.3 /      100.6c,Education: Secondary gross enrol. ratio (f/m per 100 pop.),108.2 /      106.5,119.6 /      118.6,117.3 /      118.6c,Education: Upper secondary gross enrol. ratio (f/m per 100 pop.),118.1 /      114.2,132.9 /      131.7,130.0 /      132.2c,Intentional homicide rate (per 100 000 pop.),0.6,0.9,0.9c,Seats held by women in national parliaments (%),42.9,41.3,39.7m,,,,,,,,,,,,,,,,,,,,,,,,
Refugees and others of concern to UNHCR (000),0.2k,0.4,1.3d,Infant mortality ratej (per 1 000 live births),2,1.6,1.3d,Health: Current expenditure (% of GDP),8.5,8.1,8.5c,Health: Physicians (per 1 000 pop.),3.6,3.8,4.1b,Education: Government expenditure (% of GDP),7,7.5,7.7l,Education: Primary gross enrol. ratio (f/m per 100 pop.),99.6 /       99.0,98.6 /       98.7,100.3 /      100.6c,Education: Secondary gross enrol. ratio (f/m per 100 pop.),108.2 /      106.5,119.6 /      118.6,117.3 /      118.6c,Education: Upper secondary gross enrol. ratio (f/m per 100 pop.),118.1 /      114.2,132.9 /      131.7,130.0 /      132.2c,Intentional homicide rate (per 100 000 pop.),0.6,0.9,0.9c,Seats held by women in national parliaments (%),42.9,41.3,39.7m,,,,,,,,,,,,,,,,,,,,,,,,,,,,
Infant mortality ratej (per 1 000 live births),2,1.6,1.3d,Health: Current expenditure (% of GDP),8.5,8.1,8.5c,Health: Physicians (per 1 000 pop.),3.6,3.8,4.1b,Education: Government expenditure (% of GDP),7,7.5,7.7l,Education: Primary gross enrol. ratio (f/m per 100 pop.),99.6 /       99.0,98.6 /       98.7,100.3 /      100.6c,Education: Secondary gross enrol. ratio (f/m per 100 pop.),108.2 /      106.5,119.6 /      118.6,117.3 /      118.6c,Education: Upper secondary gross enrol. ratio (f/m per 100 pop.),118.1 /      114.2,132.9 /      131.7,130.0 /      132.2c,Intentional homicide rate (per 100 000 pop.),0.6,0.9,0.9c,Seats held by women in national parliaments (%),42.9,41.3,39.7m,,,,,,,,,,,,,,,,,,,,,,,,,,,,,,,,
Health: Current expenditure (% of GDP),8.5,8.1,8.5c,Health: Physicians (per 1 000 pop.),3.6,3.8,4.1b,Education: Government expenditure (% of GDP),7,7.5,7.7l,Education: Primary gross enrol. ratio (f/m per 100 pop.),99.6 /       99.0,98.6 /       98.7,100.3 /      100.6c,Education: Secondary gross enrol. ratio (f/m per 100 pop.),108.2 /      106.5,119.6 /      118.6,117.3 /      118.6c,Education: Upper secondary gross enrol. ratio (f/m per 100 pop.),118.1 /      114.2,132.9 /      131.7,130.0 /      132.2c,Intentional homicide rate (per 100 000 pop.),0.6,0.9,0.9c,Seats held by women in national parliaments (%),42.9,41.3,39.7m,,,,,,,,,,,,,,,,,,,,,,,,,,,,,,,,,,,,
Health: Physicians (per 1 000 pop.),3.6,3.8,4.1b,Education: Government expenditure (% of GDP),7,7.5,7.7l,Education: Primary gross enrol. ratio (f/m per 100 pop.),99.6 /       99.0,98.6 /       98.7,100.3 /      100.6c,Education: Secondary gross enrol. ratio (f/m per 100 pop.),108.2 /      106.5,119.6 /      118.6,117.3 /      118.6c,Education: Upper secondary gross enrol. ratio (f/m per 100 pop.),118.1 /      114.2,132.9 /      131.7,130.0 /      132.2c,Intentional homicide rate (per 100 000 pop.),0.6,0.9,0.9c,Seats held by women in national parliaments (%),42.9,41.3,39.7m,,,,,,,,,,,,,,,,,,,,,,,,,,,,,,,,,,,,,,,,
Education: Government expenditure (% of GDP),7,7.5,7.7l,Education: Primary gross enrol. ratio (f/m per 100 pop.),99.6 /       99.0,98.6 /       98.7,100.3 /      100.6c,Education: Secondary gross enrol. ratio (f/m per 100 pop.),108.2 /      106.5,119.6 /      118.6,117.3 /      118.6c,Education: Upper secondary gross enrol. ratio (f/m per 100 pop.),118.1 /      114.2,132.9 /      131.7,130.0 /      132.2c,Intentional homicide rate (per 100 000 pop.),0.6,0.9,0.9c,Seats held by women in national parliaments (%),42.9,41.3,39.7m,,,,,,,,,,,,,,,,,,,,,,,,,,,,,,,,,,,,,,,,,,,,
Education: Primary gross enrol. ratio (f/m per 100 pop.),99.6 /       99.0,98.6 /       98.7,100.3 /      100.6c,Education: Secondary gross enrol. ratio (f/m per 100 pop.),108.2 /      106.5,119.6 /      118.6,117.3 /      118.6c,Education: Upper secondary gross enrol. ratio (f/m per 100 pop.),118.1 /      114.2,132.9 /      131.7,130.0 /      132.2c,Intentional homicide rate (per 100 000 pop.),0.6,0.9,0.9c,Seats held by women in national parliaments (%),42.9,41.3,39.7m,,,,,,,,,,,,,,,,,,,,,,,,,,,,,,,,,,,,,,,,,,,,,,,,
Education: Secondary gross enrol. ratio (f/m per 100 pop.),108.2 /      106.5,119.6 /      118.6,117.3 /      118.6c,Education: Upper secondary gross enrol. ratio (f/m per 100 pop.),118.1 /      114.2,132.9 /      131.7,130.0 /      132.2c,Intentional homicide rate (per 100 000 pop.),0.6,0.9,0.9c,Seats held by women in national parliaments (%),42.9,41.3,39.7m,,,,,,,,,,,,,,,,,,,,,,,,,,,,,,,,,,,,,,,,,,,,,,,,,,,,
Education: Upper secondary gross enrol. ratio (f/m per 100 pop.),118.1 /      114.2,132.9 /      131.7,130.0 /      132.2c,Intentional homicide rate (per 100 000 pop.),0.6,0.9,0.9c,Seats held by women in national parliaments (%),42.9,41.3,39.7m,,,,,,,,,,,,,,,,,,,,,,,,,,,,,,,,,,,,,,,,,,,,,,,,,,,,,,,,
Intentional homicide rate (per 100 000 pop.),0.6,0.9,0.9c,Seats held by women in national parliaments (%),42.9,41.3,39.7m,,,,,,,,,,,,,,,,,,,,,,,,,,,,,,,,,,,,,,,,,,,,,,,,,,,,,,,,,,,,
Seats held by women in national parliaments (%),42.9,41.3,39.7m,,,,,,,,,,,,,,,,,,,,,,,,,,,,,,,,,,,,,,,,,,,,,,,,,,,,,,,,,,,,,,,,
