0,1,2,3,4,5,6,7,8,9,10,11,12,13,14,15,16,17,18,19,20,21,22,23,24,25,26,27,28,29,30,31,32,33,34,35,36,37,38,39,40,41,42,43,44,45,46,47,48,49,50,51,52,53,54,55,56,57,58,59,60,61,62,63,64,65,66,67
,2010,2015,2021,,,,,,,,,,,,,,,,,,,,,,,,,,,,,,,,,,,,,,,,,,,,,,,,,,,,,,,,,,,,,,,,
GDP: Gross domestic product (million current US$),53 212,57 744,71 105b,"GDP growth rate (annual %, const. 2015 prices)",4.9,4.3,2.3b,GDP per capita (current US$),104 771.9,101 888.6,115 480.9b,Economy: Agriculturee (% of Gross Value Added),0.3,0.2,0.2b,"Economy: Industryf,g (% of Gross Value Added)",12.7,12.2,12.5b,Economy: Services and other activityh (% of GVA),87,87.5,87.3b,Employment in agriculture (% of employed),1.1,1,"1i,d",Employment in industry (% of employed),13.3,12.5,"11.5i,d",Employment in services (% employed),85.6,86.4,"87.5i,d",Unemploymenti (% of labour force),4.4,6.7,5.2d,Labour force participation ratei (female/male pop. %),48.8 /       65.4,53.6 /       65.2,55.1 /       63.7d,CPI: Consumer Price Indexj (2010=100),100,109,116d,Agricultural production index (2014-2016=100),91,102,111b,International trade: exports (million current US$),13 911,12 626,13 442d,International trade: imports (million current US$),20 400,19 296,20 610d,International trade: balance (million current US$),- 6 489,- 6 671,- 7 167d,"Balance of payments, current account (million US$)",3 268,2 949,2 999d
"GDP growth rate (annual %, const. 2015 prices)",4.9,4.3,2.3b,GDP per capita (current US$),104 771.9,101 888.6,115 480.9b,Economy: Agriculturee (% of Gross Value Added),0.3,0.2,0.2b,"Economy: Industryf,g (% of Gross Value Added)",12.7,12.2,12.5b,Economy: Services and other activityh (% of GVA),87,87.5,87.3b,Employment in agriculture (% of employed),1.1,1,"1i,d",Employment in industry (% of employed),13.3,12.5,"11.5i,d",Employment in services (% employed),85.6,86.4,"87.5i,d",Unemploymenti (% of labour force),4.4,6.7,5.2d,Labour force participation ratei (female/male pop. %),48.8 /       65.4,53.6 /       65.2,55.1 /       63.7d,CPI: Consumer Price Indexj (2010=100),100,109,116d,Agricultural production index (2014-2016=100),91,102,111b,International trade: exports (million current US$),13 911,12 626,13 442d,International trade: imports (million current US$),20 400,19 296,20 610d,International trade: balance (million current US$),- 6 489,- 6 671,- 7 167d,"Balance of payments, current account (million US$)",3 268,2 949,2 999d,,,,
GDP per capita (current US$),104 771.9,101 888.6,115 480.9b,Economy: Agriculturee (% of Gross Value Added),0.3,0.2,0.2b,"Economy: Industryf,g (% of Gross Value Added)",12.7,12.2,12.5b,Economy: Services and other activityh (% of GVA),87,87.5,87.3b,Employment in agriculture (% of employed),1.1,1,"1i,d",Employment in industry (% of employed),13.3,12.5,"11.5i,d",Employment in services (% employed),85.6,86.4,"87.5i,d",Unemploymenti (% of labour force),4.4,6.7,5.2d,Labour force participation ratei (female/male pop. %),48.8 /       65.4,53.6 /       65.2,55.1 /       63.7d,CPI: Consumer Price Indexj (2010=100),100,109,116d,Agricultural production index (2014-2016=100),91,102,111b,International trade: exports (million current US$),13 911,12 626,13 442d,International trade: imports (million current US$),20 400,19 296,20 610d,International trade: balance (million current US$),- 6 489,- 6 671,- 7 167d,"Balance of payments, current account (million US$)",3 268,2 949,2 999d,,,,,,,,
Economy: Agriculturee (% of Gross Value Added),0.3,0.2,0.2b,"Economy: Industryf,g (% of Gross Value Added)",12.7,12.2,12.5b,Economy: Services and other activityh (% of GVA),87,87.5,87.3b,Employment in agriculture (% of employed),1.1,1,"1i,d",Employment in industry (% of employed),13.3,12.5,"11.5i,d",Employment in services (% employed),85.6,86.4,"87.5i,d",Unemploymenti (% of labour force),4.4,6.7,5.2d,Labour force participation ratei (female/male pop. %),48.8 /       65.4,53.6 /       65.2,55.1 /       63.7d,CPI: Consumer Price Indexj (2010=100),100,109,116d,Agricultural production index (2014-2016=100),91,102,111b,International trade: exports (million current US$),13 911,12 626,13 442d,International trade: imports (million current US$),20 400,19 296,20 610d,International trade: balance (million current US$),- 6 489,- 6 671,- 7 167d,"Balance of payments, current account (million US$)",3 268,2 949,2 999d,,,,,,,,,,,,
"Economy: Industryf,g (% of Gross Value Added)",12.7,12.2,12.5b,Economy: Services and other activityh (% of GVA),87,87.5,87.3b,Employment in agriculture (% of employed),1.1,1,"1i,d",Employment in industry (% of employed),13.3,12.5,"11.5i,d",Employment in services (% employed),85.6,86.4,"87.5i,d",Unemploymenti (% of labour force),4.4,6.7,5.2d,Labour force participation ratei (female/male pop. %),48.8 /       65.4,53.6 /       65.2,55.1 /       63.7d,CPI: Consumer Price Indexj (2010=100),100,109,116d,Agricultural production index (2014-2016=100),91,102,111b,International trade: exports (million current US$),13 911,12 626,13 442d,International trade: imports (million current US$),20 400,19 296,20 610d,International trade: balance (million current US$),- 6 489,- 6 671,- 7 167d,"Balance of payments, current account (million US$)",3 268,2 949,2 999d,,,,,,,,,,,,,,,,
Economy: Services and other activityh (% of GVA),87,87.5,87.3b,Employment in agriculture (% of employed),1.1,1,"1i,d",Employment in industry (% of employed),13.3,12.5,"11.5i,d",Employment in services (% employed),85.6,86.4,"87.5i,d",Unemploymenti (% of labour force),4.4,6.7,5.2d,Labour force participation ratei (female/male pop. %),48.8 /       65.4,53.6 /       65.2,55.1 /       63.7d,CPI: Consumer Price Indexj (2010=100),100,109,116d,Agricultural production index (2014-2016=100),91,102,111b,International trade: exports (million current US$),13 911,12 626,13 442d,International trade: imports (million current US$),20 400,19 296,20 610d,International trade: balance (million current US$),- 6 489,- 6 671,- 7 167d,"Balance of payments, current account (million US$)",3 268,2 949,2 999d,,,,,,,,,,,,,,,,,,,,
Employment in agriculture (% of employed),1.1,1,"1i,d",Employment in industry (% of employed),13.3,12.5,"11.5i,d",Employment in services (% employed),85.6,86.4,"87.5i,d",Unemploymenti (% of labour force),4.4,6.7,5.2d,Labour force participation ratei (female/male pop. %),48.8 /       65.4,53.6 /       65.2,55.1 /       63.7d,CPI: Consumer Price Indexj (2010=100),100,109,116d,Agricultural production index (2014-2016=100),91,102,111b,International trade: exports (million current US$),13 911,12 626,13 442d,International trade: imports (million current US$),20 400,19 296,20 610d,International trade: balance (million current US$),- 6 489,- 6 671,- 7 167d,"Balance of payments, current account (million US$)",3 268,2 949,2 999d,,,,,,,,,,,,,,,,,,,,,,,,
Employment in industry (% of employed),13.3,12.5,"11.5i,d",Employment in services (% employed),85.6,86.4,"87.5i,d",Unemploymenti (% of labour force),4.4,6.7,5.2d,Labour force participation ratei (female/male pop. %),48.8 /       65.4,53.6 /       65.2,55.1 /       63.7d,CPI: Consumer Price Indexj (2010=100),100,109,116d,Agricultural production index (2014-2016=100),91,102,111b,International trade: exports (million current US$),13 911,12 626,13 442d,International trade: imports (million current US$),20 400,19 296,20 610d,International trade: balance (million current US$),- 6 489,- 6 671,- 7 167d,"Balance of payments, current account (million US$)",3 268,2 949,2 999d,,,,,,,,,,,,,,,,,,,,,,,,,,,,
Employment in services (% employed),85.6,86.4,"87.5i,d",Unemploymenti (% of labour force),4.4,6.7,5.2d,Labour force participation ratei (female/male pop. %),48.8 /       65.4,53.6 /       65.2,55.1 /       63.7d,CPI: Consumer Price Indexj (2010=100),100,109,116d,Agricultural production index (2014-2016=100),91,102,111b,International trade: exports (million current US$),13 911,12 626,13 442d,International trade: imports (million current US$),20 400,19 296,20 610d,International trade: balance (million current US$),- 6 489,- 6 671,- 7 167d,"Balance of payments, current account (million US$)",3 268,2 949,2 999d,,,,,,,,,,,,,,,,,,,,,,,,,,,,,,,,
Unemploymenti (% of labour force),4.4,6.7,5.2d,Labour force participation ratei (female/male pop. %),48.8 /       65.4,53.6 /       65.2,55.1 /       63.7d,CPI: Consumer Price Indexj (2010=100),100,109,116d,Agricultural production index (2014-2016=100),91,102,111b,International trade: exports (million current US$),13 911,12 626,13 442d,International trade: imports (million current US$),20 400,19 296,20 610d,International trade: balance (million current US$),- 6 489,- 6 671,- 7 167d,"Balance of payments, current account (million US$)",3 268,2 949,2 999d,,,,,,,,,,,,,,,,,,,,,,,,,,,,,,,,,,,,
Labour force participation ratei (female/male pop. %),48.8 /       65.4,53.6 /       65.2,55.1 /       63.7d,CPI: Consumer Price Indexj (2010=100),100,109,116d,Agricultural production index (2014-2016=100),91,102,111b,International trade: exports (million current US$),13 911,12 626,13 442d,International trade: imports (million current US$),20 400,19 296,20 610d,International trade: balance (million current US$),- 6 489,- 6 671,- 7 167d,"Balance of payments, current account (million US$)",3 268,2 949,2 999d,,,,,,,,,,,,,,,,,,,,,,,,,,,,,,,,,,,,,,,,
CPI: Consumer Price Indexj (2010=100),100,109,116d,Agricultural production index (2014-2016=100),91,102,111b,International trade: exports (million current US$),13 911,12 626,13 442d,International trade: imports (million current US$),20 400,19 296,20 610d,International trade: balance (million current US$),- 6 489,- 6 671,- 7 167d,"Balance of payments, current account (million US$)",3 268,2 949,2 999d,,,,,,,,,,,,,,,,,,,,,,,,,,,,,,,,,,,,,,,,,,,,
Agricultural production index (2014-2016=100),91,102,111b,International trade: exports (million current US$),13 911,12 626,13 442d,International trade: imports (million current US$),20 400,19 296,20 610d,International trade: balance (million current US$),- 6 489,- 6 671,- 7 167d,"Balance of payments, current account (million US$)",3 268,2 949,2 999d,,,,,,,,,,,,,,,,,,,,,,,,,,,,,,,,,,,,,,,,,,,,,,,,
International trade: exports (million current US$),13 911,12 626,13 442d,International trade: imports (million current US$),20 400,19 296,20 610d,International trade: balance (million current US$),- 6 489,- 6 671,- 7 167d,"Balance of payments, current account (million US$)",3 268,2 949,2 999d,,,,,,,,,,,,,,,,,,,,,,,,,,,,,,,,,,,,,,,,,,,,,,,,,,,,
International trade: imports (million current US$),20 400,19 296,20 610d,International trade: balance (million current US$),- 6 489,- 6 671,- 7 167d,"Balance of payments, current account (million US$)",3 268,2 949,2 999d,,,,,,,,,,,,,,,,,,,,,,,,,,,,,,,,,,,,,,,,,,,,,,,,,,,,,,,,
International trade: balance (million current US$),- 6 489,- 6 671,- 7 167d,"Balance of payments, current account (million US$)",3 268,2 949,2 999d,,,,,,,,,,,,,,,,,,,,,,,,,,,,,,,,,,,,,,,,,,,,,,,,,,,,,,,,,,,,
"Balance of payments, current account (million US$)",3 268,2 949,2 999d,,,,,,,,,,,,,,,,,,,,,,,,,,,,,,,,,,,,,,,,,,,,,,,,,,,,,,,,,,,,,,,,
