0,1,2,3,4,5,6,7,8,9,10,11,12,13,14,15,16,17,18,19,20,21,22,23,24,25,26,27,28,29,30,31,32,33,34,35,36,37,38,39,40,41,42,43,44,45,46,47
,2010,2015,2021,,,,,,,,,,,,,,,,,,,,,,,,,,,,,,,,,,,,,,,,,,,,
Individuals using the Internetb (per 100 inhabitants),34.3,"50.3i,p,q,r",54.3n,Research & Development expenditureb (% of GDP),1.7,2.1,2.1m,Threatened speciesb (number),859,1 040,1 308,Forested area (% of land area),21.3,22.3,22.9m,CO2 emission estimatesb (million tons/tons per capita),7 831.0 /        5.9,9 093.3 /        6.6,9 809.2 /        6.8m,"Energy production, primaryb (Petajoules)",88 642,100 808,103 893m,Energy supply per capitab (Gigajoules),74,85,91m,Tourist/visitor arrivals at national bordersb (000),55 664,56 886,"62 900s,m",Important sites for terrestrial biodiversity protected (%),8.6,9.5,10.1e,"Pop. using safely managed drinking waterb (urban/rural, %)",89.2 / ...,93.1 / ...,95.0 / ...e,Pop. using safely managed sanitationb (urban/rural %),53.6 /       17.3,70.7 /       29.5,85.6 /       43.9e,Net Official Development Assist. receivedb (% of GNI),0.01,0,0c
Research & Development expenditureb (% of GDP),1.7,2.1,2.1m,Threatened speciesb (number),859,1 040,1 308,Forested area (% of land area),21.3,22.3,22.9m,CO2 emission estimatesb (million tons/tons per capita),7 831.0 /        5.9,9 093.3 /        6.6,9 809.2 /        6.8m,"Energy production, primaryb (Petajoules)",88 642,100 808,103 893m,Energy supply per capitab (Gigajoules),74,85,91m,Tourist/visitor arrivals at national bordersb (000),55 664,56 886,"62 900s,m",Important sites for terrestrial biodiversity protected (%),8.6,9.5,10.1e,"Pop. using safely managed drinking waterb (urban/rural, %)",89.2 / ...,93.1 / ...,95.0 / ...e,Pop. using safely managed sanitationb (urban/rural %),53.6 /       17.3,70.7 /       29.5,85.6 /       43.9e,Net Official Development Assist. receivedb (% of GNI),0.01,0,0c,,,,
Threatened speciesb (number),859,1 040,1 308,Forested area (% of land area),21.3,22.3,22.9m,CO2 emission estimatesb (million tons/tons per capita),7 831.0 /        5.9,9 093.3 /        6.6,9 809.2 /        6.8m,"Energy production, primaryb (Petajoules)",88 642,100 808,103 893m,Energy supply per capitab (Gigajoules),74,85,91m,Tourist/visitor arrivals at national bordersb (000),55 664,56 886,"62 900s,m",Important sites for terrestrial biodiversity protected (%),8.6,9.5,10.1e,"Pop. using safely managed drinking waterb (urban/rural, %)",89.2 / ...,93.1 / ...,95.0 / ...e,Pop. using safely managed sanitationb (urban/rural %),53.6 /       17.3,70.7 /       29.5,85.6 /       43.9e,Net Official Development Assist. receivedb (% of GNI),0.01,0,0c,,,,,,,,
Forested area (% of land area),21.3,22.3,22.9m,CO2 emission estimatesb (million tons/tons per capita),7 831.0 /        5.9,9 093.3 /        6.6,9 809.2 /        6.8m,"Energy production, primaryb (Petajoules)",88 642,100 808,103 893m,Energy supply per capitab (Gigajoules),74,85,91m,Tourist/visitor arrivals at national bordersb (000),55 664,56 886,"62 900s,m",Important sites for terrestrial biodiversity protected (%),8.6,9.5,10.1e,"Pop. using safely managed drinking waterb (urban/rural, %)",89.2 / ...,93.1 / ...,95.0 / ...e,Pop. using safely managed sanitationb (urban/rural %),53.6 /       17.3,70.7 /       29.5,85.6 /       43.9e,Net Official Development Assist. receivedb (% of GNI),0.01,0,0c,,,,,,,,,,,,
CO2 emission estimatesb (million tons/tons per capita),7 831.0 /        5.9,9 093.3 /        6.6,9 809.2 /        6.8m,"Energy production, primaryb (Petajoules)",88 642,100 808,103 893m,Energy supply per capitab (Gigajoules),74,85,91m,Tourist/visitor arrivals at national bordersb (000),55 664,56 886,"62 900s,m",Important sites for terrestrial biodiversity protected (%),8.6,9.5,10.1e,"Pop. using safely managed drinking waterb (urban/rural, %)",89.2 / ...,93.1 / ...,95.0 / ...e,Pop. using safely managed sanitationb (urban/rural %),53.6 /       17.3,70.7 /       29.5,85.6 /       43.9e,Net Official Development Assist. receivedb (% of GNI),0.01,0,0c,,,,,,,,,,,,,,,,
"Energy production, primaryb (Petajoules)",88 642,100 808,103 893m,Energy supply per capitab (Gigajoules),74,85,91m,Tourist/visitor arrivals at national bordersb (000),55 664,56 886,"62 900s,m",Important sites for terrestrial biodiversity protected (%),8.6,9.5,10.1e,"Pop. using safely managed drinking waterb (urban/rural, %)",89.2 / ...,93.1 / ...,95.0 / ...e,Pop. using safely managed sanitationb (urban/rural %),53.6 /       17.3,70.7 /       29.5,85.6 /       43.9e,Net Official Development Assist. receivedb (% of GNI),0.01,0,0c,,,,,,,,,,,,,,,,,,,,
Energy supply per capitab (Gigajoules),74,85,91m,Tourist/visitor arrivals at national bordersb (000),55 664,56 886,"62 900s,m",Important sites for terrestrial biodiversity protected (%),8.6,9.5,10.1e,"Pop. using safely managed drinking waterb (urban/rural, %)",89.2 / ...,93.1 / ...,95.0 / ...e,Pop. using safely managed sanitationb (urban/rural %),53.6 /       17.3,70.7 /       29.5,85.6 /       43.9e,Net Official Development Assist. receivedb (% of GNI),0.01,0,0c,,,,,,,,,,,,,,,,,,,,,,,,
Tourist/visitor arrivals at national bordersb (000),55 664,56 886,"62 900s,m",Important sites for terrestrial biodiversity protected (%),8.6,9.5,10.1e,"Pop. using safely managed drinking waterb (urban/rural, %)",89.2 / ...,93.1 / ...,95.0 / ...e,Pop. using safely managed sanitationb (urban/rural %),53.6 /       17.3,70.7 /       29.5,85.6 /       43.9e,Net Official Development Assist. receivedb (% of GNI),0.01,0,0c,,,,,,,,,,,,,,,,,,,,,,,,,,,,
Important sites for terrestrial biodiversity protected (%),8.6,9.5,10.1e,"Pop. using safely managed drinking waterb (urban/rural, %)",89.2 / ...,93.1 / ...,95.0 / ...e,Pop. using safely managed sanitationb (urban/rural %),53.6 /       17.3,70.7 /       29.5,85.6 /       43.9e,Net Official Development Assist. receivedb (% of GNI),0.01,0,0c,,,,,,,,,,,,,,,,,,,,,,,,,,,,,,,,
"Pop. using safely managed drinking waterb (urban/rural, %)",89.2 / ...,93.1 / ...,95.0 / ...e,Pop. using safely managed sanitationb (urban/rural %),53.6 /       17.3,70.7 /       29.5,85.6 /       43.9e,Net Official Development Assist. receivedb (% of GNI),0.01,0,0c,,,,,,,,,,,,,,,,,,,,,,,,,,,,,,,,,,,,
Pop. using safely managed sanitationb (urban/rural %),53.6 /       17.3,70.7 /       29.5,85.6 /       43.9e,Net Official Development Assist. receivedb (% of GNI),0.01,0,0c,,,,,,,,,,,,,,,,,,,,,,,,,,,,,,,,,,,,,,,,
Net Official Development Assist. receivedb (% of GNI),0.01,0,0c,,,,,,,,,,,,,,,,,,,,,,,,,,,,,,,,,,,,,,,,,,,,
