0,1,2,3,4,5,6,7,8,9,10,11,12,13,14,15,16,17,18,19,20,21,22,23,24,25,26,27,28,29,30,31,32,33,34,35,36,37,38,39,40,41,42,43,44,45,46,47,48,49,50,51,52,53,54,55,56,57,58,59,60,61,62,63,64,65,66,67
,2010,2015,2021,,,,,,,,,,,,,,,,,,,,,,,,,,,,,,,,,,,,,,,,,,,,,,,,,,,,,,,,,,,,,,,,
GDP: Gross domestic product (million current US$),4 794,6 678,8 455b,"GDP growth rate (annual %, const. 2015 prices)",-0.5,3.9,4.5b,GDP per capita (current US$),884.2,1 120.7,1 317.8b,Economy: Agricultured (% of Gross Value Added),18.8,15.4,13.4b,"Economy: Industrye,f (% of Gross Value Added)",28.2,27.5,30.7b,Economy: Services and other activityg (% of GVA),53,57.1,55.9b,Employment in agriculture (% of employed),32.3h,29.3,"20.4h,c",Employment in industry (% of employed),21h,20.9,"24.7h,c",Employment in services (% employed),46.7h,49.8,"54.9h,c",Unemploymenth (% of labour force),8.6,7.6,6.6c,Labour force participation rateh (female/male pop. %),52.2 /       76.6,49.9 /       75.5,44.5 /       75.6c,CPI: Consumer Price Index (2010=100),100,146,166c,Agricultural production index (2014-2016=100),89,102,110b,International trade: exports (million current US$),1 488,1 441,1 864c,International trade: imports (million current US$),3 223,4 068,3 387c,International trade: balance (million current US$),- 1 734,- 2 627,- 1 523c,"Balance of payments, current account (million US$)",-475,- 1 052,- 1 067b
"GDP growth rate (annual %, const. 2015 prices)",-0.5,3.9,4.5b,GDP per capita (current US$),884.2,1 120.7,1 317.8b,Economy: Agricultured (% of Gross Value Added),18.8,15.4,13.4b,"Economy: Industrye,f (% of Gross Value Added)",28.2,27.5,30.7b,Economy: Services and other activityg (% of GVA),53,57.1,55.9b,Employment in agriculture (% of employed),32.3h,29.3,"20.4h,c",Employment in industry (% of employed),21h,20.9,"24.7h,c",Employment in services (% employed),46.7h,49.8,"54.9h,c",Unemploymenth (% of labour force),8.6,7.6,6.6c,Labour force participation rateh (female/male pop. %),52.2 /       76.6,49.9 /       75.5,44.5 /       75.6c,CPI: Consumer Price Index (2010=100),100,146,166c,Agricultural production index (2014-2016=100),89,102,110b,International trade: exports (million current US$),1 488,1 441,1 864c,International trade: imports (million current US$),3 223,4 068,3 387c,International trade: balance (million current US$),- 1 734,- 2 627,- 1 523c,"Balance of payments, current account (million US$)",-475,- 1 052,- 1 067b,,,,
GDP per capita (current US$),884.2,1 120.7,1 317.8b,Economy: Agricultured (% of Gross Value Added),18.8,15.4,13.4b,"Economy: Industrye,f (% of Gross Value Added)",28.2,27.5,30.7b,Economy: Services and other activityg (% of GVA),53,57.1,55.9b,Employment in agriculture (% of employed),32.3h,29.3,"20.4h,c",Employment in industry (% of employed),21h,20.9,"24.7h,c",Employment in services (% employed),46.7h,49.8,"54.9h,c",Unemploymenth (% of labour force),8.6,7.6,6.6c,Labour force participation rateh (female/male pop. %),52.2 /       76.6,49.9 /       75.5,44.5 /       75.6c,CPI: Consumer Price Index (2010=100),100,146,166c,Agricultural production index (2014-2016=100),89,102,110b,International trade: exports (million current US$),1 488,1 441,1 864c,International trade: imports (million current US$),3 223,4 068,3 387c,International trade: balance (million current US$),- 1 734,- 2 627,- 1 523c,"Balance of payments, current account (million US$)",-475,- 1 052,- 1 067b,,,,,,,,
Economy: Agricultured (% of Gross Value Added),18.8,15.4,13.4b,"Economy: Industrye,f (% of Gross Value Added)",28.2,27.5,30.7b,Economy: Services and other activityg (% of GVA),53,57.1,55.9b,Employment in agriculture (% of employed),32.3h,29.3,"20.4h,c",Employment in industry (% of employed),21h,20.9,"24.7h,c",Employment in services (% employed),46.7h,49.8,"54.9h,c",Unemploymenth (% of labour force),8.6,7.6,6.6c,Labour force participation rateh (female/male pop. %),52.2 /       76.6,49.9 /       75.5,44.5 /       75.6c,CPI: Consumer Price Index (2010=100),100,146,166c,Agricultural production index (2014-2016=100),89,102,110b,International trade: exports (million current US$),1 488,1 441,1 864c,International trade: imports (million current US$),3 223,4 068,3 387c,International trade: balance (million current US$),- 1 734,- 2 627,- 1 523c,"Balance of payments, current account (million US$)",-475,- 1 052,- 1 067b,,,,,,,,,,,,
"Economy: Industrye,f (% of Gross Value Added)",28.2,27.5,30.7b,Economy: Services and other activityg (% of GVA),53,57.1,55.9b,Employment in agriculture (% of employed),32.3h,29.3,"20.4h,c",Employment in industry (% of employed),21h,20.9,"24.7h,c",Employment in services (% employed),46.7h,49.8,"54.9h,c",Unemploymenth (% of labour force),8.6,7.6,6.6c,Labour force participation rateh (female/male pop. %),52.2 /       76.6,49.9 /       75.5,44.5 /       75.6c,CPI: Consumer Price Index (2010=100),100,146,166c,Agricultural production index (2014-2016=100),89,102,110b,International trade: exports (million current US$),1 488,1 441,1 864c,International trade: imports (million current US$),3 223,4 068,3 387c,International trade: balance (million current US$),- 1 734,- 2 627,- 1 523c,"Balance of payments, current account (million US$)",-475,- 1 052,- 1 067b,,,,,,,,,,,,,,,,
Economy: Services and other activityg (% of GVA),53,57.1,55.9b,Employment in agriculture (% of employed),32.3h,29.3,"20.4h,c",Employment in industry (% of employed),21h,20.9,"24.7h,c",Employment in services (% employed),46.7h,49.8,"54.9h,c",Unemploymenth (% of labour force),8.6,7.6,6.6c,Labour force participation rateh (female/male pop. %),52.2 /       76.6,49.9 /       75.5,44.5 /       75.6c,CPI: Consumer Price Index (2010=100),100,146,166c,Agricultural production index (2014-2016=100),89,102,110b,International trade: exports (million current US$),1 488,1 441,1 864c,International trade: imports (million current US$),3 223,4 068,3 387c,International trade: balance (million current US$),- 1 734,- 2 627,- 1 523c,"Balance of payments, current account (million US$)",-475,- 1 052,- 1 067b,,,,,,,,,,,,,,,,,,,,
Employment in agriculture (% of employed),32.3h,29.3,"20.4h,c",Employment in industry (% of employed),21h,20.9,"24.7h,c",Employment in services (% employed),46.7h,49.8,"54.9h,c",Unemploymenth (% of labour force),8.6,7.6,6.6c,Labour force participation rateh (female/male pop. %),52.2 /       76.6,49.9 /       75.5,44.5 /       75.6c,CPI: Consumer Price Index (2010=100),100,146,166c,Agricultural production index (2014-2016=100),89,102,110b,International trade: exports (million current US$),1 488,1 441,1 864c,International trade: imports (million current US$),3 223,4 068,3 387c,International trade: balance (million current US$),- 1 734,- 2 627,- 1 523c,"Balance of payments, current account (million US$)",-475,- 1 052,- 1 067b,,,,,,,,,,,,,,,,,,,,,,,,
Employment in industry (% of employed),21h,20.9,"24.7h,c",Employment in services (% employed),46.7h,49.8,"54.9h,c",Unemploymenth (% of labour force),8.6,7.6,6.6c,Labour force participation rateh (female/male pop. %),52.2 /       76.6,49.9 /       75.5,44.5 /       75.6c,CPI: Consumer Price Index (2010=100),100,146,166c,Agricultural production index (2014-2016=100),89,102,110b,International trade: exports (million current US$),1 488,1 441,1 864c,International trade: imports (million current US$),3 223,4 068,3 387c,International trade: balance (million current US$),- 1 734,- 2 627,- 1 523c,"Balance of payments, current account (million US$)",-475,- 1 052,- 1 067b,,,,,,,,,,,,,,,,,,,,,,,,,,,,
Employment in services (% employed),46.7h,49.8,"54.9h,c",Unemploymenth (% of labour force),8.6,7.6,6.6c,Labour force participation rateh (female/male pop. %),52.2 /       76.6,49.9 /       75.5,44.5 /       75.6c,CPI: Consumer Price Index (2010=100),100,146,166c,Agricultural production index (2014-2016=100),89,102,110b,International trade: exports (million current US$),1 488,1 441,1 864c,International trade: imports (million current US$),3 223,4 068,3 387c,International trade: balance (million current US$),- 1 734,- 2 627,- 1 523c,"Balance of payments, current account (million US$)",-475,- 1 052,- 1 067b,,,,,,,,,,,,,,,,,,,,,,,,,,,,,,,,
Unemploymenth (% of labour force),8.6,7.6,6.6c,Labour force participation rateh (female/male pop. %),52.2 /       76.6,49.9 /       75.5,44.5 /       75.6c,CPI: Consumer Price Index (2010=100),100,146,166c,Agricultural production index (2014-2016=100),89,102,110b,International trade: exports (million current US$),1 488,1 441,1 864c,International trade: imports (million current US$),3 223,4 068,3 387c,International trade: balance (million current US$),- 1 734,- 2 627,- 1 523c,"Balance of payments, current account (million US$)",-475,- 1 052,- 1 067b,,,,,,,,,,,,,,,,,,,,,,,,,,,,,,,,,,,,
Labour force participation rateh (female/male pop. %),52.2 /       76.6,49.9 /       75.5,44.5 /       75.6c,CPI: Consumer Price Index (2010=100),100,146,166c,Agricultural production index (2014-2016=100),89,102,110b,International trade: exports (million current US$),1 488,1 441,1 864c,International trade: imports (million current US$),3 223,4 068,3 387c,International trade: balance (million current US$),- 1 734,- 2 627,- 1 523c,"Balance of payments, current account (million US$)",-475,- 1 052,- 1 067b,,,,,,,,,,,,,,,,,,,,,,,,,,,,,,,,,,,,,,,,
CPI: Consumer Price Index (2010=100),100,146,166c,Agricultural production index (2014-2016=100),89,102,110b,International trade: exports (million current US$),1 488,1 441,1 864c,International trade: imports (million current US$),3 223,4 068,3 387c,International trade: balance (million current US$),- 1 734,- 2 627,- 1 523c,"Balance of payments, current account (million US$)",-475,- 1 052,- 1 067b,,,,,,,,,,,,,,,,,,,,,,,,,,,,,,,,,,,,,,,,,,,,
Agricultural production index (2014-2016=100),89,102,110b,International trade: exports (million current US$),1 488,1 441,1 864c,International trade: imports (million current US$),3 223,4 068,3 387c,International trade: balance (million current US$),- 1 734,- 2 627,- 1 523c,"Balance of payments, current account (million US$)",-475,- 1 052,- 1 067b,,,,,,,,,,,,,,,,,,,,,,,,,,,,,,,,,,,,,,,,,,,,,,,,
International trade: exports (million current US$),1 488,1 441,1 864c,International trade: imports (million current US$),3 223,4 068,3 387c,International trade: balance (million current US$),- 1 734,- 2 627,- 1 523c,"Balance of payments, current account (million US$)",-475,- 1 052,- 1 067b,,,,,,,,,,,,,,,,,,,,,,,,,,,,,,,,,,,,,,,,,,,,,,,,,,,,
International trade: imports (million current US$),3 223,4 068,3 387c,International trade: balance (million current US$),- 1 734,- 2 627,- 1 523c,"Balance of payments, current account (million US$)",-475,- 1 052,- 1 067b,,,,,,,,,,,,,,,,,,,,,,,,,,,,,,,,,,,,,,,,,,,,,,,,,,,,,,,,
International trade: balance (million current US$),- 1 734,- 2 627,- 1 523c,"Balance of payments, current account (million US$)",-475,- 1 052,- 1 067b,,,,,,,,,,,,,,,,,,,,,,,,,,,,,,,,,,,,,,,,,,,,,,,,,,,,,,,,,,,,
"Balance of payments, current account (million US$)",-475,- 1 052,- 1 067b,,,,,,,,,,,,,,,,,,,,,,,,,,,,,,,,,,,,,,,,,,,,,,,,,,,,,,,,,,,,,,,,
