0,1,2,3,4,5,6,7,8,9,10,11,12,13,14,15,16,17,18,19,20,21,22,23,24,25,26,27,28,29,30,31,32,33,34,35,36,37,38,39,40,41,42,43,44,45,46,47,48,49,50,51,52,53,54,55,56,57,58,59,60,61,62,63
,2010,2015,2021,,,,,,,,,,,,,,,,,,,,,,,,,,,,,,,,,,,,,,,,,,,,,,,,,,,,,,,,,,,,
GDP: Gross domestic product (million current US$),16 299,13 176,11 025b,"GDP growth rate (annual %, const. 2015 prices)",-8.9,-9.1,-5.6b,GDP per capita (current US$),17 272.0,11 274.9,8 130.4b,Economy: Agriculture (% of Gross Value Added),1.1,1.9,2.5b,Economy: Industry (% of Gross Value Added),74.3,59,50.6b,Economy: Services and other activity (% of GVA),24.6,39.1,46.9b,Employment in agriculturef (% of employed),41.7,42,42.5e,Employment in industryf (% of employed),22.9,20.9,18.5e,Employment in servicesf (% employed),35.4,37.1,38.9e,Unemploymentf (% of labour force),6.7,6.6,6.5e,Labour force participation ratef (female/male pop. %),54.0 /       67.7,54.9 /       67.8,55.0 /       67.5e,CPI: Consumer Price Index (2010=100),100g,119,130e,Agricultural production index (2014-2016=100),91,101,109b,International trade: exportsf (million current US$),9 964,9 570,3 119e,International trade: importsf (million current US$),5 679,6 010,3 463e,International trade: balancef (million current US$),4 285,3 560,-343e
"GDP growth rate (annual %, const. 2015 prices)",-8.9,-9.1,-5.6b,GDP per capita (current US$),17 272.0,11 274.9,8 130.4b,Economy: Agriculture (% of Gross Value Added),1.1,1.9,2.5b,Economy: Industry (% of Gross Value Added),74.3,59,50.6b,Economy: Services and other activity (% of GVA),24.6,39.1,46.9b,Employment in agriculturef (% of employed),41.7,42,42.5e,Employment in industryf (% of employed),22.9,20.9,18.5e,Employment in servicesf (% employed),35.4,37.1,38.9e,Unemploymentf (% of labour force),6.7,6.6,6.5e,Labour force participation ratef (female/male pop. %),54.0 /       67.7,54.9 /       67.8,55.0 /       67.5e,CPI: Consumer Price Index (2010=100),100g,119,130e,Agricultural production index (2014-2016=100),91,101,109b,International trade: exportsf (million current US$),9 964,9 570,3 119e,International trade: importsf (million current US$),5 679,6 010,3 463e,International trade: balancef (million current US$),4 285,3 560,-343e,,,,
GDP per capita (current US$),17 272.0,11 274.9,8 130.4b,Economy: Agriculture (% of Gross Value Added),1.1,1.9,2.5b,Economy: Industry (% of Gross Value Added),74.3,59,50.6b,Economy: Services and other activity (% of GVA),24.6,39.1,46.9b,Employment in agriculturef (% of employed),41.7,42,42.5e,Employment in industryf (% of employed),22.9,20.9,18.5e,Employment in servicesf (% employed),35.4,37.1,38.9e,Unemploymentf (% of labour force),6.7,6.6,6.5e,Labour force participation ratef (female/male pop. %),54.0 /       67.7,54.9 /       67.8,55.0 /       67.5e,CPI: Consumer Price Index (2010=100),100g,119,130e,Agricultural production index (2014-2016=100),91,101,109b,International trade: exportsf (million current US$),9 964,9 570,3 119e,International trade: importsf (million current US$),5 679,6 010,3 463e,International trade: balancef (million current US$),4 285,3 560,-343e,,,,,,,,
Economy: Agriculture (% of Gross Value Added),1.1,1.9,2.5b,Economy: Industry (% of Gross Value Added),74.3,59,50.6b,Economy: Services and other activity (% of GVA),24.6,39.1,46.9b,Employment in agriculturef (% of employed),41.7,42,42.5e,Employment in industryf (% of employed),22.9,20.9,18.5e,Employment in servicesf (% employed),35.4,37.1,38.9e,Unemploymentf (% of labour force),6.7,6.6,6.5e,Labour force participation ratef (female/male pop. %),54.0 /       67.7,54.9 /       67.8,55.0 /       67.5e,CPI: Consumer Price Index (2010=100),100g,119,130e,Agricultural production index (2014-2016=100),91,101,109b,International trade: exportsf (million current US$),9 964,9 570,3 119e,International trade: importsf (million current US$),5 679,6 010,3 463e,International trade: balancef (million current US$),4 285,3 560,-343e,,,,,,,,,,,,
Economy: Industry (% of Gross Value Added),74.3,59,50.6b,Economy: Services and other activity (% of GVA),24.6,39.1,46.9b,Employment in agriculturef (% of employed),41.7,42,42.5e,Employment in industryf (% of employed),22.9,20.9,18.5e,Employment in servicesf (% employed),35.4,37.1,38.9e,Unemploymentf (% of labour force),6.7,6.6,6.5e,Labour force participation ratef (female/male pop. %),54.0 /       67.7,54.9 /       67.8,55.0 /       67.5e,CPI: Consumer Price Index (2010=100),100g,119,130e,Agricultural production index (2014-2016=100),91,101,109b,International trade: exportsf (million current US$),9 964,9 570,3 119e,International trade: importsf (million current US$),5 679,6 010,3 463e,International trade: balancef (million current US$),4 285,3 560,-343e,,,,,,,,,,,,,,,,
Economy: Services and other activity (% of GVA),24.6,39.1,46.9b,Employment in agriculturef (% of employed),41.7,42,42.5e,Employment in industryf (% of employed),22.9,20.9,18.5e,Employment in servicesf (% employed),35.4,37.1,38.9e,Unemploymentf (% of labour force),6.7,6.6,6.5e,Labour force participation ratef (female/male pop. %),54.0 /       67.7,54.9 /       67.8,55.0 /       67.5e,CPI: Consumer Price Index (2010=100),100g,119,130e,Agricultural production index (2014-2016=100),91,101,109b,International trade: exportsf (million current US$),9 964,9 570,3 119e,International trade: importsf (million current US$),5 679,6 010,3 463e,International trade: balancef (million current US$),4 285,3 560,-343e,,,,,,,,,,,,,,,,,,,,
Employment in agriculturef (% of employed),41.7,42,42.5e,Employment in industryf (% of employed),22.9,20.9,18.5e,Employment in servicesf (% employed),35.4,37.1,38.9e,Unemploymentf (% of labour force),6.7,6.6,6.5e,Labour force participation ratef (female/male pop. %),54.0 /       67.7,54.9 /       67.8,55.0 /       67.5e,CPI: Consumer Price Index (2010=100),100g,119,130e,Agricultural production index (2014-2016=100),91,101,109b,International trade: exportsf (million current US$),9 964,9 570,3 119e,International trade: importsf (million current US$),5 679,6 010,3 463e,International trade: balancef (million current US$),4 285,3 560,-343e,,,,,,,,,,,,,,,,,,,,,,,,
Employment in industryf (% of employed),22.9,20.9,18.5e,Employment in servicesf (% employed),35.4,37.1,38.9e,Unemploymentf (% of labour force),6.7,6.6,6.5e,Labour force participation ratef (female/male pop. %),54.0 /       67.7,54.9 /       67.8,55.0 /       67.5e,CPI: Consumer Price Index (2010=100),100g,119,130e,Agricultural production index (2014-2016=100),91,101,109b,International trade: exportsf (million current US$),9 964,9 570,3 119e,International trade: importsf (million current US$),5 679,6 010,3 463e,International trade: balancef (million current US$),4 285,3 560,-343e,,,,,,,,,,,,,,,,,,,,,,,,,,,,
Employment in servicesf (% employed),35.4,37.1,38.9e,Unemploymentf (% of labour force),6.7,6.6,6.5e,Labour force participation ratef (female/male pop. %),54.0 /       67.7,54.9 /       67.8,55.0 /       67.5e,CPI: Consumer Price Index (2010=100),100g,119,130e,Agricultural production index (2014-2016=100),91,101,109b,International trade: exportsf (million current US$),9 964,9 570,3 119e,International trade: importsf (million current US$),5 679,6 010,3 463e,International trade: balancef (million current US$),4 285,3 560,-343e,,,,,,,,,,,,,,,,,,,,,,,,,,,,,,,,
Unemploymentf (% of labour force),6.7,6.6,6.5e,Labour force participation ratef (female/male pop. %),54.0 /       67.7,54.9 /       67.8,55.0 /       67.5e,CPI: Consumer Price Index (2010=100),100g,119,130e,Agricultural production index (2014-2016=100),91,101,109b,International trade: exportsf (million current US$),9 964,9 570,3 119e,International trade: importsf (million current US$),5 679,6 010,3 463e,International trade: balancef (million current US$),4 285,3 560,-343e,,,,,,,,,,,,,,,,,,,,,,,,,,,,,,,,,,,,
Labour force participation ratef (female/male pop. %),54.0 /       67.7,54.9 /       67.8,55.0 /       67.5e,CPI: Consumer Price Index (2010=100),100g,119,130e,Agricultural production index (2014-2016=100),91,101,109b,International trade: exportsf (million current US$),9 964,9 570,3 119e,International trade: importsf (million current US$),5 679,6 010,3 463e,International trade: balancef (million current US$),4 285,3 560,-343e,,,,,,,,,,,,,,,,,,,,,,,,,,,,,,,,,,,,,,,,
CPI: Consumer Price Index (2010=100),100g,119,130e,Agricultural production index (2014-2016=100),91,101,109b,International trade: exportsf (million current US$),9 964,9 570,3 119e,International trade: importsf (million current US$),5 679,6 010,3 463e,International trade: balancef (million current US$),4 285,3 560,-343e,,,,,,,,,,,,,,,,,,,,,,,,,,,,,,,,,,,,,,,,,,,,
Agricultural production index (2014-2016=100),91,101,109b,International trade: exportsf (million current US$),9 964,9 570,3 119e,International trade: importsf (million current US$),5 679,6 010,3 463e,International trade: balancef (million current US$),4 285,3 560,-343e,,,,,,,,,,,,,,,,,,,,,,,,,,,,,,,,,,,,,,,,,,,,,,,,
International trade: exportsf (million current US$),9 964,9 570,3 119e,International trade: importsf (million current US$),5 679,6 010,3 463e,International trade: balancef (million current US$),4 285,3 560,-343e,,,,,,,,,,,,,,,,,,,,,,,,,,,,,,,,,,,,,,,,,,,,,,,,,,,,
International trade: importsf (million current US$),5 679,6 010,3 463e,International trade: balancef (million current US$),4 285,3 560,-343e,,,,,,,,,,,,,,,,,,,,,,,,,,,,,,,,,,,,,,,,,,,,,,,,,,,,,,,,
International trade: balancef (million current US$),4 285,3 560,-343e,,,,,,,,,,,,,,,,,,,,,,,,,,,,,,,,,,,,,,,,,,,,,,,,,,,,,,,,,,,,
