0,1,2,3,4,5,6,7,8,9,10,11,12,13,14,15,16,17,18,19,20,21,22,23,24,25,26,27,28,29,30,31
,2010,2015,2021,,,,,,,,,,,,,,,,,,,,,,,,,,,,
Individuals using the Internet (per 100 inhabitants),6,21.3f,"26.2f,j",Threatened species (number),130,155,234,Forested area (% of land area),90.3,88.8,87.9d,CO2 emission estimates (million tons/tons per capita),7.9 /        8.3,5.7 /        4.9,6.0 /        4.5d,"Energy production, primaryf (Petajoules)",884,820,647d,Energy supply per capita (Gigajoules),82,93,76d,Important sites for terrestrial biodiversity protected (%),100,100,100e,Net Official Development Assist. received (% of GNI),0.89,0.08,0.75b
Threatened species (number),130,155,234,Forested area (% of land area),90.3,88.8,87.9d,CO2 emission estimates (million tons/tons per capita),7.9 /        8.3,5.7 /        4.9,6.0 /        4.5d,"Energy production, primaryf (Petajoules)",884,820,647d,Energy supply per capita (Gigajoules),82,93,76d,Important sites for terrestrial biodiversity protected (%),100,100,100e,Net Official Development Assist. received (% of GNI),0.89,0.08,0.75b,,,,
Forested area (% of land area),90.3,88.8,87.9d,CO2 emission estimates (million tons/tons per capita),7.9 /        8.3,5.7 /        4.9,6.0 /        4.5d,"Energy production, primaryf (Petajoules)",884,820,647d,Energy supply per capita (Gigajoules),82,93,76d,Important sites for terrestrial biodiversity protected (%),100,100,100e,Net Official Development Assist. received (% of GNI),0.89,0.08,0.75b,,,,,,,,
CO2 emission estimates (million tons/tons per capita),7.9 /        8.3,5.7 /        4.9,6.0 /        4.5d,"Energy production, primaryf (Petajoules)",884,820,647d,Energy supply per capita (Gigajoules),82,93,76d,Important sites for terrestrial biodiversity protected (%),100,100,100e,Net Official Development Assist. received (% of GNI),0.89,0.08,0.75b,,,,,,,,,,,,
"Energy production, primaryf (Petajoules)",884,820,647d,Energy supply per capita (Gigajoules),82,93,76d,Important sites for terrestrial biodiversity protected (%),100,100,100e,Net Official Development Assist. received (% of GNI),0.89,0.08,0.75b,,,,,,,,,,,,,,,,
Energy supply per capita (Gigajoules),82,93,76d,Important sites for terrestrial biodiversity protected (%),100,100,100e,Net Official Development Assist. received (% of GNI),0.89,0.08,0.75b,,,,,,,,,,,,,,,,,,,,
Important sites for terrestrial biodiversity protected (%),100,100,100e,Net Official Development Assist. received (% of GNI),0.89,0.08,0.75b,,,,,,,,,,,,,,,,,,,,,,,,
Net Official Development Assist. received (% of GNI),0.89,0.08,0.75b,,,,,,,,,,,,,,,,,,,,,,,,,,,,
