0,1,2,3,4,5,6,7,8,9,10,11,12,13,14,15,16,17,18,19,20,21,22,23,24,25,26,27,28,29,30,31,32,33,34,35,36,37,38,39,40,41,42,43,44,45,46,47,48,49,50,51,52,53,54,55
,2010,2015,2021,,,,,,,,,,,,,,,,,,,,,,,,,,,,,,,,,,,,,,,,,,,,,,,,,,,,
Population growth rateh (average annual %),4.6,4.3,3.7e,Urban population (% of total population),65.9,70.6,72.6b,Urban population growth rateh (average annual %),7.2,5.6,...,"Fertility rate, totalh (live births per woman)",5.4,5,4.6e,"Life expectancy at birthh (females/males, years)",56.0 /       53.8,57.8 /       55.4,59.4 /       57.3e,"Population age distribution (0-14/60+ years old, %)",38.5 /        4.4,37.5 /        4.1,36.8 /        3.7a,International migrant stocki (000/% of total pop.),8.7 /        0.9,209.6 /       17.9,230.6 /       16.4e,Infant mortality rateh (per 1 000 live births),84.6,73.8,66.1e,Health: Current expendituref (% of GDP),1.8,2.9,3d,Health: Physicians (per 1 000 pop.),...,...,0.4j,Education: Primary gross enrol. ratio (f/m per 100 pop.),68.9 /       69.8,61.6 /       62.0,... / ...,Education: Secondary gross enrol. ratio (f/m per 100 pop.),22.1 /       29.9k,... / ...,... / ...,Education: Upper secondary gross enrol. ratio (f/m per 100 pop.),5.6 /       13.3k,... / ...,... / ...,Seats held by women in national parliaments (%),10,24,23l
Urban population (% of total population),65.9,70.6,72.6b,Urban population growth rateh (average annual %),7.2,5.6,...,"Fertility rate, totalh (live births per woman)",5.4,5,4.6e,"Life expectancy at birthh (females/males, years)",56.0 /       53.8,57.8 /       55.4,59.4 /       57.3e,"Population age distribution (0-14/60+ years old, %)",38.5 /        4.4,37.5 /        4.1,36.8 /        3.7a,International migrant stocki (000/% of total pop.),8.7 /        0.9,209.6 /       17.9,230.6 /       16.4e,Infant mortality rateh (per 1 000 live births),84.6,73.8,66.1e,Health: Current expendituref (% of GDP),1.8,2.9,3d,Health: Physicians (per 1 000 pop.),...,...,0.4j,Education: Primary gross enrol. ratio (f/m per 100 pop.),68.9 /       69.8,61.6 /       62.0,... / ...,Education: Secondary gross enrol. ratio (f/m per 100 pop.),22.1 /       29.9k,... / ...,... / ...,Education: Upper secondary gross enrol. ratio (f/m per 100 pop.),5.6 /       13.3k,... / ...,... / ...,Seats held by women in national parliaments (%),10,24,23l,,,,
Urban population growth rateh (average annual %),7.2,5.6,...,"Fertility rate, totalh (live births per woman)",5.4,5,4.6e,"Life expectancy at birthh (females/males, years)",56.0 /       53.8,57.8 /       55.4,59.4 /       57.3e,"Population age distribution (0-14/60+ years old, %)",38.5 /        4.4,37.5 /        4.1,36.8 /        3.7a,International migrant stocki (000/% of total pop.),8.7 /        0.9,209.6 /       17.9,230.6 /       16.4e,Infant mortality rateh (per 1 000 live births),84.6,73.8,66.1e,Health: Current expendituref (% of GDP),1.8,2.9,3d,Health: Physicians (per 1 000 pop.),...,...,0.4j,Education: Primary gross enrol. ratio (f/m per 100 pop.),68.9 /       69.8,61.6 /       62.0,... / ...,Education: Secondary gross enrol. ratio (f/m per 100 pop.),22.1 /       29.9k,... / ...,... / ...,Education: Upper secondary gross enrol. ratio (f/m per 100 pop.),5.6 /       13.3k,... / ...,... / ...,Seats held by women in national parliaments (%),10,24,23l,,,,,,,,
"Fertility rate, totalh (live births per woman)",5.4,5,4.6e,"Life expectancy at birthh (females/males, years)",56.0 /       53.8,57.8 /       55.4,59.4 /       57.3e,"Population age distribution (0-14/60+ years old, %)",38.5 /        4.4,37.5 /        4.1,36.8 /        3.7a,International migrant stocki (000/% of total pop.),8.7 /        0.9,209.6 /       17.9,230.6 /       16.4e,Infant mortality rateh (per 1 000 live births),84.6,73.8,66.1e,Health: Current expendituref (% of GDP),1.8,2.9,3d,Health: Physicians (per 1 000 pop.),...,...,0.4j,Education: Primary gross enrol. ratio (f/m per 100 pop.),68.9 /       69.8,61.6 /       62.0,... / ...,Education: Secondary gross enrol. ratio (f/m per 100 pop.),22.1 /       29.9k,... / ...,... / ...,Education: Upper secondary gross enrol. ratio (f/m per 100 pop.),5.6 /       13.3k,... / ...,... / ...,Seats held by women in national parliaments (%),10,24,23l,,,,,,,,,,,,
"Life expectancy at birthh (females/males, years)",56.0 /       53.8,57.8 /       55.4,59.4 /       57.3e,"Population age distribution (0-14/60+ years old, %)",38.5 /        4.4,37.5 /        4.1,36.8 /        3.7a,International migrant stocki (000/% of total pop.),8.7 /        0.9,209.6 /       17.9,230.6 /       16.4e,Infant mortality rateh (per 1 000 live births),84.6,73.8,66.1e,Health: Current expendituref (% of GDP),1.8,2.9,3d,Health: Physicians (per 1 000 pop.),...,...,0.4j,Education: Primary gross enrol. ratio (f/m per 100 pop.),68.9 /       69.8,61.6 /       62.0,... / ...,Education: Secondary gross enrol. ratio (f/m per 100 pop.),22.1 /       29.9k,... / ...,... / ...,Education: Upper secondary gross enrol. ratio (f/m per 100 pop.),5.6 /       13.3k,... / ...,... / ...,Seats held by women in national parliaments (%),10,24,23l,,,,,,,,,,,,,,,,
"Population age distribution (0-14/60+ years old, %)",38.5 /        4.4,37.5 /        4.1,36.8 /        3.7a,International migrant stocki (000/% of total pop.),8.7 /        0.9,209.6 /       17.9,230.6 /       16.4e,Infant mortality rateh (per 1 000 live births),84.6,73.8,66.1e,Health: Current expendituref (% of GDP),1.8,2.9,3d,Health: Physicians (per 1 000 pop.),...,...,0.4j,Education: Primary gross enrol. ratio (f/m per 100 pop.),68.9 /       69.8,61.6 /       62.0,... / ...,Education: Secondary gross enrol. ratio (f/m per 100 pop.),22.1 /       29.9k,... / ...,... / ...,Education: Upper secondary gross enrol. ratio (f/m per 100 pop.),5.6 /       13.3k,... / ...,... / ...,Seats held by women in national parliaments (%),10,24,23l,,,,,,,,,,,,,,,,,,,,
International migrant stocki (000/% of total pop.),8.7 /        0.9,209.6 /       17.9,230.6 /       16.4e,Infant mortality rateh (per 1 000 live births),84.6,73.8,66.1e,Health: Current expendituref (% of GDP),1.8,2.9,3d,Health: Physicians (per 1 000 pop.),...,...,0.4j,Education: Primary gross enrol. ratio (f/m per 100 pop.),68.9 /       69.8,61.6 /       62.0,... / ...,Education: Secondary gross enrol. ratio (f/m per 100 pop.),22.1 /       29.9k,... / ...,... / ...,Education: Upper secondary gross enrol. ratio (f/m per 100 pop.),5.6 /       13.3k,... / ...,... / ...,Seats held by women in national parliaments (%),10,24,23l,,,,,,,,,,,,,,,,,,,,,,,,
Infant mortality rateh (per 1 000 live births),84.6,73.8,66.1e,Health: Current expendituref (% of GDP),1.8,2.9,3d,Health: Physicians (per 1 000 pop.),...,...,0.4j,Education: Primary gross enrol. ratio (f/m per 100 pop.),68.9 /       69.8,61.6 /       62.0,... / ...,Education: Secondary gross enrol. ratio (f/m per 100 pop.),22.1 /       29.9k,... / ...,... / ...,Education: Upper secondary gross enrol. ratio (f/m per 100 pop.),5.6 /       13.3k,... / ...,... / ...,Seats held by women in national parliaments (%),10,24,23l,,,,,,,,,,,,,,,,,,,,,,,,,,,,
Health: Current expendituref (% of GDP),1.8,2.9,3d,Health: Physicians (per 1 000 pop.),...,...,0.4j,Education: Primary gross enrol. ratio (f/m per 100 pop.),68.9 /       69.8,61.6 /       62.0,... / ...,Education: Secondary gross enrol. ratio (f/m per 100 pop.),22.1 /       29.9k,... / ...,... / ...,Education: Upper secondary gross enrol. ratio (f/m per 100 pop.),5.6 /       13.3k,... / ...,... / ...,Seats held by women in national parliaments (%),10,24,23l,,,,,,,,,,,,,,,,,,,,,,,,,,,,,,,,
Health: Physicians (per 1 000 pop.),...,...,0.4j,Education: Primary gross enrol. ratio (f/m per 100 pop.),68.9 /       69.8,61.6 /       62.0,... / ...,Education: Secondary gross enrol. ratio (f/m per 100 pop.),22.1 /       29.9k,... / ...,... / ...,Education: Upper secondary gross enrol. ratio (f/m per 100 pop.),5.6 /       13.3k,... / ...,... / ...,Seats held by women in national parliaments (%),10,24,23l,,,,,,,,,,,,,,,,,,,,,,,,,,,,,,,,,,,,
Education: Primary gross enrol. ratio (f/m per 100 pop.),68.9 /       69.8,61.6 /       62.0,... / ...,Education: Secondary gross enrol. ratio (f/m per 100 pop.),22.1 /       29.9k,... / ...,... / ...,Education: Upper secondary gross enrol. ratio (f/m per 100 pop.),5.6 /       13.3k,... / ...,... / ...,Seats held by women in national parliaments (%),10,24,23l,,,,,,,,,,,,,,,,,,,,,,,,,,,,,,,,,,,,,,,,
Education: Secondary gross enrol. ratio (f/m per 100 pop.),22.1 /       29.9k,... / ...,... / ...,Education: Upper secondary gross enrol. ratio (f/m per 100 pop.),5.6 /       13.3k,... / ...,... / ...,Seats held by women in national parliaments (%),10,24,23l,,,,,,,,,,,,,,,,,,,,,,,,,,,,,,,,,,,,,,,,,,,,
Education: Upper secondary gross enrol. ratio (f/m per 100 pop.),5.6 /       13.3k,... / ...,... / ...,Seats held by women in national parliaments (%),10,24,23l,,,,,,,,,,,,,,,,,,,,,,,,,,,,,,,,,,,,,,,,,,,,,,,,
Seats held by women in national parliaments (%),10,24,23l,,,,,,,,,,,,,,,,,,,,,,,,,,,,,,,,,,,,,,,,,,,,,,,,,,,,
