0,1,2,3,4,5,6,7,8,9,10,11,12,13,14,15,16,17,18,19,20,21,22,23,24,25,26,27,28,29,30,31
,2010,2015,2021,,,,,,,,,,,,,,,,,,,,,,,,,,,,
Individuals using the Internet (per 100 inhabitants),28.2n,41.6e,"47.1e,l",Threatened species (number),92,117,174,Forested areae (% of land area),61,58.4,57c,"Energy production, primary (Petajoules)",14e,9,8c,Energy supply per capita (Gigajoules),40,44,42c,Tourist/visitor arrivals at national borders (000),242,341,489c,Important sites for terrestrial biodiversity protected (%),41.1,43.3,43.3d,Net Official Development Assist. received (% of GNI),1.95,1.74,2.08b
Threatened species (number),92,117,174,Forested areae (% of land area),61,58.4,57c,"Energy production, primary (Petajoules)",14e,9,8c,Energy supply per capita (Gigajoules),40,44,42c,Tourist/visitor arrivals at national borders (000),242,341,489c,Important sites for terrestrial biodiversity protected (%),41.1,43.3,43.3d,Net Official Development Assist. received (% of GNI),1.95,1.74,2.08b,,,,
Forested areae (% of land area),61,58.4,57c,"Energy production, primary (Petajoules)",14e,9,8c,Energy supply per capita (Gigajoules),40,44,42c,Tourist/visitor arrivals at national borders (000),242,341,489c,Important sites for terrestrial biodiversity protected (%),41.1,43.3,43.3d,Net Official Development Assist. received (% of GNI),1.95,1.74,2.08b,,,,,,,,
"Energy production, primary (Petajoules)",14e,9,8c,Energy supply per capita (Gigajoules),40,44,42c,Tourist/visitor arrivals at national borders (000),242,341,489c,Important sites for terrestrial biodiversity protected (%),41.1,43.3,43.3d,Net Official Development Assist. received (% of GNI),1.95,1.74,2.08b,,,,,,,,,,,,
Energy supply per capita (Gigajoules),40,44,42c,Tourist/visitor arrivals at national borders (000),242,341,489c,Important sites for terrestrial biodiversity protected (%),41.1,43.3,43.3d,Net Official Development Assist. received (% of GNI),1.95,1.74,2.08b,,,,,,,,,,,,,,,,
Tourist/visitor arrivals at national borders (000),242,341,489c,Important sites for terrestrial biodiversity protected (%),41.1,43.3,43.3d,Net Official Development Assist. received (% of GNI),1.95,1.74,2.08b,,,,,,,,,,,,,,,,,,,,
Important sites for terrestrial biodiversity protected (%),41.1,43.3,43.3d,Net Official Development Assist. received (% of GNI),1.95,1.74,2.08b,,,,,,,,,,,,,,,,,,,,,,,,
Net Official Development Assist. received (% of GNI),1.95,1.74,2.08b,,,,,,,,,,,,,,,,,,,,,,,,,,,,
