0,1,2,3,4,5,6,7,8,9,10,11,12,13,14,15,16,17,18,19,20,21,22,23,24,25,26,27,28,29,30,31
,2010,2015,2021,,,,,,,,,,,,,,,,,,,,,,,,,,,,
GDP: Gross domestic product (million current US$),5 621,6 269,6 798b,"GDP growth rate (annual %, const. 2015 prices)",7.4,~0.0,0.6b,GDP per capita (current US$),156 166.5,167 294.2,178 799.4b,Economy: Agriculturee (% of Gross Value Added),0.1,0.1,0.1b,"Economy: Industryf,g (% of Gross Value Added)",44.6,43.1,44b,Economy: Services and other activityh (% of GVA),55.3,56.8,55.9b,Unemploymenti (% of labour force),2.6,2.6j,...,Labour force participation rate (female/male pop. %),52.6 /       70.9,53.5 /       70.6j,... / ...
"GDP growth rate (annual %, const. 2015 prices)",7.4,~0.0,0.6b,GDP per capita (current US$),156 166.5,167 294.2,178 799.4b,Economy: Agriculturee (% of Gross Value Added),0.1,0.1,0.1b,"Economy: Industryf,g (% of Gross Value Added)",44.6,43.1,44b,Economy: Services and other activityh (% of GVA),55.3,56.8,55.9b,Unemploymenti (% of labour force),2.6,2.6j,...,Labour force participation rate (female/male pop. %),52.6 /       70.9,53.5 /       70.6j,... / ...,,,,
GDP per capita (current US$),156 166.5,167 294.2,178 799.4b,Economy: Agriculturee (% of Gross Value Added),0.1,0.1,0.1b,"Economy: Industryf,g (% of Gross Value Added)",44.6,43.1,44b,Economy: Services and other activityh (% of GVA),55.3,56.8,55.9b,Unemploymenti (% of labour force),2.6,2.6j,...,Labour force participation rate (female/male pop. %),52.6 /       70.9,53.5 /       70.6j,... / ...,,,,,,,,
Economy: Agriculturee (% of Gross Value Added),0.1,0.1,0.1b,"Economy: Industryf,g (% of Gross Value Added)",44.6,43.1,44b,Economy: Services and other activityh (% of GVA),55.3,56.8,55.9b,Unemploymenti (% of labour force),2.6,2.6j,...,Labour force participation rate (female/male pop. %),52.6 /       70.9,53.5 /       70.6j,... / ...,,,,,,,,,,,,
"Economy: Industryf,g (% of Gross Value Added)",44.6,43.1,44b,Economy: Services and other activityh (% of GVA),55.3,56.8,55.9b,Unemploymenti (% of labour force),2.6,2.6j,...,Labour force participation rate (female/male pop. %),52.6 /       70.9,53.5 /       70.6j,... / ...,,,,,,,,,,,,,,,,
Economy: Services and other activityh (% of GVA),55.3,56.8,55.9b,Unemploymenti (% of labour force),2.6,2.6j,...,Labour force participation rate (female/male pop. %),52.6 /       70.9,53.5 /       70.6j,... / ...,,,,,,,,,,,,,,,,,,,,
Unemploymenti (% of labour force),2.6,2.6j,...,Labour force participation rate (female/male pop. %),52.6 /       70.9,53.5 /       70.6j,... / ...,,,,,,,,,,,,,,,,,,,,,,,,
Labour force participation rate (female/male pop. %),52.6 /       70.9,53.5 /       70.6j,... / ...,,,,,,,,,,,,,,,,,,,,,,,,,,,,
