0,1,2,3,4,5,6,7,8,9,10,11,12,13,14,15,16,17,18,19,20,21,22,23,24,25,26,27,28,29,30,31
,2010,2015,2021,,,,,,,,,,,,,,,,,,,,,,,,,,,,
Individuals using the Interneto (per 100 inhabitants),80,96.6,99.5q,Threatened species (number),2,4,12,Forested area (% of land area),41.9,41.9,41.9c,"Energy production, primaryo (Petajoules)",1,1,1c,Energy supply per capita (Gigajoules),92,88,90c,Tourist/visitor arrivals at national bordersr (000),64,57,98b,Important sites for terrestrial biodiversity protected (%),80.8,80.8,80.8d,Net Official Development Assist. disbursed (% of GNI),0.62,0.47,0.36q
Threatened species (number),2,4,12,Forested area (% of land area),41.9,41.9,41.9c,"Energy production, primaryo (Petajoules)",1,1,1c,Energy supply per capita (Gigajoules),92,88,90c,Tourist/visitor arrivals at national bordersr (000),64,57,98b,Important sites for terrestrial biodiversity protected (%),80.8,80.8,80.8d,Net Official Development Assist. disbursed (% of GNI),0.62,0.47,0.36q,,,,
Forested area (% of land area),41.9,41.9,41.9c,"Energy production, primaryo (Petajoules)",1,1,1c,Energy supply per capita (Gigajoules),92,88,90c,Tourist/visitor arrivals at national bordersr (000),64,57,98b,Important sites for terrestrial biodiversity protected (%),80.8,80.8,80.8d,Net Official Development Assist. disbursed (% of GNI),0.62,0.47,0.36q,,,,,,,,
"Energy production, primaryo (Petajoules)",1,1,1c,Energy supply per capita (Gigajoules),92,88,90c,Tourist/visitor arrivals at national bordersr (000),64,57,98b,Important sites for terrestrial biodiversity protected (%),80.8,80.8,80.8d,Net Official Development Assist. disbursed (% of GNI),0.62,0.47,0.36q,,,,,,,,,,,,
Energy supply per capita (Gigajoules),92,88,90c,Tourist/visitor arrivals at national bordersr (000),64,57,98b,Important sites for terrestrial biodiversity protected (%),80.8,80.8,80.8d,Net Official Development Assist. disbursed (% of GNI),0.62,0.47,0.36q,,,,,,,,,,,,,,,,
Tourist/visitor arrivals at national bordersr (000),64,57,98b,Important sites for terrestrial biodiversity protected (%),80.8,80.8,80.8d,Net Official Development Assist. disbursed (% of GNI),0.62,0.47,0.36q,,,,,,,,,,,,,,,,,,,,
Important sites for terrestrial biodiversity protected (%),80.8,80.8,80.8d,Net Official Development Assist. disbursed (% of GNI),0.62,0.47,0.36q,,,,,,,,,,,,,,,,,,,,,,,,
Net Official Development Assist. disbursed (% of GNI),0.62,0.47,0.36q,,,,,,,,,,,,,,,,,,,,,,,,,,,,
