0,1,2,3,4,5,6,7,8,9,10,11,12,13,14,15,16,17,18,19,20,21,22,23,24,25,26,27,28,29,30,31,32,33,34,35,36,37,38,39,40,41,42,43
,2010,2015,2021,,,,,,,,,,,,,,,,,,,,,,,,,,,,,,,,,,,,,,,,
Population growth ratek (average annual %),0.7,0.8,0.4d,Urban population (% of total population),14.5,14.3,14.4b,Urban population growth ratek (average annual %),0.3,0.5,...,International migrant stock (000/% of total pop.),22.3 /       62.1,23.8 /       63.5,25.9 /       67.9d,Refugees and others of concern to UNHCR (000),0.1l,0.2,0.2d,Education: Government expenditure (% of GDP),2m,2.6n,...,Education: Primary gross enrol. ratioo (f/m per 100 pop.),102.3 /      108.6,104.8 /      106.5,106.8 /      105.9c,Education: Secondary gross enrol. ratioo (f/m per 100 pop.),100.0 /      117.6,101.7 /      130.7,101.6 /      122.3c,Education: Upper secondary gross enrol. ratioo (f/m per 100 pop.),96.2 /      137.6,110.9 /      167.5,110.4 /      144.7c,Intentional homicide rate (per 100 000 pop.),2.8,0,2.6c,Seats held by women in national parliaments (%),24,20,12p
Urban population (% of total population),14.5,14.3,14.4b,Urban population growth ratek (average annual %),0.3,0.5,...,International migrant stock (000/% of total pop.),22.3 /       62.1,23.8 /       63.5,25.9 /       67.9d,Refugees and others of concern to UNHCR (000),0.1l,0.2,0.2d,Education: Government expenditure (% of GDP),2m,2.6n,...,Education: Primary gross enrol. ratioo (f/m per 100 pop.),102.3 /      108.6,104.8 /      106.5,106.8 /      105.9c,Education: Secondary gross enrol. ratioo (f/m per 100 pop.),100.0 /      117.6,101.7 /      130.7,101.6 /      122.3c,Education: Upper secondary gross enrol. ratioo (f/m per 100 pop.),96.2 /      137.6,110.9 /      167.5,110.4 /      144.7c,Intentional homicide rate (per 100 000 pop.),2.8,0,2.6c,Seats held by women in national parliaments (%),24,20,12p,,,,
Urban population growth ratek (average annual %),0.3,0.5,...,International migrant stock (000/% of total pop.),22.3 /       62.1,23.8 /       63.5,25.9 /       67.9d,Refugees and others of concern to UNHCR (000),0.1l,0.2,0.2d,Education: Government expenditure (% of GDP),2m,2.6n,...,Education: Primary gross enrol. ratioo (f/m per 100 pop.),102.3 /      108.6,104.8 /      106.5,106.8 /      105.9c,Education: Secondary gross enrol. ratioo (f/m per 100 pop.),100.0 /      117.6,101.7 /      130.7,101.6 /      122.3c,Education: Upper secondary gross enrol. ratioo (f/m per 100 pop.),96.2 /      137.6,110.9 /      167.5,110.4 /      144.7c,Intentional homicide rate (per 100 000 pop.),2.8,0,2.6c,Seats held by women in national parliaments (%),24,20,12p,,,,,,,,
International migrant stock (000/% of total pop.),22.3 /       62.1,23.8 /       63.5,25.9 /       67.9d,Refugees and others of concern to UNHCR (000),0.1l,0.2,0.2d,Education: Government expenditure (% of GDP),2m,2.6n,...,Education: Primary gross enrol. ratioo (f/m per 100 pop.),102.3 /      108.6,104.8 /      106.5,106.8 /      105.9c,Education: Secondary gross enrol. ratioo (f/m per 100 pop.),100.0 /      117.6,101.7 /      130.7,101.6 /      122.3c,Education: Upper secondary gross enrol. ratioo (f/m per 100 pop.),96.2 /      137.6,110.9 /      167.5,110.4 /      144.7c,Intentional homicide rate (per 100 000 pop.),2.8,0,2.6c,Seats held by women in national parliaments (%),24,20,12p,,,,,,,,,,,,
Refugees and others of concern to UNHCR (000),0.1l,0.2,0.2d,Education: Government expenditure (% of GDP),2m,2.6n,...,Education: Primary gross enrol. ratioo (f/m per 100 pop.),102.3 /      108.6,104.8 /      106.5,106.8 /      105.9c,Education: Secondary gross enrol. ratioo (f/m per 100 pop.),100.0 /      117.6,101.7 /      130.7,101.6 /      122.3c,Education: Upper secondary gross enrol. ratioo (f/m per 100 pop.),96.2 /      137.6,110.9 /      167.5,110.4 /      144.7c,Intentional homicide rate (per 100 000 pop.),2.8,0,2.6c,Seats held by women in national parliaments (%),24,20,12p,,,,,,,,,,,,,,,,
Education: Government expenditure (% of GDP),2m,2.6n,...,Education: Primary gross enrol. ratioo (f/m per 100 pop.),102.3 /      108.6,104.8 /      106.5,106.8 /      105.9c,Education: Secondary gross enrol. ratioo (f/m per 100 pop.),100.0 /      117.6,101.7 /      130.7,101.6 /      122.3c,Education: Upper secondary gross enrol. ratioo (f/m per 100 pop.),96.2 /      137.6,110.9 /      167.5,110.4 /      144.7c,Intentional homicide rate (per 100 000 pop.),2.8,0,2.6c,Seats held by women in national parliaments (%),24,20,12p,,,,,,,,,,,,,,,,,,,,
Education: Primary gross enrol. ratioo (f/m per 100 pop.),102.3 /      108.6,104.8 /      106.5,106.8 /      105.9c,Education: Secondary gross enrol. ratioo (f/m per 100 pop.),100.0 /      117.6,101.7 /      130.7,101.6 /      122.3c,Education: Upper secondary gross enrol. ratioo (f/m per 100 pop.),96.2 /      137.6,110.9 /      167.5,110.4 /      144.7c,Intentional homicide rate (per 100 000 pop.),2.8,0,2.6c,Seats held by women in national parliaments (%),24,20,12p,,,,,,,,,,,,,,,,,,,,,,,,
Education: Secondary gross enrol. ratioo (f/m per 100 pop.),100.0 /      117.6,101.7 /      130.7,101.6 /      122.3c,Education: Upper secondary gross enrol. ratioo (f/m per 100 pop.),96.2 /      137.6,110.9 /      167.5,110.4 /      144.7c,Intentional homicide rate (per 100 000 pop.),2.8,0,2.6c,Seats held by women in national parliaments (%),24,20,12p,,,,,,,,,,,,,,,,,,,,,,,,,,,,
Education: Upper secondary gross enrol. ratioo (f/m per 100 pop.),96.2 /      137.6,110.9 /      167.5,110.4 /      144.7c,Intentional homicide rate (per 100 000 pop.),2.8,0,2.6c,Seats held by women in national parliaments (%),24,20,12p,,,,,,,,,,,,,,,,,,,,,,,,,,,,,,,,
Intentional homicide rate (per 100 000 pop.),2.8,0,2.6c,Seats held by women in national parliaments (%),24,20,12p,,,,,,,,,,,,,,,,,,,,,,,,,,,,,,,,,,,,
Seats held by women in national parliaments (%),24,20,12p,,,,,,,,,,,,,,,,,,,,,,,,,,,,,,,,,,,,,,,,
