0,1,2,3,4,5,6,7,8,9,10,11,12,13,14,15,16,17,18,19,20,21,22,23,24,25,26,27,28,29,30,31,32,33,34,35,36,37,38,39,40,41,42,43,44,45,46,47,48,49,50,51,52,53,54,55,56,57,58,59,60,61,62,63,64,65,66,67
,2010,2015,2021,,,,,,,,,,,,,,,,,,,,,,,,,,,,,,,,,,,,,,,,,,,,,,,,,,,,,,,,,,,,,,,,
GDP: Gross domestic product (million current US$),1 664,1 596,1 982b,"GDP growth rate (annual %, const. 2015 prices)",1.5,1,5.7b,GDP per capita (current US$),3 378.3,3 041.8,3 603.8b,Economy: Agriculturee (% of Gross Value Added),9.2,10,5.4b,"Economy: Industryf,g (% of Gross Value Added)",20.8,20.7,22.9b,Economy: Services and other activityh (% of GVA),70.1,69.3,71.7b,Employment in agriculturei (% of employed),16.2,14.6,11.1d,Employment in industryi (% of employed),22.2,21.6,22.1d,Employment in servicesi (% employed),61.5,63.8,66.8d,Unemploymenti (% of labour force),10.7,11.9,12.3d,Labour force participation ratei (female/male pop. %),47.0 /       70.2,51.2 /       68.7,53.6 /       67.6d,CPI: Consumer Price Indexj (2010=100),100,109,111d,Agricultural production index (2014-2016=100),113,101,80b,International trade: exports (million current US$),220,67,"53i,d",International trade: imports (million current US$),731,603,"727i,d",International trade: balance (million current US$),-511,-537,"-674i,d","Balance of payments, current account (million US$)",-223,-51,-274d
"GDP growth rate (annual %, const. 2015 prices)",1.5,1,5.7b,GDP per capita (current US$),3 378.3,3 041.8,3 603.8b,Economy: Agriculturee (% of Gross Value Added),9.2,10,5.4b,"Economy: Industryf,g (% of Gross Value Added)",20.8,20.7,22.9b,Economy: Services and other activityh (% of GVA),70.1,69.3,71.7b,Employment in agriculturei (% of employed),16.2,14.6,11.1d,Employment in industryi (% of employed),22.2,21.6,22.1d,Employment in servicesi (% employed),61.5,63.8,66.8d,Unemploymenti (% of labour force),10.7,11.9,12.3d,Labour force participation ratei (female/male pop. %),47.0 /       70.2,51.2 /       68.7,53.6 /       67.6d,CPI: Consumer Price Indexj (2010=100),100,109,111d,Agricultural production index (2014-2016=100),113,101,80b,International trade: exports (million current US$),220,67,"53i,d",International trade: imports (million current US$),731,603,"727i,d",International trade: balance (million current US$),-511,-537,"-674i,d","Balance of payments, current account (million US$)",-223,-51,-274d,,,,
GDP per capita (current US$),3 378.3,3 041.8,3 603.8b,Economy: Agriculturee (% of Gross Value Added),9.2,10,5.4b,"Economy: Industryf,g (% of Gross Value Added)",20.8,20.7,22.9b,Economy: Services and other activityh (% of GVA),70.1,69.3,71.7b,Employment in agriculturei (% of employed),16.2,14.6,11.1d,Employment in industryi (% of employed),22.2,21.6,22.1d,Employment in servicesi (% employed),61.5,63.8,66.8d,Unemploymenti (% of labour force),10.7,11.9,12.3d,Labour force participation ratei (female/male pop. %),47.0 /       70.2,51.2 /       68.7,53.6 /       67.6d,CPI: Consumer Price Indexj (2010=100),100,109,111d,Agricultural production index (2014-2016=100),113,101,80b,International trade: exports (million current US$),220,67,"53i,d",International trade: imports (million current US$),731,603,"727i,d",International trade: balance (million current US$),-511,-537,"-674i,d","Balance of payments, current account (million US$)",-223,-51,-274d,,,,,,,,
Economy: Agriculturee (% of Gross Value Added),9.2,10,5.4b,"Economy: Industryf,g (% of Gross Value Added)",20.8,20.7,22.9b,Economy: Services and other activityh (% of GVA),70.1,69.3,71.7b,Employment in agriculturei (% of employed),16.2,14.6,11.1d,Employment in industryi (% of employed),22.2,21.6,22.1d,Employment in servicesi (% employed),61.5,63.8,66.8d,Unemploymenti (% of labour force),10.7,11.9,12.3d,Labour force participation ratei (female/male pop. %),47.0 /       70.2,51.2 /       68.7,53.6 /       67.6d,CPI: Consumer Price Indexj (2010=100),100,109,111d,Agricultural production index (2014-2016=100),113,101,80b,International trade: exports (million current US$),220,67,"53i,d",International trade: imports (million current US$),731,603,"727i,d",International trade: balance (million current US$),-511,-537,"-674i,d","Balance of payments, current account (million US$)",-223,-51,-274d,,,,,,,,,,,,
"Economy: Industryf,g (% of Gross Value Added)",20.8,20.7,22.9b,Economy: Services and other activityh (% of GVA),70.1,69.3,71.7b,Employment in agriculturei (% of employed),16.2,14.6,11.1d,Employment in industryi (% of employed),22.2,21.6,22.1d,Employment in servicesi (% employed),61.5,63.8,66.8d,Unemploymenti (% of labour force),10.7,11.9,12.3d,Labour force participation ratei (female/male pop. %),47.0 /       70.2,51.2 /       68.7,53.6 /       67.6d,CPI: Consumer Price Indexj (2010=100),100,109,111d,Agricultural production index (2014-2016=100),113,101,80b,International trade: exports (million current US$),220,67,"53i,d",International trade: imports (million current US$),731,603,"727i,d",International trade: balance (million current US$),-511,-537,"-674i,d","Balance of payments, current account (million US$)",-223,-51,-274d,,,,,,,,,,,,,,,,
Economy: Services and other activityh (% of GVA),70.1,69.3,71.7b,Employment in agriculturei (% of employed),16.2,14.6,11.1d,Employment in industryi (% of employed),22.2,21.6,22.1d,Employment in servicesi (% employed),61.5,63.8,66.8d,Unemploymenti (% of labour force),10.7,11.9,12.3d,Labour force participation ratei (female/male pop. %),47.0 /       70.2,51.2 /       68.7,53.6 /       67.6d,CPI: Consumer Price Indexj (2010=100),100,109,111d,Agricultural production index (2014-2016=100),113,101,80b,International trade: exports (million current US$),220,67,"53i,d",International trade: imports (million current US$),731,603,"727i,d",International trade: balance (million current US$),-511,-537,"-674i,d","Balance of payments, current account (million US$)",-223,-51,-274d,,,,,,,,,,,,,,,,,,,,
Employment in agriculturei (% of employed),16.2,14.6,11.1d,Employment in industryi (% of employed),22.2,21.6,22.1d,Employment in servicesi (% employed),61.5,63.8,66.8d,Unemploymenti (% of labour force),10.7,11.9,12.3d,Labour force participation ratei (female/male pop. %),47.0 /       70.2,51.2 /       68.7,53.6 /       67.6d,CPI: Consumer Price Indexj (2010=100),100,109,111d,Agricultural production index (2014-2016=100),113,101,80b,International trade: exports (million current US$),220,67,"53i,d",International trade: imports (million current US$),731,603,"727i,d",International trade: balance (million current US$),-511,-537,"-674i,d","Balance of payments, current account (million US$)",-223,-51,-274d,,,,,,,,,,,,,,,,,,,,,,,,
Employment in industryi (% of employed),22.2,21.6,22.1d,Employment in servicesi (% employed),61.5,63.8,66.8d,Unemploymenti (% of labour force),10.7,11.9,12.3d,Labour force participation ratei (female/male pop. %),47.0 /       70.2,51.2 /       68.7,53.6 /       67.6d,CPI: Consumer Price Indexj (2010=100),100,109,111d,Agricultural production index (2014-2016=100),113,101,80b,International trade: exports (million current US$),220,67,"53i,d",International trade: imports (million current US$),731,603,"727i,d",International trade: balance (million current US$),-511,-537,"-674i,d","Balance of payments, current account (million US$)",-223,-51,-274d,,,,,,,,,,,,,,,,,,,,,,,,,,,,
Employment in servicesi (% employed),61.5,63.8,66.8d,Unemploymenti (% of labour force),10.7,11.9,12.3d,Labour force participation ratei (female/male pop. %),47.0 /       70.2,51.2 /       68.7,53.6 /       67.6d,CPI: Consumer Price Indexj (2010=100),100,109,111d,Agricultural production index (2014-2016=100),113,101,80b,International trade: exports (million current US$),220,67,"53i,d",International trade: imports (million current US$),731,603,"727i,d",International trade: balance (million current US$),-511,-537,"-674i,d","Balance of payments, current account (million US$)",-223,-51,-274d,,,,,,,,,,,,,,,,,,,,,,,,,,,,,,,,
Unemploymenti (% of labour force),10.7,11.9,12.3d,Labour force participation ratei (female/male pop. %),47.0 /       70.2,51.2 /       68.7,53.6 /       67.6d,CPI: Consumer Price Indexj (2010=100),100,109,111d,Agricultural production index (2014-2016=100),113,101,80b,International trade: exports (million current US$),220,67,"53i,d",International trade: imports (million current US$),731,603,"727i,d",International trade: balance (million current US$),-511,-537,"-674i,d","Balance of payments, current account (million US$)",-223,-51,-274d,,,,,,,,,,,,,,,,,,,,,,,,,,,,,,,,,,,,
Labour force participation ratei (female/male pop. %),47.0 /       70.2,51.2 /       68.7,53.6 /       67.6d,CPI: Consumer Price Indexj (2010=100),100,109,111d,Agricultural production index (2014-2016=100),113,101,80b,International trade: exports (million current US$),220,67,"53i,d",International trade: imports (million current US$),731,603,"727i,d",International trade: balance (million current US$),-511,-537,"-674i,d","Balance of payments, current account (million US$)",-223,-51,-274d,,,,,,,,,,,,,,,,,,,,,,,,,,,,,,,,,,,,,,,,
CPI: Consumer Price Indexj (2010=100),100,109,111d,Agricultural production index (2014-2016=100),113,101,80b,International trade: exports (million current US$),220,67,"53i,d",International trade: imports (million current US$),731,603,"727i,d",International trade: balance (million current US$),-511,-537,"-674i,d","Balance of payments, current account (million US$)",-223,-51,-274d,,,,,,,,,,,,,,,,,,,,,,,,,,,,,,,,,,,,,,,,,,,,
Agricultural production index (2014-2016=100),113,101,80b,International trade: exports (million current US$),220,67,"53i,d",International trade: imports (million current US$),731,603,"727i,d",International trade: balance (million current US$),-511,-537,"-674i,d","Balance of payments, current account (million US$)",-223,-51,-274d,,,,,,,,,,,,,,,,,,,,,,,,,,,,,,,,,,,,,,,,,,,,,,,,
International trade: exports (million current US$),220,67,"53i,d",International trade: imports (million current US$),731,603,"727i,d",International trade: balance (million current US$),-511,-537,"-674i,d","Balance of payments, current account (million US$)",-223,-51,-274d,,,,,,,,,,,,,,,,,,,,,,,,,,,,,,,,,,,,,,,,,,,,,,,,,,,,
International trade: imports (million current US$),731,603,"727i,d",International trade: balance (million current US$),-511,-537,"-674i,d","Balance of payments, current account (million US$)",-223,-51,-274d,,,,,,,,,,,,,,,,,,,,,,,,,,,,,,,,,,,,,,,,,,,,,,,,,,,,,,,,
International trade: balance (million current US$),-511,-537,"-674i,d","Balance of payments, current account (million US$)",-223,-51,-274d,,,,,,,,,,,,,,,,,,,,,,,,,,,,,,,,,,,,,,,,,,,,,,,,,,,,,,,,,,,,
"Balance of payments, current account (million US$)",-223,-51,-274d,,,,,,,,,,,,,,,,,,,,,,,,,,,,,,,,,,,,,,,,,,,,,,,,,,,,,,,,,,,,,,,,
