0,1,2,3,4,5,6,7,8,9,10,11,12,13,14,15,16,17,18,19,20,21,22,23,24,25,26,27,28,29,30,31,32,33,34,35,36,37,38,39,40,41,42,43,44,45,46,47,48,49,50,51,52,53,54,55,56,57,58,59,60,61,62,63,64,65,66,67
,2010,2015,2021,,,,,,,,,,,,,,,,,,,,,,,,,,,,,,,,,,,,,,,,,,,,,,,,,,,,,,,,,,,,,,,,
Population growth ratek (average annual %),1.2,1.3,1.2d,Urban population (% of total population),61.8,64.3,66.2b,Urban population growth ratek (average annual %),2.5,2,...,"Fertility rate, totalk (live births per woman)",2.7,2.5,2.3d,"Life expectancy at birthk (females/males, years)",74.2 /       66.7,75.0 /       67.9,75.9 /       69.2d,"Population age distribution (0-14/60+ years old, %)",32.3 /        6.5,29.9 /        6.8,27.7 /        7.9a,International migrant stockl (000/% of total pop.),14.4 /        2.9,14.9 /        2.8,15.8 /        2.8d,Refugees and others of concern to UNHCR (000),"~0.0m,n",0.1,0.1d,Infant mortality ratek (per 1 000 live births),22.9,20.6,16.9d,Health: Current expenditure (% of GDP),4.5,4.8,5.4c,Health: Physicians (per 1 000 pop.),0.6,0.8,...,Education: Government expenditure (% of GDP),5.6,5.3,5.2o,Education: Primary gross enrol. ratio (f/m per 100 pop.),107.0 /      115.2,101.7 /      109.2,100.5 /      107.5c,Education: Secondary gross enrol. ratio (f/m per 100 pop.),94.3 /       79.6,100.0 /       89.6,92.5 /       83.9c,Education: Upper secondary gross enrol. ratio (f/m per 100 pop.),74.8 /       56.5,86.5 /       67.7,79.4 /       62.8c,Intentional homicide rate (per 100 000 pop.),7.9,8.8,6.8c,Seats held by women in national parliaments (%),18.1,20.8,26.4p
Urban population (% of total population),61.8,64.3,66.2b,Urban population growth ratek (average annual %),2.5,2,...,"Fertility rate, totalk (live births per woman)",2.7,2.5,2.3d,"Life expectancy at birthk (females/males, years)",74.2 /       66.7,75.0 /       67.9,75.9 /       69.2d,"Population age distribution (0-14/60+ years old, %)",32.3 /        6.5,29.9 /        6.8,27.7 /        7.9a,International migrant stockl (000/% of total pop.),14.4 /        2.9,14.9 /        2.8,15.8 /        2.8d,Refugees and others of concern to UNHCR (000),"~0.0m,n",0.1,0.1d,Infant mortality ratek (per 1 000 live births),22.9,20.6,16.9d,Health: Current expenditure (% of GDP),4.5,4.8,5.4c,Health: Physicians (per 1 000 pop.),0.6,0.8,...,Education: Government expenditure (% of GDP),5.6,5.3,5.2o,Education: Primary gross enrol. ratio (f/m per 100 pop.),107.0 /      115.2,101.7 /      109.2,100.5 /      107.5c,Education: Secondary gross enrol. ratio (f/m per 100 pop.),94.3 /       79.6,100.0 /       89.6,92.5 /       83.9c,Education: Upper secondary gross enrol. ratio (f/m per 100 pop.),74.8 /       56.5,86.5 /       67.7,79.4 /       62.8c,Intentional homicide rate (per 100 000 pop.),7.9,8.8,6.8c,Seats held by women in national parliaments (%),18.1,20.8,26.4p,,,,
Urban population growth ratek (average annual %),2.5,2,...,"Fertility rate, totalk (live births per woman)",2.7,2.5,2.3d,"Life expectancy at birthk (females/males, years)",74.2 /       66.7,75.0 /       67.9,75.9 /       69.2d,"Population age distribution (0-14/60+ years old, %)",32.3 /        6.5,29.9 /        6.8,27.7 /        7.9a,International migrant stockl (000/% of total pop.),14.4 /        2.9,14.9 /        2.8,15.8 /        2.8d,Refugees and others of concern to UNHCR (000),"~0.0m,n",0.1,0.1d,Infant mortality ratek (per 1 000 live births),22.9,20.6,16.9d,Health: Current expenditure (% of GDP),4.5,4.8,5.4c,Health: Physicians (per 1 000 pop.),0.6,0.8,...,Education: Government expenditure (% of GDP),5.6,5.3,5.2o,Education: Primary gross enrol. ratio (f/m per 100 pop.),107.0 /      115.2,101.7 /      109.2,100.5 /      107.5c,Education: Secondary gross enrol. ratio (f/m per 100 pop.),94.3 /       79.6,100.0 /       89.6,92.5 /       83.9c,Education: Upper secondary gross enrol. ratio (f/m per 100 pop.),74.8 /       56.5,86.5 /       67.7,79.4 /       62.8c,Intentional homicide rate (per 100 000 pop.),7.9,8.8,6.8c,Seats held by women in national parliaments (%),18.1,20.8,26.4p,,,,,,,,
"Fertility rate, totalk (live births per woman)",2.7,2.5,2.3d,"Life expectancy at birthk (females/males, years)",74.2 /       66.7,75.0 /       67.9,75.9 /       69.2d,"Population age distribution (0-14/60+ years old, %)",32.3 /        6.5,29.9 /        6.8,27.7 /        7.9a,International migrant stockl (000/% of total pop.),14.4 /        2.9,14.9 /        2.8,15.8 /        2.8d,Refugees and others of concern to UNHCR (000),"~0.0m,n",0.1,0.1d,Infant mortality ratek (per 1 000 live births),22.9,20.6,16.9d,Health: Current expenditure (% of GDP),4.5,4.8,5.4c,Health: Physicians (per 1 000 pop.),0.6,0.8,...,Education: Government expenditure (% of GDP),5.6,5.3,5.2o,Education: Primary gross enrol. ratio (f/m per 100 pop.),107.0 /      115.2,101.7 /      109.2,100.5 /      107.5c,Education: Secondary gross enrol. ratio (f/m per 100 pop.),94.3 /       79.6,100.0 /       89.6,92.5 /       83.9c,Education: Upper secondary gross enrol. ratio (f/m per 100 pop.),74.8 /       56.5,86.5 /       67.7,79.4 /       62.8c,Intentional homicide rate (per 100 000 pop.),7.9,8.8,6.8c,Seats held by women in national parliaments (%),18.1,20.8,26.4p,,,,,,,,,,,,
"Life expectancy at birthk (females/males, years)",74.2 /       66.7,75.0 /       67.9,75.9 /       69.2d,"Population age distribution (0-14/60+ years old, %)",32.3 /        6.5,29.9 /        6.8,27.7 /        7.9a,International migrant stockl (000/% of total pop.),14.4 /        2.9,14.9 /        2.8,15.8 /        2.8d,Refugees and others of concern to UNHCR (000),"~0.0m,n",0.1,0.1d,Infant mortality ratek (per 1 000 live births),22.9,20.6,16.9d,Health: Current expenditure (% of GDP),4.5,4.8,5.4c,Health: Physicians (per 1 000 pop.),0.6,0.8,...,Education: Government expenditure (% of GDP),5.6,5.3,5.2o,Education: Primary gross enrol. ratio (f/m per 100 pop.),107.0 /      115.2,101.7 /      109.2,100.5 /      107.5c,Education: Secondary gross enrol. ratio (f/m per 100 pop.),94.3 /       79.6,100.0 /       89.6,92.5 /       83.9c,Education: Upper secondary gross enrol. ratio (f/m per 100 pop.),74.8 /       56.5,86.5 /       67.7,79.4 /       62.8c,Intentional homicide rate (per 100 000 pop.),7.9,8.8,6.8c,Seats held by women in national parliaments (%),18.1,20.8,26.4p,,,,,,,,,,,,,,,,
"Population age distribution (0-14/60+ years old, %)",32.3 /        6.5,29.9 /        6.8,27.7 /        7.9a,International migrant stockl (000/% of total pop.),14.4 /        2.9,14.9 /        2.8,15.8 /        2.8d,Refugees and others of concern to UNHCR (000),"~0.0m,n",0.1,0.1d,Infant mortality ratek (per 1 000 live births),22.9,20.6,16.9d,Health: Current expenditure (% of GDP),4.5,4.8,5.4c,Health: Physicians (per 1 000 pop.),0.6,0.8,...,Education: Government expenditure (% of GDP),5.6,5.3,5.2o,Education: Primary gross enrol. ratio (f/m per 100 pop.),107.0 /      115.2,101.7 /      109.2,100.5 /      107.5c,Education: Secondary gross enrol. ratio (f/m per 100 pop.),94.3 /       79.6,100.0 /       89.6,92.5 /       83.9c,Education: Upper secondary gross enrol. ratio (f/m per 100 pop.),74.8 /       56.5,86.5 /       67.7,79.4 /       62.8c,Intentional homicide rate (per 100 000 pop.),7.9,8.8,6.8c,Seats held by women in national parliaments (%),18.1,20.8,26.4p,,,,,,,,,,,,,,,,,,,,
International migrant stockl (000/% of total pop.),14.4 /        2.9,14.9 /        2.8,15.8 /        2.8d,Refugees and others of concern to UNHCR (000),"~0.0m,n",0.1,0.1d,Infant mortality ratek (per 1 000 live births),22.9,20.6,16.9d,Health: Current expenditure (% of GDP),4.5,4.8,5.4c,Health: Physicians (per 1 000 pop.),0.6,0.8,...,Education: Government expenditure (% of GDP),5.6,5.3,5.2o,Education: Primary gross enrol. ratio (f/m per 100 pop.),107.0 /      115.2,101.7 /      109.2,100.5 /      107.5c,Education: Secondary gross enrol. ratio (f/m per 100 pop.),94.3 /       79.6,100.0 /       89.6,92.5 /       83.9c,Education: Upper secondary gross enrol. ratio (f/m per 100 pop.),74.8 /       56.5,86.5 /       67.7,79.4 /       62.8c,Intentional homicide rate (per 100 000 pop.),7.9,8.8,6.8c,Seats held by women in national parliaments (%),18.1,20.8,26.4p,,,,,,,,,,,,,,,,,,,,,,,,
Refugees and others of concern to UNHCR (000),"~0.0m,n",0.1,0.1d,Infant mortality ratek (per 1 000 live births),22.9,20.6,16.9d,Health: Current expenditure (% of GDP),4.5,4.8,5.4c,Health: Physicians (per 1 000 pop.),0.6,0.8,...,Education: Government expenditure (% of GDP),5.6,5.3,5.2o,Education: Primary gross enrol. ratio (f/m per 100 pop.),107.0 /      115.2,101.7 /      109.2,100.5 /      107.5c,Education: Secondary gross enrol. ratio (f/m per 100 pop.),94.3 /       79.6,100.0 /       89.6,92.5 /       83.9c,Education: Upper secondary gross enrol. ratio (f/m per 100 pop.),74.8 /       56.5,86.5 /       67.7,79.4 /       62.8c,Intentional homicide rate (per 100 000 pop.),7.9,8.8,6.8c,Seats held by women in national parliaments (%),18.1,20.8,26.4p,,,,,,,,,,,,,,,,,,,,,,,,,,,,
Infant mortality ratek (per 1 000 live births),22.9,20.6,16.9d,Health: Current expenditure (% of GDP),4.5,4.8,5.4c,Health: Physicians (per 1 000 pop.),0.6,0.8,...,Education: Government expenditure (% of GDP),5.6,5.3,5.2o,Education: Primary gross enrol. ratio (f/m per 100 pop.),107.0 /      115.2,101.7 /      109.2,100.5 /      107.5c,Education: Secondary gross enrol. ratio (f/m per 100 pop.),94.3 /       79.6,100.0 /       89.6,92.5 /       83.9c,Education: Upper secondary gross enrol. ratio (f/m per 100 pop.),74.8 /       56.5,86.5 /       67.7,79.4 /       62.8c,Intentional homicide rate (per 100 000 pop.),7.9,8.8,6.8c,Seats held by women in national parliaments (%),18.1,20.8,26.4p,,,,,,,,,,,,,,,,,,,,,,,,,,,,,,,,
Health: Current expenditure (% of GDP),4.5,4.8,5.4c,Health: Physicians (per 1 000 pop.),0.6,0.8,...,Education: Government expenditure (% of GDP),5.6,5.3,5.2o,Education: Primary gross enrol. ratio (f/m per 100 pop.),107.0 /      115.2,101.7 /      109.2,100.5 /      107.5c,Education: Secondary gross enrol. ratio (f/m per 100 pop.),94.3 /       79.6,100.0 /       89.6,92.5 /       83.9c,Education: Upper secondary gross enrol. ratio (f/m per 100 pop.),74.8 /       56.5,86.5 /       67.7,79.4 /       62.8c,Intentional homicide rate (per 100 000 pop.),7.9,8.8,6.8c,Seats held by women in national parliaments (%),18.1,20.8,26.4p,,,,,,,,,,,,,,,,,,,,,,,,,,,,,,,,,,,,
Health: Physicians (per 1 000 pop.),0.6,0.8,...,Education: Government expenditure (% of GDP),5.6,5.3,5.2o,Education: Primary gross enrol. ratio (f/m per 100 pop.),107.0 /      115.2,101.7 /      109.2,100.5 /      107.5c,Education: Secondary gross enrol. ratio (f/m per 100 pop.),94.3 /       79.6,100.0 /       89.6,92.5 /       83.9c,Education: Upper secondary gross enrol. ratio (f/m per 100 pop.),74.8 /       56.5,86.5 /       67.7,79.4 /       62.8c,Intentional homicide rate (per 100 000 pop.),7.9,8.8,6.8c,Seats held by women in national parliaments (%),18.1,20.8,26.4p,,,,,,,,,,,,,,,,,,,,,,,,,,,,,,,,,,,,,,,,
Education: Government expenditure (% of GDP),5.6,5.3,5.2o,Education: Primary gross enrol. ratio (f/m per 100 pop.),107.0 /      115.2,101.7 /      109.2,100.5 /      107.5c,Education: Secondary gross enrol. ratio (f/m per 100 pop.),94.3 /       79.6,100.0 /       89.6,92.5 /       83.9c,Education: Upper secondary gross enrol. ratio (f/m per 100 pop.),74.8 /       56.5,86.5 /       67.7,79.4 /       62.8c,Intentional homicide rate (per 100 000 pop.),7.9,8.8,6.8c,Seats held by women in national parliaments (%),18.1,20.8,26.4p,,,,,,,,,,,,,,,,,,,,,,,,,,,,,,,,,,,,,,,,,,,,
Education: Primary gross enrol. ratio (f/m per 100 pop.),107.0 /      115.2,101.7 /      109.2,100.5 /      107.5c,Education: Secondary gross enrol. ratio (f/m per 100 pop.),94.3 /       79.6,100.0 /       89.6,92.5 /       83.9c,Education: Upper secondary gross enrol. ratio (f/m per 100 pop.),74.8 /       56.5,86.5 /       67.7,79.4 /       62.8c,Intentional homicide rate (per 100 000 pop.),7.9,8.8,6.8c,Seats held by women in national parliaments (%),18.1,20.8,26.4p,,,,,,,,,,,,,,,,,,,,,,,,,,,,,,,,,,,,,,,,,,,,,,,,
Education: Secondary gross enrol. ratio (f/m per 100 pop.),94.3 /       79.6,100.0 /       89.6,92.5 /       83.9c,Education: Upper secondary gross enrol. ratio (f/m per 100 pop.),74.8 /       56.5,86.5 /       67.7,79.4 /       62.8c,Intentional homicide rate (per 100 000 pop.),7.9,8.8,6.8c,Seats held by women in national parliaments (%),18.1,20.8,26.4p,,,,,,,,,,,,,,,,,,,,,,,,,,,,,,,,,,,,,,,,,,,,,,,,,,,,
Education: Upper secondary gross enrol. ratio (f/m per 100 pop.),74.8 /       56.5,86.5 /       67.7,79.4 /       62.8c,Intentional homicide rate (per 100 000 pop.),7.9,8.8,6.8c,Seats held by women in national parliaments (%),18.1,20.8,26.4p,,,,,,,,,,,,,,,,,,,,,,,,,,,,,,,,,,,,,,,,,,,,,,,,,,,,,,,,
Intentional homicide rate (per 100 000 pop.),7.9,8.8,6.8c,Seats held by women in national parliaments (%),18.1,20.8,26.4p,,,,,,,,,,,,,,,,,,,,,,,,,,,,,,,,,,,,,,,,,,,,,,,,,,,,,,,,,,,,
Seats held by women in national parliaments (%),18.1,20.8,26.4p,,,,,,,,,,,,,,,,,,,,,,,,,,,,,,,,,,,,,,,,,,,,,,,,,,,,,,,,,,,,,,,,
