0,1,2,3,4,5,6,7,8,9,10,11,12,13,14,15,16,17,18,19,20,21,22,23,24,25,26,27,28,29,30,31,32,33,34,35,36,37,38,39,40,41,42,43,44,45,46,47,48,49,50,51,52,53,54,55,56,57,58,59,60,61,62,63,64,65,66,67
,2010,2015,2021,,,,,,,,,,,,,,,,,,,,,,,,,,,,,,,,,,,,,,,,,,,,,,,,,,,,,,,,,,,,,,,,
GDP: Gross domestic product (million current US$),6 708,8 355,8 051b,"GDP growth rate (annual %, const. 2015 prices)",-5.5,1.2,-0.9b,GDP per capita (current US$),674.2,781.2,714.8b,Economy: Agriculture (% of Gross Value Added),25.7,17.3,19.9b,Economy: Industry (% of Gross Value Added),27.4,34.7,35.2b,Economy: Services and other activity (% of GVA),46.9,48.1,44.9b,Employment in agricultured (% of employed),33.6,30.3,28.3c,Employment in industryd (% of employed),6.5,7.1,6.6c,Employment in servicesd (% employed),59.9,62.6,65c,Unemploymentd (% of labour force),15.4,14,13.9c,Labour force participation rated (female/male pop. %),59.3 /       71.6,61.2 /       72.0,62.1 /       72.9c,CPI: Consumer Price Index (2010=100),100,139,"151e,c",Agricultural production index (2014-2016=100),90,99,92b,International trade: exportsd (million current US$),579,1 018,716c,International trade: importsd (million current US$),3 147,3 523,3 180c,International trade: balanced (million current US$),- 2 568,- 2 505,- 2 465c,"Balance of payments, current account (million US$)",-102,-271,72b
"GDP growth rate (annual %, const. 2015 prices)",-5.5,1.2,-0.9b,GDP per capita (current US$),674.2,781.2,714.8b,Economy: Agriculture (% of Gross Value Added),25.7,17.3,19.9b,Economy: Industry (% of Gross Value Added),27.4,34.7,35.2b,Economy: Services and other activity (% of GVA),46.9,48.1,44.9b,Employment in agricultured (% of employed),33.6,30.3,28.3c,Employment in industryd (% of employed),6.5,7.1,6.6c,Employment in servicesd (% employed),59.9,62.6,65c,Unemploymentd (% of labour force),15.4,14,13.9c,Labour force participation rated (female/male pop. %),59.3 /       71.6,61.2 /       72.0,62.1 /       72.9c,CPI: Consumer Price Index (2010=100),100,139,"151e,c",Agricultural production index (2014-2016=100),90,99,92b,International trade: exportsd (million current US$),579,1 018,716c,International trade: importsd (million current US$),3 147,3 523,3 180c,International trade: balanced (million current US$),- 2 568,- 2 505,- 2 465c,"Balance of payments, current account (million US$)",-102,-271,72b,,,,
GDP per capita (current US$),674.2,781.2,714.8b,Economy: Agriculture (% of Gross Value Added),25.7,17.3,19.9b,Economy: Industry (% of Gross Value Added),27.4,34.7,35.2b,Economy: Services and other activity (% of GVA),46.9,48.1,44.9b,Employment in agricultured (% of employed),33.6,30.3,28.3c,Employment in industryd (% of employed),6.5,7.1,6.6c,Employment in servicesd (% employed),59.9,62.6,65c,Unemploymentd (% of labour force),15.4,14,13.9c,Labour force participation rated (female/male pop. %),59.3 /       71.6,61.2 /       72.0,62.1 /       72.9c,CPI: Consumer Price Index (2010=100),100,139,"151e,c",Agricultural production index (2014-2016=100),90,99,92b,International trade: exportsd (million current US$),579,1 018,716c,International trade: importsd (million current US$),3 147,3 523,3 180c,International trade: balanced (million current US$),- 2 568,- 2 505,- 2 465c,"Balance of payments, current account (million US$)",-102,-271,72b,,,,,,,,
Economy: Agriculture (% of Gross Value Added),25.7,17.3,19.9b,Economy: Industry (% of Gross Value Added),27.4,34.7,35.2b,Economy: Services and other activity (% of GVA),46.9,48.1,44.9b,Employment in agricultured (% of employed),33.6,30.3,28.3c,Employment in industryd (% of employed),6.5,7.1,6.6c,Employment in servicesd (% employed),59.9,62.6,65c,Unemploymentd (% of labour force),15.4,14,13.9c,Labour force participation rated (female/male pop. %),59.3 /       71.6,61.2 /       72.0,62.1 /       72.9c,CPI: Consumer Price Index (2010=100),100,139,"151e,c",Agricultural production index (2014-2016=100),90,99,92b,International trade: exportsd (million current US$),579,1 018,716c,International trade: importsd (million current US$),3 147,3 523,3 180c,International trade: balanced (million current US$),- 2 568,- 2 505,- 2 465c,"Balance of payments, current account (million US$)",-102,-271,72b,,,,,,,,,,,,
Economy: Industry (% of Gross Value Added),27.4,34.7,35.2b,Economy: Services and other activity (% of GVA),46.9,48.1,44.9b,Employment in agricultured (% of employed),33.6,30.3,28.3c,Employment in industryd (% of employed),6.5,7.1,6.6c,Employment in servicesd (% employed),59.9,62.6,65c,Unemploymentd (% of labour force),15.4,14,13.9c,Labour force participation rated (female/male pop. %),59.3 /       71.6,61.2 /       72.0,62.1 /       72.9c,CPI: Consumer Price Index (2010=100),100,139,"151e,c",Agricultural production index (2014-2016=100),90,99,92b,International trade: exportsd (million current US$),579,1 018,716c,International trade: importsd (million current US$),3 147,3 523,3 180c,International trade: balanced (million current US$),- 2 568,- 2 505,- 2 465c,"Balance of payments, current account (million US$)",-102,-271,72b,,,,,,,,,,,,,,,,
Economy: Services and other activity (% of GVA),46.9,48.1,44.9b,Employment in agricultured (% of employed),33.6,30.3,28.3c,Employment in industryd (% of employed),6.5,7.1,6.6c,Employment in servicesd (% employed),59.9,62.6,65c,Unemploymentd (% of labour force),15.4,14,13.9c,Labour force participation rated (female/male pop. %),59.3 /       71.6,61.2 /       72.0,62.1 /       72.9c,CPI: Consumer Price Index (2010=100),100,139,"151e,c",Agricultural production index (2014-2016=100),90,99,92b,International trade: exportsd (million current US$),579,1 018,716c,International trade: importsd (million current US$),3 147,3 523,3 180c,International trade: balanced (million current US$),- 2 568,- 2 505,- 2 465c,"Balance of payments, current account (million US$)",-102,-271,72b,,,,,,,,,,,,,,,,,,,,
Employment in agricultured (% of employed),33.6,30.3,28.3c,Employment in industryd (% of employed),6.5,7.1,6.6c,Employment in servicesd (% employed),59.9,62.6,65c,Unemploymentd (% of labour force),15.4,14,13.9c,Labour force participation rated (female/male pop. %),59.3 /       71.6,61.2 /       72.0,62.1 /       72.9c,CPI: Consumer Price Index (2010=100),100,139,"151e,c",Agricultural production index (2014-2016=100),90,99,92b,International trade: exportsd (million current US$),579,1 018,716c,International trade: importsd (million current US$),3 147,3 523,3 180c,International trade: balanced (million current US$),- 2 568,- 2 505,- 2 465c,"Balance of payments, current account (million US$)",-102,-271,72b,,,,,,,,,,,,,,,,,,,,,,,,
Employment in industryd (% of employed),6.5,7.1,6.6c,Employment in servicesd (% employed),59.9,62.6,65c,Unemploymentd (% of labour force),15.4,14,13.9c,Labour force participation rated (female/male pop. %),59.3 /       71.6,61.2 /       72.0,62.1 /       72.9c,CPI: Consumer Price Index (2010=100),100,139,"151e,c",Agricultural production index (2014-2016=100),90,99,92b,International trade: exportsd (million current US$),579,1 018,716c,International trade: importsd (million current US$),3 147,3 523,3 180c,International trade: balanced (million current US$),- 2 568,- 2 505,- 2 465c,"Balance of payments, current account (million US$)",-102,-271,72b,,,,,,,,,,,,,,,,,,,,,,,,,,,,
Employment in servicesd (% employed),59.9,62.6,65c,Unemploymentd (% of labour force),15.4,14,13.9c,Labour force participation rated (female/male pop. %),59.3 /       71.6,61.2 /       72.0,62.1 /       72.9c,CPI: Consumer Price Index (2010=100),100,139,"151e,c",Agricultural production index (2014-2016=100),90,99,92b,International trade: exportsd (million current US$),579,1 018,716c,International trade: importsd (million current US$),3 147,3 523,3 180c,International trade: balanced (million current US$),- 2 568,- 2 505,- 2 465c,"Balance of payments, current account (million US$)",-102,-271,72b,,,,,,,,,,,,,,,,,,,,,,,,,,,,,,,,
Unemploymentd (% of labour force),15.4,14,13.9c,Labour force participation rated (female/male pop. %),59.3 /       71.6,61.2 /       72.0,62.1 /       72.9c,CPI: Consumer Price Index (2010=100),100,139,"151e,c",Agricultural production index (2014-2016=100),90,99,92b,International trade: exportsd (million current US$),579,1 018,716c,International trade: importsd (million current US$),3 147,3 523,3 180c,International trade: balanced (million current US$),- 2 568,- 2 505,- 2 465c,"Balance of payments, current account (million US$)",-102,-271,72b,,,,,,,,,,,,,,,,,,,,,,,,,,,,,,,,,,,,
Labour force participation rated (female/male pop. %),59.3 /       71.6,61.2 /       72.0,62.1 /       72.9c,CPI: Consumer Price Index (2010=100),100,139,"151e,c",Agricultural production index (2014-2016=100),90,99,92b,International trade: exportsd (million current US$),579,1 018,716c,International trade: importsd (million current US$),3 147,3 523,3 180c,International trade: balanced (million current US$),- 2 568,- 2 505,- 2 465c,"Balance of payments, current account (million US$)",-102,-271,72b,,,,,,,,,,,,,,,,,,,,,,,,,,,,,,,,,,,,,,,,
CPI: Consumer Price Index (2010=100),100,139,"151e,c",Agricultural production index (2014-2016=100),90,99,92b,International trade: exportsd (million current US$),579,1 018,716c,International trade: importsd (million current US$),3 147,3 523,3 180c,International trade: balanced (million current US$),- 2 568,- 2 505,- 2 465c,"Balance of payments, current account (million US$)",-102,-271,72b,,,,,,,,,,,,,,,,,,,,,,,,,,,,,,,,,,,,,,,,,,,,
Agricultural production index (2014-2016=100),90,99,92b,International trade: exportsd (million current US$),579,1 018,716c,International trade: importsd (million current US$),3 147,3 523,3 180c,International trade: balanced (million current US$),- 2 568,- 2 505,- 2 465c,"Balance of payments, current account (million US$)",-102,-271,72b,,,,,,,,,,,,,,,,,,,,,,,,,,,,,,,,,,,,,,,,,,,,,,,,
International trade: exportsd (million current US$),579,1 018,716c,International trade: importsd (million current US$),3 147,3 523,3 180c,International trade: balanced (million current US$),- 2 568,- 2 505,- 2 465c,"Balance of payments, current account (million US$)",-102,-271,72b,,,,,,,,,,,,,,,,,,,,,,,,,,,,,,,,,,,,,,,,,,,,,,,,,,,,
International trade: importsd (million current US$),3 147,3 523,3 180c,International trade: balanced (million current US$),- 2 568,- 2 505,- 2 465c,"Balance of payments, current account (million US$)",-102,-271,72b,,,,,,,,,,,,,,,,,,,,,,,,,,,,,,,,,,,,,,,,,,,,,,,,,,,,,,,,
International trade: balanced (million current US$),- 2 568,- 2 505,- 2 465c,"Balance of payments, current account (million US$)",-102,-271,72b,,,,,,,,,,,,,,,,,,,,,,,,,,,,,,,,,,,,,,,,,,,,,,,,,,,,,,,,,,,,
"Balance of payments, current account (million US$)",-102,-271,72b,,,,,,,,,,,,,,,,,,,,,,,,,,,,,,,,,,,,,,,,,,,,,,,,,,,,,,,,,,,,,,,,
