0,1,2,3,4,5,6,7,8,9,10,11,12,13,14,15,16,17,18,19,20,21,22,23,24,25,26,27,28,29,30,31,32,33,34,35
,2010,2015,2021,,,,,,,,,,,,,,,,,,,,,,,,,,,,,,,,
Individuals using the Internet (per 100 inhabitants),8.4d,12.2d,32.5j,Threatened species (number),137,169,408,Forested aread (% of land area),13.7,13.2,12.8j,CO2 emission estimates (million tons/tons per capita),2.3 /        0.2,3.2 /        0.3,3.2 /        0.3j,"Energy production, primary (Petajoules)",131,139,145j,Energy supply per capita (Gigajoules),16,16,17j,"Tourist/visitor arrivals at national bordersm,n (000)",255,516,286b,Important sites for terrestrial biodiversity protected (%),13.8,27.1,29.4c,Net Official Development Assist. received (% of GNI),43.49,11.94,8.24b
Threatened species (number),137,169,408,Forested aread (% of land area),13.7,13.2,12.8j,CO2 emission estimates (million tons/tons per capita),2.3 /        0.2,3.2 /        0.3,3.2 /        0.3j,"Energy production, primary (Petajoules)",131,139,145j,Energy supply per capita (Gigajoules),16,16,17j,"Tourist/visitor arrivals at national bordersm,n (000)",255,516,286b,Important sites for terrestrial biodiversity protected (%),13.8,27.1,29.4c,Net Official Development Assist. received (% of GNI),43.49,11.94,8.24b,,,,
Forested aread (% of land area),13.7,13.2,12.8j,CO2 emission estimates (million tons/tons per capita),2.3 /        0.2,3.2 /        0.3,3.2 /        0.3j,"Energy production, primary (Petajoules)",131,139,145j,Energy supply per capita (Gigajoules),16,16,17j,"Tourist/visitor arrivals at national bordersm,n (000)",255,516,286b,Important sites for terrestrial biodiversity protected (%),13.8,27.1,29.4c,Net Official Development Assist. received (% of GNI),43.49,11.94,8.24b,,,,,,,,
CO2 emission estimates (million tons/tons per capita),2.3 /        0.2,3.2 /        0.3,3.2 /        0.3j,"Energy production, primary (Petajoules)",131,139,145j,Energy supply per capita (Gigajoules),16,16,17j,"Tourist/visitor arrivals at national bordersm,n (000)",255,516,286b,Important sites for terrestrial biodiversity protected (%),13.8,27.1,29.4c,Net Official Development Assist. received (% of GNI),43.49,11.94,8.24b,,,,,,,,,,,,
"Energy production, primary (Petajoules)",131,139,145j,Energy supply per capita (Gigajoules),16,16,17j,"Tourist/visitor arrivals at national bordersm,n (000)",255,516,286b,Important sites for terrestrial biodiversity protected (%),13.8,27.1,29.4c,Net Official Development Assist. received (% of GNI),43.49,11.94,8.24b,,,,,,,,,,,,,,,,
Energy supply per capita (Gigajoules),16,16,17j,"Tourist/visitor arrivals at national bordersm,n (000)",255,516,286b,Important sites for terrestrial biodiversity protected (%),13.8,27.1,29.4c,Net Official Development Assist. received (% of GNI),43.49,11.94,8.24b,,,,,,,,,,,,,,,,,,,,
"Tourist/visitor arrivals at national bordersm,n (000)",255,516,286b,Important sites for terrestrial biodiversity protected (%),13.8,27.1,29.4c,Net Official Development Assist. received (% of GNI),43.49,11.94,8.24b,,,,,,,,,,,,,,,,,,,,,,,,
Important sites for terrestrial biodiversity protected (%),13.8,27.1,29.4c,Net Official Development Assist. received (% of GNI),43.49,11.94,8.24b,,,,,,,,,,,,,,,,,,,,,,,,,,,,
Net Official Development Assist. received (% of GNI),43.49,11.94,8.24b,,,,,,,,,,,,,,,,,,,,,,,,,,,,,,,,
