0,1,2,3,4,5,6,7,8,9,10,11,12,13,14,15,16,17,18,19,20,21,22,23,24,25,26,27,28,29,30,31,32,33,34,35,36,37,38,39,40,41,42,43,44,45,46,47,48,49,50,51,52,53,54,55
,2010,2015,2021,,,,,,,,,,,,,,,,,,,,,,,,,,,,,,,,,,,,,,,,,,,,,,,,,,,,
Population growth ratef (average annual %),1.6,1.4,1.3c,Urban population (% of total population),47.5,52.4,56.2b,Urban population growth ratef (average annual %),3.7,3.3,...,"Fertility rate, totalf (live births per woman)",3.6,3.3,3c,"Life expectancy at birthf (females/males, years)",61.6 /       57.7,63.5 /       59.3,65.7 /       61.4c,"Population age distribution (0-14/60+ years old, %)",36.3 /        6.5,34.4 /        7.1,32.1 /        7.9a,International migrant stockg (000/% of total pop.),17.2 /        0.2,18.0 /        0.2,18.9 /        0.2c,Refugees and others of concern to UNHCR (000),~0.0h,~0.0,~0.0c,Infant mortality ratef (per 1 000 live births),63.8,61,54.3c,Health: Current expenditure (% of GDP),8.1i,8.6,7.7j,Health: Physicians (per 1 000 pop.),...,0.1,0.2j,Education: Government expenditure (% of GDP),...,3.2,2.8j,Intentional homicide rate (per 100 000 pop.),6.8,10,6.7j,Seats held by women in national parliaments (%),4.1,4.2,"2.5k,l,c"
Urban population (% of total population),47.5,52.4,56.2b,Urban population growth ratef (average annual %),3.7,3.3,...,"Fertility rate, totalf (live births per woman)",3.6,3.3,3c,"Life expectancy at birthf (females/males, years)",61.6 /       57.7,63.5 /       59.3,65.7 /       61.4c,"Population age distribution (0-14/60+ years old, %)",36.3 /        6.5,34.4 /        7.1,32.1 /        7.9a,International migrant stockg (000/% of total pop.),17.2 /        0.2,18.0 /        0.2,18.9 /        0.2c,Refugees and others of concern to UNHCR (000),~0.0h,~0.0,~0.0c,Infant mortality ratef (per 1 000 live births),63.8,61,54.3c,Health: Current expenditure (% of GDP),8.1i,8.6,7.7j,Health: Physicians (per 1 000 pop.),...,0.1,0.2j,Education: Government expenditure (% of GDP),...,3.2,2.8j,Intentional homicide rate (per 100 000 pop.),6.8,10,6.7j,Seats held by women in national parliaments (%),4.1,4.2,"2.5k,l,c",,,,
Urban population growth ratef (average annual %),3.7,3.3,...,"Fertility rate, totalf (live births per woman)",3.6,3.3,3c,"Life expectancy at birthf (females/males, years)",61.6 /       57.7,63.5 /       59.3,65.7 /       61.4c,"Population age distribution (0-14/60+ years old, %)",36.3 /        6.5,34.4 /        7.1,32.1 /        7.9a,International migrant stockg (000/% of total pop.),17.2 /        0.2,18.0 /        0.2,18.9 /        0.2c,Refugees and others of concern to UNHCR (000),~0.0h,~0.0,~0.0c,Infant mortality ratef (per 1 000 live births),63.8,61,54.3c,Health: Current expenditure (% of GDP),8.1i,8.6,7.7j,Health: Physicians (per 1 000 pop.),...,0.1,0.2j,Education: Government expenditure (% of GDP),...,3.2,2.8j,Intentional homicide rate (per 100 000 pop.),6.8,10,6.7j,Seats held by women in national parliaments (%),4.1,4.2,"2.5k,l,c",,,,,,,,
"Fertility rate, totalf (live births per woman)",3.6,3.3,3c,"Life expectancy at birthf (females/males, years)",61.6 /       57.7,63.5 /       59.3,65.7 /       61.4c,"Population age distribution (0-14/60+ years old, %)",36.3 /        6.5,34.4 /        7.1,32.1 /        7.9a,International migrant stockg (000/% of total pop.),17.2 /        0.2,18.0 /        0.2,18.9 /        0.2c,Refugees and others of concern to UNHCR (000),~0.0h,~0.0,~0.0c,Infant mortality ratef (per 1 000 live births),63.8,61,54.3c,Health: Current expenditure (% of GDP),8.1i,8.6,7.7j,Health: Physicians (per 1 000 pop.),...,0.1,0.2j,Education: Government expenditure (% of GDP),...,3.2,2.8j,Intentional homicide rate (per 100 000 pop.),6.8,10,6.7j,Seats held by women in national parliaments (%),4.1,4.2,"2.5k,l,c",,,,,,,,,,,,
"Life expectancy at birthf (females/males, years)",61.6 /       57.7,63.5 /       59.3,65.7 /       61.4c,"Population age distribution (0-14/60+ years old, %)",36.3 /        6.5,34.4 /        7.1,32.1 /        7.9a,International migrant stockg (000/% of total pop.),17.2 /        0.2,18.0 /        0.2,18.9 /        0.2c,Refugees and others of concern to UNHCR (000),~0.0h,~0.0,~0.0c,Infant mortality ratef (per 1 000 live births),63.8,61,54.3c,Health: Current expenditure (% of GDP),8.1i,8.6,7.7j,Health: Physicians (per 1 000 pop.),...,0.1,0.2j,Education: Government expenditure (% of GDP),...,3.2,2.8j,Intentional homicide rate (per 100 000 pop.),6.8,10,6.7j,Seats held by women in national parliaments (%),4.1,4.2,"2.5k,l,c",,,,,,,,,,,,,,,,
"Population age distribution (0-14/60+ years old, %)",36.3 /        6.5,34.4 /        7.1,32.1 /        7.9a,International migrant stockg (000/% of total pop.),17.2 /        0.2,18.0 /        0.2,18.9 /        0.2c,Refugees and others of concern to UNHCR (000),~0.0h,~0.0,~0.0c,Infant mortality ratef (per 1 000 live births),63.8,61,54.3c,Health: Current expenditure (% of GDP),8.1i,8.6,7.7j,Health: Physicians (per 1 000 pop.),...,0.1,0.2j,Education: Government expenditure (% of GDP),...,3.2,2.8j,Intentional homicide rate (per 100 000 pop.),6.8,10,6.7j,Seats held by women in national parliaments (%),4.1,4.2,"2.5k,l,c",,,,,,,,,,,,,,,,,,,,
International migrant stockg (000/% of total pop.),17.2 /        0.2,18.0 /        0.2,18.9 /        0.2c,Refugees and others of concern to UNHCR (000),~0.0h,~0.0,~0.0c,Infant mortality ratef (per 1 000 live births),63.8,61,54.3c,Health: Current expenditure (% of GDP),8.1i,8.6,7.7j,Health: Physicians (per 1 000 pop.),...,0.1,0.2j,Education: Government expenditure (% of GDP),...,3.2,2.8j,Intentional homicide rate (per 100 000 pop.),6.8,10,6.7j,Seats held by women in national parliaments (%),4.1,4.2,"2.5k,l,c",,,,,,,,,,,,,,,,,,,,,,,,
Refugees and others of concern to UNHCR (000),~0.0h,~0.0,~0.0c,Infant mortality ratef (per 1 000 live births),63.8,61,54.3c,Health: Current expenditure (% of GDP),8.1i,8.6,7.7j,Health: Physicians (per 1 000 pop.),...,0.1,0.2j,Education: Government expenditure (% of GDP),...,3.2,2.8j,Intentional homicide rate (per 100 000 pop.),6.8,10,6.7j,Seats held by women in national parliaments (%),4.1,4.2,"2.5k,l,c",,,,,,,,,,,,,,,,,,,,,,,,,,,,
Infant mortality ratef (per 1 000 live births),63.8,61,54.3c,Health: Current expenditure (% of GDP),8.1i,8.6,7.7j,Health: Physicians (per 1 000 pop.),...,0.1,0.2j,Education: Government expenditure (% of GDP),...,3.2,2.8j,Intentional homicide rate (per 100 000 pop.),6.8,10,6.7j,Seats held by women in national parliaments (%),4.1,4.2,"2.5k,l,c",,,,,,,,,,,,,,,,,,,,,,,,,,,,,,,,
Health: Current expenditure (% of GDP),8.1i,8.6,7.7j,Health: Physicians (per 1 000 pop.),...,0.1,0.2j,Education: Government expenditure (% of GDP),...,3.2,2.8j,Intentional homicide rate (per 100 000 pop.),6.8,10,6.7j,Seats held by women in national parliaments (%),4.1,4.2,"2.5k,l,c",,,,,,,,,,,,,,,,,,,,,,,,,,,,,,,,,,,,
Health: Physicians (per 1 000 pop.),...,0.1,0.2j,Education: Government expenditure (% of GDP),...,3.2,2.8j,Intentional homicide rate (per 100 000 pop.),6.8,10,6.7j,Seats held by women in national parliaments (%),4.1,4.2,"2.5k,l,c",,,,,,,,,,,,,,,,,,,,,,,,,,,,,,,,,,,,,,,,
Education: Government expenditure (% of GDP),...,3.2,2.8j,Intentional homicide rate (per 100 000 pop.),6.8,10,6.7j,Seats held by women in national parliaments (%),4.1,4.2,"2.5k,l,c",,,,,,,,,,,,,,,,,,,,,,,,,,,,,,,,,,,,,,,,,,,,
Intentional homicide rate (per 100 000 pop.),6.8,10,6.7j,Seats held by women in national parliaments (%),4.1,4.2,"2.5k,l,c",,,,,,,,,,,,,,,,,,,,,,,,,,,,,,,,,,,,,,,,,,,,,,,,
Seats held by women in national parliaments (%),4.1,4.2,"2.5k,l,c",,,,,,,,,,,,,,,,,,,,,,,,,,,,,,,,,,,,,,,,,,,,,,,,,,,,
