0,1,2,3,4,5,6,7,8,9,10,11,12,13,14,15,16,17,18,19,20,21,22,23,24,25,26,27,28,29,30,31,32,33,34,35,36,37,38,39,40,41,42,43,44,45,46,47,48,49,50,51,52,53,54,55,56,57,58,59,60,61,62,63,64,65,66,67
,2010,2015,2021,,,,,,,,,,,,,,,,,,,,,,,,,,,,,,,,,,,,,,,,,,,,,,,,,,,,,,,,,,,,,,,,
GDP: Gross domestic product (million current US$),1 292,2 669,2 582b,"GDP growth rate (annual %, const. 2015 prices)",7.3,9.3,-2.3b,GDP per capita (current US$),332,596.8,523b,Economy: Agriculture (% of Gross Value Added),64.5,69.5,74b,Economy: Industry (% of Gross Value Added),12.5,10.5,8.7b,Economy: Services and other activity (% of GVA),17.9,20,17.3b,Employment in agriculture (% of employed),47.3,44.2d,"43d,c",Employment in industry (% of employed),10.8,11d,"10.1d,c",Employment in services (% employed),41.9,44.9d,"46.9d,c",Unemploymentd (% of labour force),2.3,2.1,2.7c,Labour force participation rated (female/male pop. %),70.1 /       81.1,70.2 /       80.1,72.1 /       80.6c,CPI: Consumer Price Index (2010=100),100,148,223e,Agricultural production index (2014-2016=100),93,96,92b,International trade: exportsd (million current US$),222,627,891c,International trade: importsd (million current US$),710,901,287c,International trade: balanced (million current US$),-488,-273,604c,"Balance of payments, current account (million US$)",-853,171,-653b
"GDP growth rate (annual %, const. 2015 prices)",7.3,9.3,-2.3b,GDP per capita (current US$),332,596.8,523b,Economy: Agriculture (% of Gross Value Added),64.5,69.5,74b,Economy: Industry (% of Gross Value Added),12.5,10.5,8.7b,Economy: Services and other activity (% of GVA),17.9,20,17.3b,Employment in agriculture (% of employed),47.3,44.2d,"43d,c",Employment in industry (% of employed),10.8,11d,"10.1d,c",Employment in services (% employed),41.9,44.9d,"46.9d,c",Unemploymentd (% of labour force),2.3,2.1,2.7c,Labour force participation rated (female/male pop. %),70.1 /       81.1,70.2 /       80.1,72.1 /       80.6c,CPI: Consumer Price Index (2010=100),100,148,223e,Agricultural production index (2014-2016=100),93,96,92b,International trade: exportsd (million current US$),222,627,891c,International trade: importsd (million current US$),710,901,287c,International trade: balanced (million current US$),-488,-273,604c,"Balance of payments, current account (million US$)",-853,171,-653b,,,,
GDP per capita (current US$),332,596.8,523b,Economy: Agriculture (% of Gross Value Added),64.5,69.5,74b,Economy: Industry (% of Gross Value Added),12.5,10.5,8.7b,Economy: Services and other activity (% of GVA),17.9,20,17.3b,Employment in agriculture (% of employed),47.3,44.2d,"43d,c",Employment in industry (% of employed),10.8,11d,"10.1d,c",Employment in services (% employed),41.9,44.9d,"46.9d,c",Unemploymentd (% of labour force),2.3,2.1,2.7c,Labour force participation rated (female/male pop. %),70.1 /       81.1,70.2 /       80.1,72.1 /       80.6c,CPI: Consumer Price Index (2010=100),100,148,223e,Agricultural production index (2014-2016=100),93,96,92b,International trade: exportsd (million current US$),222,627,891c,International trade: importsd (million current US$),710,901,287c,International trade: balanced (million current US$),-488,-273,604c,"Balance of payments, current account (million US$)",-853,171,-653b,,,,,,,,
Economy: Agriculture (% of Gross Value Added),64.5,69.5,74b,Economy: Industry (% of Gross Value Added),12.5,10.5,8.7b,Economy: Services and other activity (% of GVA),17.9,20,17.3b,Employment in agriculture (% of employed),47.3,44.2d,"43d,c",Employment in industry (% of employed),10.8,11d,"10.1d,c",Employment in services (% employed),41.9,44.9d,"46.9d,c",Unemploymentd (% of labour force),2.3,2.1,2.7c,Labour force participation rated (female/male pop. %),70.1 /       81.1,70.2 /       80.1,72.1 /       80.6c,CPI: Consumer Price Index (2010=100),100,148,223e,Agricultural production index (2014-2016=100),93,96,92b,International trade: exportsd (million current US$),222,627,891c,International trade: importsd (million current US$),710,901,287c,International trade: balanced (million current US$),-488,-273,604c,"Balance of payments, current account (million US$)",-853,171,-653b,,,,,,,,,,,,
Economy: Industry (% of Gross Value Added),12.5,10.5,8.7b,Economy: Services and other activity (% of GVA),17.9,20,17.3b,Employment in agriculture (% of employed),47.3,44.2d,"43d,c",Employment in industry (% of employed),10.8,11d,"10.1d,c",Employment in services (% employed),41.9,44.9d,"46.9d,c",Unemploymentd (% of labour force),2.3,2.1,2.7c,Labour force participation rated (female/male pop. %),70.1 /       81.1,70.2 /       80.1,72.1 /       80.6c,CPI: Consumer Price Index (2010=100),100,148,223e,Agricultural production index (2014-2016=100),93,96,92b,International trade: exportsd (million current US$),222,627,891c,International trade: importsd (million current US$),710,901,287c,International trade: balanced (million current US$),-488,-273,604c,"Balance of payments, current account (million US$)",-853,171,-653b,,,,,,,,,,,,,,,,
Economy: Services and other activity (% of GVA),17.9,20,17.3b,Employment in agriculture (% of employed),47.3,44.2d,"43d,c",Employment in industry (% of employed),10.8,11d,"10.1d,c",Employment in services (% employed),41.9,44.9d,"46.9d,c",Unemploymentd (% of labour force),2.3,2.1,2.7c,Labour force participation rated (female/male pop. %),70.1 /       81.1,70.2 /       80.1,72.1 /       80.6c,CPI: Consumer Price Index (2010=100),100,148,223e,Agricultural production index (2014-2016=100),93,96,92b,International trade: exportsd (million current US$),222,627,891c,International trade: importsd (million current US$),710,901,287c,International trade: balanced (million current US$),-488,-273,604c,"Balance of payments, current account (million US$)",-853,171,-653b,,,,,,,,,,,,,,,,,,,,
Employment in agriculture (% of employed),47.3,44.2d,"43d,c",Employment in industry (% of employed),10.8,11d,"10.1d,c",Employment in services (% employed),41.9,44.9d,"46.9d,c",Unemploymentd (% of labour force),2.3,2.1,2.7c,Labour force participation rated (female/male pop. %),70.1 /       81.1,70.2 /       80.1,72.1 /       80.6c,CPI: Consumer Price Index (2010=100),100,148,223e,Agricultural production index (2014-2016=100),93,96,92b,International trade: exportsd (million current US$),222,627,891c,International trade: importsd (million current US$),710,901,287c,International trade: balanced (million current US$),-488,-273,604c,"Balance of payments, current account (million US$)",-853,171,-653b,,,,,,,,,,,,,,,,,,,,,,,,
Employment in industry (% of employed),10.8,11d,"10.1d,c",Employment in services (% employed),41.9,44.9d,"46.9d,c",Unemploymentd (% of labour force),2.3,2.1,2.7c,Labour force participation rated (female/male pop. %),70.1 /       81.1,70.2 /       80.1,72.1 /       80.6c,CPI: Consumer Price Index (2010=100),100,148,223e,Agricultural production index (2014-2016=100),93,96,92b,International trade: exportsd (million current US$),222,627,891c,International trade: importsd (million current US$),710,901,287c,International trade: balanced (million current US$),-488,-273,604c,"Balance of payments, current account (million US$)",-853,171,-653b,,,,,,,,,,,,,,,,,,,,,,,,,,,,
Employment in services (% employed),41.9,44.9d,"46.9d,c",Unemploymentd (% of labour force),2.3,2.1,2.7c,Labour force participation rated (female/male pop. %),70.1 /       81.1,70.2 /       80.1,72.1 /       80.6c,CPI: Consumer Price Index (2010=100),100,148,223e,Agricultural production index (2014-2016=100),93,96,92b,International trade: exportsd (million current US$),222,627,891c,International trade: importsd (million current US$),710,901,287c,International trade: balanced (million current US$),-488,-273,604c,"Balance of payments, current account (million US$)",-853,171,-653b,,,,,,,,,,,,,,,,,,,,,,,,,,,,,,,,
Unemploymentd (% of labour force),2.3,2.1,2.7c,Labour force participation rated (female/male pop. %),70.1 /       81.1,70.2 /       80.1,72.1 /       80.6c,CPI: Consumer Price Index (2010=100),100,148,223e,Agricultural production index (2014-2016=100),93,96,92b,International trade: exportsd (million current US$),222,627,891c,International trade: importsd (million current US$),710,901,287c,International trade: balanced (million current US$),-488,-273,604c,"Balance of payments, current account (million US$)",-853,171,-653b,,,,,,,,,,,,,,,,,,,,,,,,,,,,,,,,,,,,
Labour force participation rated (female/male pop. %),70.1 /       81.1,70.2 /       80.1,72.1 /       80.6c,CPI: Consumer Price Index (2010=100),100,148,223e,Agricultural production index (2014-2016=100),93,96,92b,International trade: exportsd (million current US$),222,627,891c,International trade: importsd (million current US$),710,901,287c,International trade: balanced (million current US$),-488,-273,604c,"Balance of payments, current account (million US$)",-853,171,-653b,,,,,,,,,,,,,,,,,,,,,,,,,,,,,,,,,,,,,,,,
CPI: Consumer Price Index (2010=100),100,148,223e,Agricultural production index (2014-2016=100),93,96,92b,International trade: exportsd (million current US$),222,627,891c,International trade: importsd (million current US$),710,901,287c,International trade: balanced (million current US$),-488,-273,604c,"Balance of payments, current account (million US$)",-853,171,-653b,,,,,,,,,,,,,,,,,,,,,,,,,,,,,,,,,,,,,,,,,,,,
Agricultural production index (2014-2016=100),93,96,92b,International trade: exportsd (million current US$),222,627,891c,International trade: importsd (million current US$),710,901,287c,International trade: balanced (million current US$),-488,-273,604c,"Balance of payments, current account (million US$)",-853,171,-653b,,,,,,,,,,,,,,,,,,,,,,,,,,,,,,,,,,,,,,,,,,,,,,,,
International trade: exportsd (million current US$),222,627,891c,International trade: importsd (million current US$),710,901,287c,International trade: balanced (million current US$),-488,-273,604c,"Balance of payments, current account (million US$)",-853,171,-653b,,,,,,,,,,,,,,,,,,,,,,,,,,,,,,,,,,,,,,,,,,,,,,,,,,,,
International trade: importsd (million current US$),710,901,287c,International trade: balanced (million current US$),-488,-273,604c,"Balance of payments, current account (million US$)",-853,171,-653b,,,,,,,,,,,,,,,,,,,,,,,,,,,,,,,,,,,,,,,,,,,,,,,,,,,,,,,,
International trade: balanced (million current US$),-488,-273,604c,"Balance of payments, current account (million US$)",-853,171,-653b,,,,,,,,,,,,,,,,,,,,,,,,,,,,,,,,,,,,,,,,,,,,,,,,,,,,,,,,,,,,
"Balance of payments, current account (million US$)",-853,171,-653b,,,,,,,,,,,,,,,,,,,,,,,,,,,,,,,,,,,,,,,,,,,,,,,,,,,,,,,,,,,,,,,,
