0,1,2,3,4,5,6,7,8,9,10,11,12,13,14,15,16,17,18,19,20,21,22,23,24,25,26,27
,2010,2015,2021,,,,,,,,,,,,,,,,,,,,,,,,
Individuals using the Internet (per 100 inhabitants),2.3,"33d,q,r","8d,n",Threatened species (number),147,158,248,Forested area (% of land area),82.2,80.7d,"79.7d,e","Energy production, primaryd (Petajoules)",64,76,84e,Energy supply per capita (Gigajoules),19,21,20e,Important sites for terrestrial biodiversity protected (%),15.8,15.8,15.8c,Net Official Development Assist. received (% of GNI),77.85,37.78,21.38b
Threatened species (number),147,158,248,Forested area (% of land area),82.2,80.7d,"79.7d,e","Energy production, primaryd (Petajoules)",64,76,84e,Energy supply per capita (Gigajoules),19,21,20e,Important sites for terrestrial biodiversity protected (%),15.8,15.8,15.8c,Net Official Development Assist. received (% of GNI),77.85,37.78,21.38b,,,,
Forested area (% of land area),82.2,80.7d,"79.7d,e","Energy production, primaryd (Petajoules)",64,76,84e,Energy supply per capita (Gigajoules),19,21,20e,Important sites for terrestrial biodiversity protected (%),15.8,15.8,15.8c,Net Official Development Assist. received (% of GNI),77.85,37.78,21.38b,,,,,,,,
"Energy production, primaryd (Petajoules)",64,76,84e,Energy supply per capita (Gigajoules),19,21,20e,Important sites for terrestrial biodiversity protected (%),15.8,15.8,15.8c,Net Official Development Assist. received (% of GNI),77.85,37.78,21.38b,,,,,,,,,,,,
Energy supply per capita (Gigajoules),19,21,20e,Important sites for terrestrial biodiversity protected (%),15.8,15.8,15.8c,Net Official Development Assist. received (% of GNI),77.85,37.78,21.38b,,,,,,,,,,,,,,,,
Important sites for terrestrial biodiversity protected (%),15.8,15.8,15.8c,Net Official Development Assist. received (% of GNI),77.85,37.78,21.38b,,,,,,,,,,,,,,,,,,,,
Net Official Development Assist. received (% of GNI),77.85,37.78,21.38b,,,,,,,,,,,,,,,,,,,,,,,,
