0,1,2,3,4,5,6,7,8,9,10,11,12,13,14,15,16,17,18,19,20,21,22,23
,2010,2015,2021,,,,,,,,,,,,,,,,,,,,
Employment in agriculture (% of employed),"1.9e,f",...,...,Employment in industry (% of employed),"14.8e,f",...,...,Employment in services (% employed),"83.3e,f",...,...,Unemployment (% of labour force),2.4f,"2.6g,h,i",...,Labour force participation rate (female/male pop. %),56.3 /       69.9f,"57.5 /       69.3h,j,k",... / ...,CPI: Consumer Price Index (2010=100),...,"161l,m",...
Employment in industry (% of employed),"14.8e,f",...,...,Employment in services (% employed),"83.3e,f",...,...,Unemployment (% of labour force),2.4f,"2.6g,h,i",...,Labour force participation rate (female/male pop. %),56.3 /       69.9f,"57.5 /       69.3h,j,k",... / ...,CPI: Consumer Price Index (2010=100),...,"161l,m",...,,,,
Employment in services (% employed),"83.3e,f",...,...,Unemployment (% of labour force),2.4f,"2.6g,h,i",...,Labour force participation rate (female/male pop. %),56.3 /       69.9f,"57.5 /       69.3h,j,k",... / ...,CPI: Consumer Price Index (2010=100),...,"161l,m",...,,,,,,,,
Unemployment (% of labour force),2.4f,"2.6g,h,i",...,Labour force participation rate (female/male pop. %),56.3 /       69.9f,"57.5 /       69.3h,j,k",... / ...,CPI: Consumer Price Index (2010=100),...,"161l,m",...,,,,,,,,,,,,
Labour force participation rate (female/male pop. %),56.3 /       69.9f,"57.5 /       69.3h,j,k",... / ...,CPI: Consumer Price Index (2010=100),...,"161l,m",...,,,,,,,,,,,,,,,,
CPI: Consumer Price Index (2010=100),...,"161l,m",...,,,,,,,,,,,,,,,,,,,,
