0,1,2,3,4,5,6,7,8,9,10,11,12,13,14,15
,2010,2015,2021,,,,,,,,,,,,
Threatened species (number),2,3,8,Forested areap (% of land area),6.1,6.1,6.1c,"Energy production, primaryp (Petajoules)",0,0,1c,Energy supply per capita (Gigajoules),47,49,53c
Forested areap (% of land area),6.1,6.1,6.1c,"Energy production, primaryp (Petajoules)",0,0,1c,Energy supply per capita (Gigajoules),47,49,53c,,,,
"Energy production, primaryp (Petajoules)",0,0,1c,Energy supply per capita (Gigajoules),47,49,53c,,,,,,,,
Energy supply per capita (Gigajoules),47,49,53c,,,,,,,,,,,,
