0,1,2,3,4,5,6,7,8,9,10,11,12,13,14,15,16,17,18,19,20,21,22,23,24,25,26,27,28,29,30,31,32,33,34,35,36,37,38,39,40,41,42,43,44,45,46,47,48,49,50,51,52,53,54,55,56,57,58,59,60,61,62,63,64,65,66,67
,2010,2015,2021,,,,,,,,,,,,,,,,,,,,,,,,,,,,,,,,,,,,,,,,,,,,,,,,,,,,,,,,,,,,,,,,
Population growth ratef (average annual %),0.5,0.6,0.5c,Urban population (% of total population),53.7,54.8,56b,Urban population growth ratef (average annual %),0.9,0.8,...,"Fertility rate, totalf (live births per woman)",2.3,2.1,2c,"Life expectancy at birthf (females/males, years)",75.6 /       72.8,75.5 /       72.5,75.9 /       72.8c,"Population age distribution (0-14/60+ years old, %)",27.0 /       11.4,24.6 /       11.9,23.1 /       13.6a,International migrant stockg (000/% of total pop.),23.7 /        0.8,23.2 /        0.8,23.6 /        0.8c,Refugees and others of concern to UNHCR (000),~0.0h,~0.0,0.1c,Infant mortality ratef (per 1 000 live births),16.7,14.9,11.8c,Health: Current expenditured (% of GDP),5.3,5.6,6.1i,Health: Physicians (per 1 000 pop.),0.4j,0.4,0.5k,Education: Government expenditure (% of GDP),6.4,5.5,5.2b,Education: Primary gross enrol. ratio (f/m per 100 pop.),90.8 /       90.4l,... / ...,... / ...,Education: Secondary gross enrol. ratio (f/m per 100 pop.),95.5 /       88.2,83.8 /       78.2,86.1 /       84.6b,Education: Upper secondary gross enrol. ratio (f/m per 100 pop.),102.8 /       86.0,78.6 /       74.0,84.9 /       82.5b,Intentional homicide rate (per 100 000 pop.),51.5,41.8,43.9i,Seats held by women in national parliaments (%),13.3,12.7,28.6m
Urban population (% of total population),53.7,54.8,56b,Urban population growth ratef (average annual %),0.9,0.8,...,"Fertility rate, totalf (live births per woman)",2.3,2.1,2c,"Life expectancy at birthf (females/males, years)",75.6 /       72.8,75.5 /       72.5,75.9 /       72.8c,"Population age distribution (0-14/60+ years old, %)",27.0 /       11.4,24.6 /       11.9,23.1 /       13.6a,International migrant stockg (000/% of total pop.),23.7 /        0.8,23.2 /        0.8,23.6 /        0.8c,Refugees and others of concern to UNHCR (000),~0.0h,~0.0,0.1c,Infant mortality ratef (per 1 000 live births),16.7,14.9,11.8c,Health: Current expenditured (% of GDP),5.3,5.6,6.1i,Health: Physicians (per 1 000 pop.),0.4j,0.4,0.5k,Education: Government expenditure (% of GDP),6.4,5.5,5.2b,Education: Primary gross enrol. ratio (f/m per 100 pop.),90.8 /       90.4l,... / ...,... / ...,Education: Secondary gross enrol. ratio (f/m per 100 pop.),95.5 /       88.2,83.8 /       78.2,86.1 /       84.6b,Education: Upper secondary gross enrol. ratio (f/m per 100 pop.),102.8 /       86.0,78.6 /       74.0,84.9 /       82.5b,Intentional homicide rate (per 100 000 pop.),51.5,41.8,43.9i,Seats held by women in national parliaments (%),13.3,12.7,28.6m,,,,
Urban population growth ratef (average annual %),0.9,0.8,...,"Fertility rate, totalf (live births per woman)",2.3,2.1,2c,"Life expectancy at birthf (females/males, years)",75.6 /       72.8,75.5 /       72.5,75.9 /       72.8c,"Population age distribution (0-14/60+ years old, %)",27.0 /       11.4,24.6 /       11.9,23.1 /       13.6a,International migrant stockg (000/% of total pop.),23.7 /        0.8,23.2 /        0.8,23.6 /        0.8c,Refugees and others of concern to UNHCR (000),~0.0h,~0.0,0.1c,Infant mortality ratef (per 1 000 live births),16.7,14.9,11.8c,Health: Current expenditured (% of GDP),5.3,5.6,6.1i,Health: Physicians (per 1 000 pop.),0.4j,0.4,0.5k,Education: Government expenditure (% of GDP),6.4,5.5,5.2b,Education: Primary gross enrol. ratio (f/m per 100 pop.),90.8 /       90.4l,... / ...,... / ...,Education: Secondary gross enrol. ratio (f/m per 100 pop.),95.5 /       88.2,83.8 /       78.2,86.1 /       84.6b,Education: Upper secondary gross enrol. ratio (f/m per 100 pop.),102.8 /       86.0,78.6 /       74.0,84.9 /       82.5b,Intentional homicide rate (per 100 000 pop.),51.5,41.8,43.9i,Seats held by women in national parliaments (%),13.3,12.7,28.6m,,,,,,,,
"Fertility rate, totalf (live births per woman)",2.3,2.1,2c,"Life expectancy at birthf (females/males, years)",75.6 /       72.8,75.5 /       72.5,75.9 /       72.8c,"Population age distribution (0-14/60+ years old, %)",27.0 /       11.4,24.6 /       11.9,23.1 /       13.6a,International migrant stockg (000/% of total pop.),23.7 /        0.8,23.2 /        0.8,23.6 /        0.8c,Refugees and others of concern to UNHCR (000),~0.0h,~0.0,0.1c,Infant mortality ratef (per 1 000 live births),16.7,14.9,11.8c,Health: Current expenditured (% of GDP),5.3,5.6,6.1i,Health: Physicians (per 1 000 pop.),0.4j,0.4,0.5k,Education: Government expenditure (% of GDP),6.4,5.5,5.2b,Education: Primary gross enrol. ratio (f/m per 100 pop.),90.8 /       90.4l,... / ...,... / ...,Education: Secondary gross enrol. ratio (f/m per 100 pop.),95.5 /       88.2,83.8 /       78.2,86.1 /       84.6b,Education: Upper secondary gross enrol. ratio (f/m per 100 pop.),102.8 /       86.0,78.6 /       74.0,84.9 /       82.5b,Intentional homicide rate (per 100 000 pop.),51.5,41.8,43.9i,Seats held by women in national parliaments (%),13.3,12.7,28.6m,,,,,,,,,,,,
"Life expectancy at birthf (females/males, years)",75.6 /       72.8,75.5 /       72.5,75.9 /       72.8c,"Population age distribution (0-14/60+ years old, %)",27.0 /       11.4,24.6 /       11.9,23.1 /       13.6a,International migrant stockg (000/% of total pop.),23.7 /        0.8,23.2 /        0.8,23.6 /        0.8c,Refugees and others of concern to UNHCR (000),~0.0h,~0.0,0.1c,Infant mortality ratef (per 1 000 live births),16.7,14.9,11.8c,Health: Current expenditured (% of GDP),5.3,5.6,6.1i,Health: Physicians (per 1 000 pop.),0.4j,0.4,0.5k,Education: Government expenditure (% of GDP),6.4,5.5,5.2b,Education: Primary gross enrol. ratio (f/m per 100 pop.),90.8 /       90.4l,... / ...,... / ...,Education: Secondary gross enrol. ratio (f/m per 100 pop.),95.5 /       88.2,83.8 /       78.2,86.1 /       84.6b,Education: Upper secondary gross enrol. ratio (f/m per 100 pop.),102.8 /       86.0,78.6 /       74.0,84.9 /       82.5b,Intentional homicide rate (per 100 000 pop.),51.5,41.8,43.9i,Seats held by women in national parliaments (%),13.3,12.7,28.6m,,,,,,,,,,,,,,,,
"Population age distribution (0-14/60+ years old, %)",27.0 /       11.4,24.6 /       11.9,23.1 /       13.6a,International migrant stockg (000/% of total pop.),23.7 /        0.8,23.2 /        0.8,23.6 /        0.8c,Refugees and others of concern to UNHCR (000),~0.0h,~0.0,0.1c,Infant mortality ratef (per 1 000 live births),16.7,14.9,11.8c,Health: Current expenditured (% of GDP),5.3,5.6,6.1i,Health: Physicians (per 1 000 pop.),0.4j,0.4,0.5k,Education: Government expenditure (% of GDP),6.4,5.5,5.2b,Education: Primary gross enrol. ratio (f/m per 100 pop.),90.8 /       90.4l,... / ...,... / ...,Education: Secondary gross enrol. ratio (f/m per 100 pop.),95.5 /       88.2,83.8 /       78.2,86.1 /       84.6b,Education: Upper secondary gross enrol. ratio (f/m per 100 pop.),102.8 /       86.0,78.6 /       74.0,84.9 /       82.5b,Intentional homicide rate (per 100 000 pop.),51.5,41.8,43.9i,Seats held by women in national parliaments (%),13.3,12.7,28.6m,,,,,,,,,,,,,,,,,,,,
International migrant stockg (000/% of total pop.),23.7 /        0.8,23.2 /        0.8,23.6 /        0.8c,Refugees and others of concern to UNHCR (000),~0.0h,~0.0,0.1c,Infant mortality ratef (per 1 000 live births),16.7,14.9,11.8c,Health: Current expenditured (% of GDP),5.3,5.6,6.1i,Health: Physicians (per 1 000 pop.),0.4j,0.4,0.5k,Education: Government expenditure (% of GDP),6.4,5.5,5.2b,Education: Primary gross enrol. ratio (f/m per 100 pop.),90.8 /       90.4l,... / ...,... / ...,Education: Secondary gross enrol. ratio (f/m per 100 pop.),95.5 /       88.2,83.8 /       78.2,86.1 /       84.6b,Education: Upper secondary gross enrol. ratio (f/m per 100 pop.),102.8 /       86.0,78.6 /       74.0,84.9 /       82.5b,Intentional homicide rate (per 100 000 pop.),51.5,41.8,43.9i,Seats held by women in national parliaments (%),13.3,12.7,28.6m,,,,,,,,,,,,,,,,,,,,,,,,
Refugees and others of concern to UNHCR (000),~0.0h,~0.0,0.1c,Infant mortality ratef (per 1 000 live births),16.7,14.9,11.8c,Health: Current expenditured (% of GDP),5.3,5.6,6.1i,Health: Physicians (per 1 000 pop.),0.4j,0.4,0.5k,Education: Government expenditure (% of GDP),6.4,5.5,5.2b,Education: Primary gross enrol. ratio (f/m per 100 pop.),90.8 /       90.4l,... / ...,... / ...,Education: Secondary gross enrol. ratio (f/m per 100 pop.),95.5 /       88.2,83.8 /       78.2,86.1 /       84.6b,Education: Upper secondary gross enrol. ratio (f/m per 100 pop.),102.8 /       86.0,78.6 /       74.0,84.9 /       82.5b,Intentional homicide rate (per 100 000 pop.),51.5,41.8,43.9i,Seats held by women in national parliaments (%),13.3,12.7,28.6m,,,,,,,,,,,,,,,,,,,,,,,,,,,,
Infant mortality ratef (per 1 000 live births),16.7,14.9,11.8c,Health: Current expenditured (% of GDP),5.3,5.6,6.1i,Health: Physicians (per 1 000 pop.),0.4j,0.4,0.5k,Education: Government expenditure (% of GDP),6.4,5.5,5.2b,Education: Primary gross enrol. ratio (f/m per 100 pop.),90.8 /       90.4l,... / ...,... / ...,Education: Secondary gross enrol. ratio (f/m per 100 pop.),95.5 /       88.2,83.8 /       78.2,86.1 /       84.6b,Education: Upper secondary gross enrol. ratio (f/m per 100 pop.),102.8 /       86.0,78.6 /       74.0,84.9 /       82.5b,Intentional homicide rate (per 100 000 pop.),51.5,41.8,43.9i,Seats held by women in national parliaments (%),13.3,12.7,28.6m,,,,,,,,,,,,,,,,,,,,,,,,,,,,,,,,
Health: Current expenditured (% of GDP),5.3,5.6,6.1i,Health: Physicians (per 1 000 pop.),0.4j,0.4,0.5k,Education: Government expenditure (% of GDP),6.4,5.5,5.2b,Education: Primary gross enrol. ratio (f/m per 100 pop.),90.8 /       90.4l,... / ...,... / ...,Education: Secondary gross enrol. ratio (f/m per 100 pop.),95.5 /       88.2,83.8 /       78.2,86.1 /       84.6b,Education: Upper secondary gross enrol. ratio (f/m per 100 pop.),102.8 /       86.0,78.6 /       74.0,84.9 /       82.5b,Intentional homicide rate (per 100 000 pop.),51.5,41.8,43.9i,Seats held by women in national parliaments (%),13.3,12.7,28.6m,,,,,,,,,,,,,,,,,,,,,,,,,,,,,,,,,,,,
Health: Physicians (per 1 000 pop.),0.4j,0.4,0.5k,Education: Government expenditure (% of GDP),6.4,5.5,5.2b,Education: Primary gross enrol. ratio (f/m per 100 pop.),90.8 /       90.4l,... / ...,... / ...,Education: Secondary gross enrol. ratio (f/m per 100 pop.),95.5 /       88.2,83.8 /       78.2,86.1 /       84.6b,Education: Upper secondary gross enrol. ratio (f/m per 100 pop.),102.8 /       86.0,78.6 /       74.0,84.9 /       82.5b,Intentional homicide rate (per 100 000 pop.),51.5,41.8,43.9i,Seats held by women in national parliaments (%),13.3,12.7,28.6m,,,,,,,,,,,,,,,,,,,,,,,,,,,,,,,,,,,,,,,,
Education: Government expenditure (% of GDP),6.4,5.5,5.2b,Education: Primary gross enrol. ratio (f/m per 100 pop.),90.8 /       90.4l,... / ...,... / ...,Education: Secondary gross enrol. ratio (f/m per 100 pop.),95.5 /       88.2,83.8 /       78.2,86.1 /       84.6b,Education: Upper secondary gross enrol. ratio (f/m per 100 pop.),102.8 /       86.0,78.6 /       74.0,84.9 /       82.5b,Intentional homicide rate (per 100 000 pop.),51.5,41.8,43.9i,Seats held by women in national parliaments (%),13.3,12.7,28.6m,,,,,,,,,,,,,,,,,,,,,,,,,,,,,,,,,,,,,,,,,,,,
Education: Primary gross enrol. ratio (f/m per 100 pop.),90.8 /       90.4l,... / ...,... / ...,Education: Secondary gross enrol. ratio (f/m per 100 pop.),95.5 /       88.2,83.8 /       78.2,86.1 /       84.6b,Education: Upper secondary gross enrol. ratio (f/m per 100 pop.),102.8 /       86.0,78.6 /       74.0,84.9 /       82.5b,Intentional homicide rate (per 100 000 pop.),51.5,41.8,43.9i,Seats held by women in national parliaments (%),13.3,12.7,28.6m,,,,,,,,,,,,,,,,,,,,,,,,,,,,,,,,,,,,,,,,,,,,,,,,
Education: Secondary gross enrol. ratio (f/m per 100 pop.),95.5 /       88.2,83.8 /       78.2,86.1 /       84.6b,Education: Upper secondary gross enrol. ratio (f/m per 100 pop.),102.8 /       86.0,78.6 /       74.0,84.9 /       82.5b,Intentional homicide rate (per 100 000 pop.),51.5,41.8,43.9i,Seats held by women in national parliaments (%),13.3,12.7,28.6m,,,,,,,,,,,,,,,,,,,,,,,,,,,,,,,,,,,,,,,,,,,,,,,,,,,,
Education: Upper secondary gross enrol. ratio (f/m per 100 pop.),102.8 /       86.0,78.6 /       74.0,84.9 /       82.5b,Intentional homicide rate (per 100 000 pop.),51.5,41.8,43.9i,Seats held by women in national parliaments (%),13.3,12.7,28.6m,,,,,,,,,,,,,,,,,,,,,,,,,,,,,,,,,,,,,,,,,,,,,,,,,,,,,,,,
Intentional homicide rate (per 100 000 pop.),51.5,41.8,43.9i,Seats held by women in national parliaments (%),13.3,12.7,28.6m,,,,,,,,,,,,,,,,,,,,,,,,,,,,,,,,,,,,,,,,,,,,,,,,,,,,,,,,,,,,
Seats held by women in national parliaments (%),13.3,12.7,28.6m,,,,,,,,,,,,,,,,,,,,,,,,,,,,,,,,,,,,,,,,,,,,,,,,,,,,,,,,,,,,,,,,
