0,1,2,3,4,5,6,7,8,9,10,11,12,13,14,15,16,17,18,19,20,21,22,23,24,25,26,27,28,29,30,31,32,33,34,35,36,37,38,39,40,41,42,43,44,45,46,47,48,49,50,51,52,53,54,55,56,57,58,59,60,61,62,63,64,65,66,67
,2010,2015,2021,,,,,,,,,,,,,,,,,,,,,,,,,,,,,,,,,,,,,,,,,,,,,,,,,,,,,,,,,,,,,,,,
GDP: Gross domestic product (million current US$),26 144,30 905,38 861b,"GDP growth rate (annual %, const. 2015 prices)",3.4,5.7,3.9b,GDP per capita (current US$),1 285.3,1 326.5,1 501.8b,Economy: Agriculturee (% of Gross Value Added),15.1,16.1,15.9b,"Economy: Industryf,g (% of Gross Value Added)",29.1,27.4,28.1b,Economy: Services and other activityh (% of GVA),55.8,56.6,56b,Employment in agriculturei (% of employed),55.1,46.5,42.9d,Employment in industryi (% of employed),12.2,14.3,15.1d,Employment in servicesi (% employed),32.8,39.1,42.1d,Unemploymenti (% of labour force),4.1,3.5,3.4d,Labour force participation ratei (female/male pop. %),70.6 /       81.4,71.1 /       81.6,70.9 /       81.0d,CPI: Consumer Price Indexi (2010=100),100,113,122d,Agricultural production index (2014-2016=100),82,101,107b,International trade: exports (million current US$),3 878,4 053,"4 437i,d",International trade: imports (million current US$),5 133,6 037,"7 452i,d",International trade: balance (million current US$),- 1 255,- 1 984,"- 3 014i,d","Balance of payments, current account (million US$)",-857,- 1 174,- 1 695b
"GDP growth rate (annual %, const. 2015 prices)",3.4,5.7,3.9b,GDP per capita (current US$),1 285.3,1 326.5,1 501.8b,Economy: Agriculturee (% of Gross Value Added),15.1,16.1,15.9b,"Economy: Industryf,g (% of Gross Value Added)",29.1,27.4,28.1b,Economy: Services and other activityh (% of GVA),55.8,56.6,56b,Employment in agriculturei (% of employed),55.1,46.5,42.9d,Employment in industryi (% of employed),12.2,14.3,15.1d,Employment in servicesi (% employed),32.8,39.1,42.1d,Unemploymenti (% of labour force),4.1,3.5,3.4d,Labour force participation ratei (female/male pop. %),70.6 /       81.4,71.1 /       81.6,70.9 /       81.0d,CPI: Consumer Price Indexi (2010=100),100,113,122d,Agricultural production index (2014-2016=100),82,101,107b,International trade: exports (million current US$),3 878,4 053,"4 437i,d",International trade: imports (million current US$),5 133,6 037,"7 452i,d",International trade: balance (million current US$),- 1 255,- 1 984,"- 3 014i,d","Balance of payments, current account (million US$)",-857,- 1 174,- 1 695b,,,,
GDP per capita (current US$),1 285.3,1 326.5,1 501.8b,Economy: Agriculturee (% of Gross Value Added),15.1,16.1,15.9b,"Economy: Industryf,g (% of Gross Value Added)",29.1,27.4,28.1b,Economy: Services and other activityh (% of GVA),55.8,56.6,56b,Employment in agriculturei (% of employed),55.1,46.5,42.9d,Employment in industryi (% of employed),12.2,14.3,15.1d,Employment in servicesi (% employed),32.8,39.1,42.1d,Unemploymenti (% of labour force),4.1,3.5,3.4d,Labour force participation ratei (female/male pop. %),70.6 /       81.4,71.1 /       81.6,70.9 /       81.0d,CPI: Consumer Price Indexi (2010=100),100,113,122d,Agricultural production index (2014-2016=100),82,101,107b,International trade: exports (million current US$),3 878,4 053,"4 437i,d",International trade: imports (million current US$),5 133,6 037,"7 452i,d",International trade: balance (million current US$),- 1 255,- 1 984,"- 3 014i,d","Balance of payments, current account (million US$)",-857,- 1 174,- 1 695b,,,,,,,,
Economy: Agriculturee (% of Gross Value Added),15.1,16.1,15.9b,"Economy: Industryf,g (% of Gross Value Added)",29.1,27.4,28.1b,Economy: Services and other activityh (% of GVA),55.8,56.6,56b,Employment in agriculturei (% of employed),55.1,46.5,42.9d,Employment in industryi (% of employed),12.2,14.3,15.1d,Employment in servicesi (% employed),32.8,39.1,42.1d,Unemploymenti (% of labour force),4.1,3.5,3.4d,Labour force participation ratei (female/male pop. %),70.6 /       81.4,71.1 /       81.6,70.9 /       81.0d,CPI: Consumer Price Indexi (2010=100),100,113,122d,Agricultural production index (2014-2016=100),82,101,107b,International trade: exports (million current US$),3 878,4 053,"4 437i,d",International trade: imports (million current US$),5 133,6 037,"7 452i,d",International trade: balance (million current US$),- 1 255,- 1 984,"- 3 014i,d","Balance of payments, current account (million US$)",-857,- 1 174,- 1 695b,,,,,,,,,,,,
"Economy: Industryf,g (% of Gross Value Added)",29.1,27.4,28.1b,Economy: Services and other activityh (% of GVA),55.8,56.6,56b,Employment in agriculturei (% of employed),55.1,46.5,42.9d,Employment in industryi (% of employed),12.2,14.3,15.1d,Employment in servicesi (% employed),32.8,39.1,42.1d,Unemploymenti (% of labour force),4.1,3.5,3.4d,Labour force participation ratei (female/male pop. %),70.6 /       81.4,71.1 /       81.6,70.9 /       81.0d,CPI: Consumer Price Indexi (2010=100),100,113,122d,Agricultural production index (2014-2016=100),82,101,107b,International trade: exports (million current US$),3 878,4 053,"4 437i,d",International trade: imports (million current US$),5 133,6 037,"7 452i,d",International trade: balance (million current US$),- 1 255,- 1 984,"- 3 014i,d","Balance of payments, current account (million US$)",-857,- 1 174,- 1 695b,,,,,,,,,,,,,,,,
Economy: Services and other activityh (% of GVA),55.8,56.6,56b,Employment in agriculturei (% of employed),55.1,46.5,42.9d,Employment in industryi (% of employed),12.2,14.3,15.1d,Employment in servicesi (% employed),32.8,39.1,42.1d,Unemploymenti (% of labour force),4.1,3.5,3.4d,Labour force participation ratei (female/male pop. %),70.6 /       81.4,71.1 /       81.6,70.9 /       81.0d,CPI: Consumer Price Indexi (2010=100),100,113,122d,Agricultural production index (2014-2016=100),82,101,107b,International trade: exports (million current US$),3 878,4 053,"4 437i,d",International trade: imports (million current US$),5 133,6 037,"7 452i,d",International trade: balance (million current US$),- 1 255,- 1 984,"- 3 014i,d","Balance of payments, current account (million US$)",-857,- 1 174,- 1 695b,,,,,,,,,,,,,,,,,,,,
Employment in agriculturei (% of employed),55.1,46.5,42.9d,Employment in industryi (% of employed),12.2,14.3,15.1d,Employment in servicesi (% employed),32.8,39.1,42.1d,Unemploymenti (% of labour force),4.1,3.5,3.4d,Labour force participation ratei (female/male pop. %),70.6 /       81.4,71.1 /       81.6,70.9 /       81.0d,CPI: Consumer Price Indexi (2010=100),100,113,122d,Agricultural production index (2014-2016=100),82,101,107b,International trade: exports (million current US$),3 878,4 053,"4 437i,d",International trade: imports (million current US$),5 133,6 037,"7 452i,d",International trade: balance (million current US$),- 1 255,- 1 984,"- 3 014i,d","Balance of payments, current account (million US$)",-857,- 1 174,- 1 695b,,,,,,,,,,,,,,,,,,,,,,,,
Employment in industryi (% of employed),12.2,14.3,15.1d,Employment in servicesi (% employed),32.8,39.1,42.1d,Unemploymenti (% of labour force),4.1,3.5,3.4d,Labour force participation ratei (female/male pop. %),70.6 /       81.4,71.1 /       81.6,70.9 /       81.0d,CPI: Consumer Price Indexi (2010=100),100,113,122d,Agricultural production index (2014-2016=100),82,101,107b,International trade: exports (million current US$),3 878,4 053,"4 437i,d",International trade: imports (million current US$),5 133,6 037,"7 452i,d",International trade: balance (million current US$),- 1 255,- 1 984,"- 3 014i,d","Balance of payments, current account (million US$)",-857,- 1 174,- 1 695b,,,,,,,,,,,,,,,,,,,,,,,,,,,,
Employment in servicesi (% employed),32.8,39.1,42.1d,Unemploymenti (% of labour force),4.1,3.5,3.4d,Labour force participation ratei (female/male pop. %),70.6 /       81.4,71.1 /       81.6,70.9 /       81.0d,CPI: Consumer Price Indexi (2010=100),100,113,122d,Agricultural production index (2014-2016=100),82,101,107b,International trade: exports (million current US$),3 878,4 053,"4 437i,d",International trade: imports (million current US$),5 133,6 037,"7 452i,d",International trade: balance (million current US$),- 1 255,- 1 984,"- 3 014i,d","Balance of payments, current account (million US$)",-857,- 1 174,- 1 695b,,,,,,,,,,,,,,,,,,,,,,,,,,,,,,,,
Unemploymenti (% of labour force),4.1,3.5,3.4d,Labour force participation ratei (female/male pop. %),70.6 /       81.4,71.1 /       81.6,70.9 /       81.0d,CPI: Consumer Price Indexi (2010=100),100,113,122d,Agricultural production index (2014-2016=100),82,101,107b,International trade: exports (million current US$),3 878,4 053,"4 437i,d",International trade: imports (million current US$),5 133,6 037,"7 452i,d",International trade: balance (million current US$),- 1 255,- 1 984,"- 3 014i,d","Balance of payments, current account (million US$)",-857,- 1 174,- 1 695b,,,,,,,,,,,,,,,,,,,,,,,,,,,,,,,,,,,,
Labour force participation ratei (female/male pop. %),70.6 /       81.4,71.1 /       81.6,70.9 /       81.0d,CPI: Consumer Price Indexi (2010=100),100,113,122d,Agricultural production index (2014-2016=100),82,101,107b,International trade: exports (million current US$),3 878,4 053,"4 437i,d",International trade: imports (million current US$),5 133,6 037,"7 452i,d",International trade: balance (million current US$),- 1 255,- 1 984,"- 3 014i,d","Balance of payments, current account (million US$)",-857,- 1 174,- 1 695b,,,,,,,,,,,,,,,,,,,,,,,,,,,,,,,,,,,,,,,,
CPI: Consumer Price Indexi (2010=100),100,113,122d,Agricultural production index (2014-2016=100),82,101,107b,International trade: exports (million current US$),3 878,4 053,"4 437i,d",International trade: imports (million current US$),5 133,6 037,"7 452i,d",International trade: balance (million current US$),- 1 255,- 1 984,"- 3 014i,d","Balance of payments, current account (million US$)",-857,- 1 174,- 1 695b,,,,,,,,,,,,,,,,,,,,,,,,,,,,,,,,,,,,,,,,,,,,
Agricultural production index (2014-2016=100),82,101,107b,International trade: exports (million current US$),3 878,4 053,"4 437i,d",International trade: imports (million current US$),5 133,6 037,"7 452i,d",International trade: balance (million current US$),- 1 255,- 1 984,"- 3 014i,d","Balance of payments, current account (million US$)",-857,- 1 174,- 1 695b,,,,,,,,,,,,,,,,,,,,,,,,,,,,,,,,,,,,,,,,,,,,,,,,
International trade: exports (million current US$),3 878,4 053,"4 437i,d",International trade: imports (million current US$),5 133,6 037,"7 452i,d",International trade: balance (million current US$),- 1 255,- 1 984,"- 3 014i,d","Balance of payments, current account (million US$)",-857,- 1 174,- 1 695b,,,,,,,,,,,,,,,,,,,,,,,,,,,,,,,,,,,,,,,,,,,,,,,,,,,,
International trade: imports (million current US$),5 133,6 037,"7 452i,d",International trade: balance (million current US$),- 1 255,- 1 984,"- 3 014i,d","Balance of payments, current account (million US$)",-857,- 1 174,- 1 695b,,,,,,,,,,,,,,,,,,,,,,,,,,,,,,,,,,,,,,,,,,,,,,,,,,,,,,,,
International trade: balance (million current US$),- 1 255,- 1 984,"- 3 014i,d","Balance of payments, current account (million US$)",-857,- 1 174,- 1 695b,,,,,,,,,,,,,,,,,,,,,,,,,,,,,,,,,,,,,,,,,,,,,,,,,,,,,,,,,,,,
"Balance of payments, current account (million US$)",-857,- 1 174,- 1 695b,,,,,,,,,,,,,,,,,,,,,,,,,,,,,,,,,,,,,,,,,,,,,,,,,,,,,,,,,,,,,,,,
