0,1,2,3,4,5,6,7,8,9,10,11,12,13,14,15,16,17,18,19,20,21,22,23,24,25,26,27,28,29,30,31,32,33,34,35,36,37,38,39,40,41,42,43,44,45,46,47,48,49,50,51,52,53,54,55,56,57,58,59,60,61,62,63,64,65,66,67
,2010,2015,2021,,,,,,,,,,,,,,,,,,,,,,,,,,,,,,,,,,,,,,,,,,,,,,,,,,,,,,,,,,,,,,,,
Population growth ratej (average annual %),2.7,2.7,2.6d,Urban population (% of total population),51.6,54.6,57b,Urban population growth ratej (average annual %),3.9,3.8,...,"Fertility rate, totalj (live births per woman)",5.2,5,4.6d,"Life expectancy at birthj (females/males, years)",55.0 /       52.9,57.6 /       54.9,60.0 /       57.5d,"Population age distribution (0-14/60+ years old, %)",43.7 /        4.4,43.2 /        4.3,41.8 /        4.3a,International migrant stockk (000/% of total pop.),291.5 /        1.4,508.3 /        2.2,579.2 /        2.2d,Refugees and others of concern to UNHCR (000),106.7l,391.8,1 786.9d,Infant mortality ratej (per 1 000 live births),80.5,70.7,61.2d,Health: Current expenditurei (% of GDP),3.8,3.7,3.5m,Health: Physicians (per 1 000 pop.),0.1,0.1n,...,Education: Government expenditure (% of GDP),3,2.8i,"3.1i,m",Education: Primary gross enrol. ratio (f/m per 100 pop.),100.2 /      116.0,109.9 /      122.4,100.2 /      111.2b,Education: Secondary gross enrol. ratio (f/m per 100 pop.),36.8 /       44.1o,54.4 /       63.6,55.4 /       64.6p,Education: Upper secondary gross enrol. ratio (f/m per 100 pop.),26.0 /       31.9o,39.7 /       49.0,40.6 /       49.7p,Intentional homicide rate (per 100 000 pop.),4.9,1.2,1.4q,Seats held by women in national parliaments (%),13.9,31.1,33.9r
Urban population (% of total population),51.6,54.6,57b,Urban population growth ratej (average annual %),3.9,3.8,...,"Fertility rate, totalj (live births per woman)",5.2,5,4.6d,"Life expectancy at birthj (females/males, years)",55.0 /       52.9,57.6 /       54.9,60.0 /       57.5d,"Population age distribution (0-14/60+ years old, %)",43.7 /        4.4,43.2 /        4.3,41.8 /        4.3a,International migrant stockk (000/% of total pop.),291.5 /        1.4,508.3 /        2.2,579.2 /        2.2d,Refugees and others of concern to UNHCR (000),106.7l,391.8,1 786.9d,Infant mortality ratej (per 1 000 live births),80.5,70.7,61.2d,Health: Current expenditurei (% of GDP),3.8,3.7,3.5m,Health: Physicians (per 1 000 pop.),0.1,0.1n,...,Education: Government expenditure (% of GDP),3,2.8i,"3.1i,m",Education: Primary gross enrol. ratio (f/m per 100 pop.),100.2 /      116.0,109.9 /      122.4,100.2 /      111.2b,Education: Secondary gross enrol. ratio (f/m per 100 pop.),36.8 /       44.1o,54.4 /       63.6,55.4 /       64.6p,Education: Upper secondary gross enrol. ratio (f/m per 100 pop.),26.0 /       31.9o,39.7 /       49.0,40.6 /       49.7p,Intentional homicide rate (per 100 000 pop.),4.9,1.2,1.4q,Seats held by women in national parliaments (%),13.9,31.1,33.9r,,,,
Urban population growth ratej (average annual %),3.9,3.8,...,"Fertility rate, totalj (live births per woman)",5.2,5,4.6d,"Life expectancy at birthj (females/males, years)",55.0 /       52.9,57.6 /       54.9,60.0 /       57.5d,"Population age distribution (0-14/60+ years old, %)",43.7 /        4.4,43.2 /        4.3,41.8 /        4.3a,International migrant stockk (000/% of total pop.),291.5 /        1.4,508.3 /        2.2,579.2 /        2.2d,Refugees and others of concern to UNHCR (000),106.7l,391.8,1 786.9d,Infant mortality ratej (per 1 000 live births),80.5,70.7,61.2d,Health: Current expenditurei (% of GDP),3.8,3.7,3.5m,Health: Physicians (per 1 000 pop.),0.1,0.1n,...,Education: Government expenditure (% of GDP),3,2.8i,"3.1i,m",Education: Primary gross enrol. ratio (f/m per 100 pop.),100.2 /      116.0,109.9 /      122.4,100.2 /      111.2b,Education: Secondary gross enrol. ratio (f/m per 100 pop.),36.8 /       44.1o,54.4 /       63.6,55.4 /       64.6p,Education: Upper secondary gross enrol. ratio (f/m per 100 pop.),26.0 /       31.9o,39.7 /       49.0,40.6 /       49.7p,Intentional homicide rate (per 100 000 pop.),4.9,1.2,1.4q,Seats held by women in national parliaments (%),13.9,31.1,33.9r,,,,,,,,
"Fertility rate, totalj (live births per woman)",5.2,5,4.6d,"Life expectancy at birthj (females/males, years)",55.0 /       52.9,57.6 /       54.9,60.0 /       57.5d,"Population age distribution (0-14/60+ years old, %)",43.7 /        4.4,43.2 /        4.3,41.8 /        4.3a,International migrant stockk (000/% of total pop.),291.5 /        1.4,508.3 /        2.2,579.2 /        2.2d,Refugees and others of concern to UNHCR (000),106.7l,391.8,1 786.9d,Infant mortality ratej (per 1 000 live births),80.5,70.7,61.2d,Health: Current expenditurei (% of GDP),3.8,3.7,3.5m,Health: Physicians (per 1 000 pop.),0.1,0.1n,...,Education: Government expenditure (% of GDP),3,2.8i,"3.1i,m",Education: Primary gross enrol. ratio (f/m per 100 pop.),100.2 /      116.0,109.9 /      122.4,100.2 /      111.2b,Education: Secondary gross enrol. ratio (f/m per 100 pop.),36.8 /       44.1o,54.4 /       63.6,55.4 /       64.6p,Education: Upper secondary gross enrol. ratio (f/m per 100 pop.),26.0 /       31.9o,39.7 /       49.0,40.6 /       49.7p,Intentional homicide rate (per 100 000 pop.),4.9,1.2,1.4q,Seats held by women in national parliaments (%),13.9,31.1,33.9r,,,,,,,,,,,,
"Life expectancy at birthj (females/males, years)",55.0 /       52.9,57.6 /       54.9,60.0 /       57.5d,"Population age distribution (0-14/60+ years old, %)",43.7 /        4.4,43.2 /        4.3,41.8 /        4.3a,International migrant stockk (000/% of total pop.),291.5 /        1.4,508.3 /        2.2,579.2 /        2.2d,Refugees and others of concern to UNHCR (000),106.7l,391.8,1 786.9d,Infant mortality ratej (per 1 000 live births),80.5,70.7,61.2d,Health: Current expenditurei (% of GDP),3.8,3.7,3.5m,Health: Physicians (per 1 000 pop.),0.1,0.1n,...,Education: Government expenditure (% of GDP),3,2.8i,"3.1i,m",Education: Primary gross enrol. ratio (f/m per 100 pop.),100.2 /      116.0,109.9 /      122.4,100.2 /      111.2b,Education: Secondary gross enrol. ratio (f/m per 100 pop.),36.8 /       44.1o,54.4 /       63.6,55.4 /       64.6p,Education: Upper secondary gross enrol. ratio (f/m per 100 pop.),26.0 /       31.9o,39.7 /       49.0,40.6 /       49.7p,Intentional homicide rate (per 100 000 pop.),4.9,1.2,1.4q,Seats held by women in national parliaments (%),13.9,31.1,33.9r,,,,,,,,,,,,,,,,
"Population age distribution (0-14/60+ years old, %)",43.7 /        4.4,43.2 /        4.3,41.8 /        4.3a,International migrant stockk (000/% of total pop.),291.5 /        1.4,508.3 /        2.2,579.2 /        2.2d,Refugees and others of concern to UNHCR (000),106.7l,391.8,1 786.9d,Infant mortality ratej (per 1 000 live births),80.5,70.7,61.2d,Health: Current expenditurei (% of GDP),3.8,3.7,3.5m,Health: Physicians (per 1 000 pop.),0.1,0.1n,...,Education: Government expenditure (% of GDP),3,2.8i,"3.1i,m",Education: Primary gross enrol. ratio (f/m per 100 pop.),100.2 /      116.0,109.9 /      122.4,100.2 /      111.2b,Education: Secondary gross enrol. ratio (f/m per 100 pop.),36.8 /       44.1o,54.4 /       63.6,55.4 /       64.6p,Education: Upper secondary gross enrol. ratio (f/m per 100 pop.),26.0 /       31.9o,39.7 /       49.0,40.6 /       49.7p,Intentional homicide rate (per 100 000 pop.),4.9,1.2,1.4q,Seats held by women in national parliaments (%),13.9,31.1,33.9r,,,,,,,,,,,,,,,,,,,,
International migrant stockk (000/% of total pop.),291.5 /        1.4,508.3 /        2.2,579.2 /        2.2d,Refugees and others of concern to UNHCR (000),106.7l,391.8,1 786.9d,Infant mortality ratej (per 1 000 live births),80.5,70.7,61.2d,Health: Current expenditurei (% of GDP),3.8,3.7,3.5m,Health: Physicians (per 1 000 pop.),0.1,0.1n,...,Education: Government expenditure (% of GDP),3,2.8i,"3.1i,m",Education: Primary gross enrol. ratio (f/m per 100 pop.),100.2 /      116.0,109.9 /      122.4,100.2 /      111.2b,Education: Secondary gross enrol. ratio (f/m per 100 pop.),36.8 /       44.1o,54.4 /       63.6,55.4 /       64.6p,Education: Upper secondary gross enrol. ratio (f/m per 100 pop.),26.0 /       31.9o,39.7 /       49.0,40.6 /       49.7p,Intentional homicide rate (per 100 000 pop.),4.9,1.2,1.4q,Seats held by women in national parliaments (%),13.9,31.1,33.9r,,,,,,,,,,,,,,,,,,,,,,,,
Refugees and others of concern to UNHCR (000),106.7l,391.8,1 786.9d,Infant mortality ratej (per 1 000 live births),80.5,70.7,61.2d,Health: Current expenditurei (% of GDP),3.8,3.7,3.5m,Health: Physicians (per 1 000 pop.),0.1,0.1n,...,Education: Government expenditure (% of GDP),3,2.8i,"3.1i,m",Education: Primary gross enrol. ratio (f/m per 100 pop.),100.2 /      116.0,109.9 /      122.4,100.2 /      111.2b,Education: Secondary gross enrol. ratio (f/m per 100 pop.),36.8 /       44.1o,54.4 /       63.6,55.4 /       64.6p,Education: Upper secondary gross enrol. ratio (f/m per 100 pop.),26.0 /       31.9o,39.7 /       49.0,40.6 /       49.7p,Intentional homicide rate (per 100 000 pop.),4.9,1.2,1.4q,Seats held by women in national parliaments (%),13.9,31.1,33.9r,,,,,,,,,,,,,,,,,,,,,,,,,,,,
Infant mortality ratej (per 1 000 live births),80.5,70.7,61.2d,Health: Current expenditurei (% of GDP),3.8,3.7,3.5m,Health: Physicians (per 1 000 pop.),0.1,0.1n,...,Education: Government expenditure (% of GDP),3,2.8i,"3.1i,m",Education: Primary gross enrol. ratio (f/m per 100 pop.),100.2 /      116.0,109.9 /      122.4,100.2 /      111.2b,Education: Secondary gross enrol. ratio (f/m per 100 pop.),36.8 /       44.1o,54.4 /       63.6,55.4 /       64.6p,Education: Upper secondary gross enrol. ratio (f/m per 100 pop.),26.0 /       31.9o,39.7 /       49.0,40.6 /       49.7p,Intentional homicide rate (per 100 000 pop.),4.9,1.2,1.4q,Seats held by women in national parliaments (%),13.9,31.1,33.9r,,,,,,,,,,,,,,,,,,,,,,,,,,,,,,,,
Health: Current expenditurei (% of GDP),3.8,3.7,3.5m,Health: Physicians (per 1 000 pop.),0.1,0.1n,...,Education: Government expenditure (% of GDP),3,2.8i,"3.1i,m",Education: Primary gross enrol. ratio (f/m per 100 pop.),100.2 /      116.0,109.9 /      122.4,100.2 /      111.2b,Education: Secondary gross enrol. ratio (f/m per 100 pop.),36.8 /       44.1o,54.4 /       63.6,55.4 /       64.6p,Education: Upper secondary gross enrol. ratio (f/m per 100 pop.),26.0 /       31.9o,39.7 /       49.0,40.6 /       49.7p,Intentional homicide rate (per 100 000 pop.),4.9,1.2,1.4q,Seats held by women in national parliaments (%),13.9,31.1,33.9r,,,,,,,,,,,,,,,,,,,,,,,,,,,,,,,,,,,,
Health: Physicians (per 1 000 pop.),0.1,0.1n,...,Education: Government expenditure (% of GDP),3,2.8i,"3.1i,m",Education: Primary gross enrol. ratio (f/m per 100 pop.),100.2 /      116.0,109.9 /      122.4,100.2 /      111.2b,Education: Secondary gross enrol. ratio (f/m per 100 pop.),36.8 /       44.1o,54.4 /       63.6,55.4 /       64.6p,Education: Upper secondary gross enrol. ratio (f/m per 100 pop.),26.0 /       31.9o,39.7 /       49.0,40.6 /       49.7p,Intentional homicide rate (per 100 000 pop.),4.9,1.2,1.4q,Seats held by women in national parliaments (%),13.9,31.1,33.9r,,,,,,,,,,,,,,,,,,,,,,,,,,,,,,,,,,,,,,,,
Education: Government expenditure (% of GDP),3,2.8i,"3.1i,m",Education: Primary gross enrol. ratio (f/m per 100 pop.),100.2 /      116.0,109.9 /      122.4,100.2 /      111.2b,Education: Secondary gross enrol. ratio (f/m per 100 pop.),36.8 /       44.1o,54.4 /       63.6,55.4 /       64.6p,Education: Upper secondary gross enrol. ratio (f/m per 100 pop.),26.0 /       31.9o,39.7 /       49.0,40.6 /       49.7p,Intentional homicide rate (per 100 000 pop.),4.9,1.2,1.4q,Seats held by women in national parliaments (%),13.9,31.1,33.9r,,,,,,,,,,,,,,,,,,,,,,,,,,,,,,,,,,,,,,,,,,,,
Education: Primary gross enrol. ratio (f/m per 100 pop.),100.2 /      116.0,109.9 /      122.4,100.2 /      111.2b,Education: Secondary gross enrol. ratio (f/m per 100 pop.),36.8 /       44.1o,54.4 /       63.6,55.4 /       64.6p,Education: Upper secondary gross enrol. ratio (f/m per 100 pop.),26.0 /       31.9o,39.7 /       49.0,40.6 /       49.7p,Intentional homicide rate (per 100 000 pop.),4.9,1.2,1.4q,Seats held by women in national parliaments (%),13.9,31.1,33.9r,,,,,,,,,,,,,,,,,,,,,,,,,,,,,,,,,,,,,,,,,,,,,,,,
Education: Secondary gross enrol. ratio (f/m per 100 pop.),36.8 /       44.1o,54.4 /       63.6,55.4 /       64.6p,Education: Upper secondary gross enrol. ratio (f/m per 100 pop.),26.0 /       31.9o,39.7 /       49.0,40.6 /       49.7p,Intentional homicide rate (per 100 000 pop.),4.9,1.2,1.4q,Seats held by women in national parliaments (%),13.9,31.1,33.9r,,,,,,,,,,,,,,,,,,,,,,,,,,,,,,,,,,,,,,,,,,,,,,,,,,,,
Education: Upper secondary gross enrol. ratio (f/m per 100 pop.),26.0 /       31.9o,39.7 /       49.0,40.6 /       49.7p,Intentional homicide rate (per 100 000 pop.),4.9,1.2,1.4q,Seats held by women in national parliaments (%),13.9,31.1,33.9r,,,,,,,,,,,,,,,,,,,,,,,,,,,,,,,,,,,,,,,,,,,,,,,,,,,,,,,,
Intentional homicide rate (per 100 000 pop.),4.9,1.2,1.4q,Seats held by women in national parliaments (%),13.9,31.1,33.9r,,,,,,,,,,,,,,,,,,,,,,,,,,,,,,,,,,,,,,,,,,,,,,,,,,,,,,,,,,,,
Seats held by women in national parliaments (%),13.9,31.1,33.9r,,,,,,,,,,,,,,,,,,,,,,,,,,,,,,,,,,,,,,,,,,,,,,,,,,,,,,,,,,,,,,,,
