0,1,2,3,4,5,6,7,8,9,10,11,12,13,14,15,16,17,18,19,20,21,22,23,24,25,26,27,28,29,30,31,32,33,34,35,36,37,38,39,40,41,42,43,44,45,46,47,48,49,50,51
,2010,2015,2021,,,,,,,,,,,,,,,,,,,,,,,,,,,,,,,,,,,,,,,,,,,,,,,,
Individuals using the Internet (per 100 inhabitants),46q,77q,81.1c,Research & Development expenditure (% of GDP),0.2,0.2,0.2n,Threatened species (number),45,92,100,Forested area (% of land area),12.5,13,13.4n,CO2 emission estimates (million tons/tons per capita),23.5 /        2.6,30.8 /        3.2,30.9 /        3.1n,"Energy production, primary (Petajoules)",2 759,2 474,2 349n,Energy supply per capita (Gigajoules),54,63,61n,Tourist/visitor arrivals at national borders (000),1 280,1 922,2 633n,Important sites for terrestrial biodiversity protected (%),36.1,36.1,36.6e,"Pop. using safely managed drinking water (urban/rural, %)",93.0 /       58.0,95.5 /       72.2,96.2 /       78.1e,Pop. using safely managed sanitation (urban/rural %),13.5 / ...,12.4 / ...,8.9 / ...e,Net Official Development Assist. disbursed (% of GNI),...,0.02,0.05r,Net Official Development Assist. received (% of GNI),0.32,0.14,0.26c
Research & Development expenditure (% of GDP),0.2,0.2,0.2n,Threatened species (number),45,92,100,Forested area (% of land area),12.5,13,13.4n,CO2 emission estimates (million tons/tons per capita),23.5 /        2.6,30.8 /        3.2,30.9 /        3.1n,"Energy production, primary (Petajoules)",2 759,2 474,2 349n,Energy supply per capita (Gigajoules),54,63,61n,Tourist/visitor arrivals at national borders (000),1 280,1 922,2 633n,Important sites for terrestrial biodiversity protected (%),36.1,36.1,36.6e,"Pop. using safely managed drinking water (urban/rural, %)",93.0 /       58.0,95.5 /       72.2,96.2 /       78.1e,Pop. using safely managed sanitation (urban/rural %),13.5 / ...,12.4 / ...,8.9 / ...e,Net Official Development Assist. disbursed (% of GNI),...,0.02,0.05r,Net Official Development Assist. received (% of GNI),0.32,0.14,0.26c,,,,
Threatened species (number),45,92,100,Forested area (% of land area),12.5,13,13.4n,CO2 emission estimates (million tons/tons per capita),23.5 /        2.6,30.8 /        3.2,30.9 /        3.1n,"Energy production, primary (Petajoules)",2 759,2 474,2 349n,Energy supply per capita (Gigajoules),54,63,61n,Tourist/visitor arrivals at national borders (000),1 280,1 922,2 633n,Important sites for terrestrial biodiversity protected (%),36.1,36.1,36.6e,"Pop. using safely managed drinking water (urban/rural, %)",93.0 /       58.0,95.5 /       72.2,96.2 /       78.1e,Pop. using safely managed sanitation (urban/rural %),13.5 / ...,12.4 / ...,8.9 / ...e,Net Official Development Assist. disbursed (% of GNI),...,0.02,0.05r,Net Official Development Assist. received (% of GNI),0.32,0.14,0.26c,,,,,,,,
Forested area (% of land area),12.5,13,13.4n,CO2 emission estimates (million tons/tons per capita),23.5 /        2.6,30.8 /        3.2,30.9 /        3.1n,"Energy production, primary (Petajoules)",2 759,2 474,2 349n,Energy supply per capita (Gigajoules),54,63,61n,Tourist/visitor arrivals at national borders (000),1 280,1 922,2 633n,Important sites for terrestrial biodiversity protected (%),36.1,36.1,36.6e,"Pop. using safely managed drinking water (urban/rural, %)",93.0 /       58.0,95.5 /       72.2,96.2 /       78.1e,Pop. using safely managed sanitation (urban/rural %),13.5 / ...,12.4 / ...,8.9 / ...e,Net Official Development Assist. disbursed (% of GNI),...,0.02,0.05r,Net Official Development Assist. received (% of GNI),0.32,0.14,0.26c,,,,,,,,,,,,
CO2 emission estimates (million tons/tons per capita),23.5 /        2.6,30.8 /        3.2,30.9 /        3.1n,"Energy production, primary (Petajoules)",2 759,2 474,2 349n,Energy supply per capita (Gigajoules),54,63,61n,Tourist/visitor arrivals at national borders (000),1 280,1 922,2 633n,Important sites for terrestrial biodiversity protected (%),36.1,36.1,36.6e,"Pop. using safely managed drinking water (urban/rural, %)",93.0 /       58.0,95.5 /       72.2,96.2 /       78.1e,Pop. using safely managed sanitation (urban/rural %),13.5 / ...,12.4 / ...,8.9 / ...e,Net Official Development Assist. disbursed (% of GNI),...,0.02,0.05r,Net Official Development Assist. received (% of GNI),0.32,0.14,0.26c,,,,,,,,,,,,,,,,
"Energy production, primary (Petajoules)",2 759,2 474,2 349n,Energy supply per capita (Gigajoules),54,63,61n,Tourist/visitor arrivals at national borders (000),1 280,1 922,2 633n,Important sites for terrestrial biodiversity protected (%),36.1,36.1,36.6e,"Pop. using safely managed drinking water (urban/rural, %)",93.0 /       58.0,95.5 /       72.2,96.2 /       78.1e,Pop. using safely managed sanitation (urban/rural %),13.5 / ...,12.4 / ...,8.9 / ...e,Net Official Development Assist. disbursed (% of GNI),...,0.02,0.05r,Net Official Development Assist. received (% of GNI),0.32,0.14,0.26c,,,,,,,,,,,,,,,,,,,,
Energy supply per capita (Gigajoules),54,63,61n,Tourist/visitor arrivals at national borders (000),1 280,1 922,2 633n,Important sites for terrestrial biodiversity protected (%),36.1,36.1,36.6e,"Pop. using safely managed drinking water (urban/rural, %)",93.0 /       58.0,95.5 /       72.2,96.2 /       78.1e,Pop. using safely managed sanitation (urban/rural %),13.5 / ...,12.4 / ...,8.9 / ...e,Net Official Development Assist. disbursed (% of GNI),...,0.02,0.05r,Net Official Development Assist. received (% of GNI),0.32,0.14,0.26c,,,,,,,,,,,,,,,,,,,,,,,,
Tourist/visitor arrivals at national borders (000),1 280,1 922,2 633n,Important sites for terrestrial biodiversity protected (%),36.1,36.1,36.6e,"Pop. using safely managed drinking water (urban/rural, %)",93.0 /       58.0,95.5 /       72.2,96.2 /       78.1e,Pop. using safely managed sanitation (urban/rural %),13.5 / ...,12.4 / ...,8.9 / ...e,Net Official Development Assist. disbursed (% of GNI),...,0.02,0.05r,Net Official Development Assist. received (% of GNI),0.32,0.14,0.26c,,,,,,,,,,,,,,,,,,,,,,,,,,,,
Important sites for terrestrial biodiversity protected (%),36.1,36.1,36.6e,"Pop. using safely managed drinking water (urban/rural, %)",93.0 /       58.0,95.5 /       72.2,96.2 /       78.1e,Pop. using safely managed sanitation (urban/rural %),13.5 / ...,12.4 / ...,8.9 / ...e,Net Official Development Assist. disbursed (% of GNI),...,0.02,0.05r,Net Official Development Assist. received (% of GNI),0.32,0.14,0.26c,,,,,,,,,,,,,,,,,,,,,,,,,,,,,,,,
"Pop. using safely managed drinking water (urban/rural, %)",93.0 /       58.0,95.5 /       72.2,96.2 /       78.1e,Pop. using safely managed sanitation (urban/rural %),13.5 / ...,12.4 / ...,8.9 / ...e,Net Official Development Assist. disbursed (% of GNI),...,0.02,0.05r,Net Official Development Assist. received (% of GNI),0.32,0.14,0.26c,,,,,,,,,,,,,,,,,,,,,,,,,,,,,,,,,,,,
Pop. using safely managed sanitation (urban/rural %),13.5 / ...,12.4 / ...,8.9 / ...e,Net Official Development Assist. disbursed (% of GNI),...,0.02,0.05r,Net Official Development Assist. received (% of GNI),0.32,0.14,0.26c,,,,,,,,,,,,,,,,,,,,,,,,,,,,,,,,,,,,,,,,
Net Official Development Assist. disbursed (% of GNI),...,0.02,0.05r,Net Official Development Assist. received (% of GNI),0.32,0.14,0.26c,,,,,,,,,,,,,,,,,,,,,,,,,,,,,,,,,,,,,,,,,,,,
Net Official Development Assist. received (% of GNI),0.32,0.14,0.26c,,,,,,,,,,,,,,,,,,,,,,,,,,,,,,,,,,,,,,,,,,,,,,,,
