0,1,2,3,4,5,6,7,8,9,10,11,12,13,14,15,16,17,18,19,20,21,22,23,24,25,26,27,28,29,30,31,32,33,34,35,36,37,38,39,40,41,42,43,44,45,46,47,48,49,50,51
,2010,2015,2021,,,,,,,,,,,,,,,,,,,,,,,,,,,,,,,,,,,,,,,,,,,,,,,,
GDP: Gross domestic product (million current US$),2 951,3 152,3 102b,"GDP growth rate (annual %, const. 2015 prices)",0.1,0.3,-3.4b,GDP per capita (current US$),19 782.2,19 718.3,18 980.0b,Economy: Agricultureg (% of Gross Value Added),0.5,0.5,0.4b,Economy: Industry (% of Gross Value Added),16.2,20.2,19.6b,Economy: Services and other activity (% of GVA),83.3,79.3,80b,Employment in agriculture (% of employed),"1.1h,i",...,...,Employment in industry (% of employed),"17.6h,i",...,...,Employment in services (% employed),"81.3h,i",...,...,Unemploymentk (% of labour force),"9.6j,l",13m,...,Labour force participation rate (female/male pop. %),53.2 /       66.5i,... / ...,... / ...,CPI: Consumer Price Indexn (2010=100),100,108,118f,"Balance of payments, current account (million US$)",...,-519,-539b
"GDP growth rate (annual %, const. 2015 prices)",0.1,0.3,-3.4b,GDP per capita (current US$),19 782.2,19 718.3,18 980.0b,Economy: Agricultureg (% of Gross Value Added),0.5,0.5,0.4b,Economy: Industry (% of Gross Value Added),16.2,20.2,19.6b,Economy: Services and other activity (% of GVA),83.3,79.3,80b,Employment in agriculture (% of employed),"1.1h,i",...,...,Employment in industry (% of employed),"17.6h,i",...,...,Employment in services (% employed),"81.3h,i",...,...,Unemploymentk (% of labour force),"9.6j,l",13m,...,Labour force participation rate (female/male pop. %),53.2 /       66.5i,... / ...,... / ...,CPI: Consumer Price Indexn (2010=100),100,108,118f,"Balance of payments, current account (million US$)",...,-519,-539b,,,,
GDP per capita (current US$),19 782.2,19 718.3,18 980.0b,Economy: Agricultureg (% of Gross Value Added),0.5,0.5,0.4b,Economy: Industry (% of Gross Value Added),16.2,20.2,19.6b,Economy: Services and other activity (% of GVA),83.3,79.3,80b,Employment in agriculture (% of employed),"1.1h,i",...,...,Employment in industry (% of employed),"17.6h,i",...,...,Employment in services (% employed),"81.3h,i",...,...,Unemploymentk (% of labour force),"9.6j,l",13m,...,Labour force participation rate (female/male pop. %),53.2 /       66.5i,... / ...,... / ...,CPI: Consumer Price Indexn (2010=100),100,108,118f,"Balance of payments, current account (million US$)",...,-519,-539b,,,,,,,,
Economy: Agricultureg (% of Gross Value Added),0.5,0.5,0.4b,Economy: Industry (% of Gross Value Added),16.2,20.2,19.6b,Economy: Services and other activity (% of GVA),83.3,79.3,80b,Employment in agriculture (% of employed),"1.1h,i",...,...,Employment in industry (% of employed),"17.6h,i",...,...,Employment in services (% employed),"81.3h,i",...,...,Unemploymentk (% of labour force),"9.6j,l",13m,...,Labour force participation rate (female/male pop. %),53.2 /       66.5i,... / ...,... / ...,CPI: Consumer Price Indexn (2010=100),100,108,118f,"Balance of payments, current account (million US$)",...,-519,-539b,,,,,,,,,,,,
Economy: Industry (% of Gross Value Added),16.2,20.2,19.6b,Economy: Services and other activity (% of GVA),83.3,79.3,80b,Employment in agriculture (% of employed),"1.1h,i",...,...,Employment in industry (% of employed),"17.6h,i",...,...,Employment in services (% employed),"81.3h,i",...,...,Unemploymentk (% of labour force),"9.6j,l",13m,...,Labour force participation rate (female/male pop. %),53.2 /       66.5i,... / ...,... / ...,CPI: Consumer Price Indexn (2010=100),100,108,118f,"Balance of payments, current account (million US$)",...,-519,-539b,,,,,,,,,,,,,,,,
Economy: Services and other activity (% of GVA),83.3,79.3,80b,Employment in agriculture (% of employed),"1.1h,i",...,...,Employment in industry (% of employed),"17.6h,i",...,...,Employment in services (% employed),"81.3h,i",...,...,Unemploymentk (% of labour force),"9.6j,l",13m,...,Labour force participation rate (female/male pop. %),53.2 /       66.5i,... / ...,... / ...,CPI: Consumer Price Indexn (2010=100),100,108,118f,"Balance of payments, current account (million US$)",...,-519,-539b,,,,,,,,,,,,,,,,,,,,
Employment in agriculture (% of employed),"1.1h,i",...,...,Employment in industry (% of employed),"17.6h,i",...,...,Employment in services (% employed),"81.3h,i",...,...,Unemploymentk (% of labour force),"9.6j,l",13m,...,Labour force participation rate (female/male pop. %),53.2 /       66.5i,... / ...,... / ...,CPI: Consumer Price Indexn (2010=100),100,108,118f,"Balance of payments, current account (million US$)",...,-519,-539b,,,,,,,,,,,,,,,,,,,,,,,,
Employment in industry (% of employed),"17.6h,i",...,...,Employment in services (% employed),"81.3h,i",...,...,Unemploymentk (% of labour force),"9.6j,l",13m,...,Labour force participation rate (female/male pop. %),53.2 /       66.5i,... / ...,... / ...,CPI: Consumer Price Indexn (2010=100),100,108,118f,"Balance of payments, current account (million US$)",...,-519,-539b,,,,,,,,,,,,,,,,,,,,,,,,,,,,
Employment in services (% employed),"81.3h,i",...,...,Unemploymentk (% of labour force),"9.6j,l",13m,...,Labour force participation rate (female/male pop. %),53.2 /       66.5i,... / ...,... / ...,CPI: Consumer Price Indexn (2010=100),100,108,118f,"Balance of payments, current account (million US$)",...,-519,-539b,,,,,,,,,,,,,,,,,,,,,,,,,,,,,,,,
Unemploymentk (% of labour force),"9.6j,l",13m,...,Labour force participation rate (female/male pop. %),53.2 /       66.5i,... / ...,... / ...,CPI: Consumer Price Indexn (2010=100),100,108,118f,"Balance of payments, current account (million US$)",...,-519,-539b,,,,,,,,,,,,,,,,,,,,,,,,,,,,,,,,,,,,
Labour force participation rate (female/male pop. %),53.2 /       66.5i,... / ...,... / ...,CPI: Consumer Price Indexn (2010=100),100,108,118f,"Balance of payments, current account (million US$)",...,-519,-539b,,,,,,,,,,,,,,,,,,,,,,,,,,,,,,,,,,,,,,,,
CPI: Consumer Price Indexn (2010=100),100,108,118f,"Balance of payments, current account (million US$)",...,-519,-539b,,,,,,,,,,,,,,,,,,,,,,,,,,,,,,,,,,,,,,,,,,,,
"Balance of payments, current account (million US$)",...,-519,-539b,,,,,,,,,,,,,,,,,,,,,,,,,,,,,,,,,,,,,,,,,,,,,,,,
