0,1,2,3,4,5,6,7,8,9,10,11,12,13,14,15,16,17,18,19,20,21,22,23,24,25,26,27,28,29,30,31,32,33,34,35,36,37,38,39,40,41,42,43,44,45,46,47,48,49,50,51,52,53,54,55
,2010,2015,2021,,,,,,,,,,,,,,,,,,,,,,,,,,,,,,,,,,,,,,,,,,,,,,,,,,,,
Population growth rateo (average annual %),2.7,1.4,0.5f,Urban population (% of total population),89.9,89.4,89.1b,Urban population growth rateo (average annual %),2.5,1.2,...,"Fertility rate, totalo (live births per woman)",2.2,2.1,1.8f,"Life expectancy at birtho (females/males, years)",79.4 /       72.6,80.7 /       74.5,81.4 /       75.5f,"Population age distribution (0-14/60+ years old, %)",20.7 /       18.6,19.8 /       21.6,17.8 /       25.2a,International migrant stockp (000/% of total pop.),34.6 /       23.2,37.6 /       23.5,57.2 /       34.9f,Refugees and others of concern to UNHCR (000),~0.0q,0.1,17.1f,Infant mortality rateo (per 1 000 live births),13,10.3,9f,Education: Government expenditure (% of GDP),...,4.9m,...,Education: Primary gross enrol. ratio (f/m per 100 pop.),... / ...,157.7 /      164.2m,... / ...,Education: Secondary gross enrol. ratio (f/m per 100 pop.),... / ...,90.8 /       83.8m,... / ...,Education: Upper secondary gross enrol. ratio (f/m per 100 pop.),... / ...,86.1 /       76.8m,... / ...,Intentional homicide rate (per 100 000 pop.),19r,...,...
Urban population (% of total population),89.9,89.4,89.1b,Urban population growth rateo (average annual %),2.5,1.2,...,"Fertility rate, totalo (live births per woman)",2.2,2.1,1.8f,"Life expectancy at birtho (females/males, years)",79.4 /       72.6,80.7 /       74.5,81.4 /       75.5f,"Population age distribution (0-14/60+ years old, %)",20.7 /       18.6,19.8 /       21.6,17.8 /       25.2a,International migrant stockp (000/% of total pop.),34.6 /       23.2,37.6 /       23.5,57.2 /       34.9f,Refugees and others of concern to UNHCR (000),~0.0q,0.1,17.1f,Infant mortality rateo (per 1 000 live births),13,10.3,9f,Education: Government expenditure (% of GDP),...,4.9m,...,Education: Primary gross enrol. ratio (f/m per 100 pop.),... / ...,157.7 /      164.2m,... / ...,Education: Secondary gross enrol. ratio (f/m per 100 pop.),... / ...,90.8 /       83.8m,... / ...,Education: Upper secondary gross enrol. ratio (f/m per 100 pop.),... / ...,86.1 /       76.8m,... / ...,Intentional homicide rate (per 100 000 pop.),19r,...,...,,,,
Urban population growth rateo (average annual %),2.5,1.2,...,"Fertility rate, totalo (live births per woman)",2.2,2.1,1.8f,"Life expectancy at birtho (females/males, years)",79.4 /       72.6,80.7 /       74.5,81.4 /       75.5f,"Population age distribution (0-14/60+ years old, %)",20.7 /       18.6,19.8 /       21.6,17.8 /       25.2a,International migrant stockp (000/% of total pop.),34.6 /       23.2,37.6 /       23.5,57.2 /       34.9f,Refugees and others of concern to UNHCR (000),~0.0q,0.1,17.1f,Infant mortality rateo (per 1 000 live births),13,10.3,9f,Education: Government expenditure (% of GDP),...,4.9m,...,Education: Primary gross enrol. ratio (f/m per 100 pop.),... / ...,157.7 /      164.2m,... / ...,Education: Secondary gross enrol. ratio (f/m per 100 pop.),... / ...,90.8 /       83.8m,... / ...,Education: Upper secondary gross enrol. ratio (f/m per 100 pop.),... / ...,86.1 /       76.8m,... / ...,Intentional homicide rate (per 100 000 pop.),19r,...,...,,,,,,,,
"Fertility rate, totalo (live births per woman)",2.2,2.1,1.8f,"Life expectancy at birtho (females/males, years)",79.4 /       72.6,80.7 /       74.5,81.4 /       75.5f,"Population age distribution (0-14/60+ years old, %)",20.7 /       18.6,19.8 /       21.6,17.8 /       25.2a,International migrant stockp (000/% of total pop.),34.6 /       23.2,37.6 /       23.5,57.2 /       34.9f,Refugees and others of concern to UNHCR (000),~0.0q,0.1,17.1f,Infant mortality rateo (per 1 000 live births),13,10.3,9f,Education: Government expenditure (% of GDP),...,4.9m,...,Education: Primary gross enrol. ratio (f/m per 100 pop.),... / ...,157.7 /      164.2m,... / ...,Education: Secondary gross enrol. ratio (f/m per 100 pop.),... / ...,90.8 /       83.8m,... / ...,Education: Upper secondary gross enrol. ratio (f/m per 100 pop.),... / ...,86.1 /       76.8m,... / ...,Intentional homicide rate (per 100 000 pop.),19r,...,...,,,,,,,,,,,,
"Life expectancy at birtho (females/males, years)",79.4 /       72.6,80.7 /       74.5,81.4 /       75.5f,"Population age distribution (0-14/60+ years old, %)",20.7 /       18.6,19.8 /       21.6,17.8 /       25.2a,International migrant stockp (000/% of total pop.),34.6 /       23.2,37.6 /       23.5,57.2 /       34.9f,Refugees and others of concern to UNHCR (000),~0.0q,0.1,17.1f,Infant mortality rateo (per 1 000 live births),13,10.3,9f,Education: Government expenditure (% of GDP),...,4.9m,...,Education: Primary gross enrol. ratio (f/m per 100 pop.),... / ...,157.7 /      164.2m,... / ...,Education: Secondary gross enrol. ratio (f/m per 100 pop.),... / ...,90.8 /       83.8m,... / ...,Education: Upper secondary gross enrol. ratio (f/m per 100 pop.),... / ...,86.1 /       76.8m,... / ...,Intentional homicide rate (per 100 000 pop.),19r,...,...,,,,,,,,,,,,,,,,
"Population age distribution (0-14/60+ years old, %)",20.7 /       18.6,19.8 /       21.6,17.8 /       25.2a,International migrant stockp (000/% of total pop.),34.6 /       23.2,37.6 /       23.5,57.2 /       34.9f,Refugees and others of concern to UNHCR (000),~0.0q,0.1,17.1f,Infant mortality rateo (per 1 000 live births),13,10.3,9f,Education: Government expenditure (% of GDP),...,4.9m,...,Education: Primary gross enrol. ratio (f/m per 100 pop.),... / ...,157.7 /      164.2m,... / ...,Education: Secondary gross enrol. ratio (f/m per 100 pop.),... / ...,90.8 /       83.8m,... / ...,Education: Upper secondary gross enrol. ratio (f/m per 100 pop.),... / ...,86.1 /       76.8m,... / ...,Intentional homicide rate (per 100 000 pop.),19r,...,...,,,,,,,,,,,,,,,,,,,,
International migrant stockp (000/% of total pop.),34.6 /       23.2,37.6 /       23.5,57.2 /       34.9f,Refugees and others of concern to UNHCR (000),~0.0q,0.1,17.1f,Infant mortality rateo (per 1 000 live births),13,10.3,9f,Education: Government expenditure (% of GDP),...,4.9m,...,Education: Primary gross enrol. ratio (f/m per 100 pop.),... / ...,157.7 /      164.2m,... / ...,Education: Secondary gross enrol. ratio (f/m per 100 pop.),... / ...,90.8 /       83.8m,... / ...,Education: Upper secondary gross enrol. ratio (f/m per 100 pop.),... / ...,86.1 /       76.8m,... / ...,Intentional homicide rate (per 100 000 pop.),19r,...,...,,,,,,,,,,,,,,,,,,,,,,,,
Refugees and others of concern to UNHCR (000),~0.0q,0.1,17.1f,Infant mortality rateo (per 1 000 live births),13,10.3,9f,Education: Government expenditure (% of GDP),...,4.9m,...,Education: Primary gross enrol. ratio (f/m per 100 pop.),... / ...,157.7 /      164.2m,... / ...,Education: Secondary gross enrol. ratio (f/m per 100 pop.),... / ...,90.8 /       83.8m,... / ...,Education: Upper secondary gross enrol. ratio (f/m per 100 pop.),... / ...,86.1 /       76.8m,... / ...,Intentional homicide rate (per 100 000 pop.),19r,...,...,,,,,,,,,,,,,,,,,,,,,,,,,,,,
Infant mortality rateo (per 1 000 live births),13,10.3,9f,Education: Government expenditure (% of GDP),...,4.9m,...,Education: Primary gross enrol. ratio (f/m per 100 pop.),... / ...,157.7 /      164.2m,... / ...,Education: Secondary gross enrol. ratio (f/m per 100 pop.),... / ...,90.8 /       83.8m,... / ...,Education: Upper secondary gross enrol. ratio (f/m per 100 pop.),... / ...,86.1 /       76.8m,... / ...,Intentional homicide rate (per 100 000 pop.),19r,...,...,,,,,,,,,,,,,,,,,,,,,,,,,,,,,,,,
Education: Government expenditure (% of GDP),...,4.9m,...,Education: Primary gross enrol. ratio (f/m per 100 pop.),... / ...,157.7 /      164.2m,... / ...,Education: Secondary gross enrol. ratio (f/m per 100 pop.),... / ...,90.8 /       83.8m,... / ...,Education: Upper secondary gross enrol. ratio (f/m per 100 pop.),... / ...,86.1 /       76.8m,... / ...,Intentional homicide rate (per 100 000 pop.),19r,...,...,,,,,,,,,,,,,,,,,,,,,,,,,,,,,,,,,,,,
Education: Primary gross enrol. ratio (f/m per 100 pop.),... / ...,157.7 /      164.2m,... / ...,Education: Secondary gross enrol. ratio (f/m per 100 pop.),... / ...,90.8 /       83.8m,... / ...,Education: Upper secondary gross enrol. ratio (f/m per 100 pop.),... / ...,86.1 /       76.8m,... / ...,Intentional homicide rate (per 100 000 pop.),19r,...,...,,,,,,,,,,,,,,,,,,,,,,,,,,,,,,,,,,,,,,,,
Education: Secondary gross enrol. ratio (f/m per 100 pop.),... / ...,90.8 /       83.8m,... / ...,Education: Upper secondary gross enrol. ratio (f/m per 100 pop.),... / ...,86.1 /       76.8m,... / ...,Intentional homicide rate (per 100 000 pop.),19r,...,...,,,,,,,,,,,,,,,,,,,,,,,,,,,,,,,,,,,,,,,,,,,,
Education: Upper secondary gross enrol. ratio (f/m per 100 pop.),... / ...,86.1 /       76.8m,... / ...,Intentional homicide rate (per 100 000 pop.),19r,...,...,,,,,,,,,,,,,,,,,,,,,,,,,,,,,,,,,,,,,,,,,,,,,,,,
Intentional homicide rate (per 100 000 pop.),19r,...,...,,,,,,,,,,,,,,,,,,,,,,,,,,,,,,,,,,,,,,,,,,,,,,,,,,,,
