0,1,2,3,4,5,6,7,8,9,10,11,12,13,14,15,16,17,18,19,20,21,22,23,24,25,26,27,28,29,30,31,32,33,34,35,36,37,38,39,40,41,42,43,44,45,46,47,48,49,50,51,52,53,54,55,56,57,58,59,60,61,62,63,64,65,66,67
,2010,2015,2021,,,,,,,,,,,,,,,,,,,,,,,,,,,,,,,,,,,,,,,,,,,,,,,,,,,,,,,,,,,,,,,,
GDP: Gross domestic product (million current US$),480 952,462 150,533 097b,"GDP growth rate (annual %, const. 2015 prices)",2.9,2,1.7b,GDP per capita (current US$),43 967.7,40 941.9,46 198.3b,Economy: Agriculturee (% of Gross Value Added),0.9,0.8,0.7b,"Economy: Industryf,g (% of Gross Value Added)",23.4,22,21.4b,Economy: Services and other activityh (% of GVA),75.7,77.3,77.9b,Employment in agriculture (% of employed),1.4,1.2,"0.9i,d",Employment in industry (% of employed),23.4,21.4,"20.6i,d",Employment in services (% employed),75.3,77.4,"78.4i,d",Unemploymenti (% of labour force),8.3,8.5,5.7d,Labour force participation ratei (female/male pop. %),47.5 /       60.8,48.0 /       59.1,48.5 /       58.4d,CPI: Consumer Price Index (2010=100),100j,109j,118d,Agricultural production index (2014-2016=100),96,101,102b,International trade: exports (million current US$),407 596,397 739,298 313d,International trade: imports (million current US$),391 256,371 025,301 292d,International trade: balance (million current US$),16 340,26 714,- 2 979d,"Balance of payments, current account (million US$)",7 338,6 363,-933d
"GDP growth rate (annual %, const. 2015 prices)",2.9,2,1.7b,GDP per capita (current US$),43 967.7,40 941.9,46 198.3b,Economy: Agriculturee (% of Gross Value Added),0.9,0.8,0.7b,"Economy: Industryf,g (% of Gross Value Added)",23.4,22,21.4b,Economy: Services and other activityh (% of GVA),75.7,77.3,77.9b,Employment in agriculture (% of employed),1.4,1.2,"0.9i,d",Employment in industry (% of employed),23.4,21.4,"20.6i,d",Employment in services (% employed),75.3,77.4,"78.4i,d",Unemploymenti (% of labour force),8.3,8.5,5.7d,Labour force participation ratei (female/male pop. %),47.5 /       60.8,48.0 /       59.1,48.5 /       58.4d,CPI: Consumer Price Index (2010=100),100j,109j,118d,Agricultural production index (2014-2016=100),96,101,102b,International trade: exports (million current US$),407 596,397 739,298 313d,International trade: imports (million current US$),391 256,371 025,301 292d,International trade: balance (million current US$),16 340,26 714,- 2 979d,"Balance of payments, current account (million US$)",7 338,6 363,-933d,,,,
GDP per capita (current US$),43 967.7,40 941.9,46 198.3b,Economy: Agriculturee (% of Gross Value Added),0.9,0.8,0.7b,"Economy: Industryf,g (% of Gross Value Added)",23.4,22,21.4b,Economy: Services and other activityh (% of GVA),75.7,77.3,77.9b,Employment in agriculture (% of employed),1.4,1.2,"0.9i,d",Employment in industry (% of employed),23.4,21.4,"20.6i,d",Employment in services (% employed),75.3,77.4,"78.4i,d",Unemploymenti (% of labour force),8.3,8.5,5.7d,Labour force participation ratei (female/male pop. %),47.5 /       60.8,48.0 /       59.1,48.5 /       58.4d,CPI: Consumer Price Index (2010=100),100j,109j,118d,Agricultural production index (2014-2016=100),96,101,102b,International trade: exports (million current US$),407 596,397 739,298 313d,International trade: imports (million current US$),391 256,371 025,301 292d,International trade: balance (million current US$),16 340,26 714,- 2 979d,"Balance of payments, current account (million US$)",7 338,6 363,-933d,,,,,,,,
Economy: Agriculturee (% of Gross Value Added),0.9,0.8,0.7b,"Economy: Industryf,g (% of Gross Value Added)",23.4,22,21.4b,Economy: Services and other activityh (% of GVA),75.7,77.3,77.9b,Employment in agriculture (% of employed),1.4,1.2,"0.9i,d",Employment in industry (% of employed),23.4,21.4,"20.6i,d",Employment in services (% employed),75.3,77.4,"78.4i,d",Unemploymenti (% of labour force),8.3,8.5,5.7d,Labour force participation ratei (female/male pop. %),47.5 /       60.8,48.0 /       59.1,48.5 /       58.4d,CPI: Consumer Price Index (2010=100),100j,109j,118d,Agricultural production index (2014-2016=100),96,101,102b,International trade: exports (million current US$),407 596,397 739,298 313d,International trade: imports (million current US$),391 256,371 025,301 292d,International trade: balance (million current US$),16 340,26 714,- 2 979d,"Balance of payments, current account (million US$)",7 338,6 363,-933d,,,,,,,,,,,,
"Economy: Industryf,g (% of Gross Value Added)",23.4,22,21.4b,Economy: Services and other activityh (% of GVA),75.7,77.3,77.9b,Employment in agriculture (% of employed),1.4,1.2,"0.9i,d",Employment in industry (% of employed),23.4,21.4,"20.6i,d",Employment in services (% employed),75.3,77.4,"78.4i,d",Unemploymenti (% of labour force),8.3,8.5,5.7d,Labour force participation ratei (female/male pop. %),47.5 /       60.8,48.0 /       59.1,48.5 /       58.4d,CPI: Consumer Price Index (2010=100),100j,109j,118d,Agricultural production index (2014-2016=100),96,101,102b,International trade: exports (million current US$),407 596,397 739,298 313d,International trade: imports (million current US$),391 256,371 025,301 292d,International trade: balance (million current US$),16 340,26 714,- 2 979d,"Balance of payments, current account (million US$)",7 338,6 363,-933d,,,,,,,,,,,,,,,,
Economy: Services and other activityh (% of GVA),75.7,77.3,77.9b,Employment in agriculture (% of employed),1.4,1.2,"0.9i,d",Employment in industry (% of employed),23.4,21.4,"20.6i,d",Employment in services (% employed),75.3,77.4,"78.4i,d",Unemploymenti (% of labour force),8.3,8.5,5.7d,Labour force participation ratei (female/male pop. %),47.5 /       60.8,48.0 /       59.1,48.5 /       58.4d,CPI: Consumer Price Index (2010=100),100j,109j,118d,Agricultural production index (2014-2016=100),96,101,102b,International trade: exports (million current US$),407 596,397 739,298 313d,International trade: imports (million current US$),391 256,371 025,301 292d,International trade: balance (million current US$),16 340,26 714,- 2 979d,"Balance of payments, current account (million US$)",7 338,6 363,-933d,,,,,,,,,,,,,,,,,,,,
Employment in agriculture (% of employed),1.4,1.2,"0.9i,d",Employment in industry (% of employed),23.4,21.4,"20.6i,d",Employment in services (% employed),75.3,77.4,"78.4i,d",Unemploymenti (% of labour force),8.3,8.5,5.7d,Labour force participation ratei (female/male pop. %),47.5 /       60.8,48.0 /       59.1,48.5 /       58.4d,CPI: Consumer Price Index (2010=100),100j,109j,118d,Agricultural production index (2014-2016=100),96,101,102b,International trade: exports (million current US$),407 596,397 739,298 313d,International trade: imports (million current US$),391 256,371 025,301 292d,International trade: balance (million current US$),16 340,26 714,- 2 979d,"Balance of payments, current account (million US$)",7 338,6 363,-933d,,,,,,,,,,,,,,,,,,,,,,,,
Employment in industry (% of employed),23.4,21.4,"20.6i,d",Employment in services (% employed),75.3,77.4,"78.4i,d",Unemploymenti (% of labour force),8.3,8.5,5.7d,Labour force participation ratei (female/male pop. %),47.5 /       60.8,48.0 /       59.1,48.5 /       58.4d,CPI: Consumer Price Index (2010=100),100j,109j,118d,Agricultural production index (2014-2016=100),96,101,102b,International trade: exports (million current US$),407 596,397 739,298 313d,International trade: imports (million current US$),391 256,371 025,301 292d,International trade: balance (million current US$),16 340,26 714,- 2 979d,"Balance of payments, current account (million US$)",7 338,6 363,-933d,,,,,,,,,,,,,,,,,,,,,,,,,,,,
Employment in services (% employed),75.3,77.4,"78.4i,d",Unemploymenti (% of labour force),8.3,8.5,5.7d,Labour force participation ratei (female/male pop. %),47.5 /       60.8,48.0 /       59.1,48.5 /       58.4d,CPI: Consumer Price Index (2010=100),100j,109j,118d,Agricultural production index (2014-2016=100),96,101,102b,International trade: exports (million current US$),407 596,397 739,298 313d,International trade: imports (million current US$),391 256,371 025,301 292d,International trade: balance (million current US$),16 340,26 714,- 2 979d,"Balance of payments, current account (million US$)",7 338,6 363,-933d,,,,,,,,,,,,,,,,,,,,,,,,,,,,,,,,
Unemploymenti (% of labour force),8.3,8.5,5.7d,Labour force participation ratei (female/male pop. %),47.5 /       60.8,48.0 /       59.1,48.5 /       58.4d,CPI: Consumer Price Index (2010=100),100j,109j,118d,Agricultural production index (2014-2016=100),96,101,102b,International trade: exports (million current US$),407 596,397 739,298 313d,International trade: imports (million current US$),391 256,371 025,301 292d,International trade: balance (million current US$),16 340,26 714,- 2 979d,"Balance of payments, current account (million US$)",7 338,6 363,-933d,,,,,,,,,,,,,,,,,,,,,,,,,,,,,,,,,,,,
Labour force participation ratei (female/male pop. %),47.5 /       60.8,48.0 /       59.1,48.5 /       58.4d,CPI: Consumer Price Index (2010=100),100j,109j,118d,Agricultural production index (2014-2016=100),96,101,102b,International trade: exports (million current US$),407 596,397 739,298 313d,International trade: imports (million current US$),391 256,371 025,301 292d,International trade: balance (million current US$),16 340,26 714,- 2 979d,"Balance of payments, current account (million US$)",7 338,6 363,-933d,,,,,,,,,,,,,,,,,,,,,,,,,,,,,,,,,,,,,,,,
CPI: Consumer Price Index (2010=100),100j,109j,118d,Agricultural production index (2014-2016=100),96,101,102b,International trade: exports (million current US$),407 596,397 739,298 313d,International trade: imports (million current US$),391 256,371 025,301 292d,International trade: balance (million current US$),16 340,26 714,- 2 979d,"Balance of payments, current account (million US$)",7 338,6 363,-933d,,,,,,,,,,,,,,,,,,,,,,,,,,,,,,,,,,,,,,,,,,,,
Agricultural production index (2014-2016=100),96,101,102b,International trade: exports (million current US$),407 596,397 739,298 313d,International trade: imports (million current US$),391 256,371 025,301 292d,International trade: balance (million current US$),16 340,26 714,- 2 979d,"Balance of payments, current account (million US$)",7 338,6 363,-933d,,,,,,,,,,,,,,,,,,,,,,,,,,,,,,,,,,,,,,,,,,,,,,,,
International trade: exports (million current US$),407 596,397 739,298 313d,International trade: imports (million current US$),391 256,371 025,301 292d,International trade: balance (million current US$),16 340,26 714,- 2 979d,"Balance of payments, current account (million US$)",7 338,6 363,-933d,,,,,,,,,,,,,,,,,,,,,,,,,,,,,,,,,,,,,,,,,,,,,,,,,,,,
International trade: imports (million current US$),391 256,371 025,301 292d,International trade: balance (million current US$),16 340,26 714,- 2 979d,"Balance of payments, current account (million US$)",7 338,6 363,-933d,,,,,,,,,,,,,,,,,,,,,,,,,,,,,,,,,,,,,,,,,,,,,,,,,,,,,,,,
International trade: balance (million current US$),16 340,26 714,- 2 979d,"Balance of payments, current account (million US$)",7 338,6 363,-933d,,,,,,,,,,,,,,,,,,,,,,,,,,,,,,,,,,,,,,,,,,,,,,,,,,,,,,,,,,,,
"Balance of payments, current account (million US$)",7 338,6 363,-933d,,,,,,,,,,,,,,,,,,,,,,,,,,,,,,,,,,,,,,,,,,,,,,,,,,,,,,,,,,,,,,,,
