0,1,2,3,4,5,6,7,8,9,10,11,12,13,14,15,16,17,18,19,20,21,22,23,24,25,26,27,28,29,30,31,32,33,34,35,36,37,38,39,40,41,42,43,44,45,46,47,48,49,50,51,52,53,54,55,56,57,58,59,60,61,62,63,64,65,66,67
,2010,2015,2021,,,,,,,,,,,,,,,,,,,,,,,,,,,,,,,,,,,,,,,,,,,,,,,,,,,,,,,,,,,,,,,,
Population growth ratek (average annual %),0.7,0.6,0.5d,Urban population (% of total population),97.7,97.9,98b,Urban population growth ratek (average annual %),0.8,0.7,...,"Fertility rate, totalk (live births per woman)",1.8,1.8,1.7d,"Life expectancy at birthk (females/males, years)",82.3 /       76.8,83.0 /       78.0,83.7 /       79.0d,"Population age distribution (0-14/60+ years old, %)",16.9 /       23.2,17.0 /       24.0,17.0 /       26.0a,International migrant stock (000/% of total pop.),1 503.8 /       13.7,1 783.5 /       15.8,2 005.5 /       17.3d,Refugees and others of concern to UNHCR (000),36.9l,45.8,98.2d,Infant mortality ratek (per 1 000 live births),3.8,3.5,2.8d,Health: Current expenditure (% of GDP),10.2,10.4,10.3m,Health: Physicians (per 1 000 pop.),2.9,3,6b,Education: Government expenditure (% of GDP),6.4,6.5,6.4n,Education: Primary gross enrol. ratio (f/m per 100 pop.),101.8 /      102.0,103.1 /      103.2,103.6 /      103.1m,Education: Secondary gross enrol. ratio (f/m per 100 pop.),167.3 /      146.9,174.7 /      153.6,165.3 /      147.1m,Education: Upper secondary gross enrol. ratio (f/m per 100 pop.),180.6 /      152.6,168.7 /      142.8,161.8 /      138.2m,Intentional homicide rate (per 100 000 pop.),1.7,2,1.7n,Seats held by women in national parliaments (%),38,39.3,42o
Urban population (% of total population),97.7,97.9,98b,Urban population growth ratek (average annual %),0.8,0.7,...,"Fertility rate, totalk (live births per woman)",1.8,1.8,1.7d,"Life expectancy at birthk (females/males, years)",82.3 /       76.8,83.0 /       78.0,83.7 /       79.0d,"Population age distribution (0-14/60+ years old, %)",16.9 /       23.2,17.0 /       24.0,17.0 /       26.0a,International migrant stock (000/% of total pop.),1 503.8 /       13.7,1 783.5 /       15.8,2 005.5 /       17.3d,Refugees and others of concern to UNHCR (000),36.9l,45.8,98.2d,Infant mortality ratek (per 1 000 live births),3.8,3.5,2.8d,Health: Current expenditure (% of GDP),10.2,10.4,10.3m,Health: Physicians (per 1 000 pop.),2.9,3,6b,Education: Government expenditure (% of GDP),6.4,6.5,6.4n,Education: Primary gross enrol. ratio (f/m per 100 pop.),101.8 /      102.0,103.1 /      103.2,103.6 /      103.1m,Education: Secondary gross enrol. ratio (f/m per 100 pop.),167.3 /      146.9,174.7 /      153.6,165.3 /      147.1m,Education: Upper secondary gross enrol. ratio (f/m per 100 pop.),180.6 /      152.6,168.7 /      142.8,161.8 /      138.2m,Intentional homicide rate (per 100 000 pop.),1.7,2,1.7n,Seats held by women in national parliaments (%),38,39.3,42o,,,,
Urban population growth ratek (average annual %),0.8,0.7,...,"Fertility rate, totalk (live births per woman)",1.8,1.8,1.7d,"Life expectancy at birthk (females/males, years)",82.3 /       76.8,83.0 /       78.0,83.7 /       79.0d,"Population age distribution (0-14/60+ years old, %)",16.9 /       23.2,17.0 /       24.0,17.0 /       26.0a,International migrant stock (000/% of total pop.),1 503.8 /       13.7,1 783.5 /       15.8,2 005.5 /       17.3d,Refugees and others of concern to UNHCR (000),36.9l,45.8,98.2d,Infant mortality ratek (per 1 000 live births),3.8,3.5,2.8d,Health: Current expenditure (% of GDP),10.2,10.4,10.3m,Health: Physicians (per 1 000 pop.),2.9,3,6b,Education: Government expenditure (% of GDP),6.4,6.5,6.4n,Education: Primary gross enrol. ratio (f/m per 100 pop.),101.8 /      102.0,103.1 /      103.2,103.6 /      103.1m,Education: Secondary gross enrol. ratio (f/m per 100 pop.),167.3 /      146.9,174.7 /      153.6,165.3 /      147.1m,Education: Upper secondary gross enrol. ratio (f/m per 100 pop.),180.6 /      152.6,168.7 /      142.8,161.8 /      138.2m,Intentional homicide rate (per 100 000 pop.),1.7,2,1.7n,Seats held by women in national parliaments (%),38,39.3,42o,,,,,,,,
"Fertility rate, totalk (live births per woman)",1.8,1.8,1.7d,"Life expectancy at birthk (females/males, years)",82.3 /       76.8,83.0 /       78.0,83.7 /       79.0d,"Population age distribution (0-14/60+ years old, %)",16.9 /       23.2,17.0 /       24.0,17.0 /       26.0a,International migrant stock (000/% of total pop.),1 503.8 /       13.7,1 783.5 /       15.8,2 005.5 /       17.3d,Refugees and others of concern to UNHCR (000),36.9l,45.8,98.2d,Infant mortality ratek (per 1 000 live births),3.8,3.5,2.8d,Health: Current expenditure (% of GDP),10.2,10.4,10.3m,Health: Physicians (per 1 000 pop.),2.9,3,6b,Education: Government expenditure (% of GDP),6.4,6.5,6.4n,Education: Primary gross enrol. ratio (f/m per 100 pop.),101.8 /      102.0,103.1 /      103.2,103.6 /      103.1m,Education: Secondary gross enrol. ratio (f/m per 100 pop.),167.3 /      146.9,174.7 /      153.6,165.3 /      147.1m,Education: Upper secondary gross enrol. ratio (f/m per 100 pop.),180.6 /      152.6,168.7 /      142.8,161.8 /      138.2m,Intentional homicide rate (per 100 000 pop.),1.7,2,1.7n,Seats held by women in national parliaments (%),38,39.3,42o,,,,,,,,,,,,
"Life expectancy at birthk (females/males, years)",82.3 /       76.8,83.0 /       78.0,83.7 /       79.0d,"Population age distribution (0-14/60+ years old, %)",16.9 /       23.2,17.0 /       24.0,17.0 /       26.0a,International migrant stock (000/% of total pop.),1 503.8 /       13.7,1 783.5 /       15.8,2 005.5 /       17.3d,Refugees and others of concern to UNHCR (000),36.9l,45.8,98.2d,Infant mortality ratek (per 1 000 live births),3.8,3.5,2.8d,Health: Current expenditure (% of GDP),10.2,10.4,10.3m,Health: Physicians (per 1 000 pop.),2.9,3,6b,Education: Government expenditure (% of GDP),6.4,6.5,6.4n,Education: Primary gross enrol. ratio (f/m per 100 pop.),101.8 /      102.0,103.1 /      103.2,103.6 /      103.1m,Education: Secondary gross enrol. ratio (f/m per 100 pop.),167.3 /      146.9,174.7 /      153.6,165.3 /      147.1m,Education: Upper secondary gross enrol. ratio (f/m per 100 pop.),180.6 /      152.6,168.7 /      142.8,161.8 /      138.2m,Intentional homicide rate (per 100 000 pop.),1.7,2,1.7n,Seats held by women in national parliaments (%),38,39.3,42o,,,,,,,,,,,,,,,,
"Population age distribution (0-14/60+ years old, %)",16.9 /       23.2,17.0 /       24.0,17.0 /       26.0a,International migrant stock (000/% of total pop.),1 503.8 /       13.7,1 783.5 /       15.8,2 005.5 /       17.3d,Refugees and others of concern to UNHCR (000),36.9l,45.8,98.2d,Infant mortality ratek (per 1 000 live births),3.8,3.5,2.8d,Health: Current expenditure (% of GDP),10.2,10.4,10.3m,Health: Physicians (per 1 000 pop.),2.9,3,6b,Education: Government expenditure (% of GDP),6.4,6.5,6.4n,Education: Primary gross enrol. ratio (f/m per 100 pop.),101.8 /      102.0,103.1 /      103.2,103.6 /      103.1m,Education: Secondary gross enrol. ratio (f/m per 100 pop.),167.3 /      146.9,174.7 /      153.6,165.3 /      147.1m,Education: Upper secondary gross enrol. ratio (f/m per 100 pop.),180.6 /      152.6,168.7 /      142.8,161.8 /      138.2m,Intentional homicide rate (per 100 000 pop.),1.7,2,1.7n,Seats held by women in national parliaments (%),38,39.3,42o,,,,,,,,,,,,,,,,,,,,
International migrant stock (000/% of total pop.),1 503.8 /       13.7,1 783.5 /       15.8,2 005.5 /       17.3d,Refugees and others of concern to UNHCR (000),36.9l,45.8,98.2d,Infant mortality ratek (per 1 000 live births),3.8,3.5,2.8d,Health: Current expenditure (% of GDP),10.2,10.4,10.3m,Health: Physicians (per 1 000 pop.),2.9,3,6b,Education: Government expenditure (% of GDP),6.4,6.5,6.4n,Education: Primary gross enrol. ratio (f/m per 100 pop.),101.8 /      102.0,103.1 /      103.2,103.6 /      103.1m,Education: Secondary gross enrol. ratio (f/m per 100 pop.),167.3 /      146.9,174.7 /      153.6,165.3 /      147.1m,Education: Upper secondary gross enrol. ratio (f/m per 100 pop.),180.6 /      152.6,168.7 /      142.8,161.8 /      138.2m,Intentional homicide rate (per 100 000 pop.),1.7,2,1.7n,Seats held by women in national parliaments (%),38,39.3,42o,,,,,,,,,,,,,,,,,,,,,,,,
Refugees and others of concern to UNHCR (000),36.9l,45.8,98.2d,Infant mortality ratek (per 1 000 live births),3.8,3.5,2.8d,Health: Current expenditure (% of GDP),10.2,10.4,10.3m,Health: Physicians (per 1 000 pop.),2.9,3,6b,Education: Government expenditure (% of GDP),6.4,6.5,6.4n,Education: Primary gross enrol. ratio (f/m per 100 pop.),101.8 /      102.0,103.1 /      103.2,103.6 /      103.1m,Education: Secondary gross enrol. ratio (f/m per 100 pop.),167.3 /      146.9,174.7 /      153.6,165.3 /      147.1m,Education: Upper secondary gross enrol. ratio (f/m per 100 pop.),180.6 /      152.6,168.7 /      142.8,161.8 /      138.2m,Intentional homicide rate (per 100 000 pop.),1.7,2,1.7n,Seats held by women in national parliaments (%),38,39.3,42o,,,,,,,,,,,,,,,,,,,,,,,,,,,,
Infant mortality ratek (per 1 000 live births),3.8,3.5,2.8d,Health: Current expenditure (% of GDP),10.2,10.4,10.3m,Health: Physicians (per 1 000 pop.),2.9,3,6b,Education: Government expenditure (% of GDP),6.4,6.5,6.4n,Education: Primary gross enrol. ratio (f/m per 100 pop.),101.8 /      102.0,103.1 /      103.2,103.6 /      103.1m,Education: Secondary gross enrol. ratio (f/m per 100 pop.),167.3 /      146.9,174.7 /      153.6,165.3 /      147.1m,Education: Upper secondary gross enrol. ratio (f/m per 100 pop.),180.6 /      152.6,168.7 /      142.8,161.8 /      138.2m,Intentional homicide rate (per 100 000 pop.),1.7,2,1.7n,Seats held by women in national parliaments (%),38,39.3,42o,,,,,,,,,,,,,,,,,,,,,,,,,,,,,,,,
Health: Current expenditure (% of GDP),10.2,10.4,10.3m,Health: Physicians (per 1 000 pop.),2.9,3,6b,Education: Government expenditure (% of GDP),6.4,6.5,6.4n,Education: Primary gross enrol. ratio (f/m per 100 pop.),101.8 /      102.0,103.1 /      103.2,103.6 /      103.1m,Education: Secondary gross enrol. ratio (f/m per 100 pop.),167.3 /      146.9,174.7 /      153.6,165.3 /      147.1m,Education: Upper secondary gross enrol. ratio (f/m per 100 pop.),180.6 /      152.6,168.7 /      142.8,161.8 /      138.2m,Intentional homicide rate (per 100 000 pop.),1.7,2,1.7n,Seats held by women in national parliaments (%),38,39.3,42o,,,,,,,,,,,,,,,,,,,,,,,,,,,,,,,,,,,,
Health: Physicians (per 1 000 pop.),2.9,3,6b,Education: Government expenditure (% of GDP),6.4,6.5,6.4n,Education: Primary gross enrol. ratio (f/m per 100 pop.),101.8 /      102.0,103.1 /      103.2,103.6 /      103.1m,Education: Secondary gross enrol. ratio (f/m per 100 pop.),167.3 /      146.9,174.7 /      153.6,165.3 /      147.1m,Education: Upper secondary gross enrol. ratio (f/m per 100 pop.),180.6 /      152.6,168.7 /      142.8,161.8 /      138.2m,Intentional homicide rate (per 100 000 pop.),1.7,2,1.7n,Seats held by women in national parliaments (%),38,39.3,42o,,,,,,,,,,,,,,,,,,,,,,,,,,,,,,,,,,,,,,,,
Education: Government expenditure (% of GDP),6.4,6.5,6.4n,Education: Primary gross enrol. ratio (f/m per 100 pop.),101.8 /      102.0,103.1 /      103.2,103.6 /      103.1m,Education: Secondary gross enrol. ratio (f/m per 100 pop.),167.3 /      146.9,174.7 /      153.6,165.3 /      147.1m,Education: Upper secondary gross enrol. ratio (f/m per 100 pop.),180.6 /      152.6,168.7 /      142.8,161.8 /      138.2m,Intentional homicide rate (per 100 000 pop.),1.7,2,1.7n,Seats held by women in national parliaments (%),38,39.3,42o,,,,,,,,,,,,,,,,,,,,,,,,,,,,,,,,,,,,,,,,,,,,
Education: Primary gross enrol. ratio (f/m per 100 pop.),101.8 /      102.0,103.1 /      103.2,103.6 /      103.1m,Education: Secondary gross enrol. ratio (f/m per 100 pop.),167.3 /      146.9,174.7 /      153.6,165.3 /      147.1m,Education: Upper secondary gross enrol. ratio (f/m per 100 pop.),180.6 /      152.6,168.7 /      142.8,161.8 /      138.2m,Intentional homicide rate (per 100 000 pop.),1.7,2,1.7n,Seats held by women in national parliaments (%),38,39.3,42o,,,,,,,,,,,,,,,,,,,,,,,,,,,,,,,,,,,,,,,,,,,,,,,,
Education: Secondary gross enrol. ratio (f/m per 100 pop.),167.3 /      146.9,174.7 /      153.6,165.3 /      147.1m,Education: Upper secondary gross enrol. ratio (f/m per 100 pop.),180.6 /      152.6,168.7 /      142.8,161.8 /      138.2m,Intentional homicide rate (per 100 000 pop.),1.7,2,1.7n,Seats held by women in national parliaments (%),38,39.3,42o,,,,,,,,,,,,,,,,,,,,,,,,,,,,,,,,,,,,,,,,,,,,,,,,,,,,
Education: Upper secondary gross enrol. ratio (f/m per 100 pop.),180.6 /      152.6,168.7 /      142.8,161.8 /      138.2m,Intentional homicide rate (per 100 000 pop.),1.7,2,1.7n,Seats held by women in national parliaments (%),38,39.3,42o,,,,,,,,,,,,,,,,,,,,,,,,,,,,,,,,,,,,,,,,,,,,,,,,,,,,,,,,
Intentional homicide rate (per 100 000 pop.),1.7,2,1.7n,Seats held by women in national parliaments (%),38,39.3,42o,,,,,,,,,,,,,,,,,,,,,,,,,,,,,,,,,,,,,,,,,,,,,,,,,,,,,,,,,,,,
Seats held by women in national parliaments (%),38,39.3,42o,,,,,,,,,,,,,,,,,,,,,,,,,,,,,,,,,,,,,,,,,,,,,,,,,,,,,,,,,,,,,,,,
