0,1,2,3,4,5,6,7,8,9,10,11,12,13,14,15,16,17,18,19,20,21,22,23,24,25,26,27,28,29,30,31,32,33,34,35,36,37,38,39,40,41,42,43,44,45,46,47,48,49,50,51,52,53,54,55,56,57,58,59,60,61,62,63,64,65,66,67
,2010,2015,2021,,,,,,,,,,,,,,,,,,,,,,,,,,,,,,,,,,,,,,,,,,,,,,,,,,,,,,,,,,,,,,,,
GDP: Gross domestic product (million current US$),3 433,4 280,5 174b,"GDP growth rate (annual %, const. 2015 prices)",4.1,0.7,5.4b,GDP per capita (current US$),4 580.7,5 576.8,6 609.6b,Economy: Agriculturee (% of Gross Value Added),30,27,19.3b,"Economy: Industryf,g (% of Gross Value Added)",26.2,26.2,31.5b,Economy: Services and other activityh (% of GVA),43.8,46.8,49.1b,Employment in agriculturei (% of employed),20.6,18,16.8d,Employment in industryi (% of employed),23.5,23.2,22.9d,Employment in servicesi (% employed),55.9,58.7,60.3d,Unemploymenti (% of labour force),11.4,12,11.8d,Labour force participation ratei (female/male pop. %),39.3 /       73.8,42.4 /       70.1,44.1 /       68.4d,"CPI: Consumer Price Indexi,j (2010=100)",100,109,116b,Agricultural production index (2014-2016=100),81,110,132b,International trade: exports (million current US$),901,1 169,2 814d,International trade: imports (million current US$),1 452,1 484,2 494d,International trade: balance (million current US$),-551,-315,320d,"Balance of payments, current account (million US$)",-246,-39,- 1 696b
"GDP growth rate (annual %, const. 2015 prices)",4.1,0.7,5.4b,GDP per capita (current US$),4 580.7,5 576.8,6 609.6b,Economy: Agriculturee (% of Gross Value Added),30,27,19.3b,"Economy: Industryf,g (% of Gross Value Added)",26.2,26.2,31.5b,Economy: Services and other activityh (% of GVA),43.8,46.8,49.1b,Employment in agriculturei (% of employed),20.6,18,16.8d,Employment in industryi (% of employed),23.5,23.2,22.9d,Employment in servicesi (% employed),55.9,58.7,60.3d,Unemploymenti (% of labour force),11.4,12,11.8d,Labour force participation ratei (female/male pop. %),39.3 /       73.8,42.4 /       70.1,44.1 /       68.4d,"CPI: Consumer Price Indexi,j (2010=100)",100,109,116b,Agricultural production index (2014-2016=100),81,110,132b,International trade: exports (million current US$),901,1 169,2 814d,International trade: imports (million current US$),1 452,1 484,2 494d,International trade: balance (million current US$),-551,-315,320d,"Balance of payments, current account (million US$)",-246,-39,- 1 696b,,,,
GDP per capita (current US$),4 580.7,5 576.8,6 609.6b,Economy: Agriculturee (% of Gross Value Added),30,27,19.3b,"Economy: Industryf,g (% of Gross Value Added)",26.2,26.2,31.5b,Economy: Services and other activityh (% of GVA),43.8,46.8,49.1b,Employment in agriculturei (% of employed),20.6,18,16.8d,Employment in industryi (% of employed),23.5,23.2,22.9d,Employment in servicesi (% employed),55.9,58.7,60.3d,Unemploymenti (% of labour force),11.4,12,11.8d,Labour force participation ratei (female/male pop. %),39.3 /       73.8,42.4 /       70.1,44.1 /       68.4d,"CPI: Consumer Price Indexi,j (2010=100)",100,109,116b,Agricultural production index (2014-2016=100),81,110,132b,International trade: exports (million current US$),901,1 169,2 814d,International trade: imports (million current US$),1 452,1 484,2 494d,International trade: balance (million current US$),-551,-315,320d,"Balance of payments, current account (million US$)",-246,-39,- 1 696b,,,,,,,,
Economy: Agriculturee (% of Gross Value Added),30,27,19.3b,"Economy: Industryf,g (% of Gross Value Added)",26.2,26.2,31.5b,Economy: Services and other activityh (% of GVA),43.8,46.8,49.1b,Employment in agriculturei (% of employed),20.6,18,16.8d,Employment in industryi (% of employed),23.5,23.2,22.9d,Employment in servicesi (% employed),55.9,58.7,60.3d,Unemploymenti (% of labour force),11.4,12,11.8d,Labour force participation ratei (female/male pop. %),39.3 /       73.8,42.4 /       70.1,44.1 /       68.4d,"CPI: Consumer Price Indexi,j (2010=100)",100,109,116b,Agricultural production index (2014-2016=100),81,110,132b,International trade: exports (million current US$),901,1 169,2 814d,International trade: imports (million current US$),1 452,1 484,2 494d,International trade: balance (million current US$),-551,-315,320d,"Balance of payments, current account (million US$)",-246,-39,- 1 696b,,,,,,,,,,,,
"Economy: Industryf,g (% of Gross Value Added)",26.2,26.2,31.5b,Economy: Services and other activityh (% of GVA),43.8,46.8,49.1b,Employment in agriculturei (% of employed),20.6,18,16.8d,Employment in industryi (% of employed),23.5,23.2,22.9d,Employment in servicesi (% employed),55.9,58.7,60.3d,Unemploymenti (% of labour force),11.4,12,11.8d,Labour force participation ratei (female/male pop. %),39.3 /       73.8,42.4 /       70.1,44.1 /       68.4d,"CPI: Consumer Price Indexi,j (2010=100)",100,109,116b,Agricultural production index (2014-2016=100),81,110,132b,International trade: exports (million current US$),901,1 169,2 814d,International trade: imports (million current US$),1 452,1 484,2 494d,International trade: balance (million current US$),-551,-315,320d,"Balance of payments, current account (million US$)",-246,-39,- 1 696b,,,,,,,,,,,,,,,,
Economy: Services and other activityh (% of GVA),43.8,46.8,49.1b,Employment in agriculturei (% of employed),20.6,18,16.8d,Employment in industryi (% of employed),23.5,23.2,22.9d,Employment in servicesi (% employed),55.9,58.7,60.3d,Unemploymenti (% of labour force),11.4,12,11.8d,Labour force participation ratei (female/male pop. %),39.3 /       73.8,42.4 /       70.1,44.1 /       68.4d,"CPI: Consumer Price Indexi,j (2010=100)",100,109,116b,Agricultural production index (2014-2016=100),81,110,132b,International trade: exports (million current US$),901,1 169,2 814d,International trade: imports (million current US$),1 452,1 484,2 494d,International trade: balance (million current US$),-551,-315,320d,"Balance of payments, current account (million US$)",-246,-39,- 1 696b,,,,,,,,,,,,,,,,,,,,
Employment in agriculturei (% of employed),20.6,18,16.8d,Employment in industryi (% of employed),23.5,23.2,22.9d,Employment in servicesi (% employed),55.9,58.7,60.3d,Unemploymenti (% of labour force),11.4,12,11.8d,Labour force participation ratei (female/male pop. %),39.3 /       73.8,42.4 /       70.1,44.1 /       68.4d,"CPI: Consumer Price Indexi,j (2010=100)",100,109,116b,Agricultural production index (2014-2016=100),81,110,132b,International trade: exports (million current US$),901,1 169,2 814d,International trade: imports (million current US$),1 452,1 484,2 494d,International trade: balance (million current US$),-551,-315,320d,"Balance of payments, current account (million US$)",-246,-39,- 1 696b,,,,,,,,,,,,,,,,,,,,,,,,
Employment in industryi (% of employed),23.5,23.2,22.9d,Employment in servicesi (% employed),55.9,58.7,60.3d,Unemploymenti (% of labour force),11.4,12,11.8d,Labour force participation ratei (female/male pop. %),39.3 /       73.8,42.4 /       70.1,44.1 /       68.4d,"CPI: Consumer Price Indexi,j (2010=100)",100,109,116b,Agricultural production index (2014-2016=100),81,110,132b,International trade: exports (million current US$),901,1 169,2 814d,International trade: imports (million current US$),1 452,1 484,2 494d,International trade: balance (million current US$),-551,-315,320d,"Balance of payments, current account (million US$)",-246,-39,- 1 696b,,,,,,,,,,,,,,,,,,,,,,,,,,,,
Employment in servicesi (% employed),55.9,58.7,60.3d,Unemploymenti (% of labour force),11.4,12,11.8d,Labour force participation ratei (female/male pop. %),39.3 /       73.8,42.4 /       70.1,44.1 /       68.4d,"CPI: Consumer Price Indexi,j (2010=100)",100,109,116b,Agricultural production index (2014-2016=100),81,110,132b,International trade: exports (million current US$),901,1 169,2 814d,International trade: imports (million current US$),1 452,1 484,2 494d,International trade: balance (million current US$),-551,-315,320d,"Balance of payments, current account (million US$)",-246,-39,- 1 696b,,,,,,,,,,,,,,,,,,,,,,,,,,,,,,,,
Unemploymenti (% of labour force),11.4,12,11.8d,Labour force participation ratei (female/male pop. %),39.3 /       73.8,42.4 /       70.1,44.1 /       68.4d,"CPI: Consumer Price Indexi,j (2010=100)",100,109,116b,Agricultural production index (2014-2016=100),81,110,132b,International trade: exports (million current US$),901,1 169,2 814d,International trade: imports (million current US$),1 452,1 484,2 494d,International trade: balance (million current US$),-551,-315,320d,"Balance of payments, current account (million US$)",-246,-39,- 1 696b,,,,,,,,,,,,,,,,,,,,,,,,,,,,,,,,,,,,
Labour force participation ratei (female/male pop. %),39.3 /       73.8,42.4 /       70.1,44.1 /       68.4d,"CPI: Consumer Price Indexi,j (2010=100)",100,109,116b,Agricultural production index (2014-2016=100),81,110,132b,International trade: exports (million current US$),901,1 169,2 814d,International trade: imports (million current US$),1 452,1 484,2 494d,International trade: balance (million current US$),-551,-315,320d,"Balance of payments, current account (million US$)",-246,-39,- 1 696b,,,,,,,,,,,,,,,,,,,,,,,,,,,,,,,,,,,,,,,,
"CPI: Consumer Price Indexi,j (2010=100)",100,109,116b,Agricultural production index (2014-2016=100),81,110,132b,International trade: exports (million current US$),901,1 169,2 814d,International trade: imports (million current US$),1 452,1 484,2 494d,International trade: balance (million current US$),-551,-315,320d,"Balance of payments, current account (million US$)",-246,-39,- 1 696b,,,,,,,,,,,,,,,,,,,,,,,,,,,,,,,,,,,,,,,,,,,,
Agricultural production index (2014-2016=100),81,110,132b,International trade: exports (million current US$),901,1 169,2 814d,International trade: imports (million current US$),1 452,1 484,2 494d,International trade: balance (million current US$),-551,-315,320d,"Balance of payments, current account (million US$)",-246,-39,- 1 696b,,,,,,,,,,,,,,,,,,,,,,,,,,,,,,,,,,,,,,,,,,,,,,,,
International trade: exports (million current US$),901,1 169,2 814d,International trade: imports (million current US$),1 452,1 484,2 494d,International trade: balance (million current US$),-551,-315,320d,"Balance of payments, current account (million US$)",-246,-39,- 1 696b,,,,,,,,,,,,,,,,,,,,,,,,,,,,,,,,,,,,,,,,,,,,,,,,,,,,
International trade: imports (million current US$),1 452,1 484,2 494d,International trade: balance (million current US$),-551,-315,320d,"Balance of payments, current account (million US$)",-246,-39,- 1 696b,,,,,,,,,,,,,,,,,,,,,,,,,,,,,,,,,,,,,,,,,,,,,,,,,,,,,,,,
International trade: balance (million current US$),-551,-315,320d,"Balance of payments, current account (million US$)",-246,-39,- 1 696b,,,,,,,,,,,,,,,,,,,,,,,,,,,,,,,,,,,,,,,,,,,,,,,,,,,,,,,,,,,,
"Balance of payments, current account (million US$)",-246,-39,- 1 696b,,,,,,,,,,,,,,,,,,,,,,,,,,,,,,,,,,,,,,,,,,,,,,,,,,,,,,,,,,,,,,,,
