0,1,2,3,4,5,6,7,8,9,10,11,12,13,14,15,16,17,18,19,20,21,22,23,24,25,26,27,28,29,30,31,32,33,34,35,36,37,38,39,40,41,42,43,44,45,46,47,48,49,50,51,52,53,54,55,56,57,58,59,60,61,62,63,64,65,66,67
,2010,2015,2021,,,,,,,,,,,,,,,,,,,,,,,,,,,,,,,,,,,,,,,,,,,,,,,,,,,,,,,,,,,,,,,,
Population growth ratek (average annual %),0.1,0.5,0.5d,Urban population (% of total population),26.6,26.4,26.7b,Urban population growth ratek (average annual %),-1,0.4,...,"Fertility rate, totalk (live births per woman)",2.7,2.6,2.5d,"Life expectancy at birthk (females/males, years)",70.8 /       64.2,72.2 /       65.4,72.9 /       66.7d,"Population age distribution (0-14/60+ years old, %)",32.2 /        7.3,29.3 /        8.8,27.5 /       11.3a,International migrant stockl (000/% of total pop.),8.2 /        1.1,8.7 /        1.1,31.2 /        4.0d,Refugees and others of concern to UNHCR (000),~0.0m,~0.0,23.4d,Infant mortality ratek (per 1 000 live births),32,31.7,26.8d,Health: Current expenditurei (% of GDP),5.9,5.4,5.9c,Health: Physicians (per 1 000 pop.),0.7,...,1.8c,Education: Government expenditure (% of GDP),3.6,5.2,"5.5i,c",Education: Primary gross enrol. ratio (f/m per 100 pop.),95.0 /       97.9,96.0 /       99.6n,... / ...,Education: Secondary gross enrol. ratio (f/m per 100 pop.),91.9 /       88.4,99.2 /       96.3n,... / ...,Education: Upper secondary gross enrol. ratio (f/m per 100 pop.),74.0 /       69.6,90.0 /       83.8n,... / ...,Intentional homicide rate (per 100 000 pop.),18.7,19.4,14.2c,Seats held by women in national parliaments (%),30,31.3,35.7o
Urban population (% of total population),26.6,26.4,26.7b,Urban population growth ratek (average annual %),-1,0.4,...,"Fertility rate, totalk (live births per woman)",2.7,2.6,2.5d,"Life expectancy at birthk (females/males, years)",70.8 /       64.2,72.2 /       65.4,72.9 /       66.7d,"Population age distribution (0-14/60+ years old, %)",32.2 /        7.3,29.3 /        8.8,27.5 /       11.3a,International migrant stockl (000/% of total pop.),8.2 /        1.1,8.7 /        1.1,31.2 /        4.0d,Refugees and others of concern to UNHCR (000),~0.0m,~0.0,23.4d,Infant mortality ratek (per 1 000 live births),32,31.7,26.8d,Health: Current expenditurei (% of GDP),5.9,5.4,5.9c,Health: Physicians (per 1 000 pop.),0.7,...,1.8c,Education: Government expenditure (% of GDP),3.6,5.2,"5.5i,c",Education: Primary gross enrol. ratio (f/m per 100 pop.),95.0 /       97.9,96.0 /       99.6n,... / ...,Education: Secondary gross enrol. ratio (f/m per 100 pop.),91.9 /       88.4,99.2 /       96.3n,... / ...,Education: Upper secondary gross enrol. ratio (f/m per 100 pop.),74.0 /       69.6,90.0 /       83.8n,... / ...,Intentional homicide rate (per 100 000 pop.),18.7,19.4,14.2c,Seats held by women in national parliaments (%),30,31.3,35.7o,,,,
Urban population growth ratek (average annual %),-1,0.4,...,"Fertility rate, totalk (live births per woman)",2.7,2.6,2.5d,"Life expectancy at birthk (females/males, years)",70.8 /       64.2,72.2 /       65.4,72.9 /       66.7d,"Population age distribution (0-14/60+ years old, %)",32.2 /        7.3,29.3 /        8.8,27.5 /       11.3a,International migrant stockl (000/% of total pop.),8.2 /        1.1,8.7 /        1.1,31.2 /        4.0d,Refugees and others of concern to UNHCR (000),~0.0m,~0.0,23.4d,Infant mortality ratek (per 1 000 live births),32,31.7,26.8d,Health: Current expenditurei (% of GDP),5.9,5.4,5.9c,Health: Physicians (per 1 000 pop.),0.7,...,1.8c,Education: Government expenditure (% of GDP),3.6,5.2,"5.5i,c",Education: Primary gross enrol. ratio (f/m per 100 pop.),95.0 /       97.9,96.0 /       99.6n,... / ...,Education: Secondary gross enrol. ratio (f/m per 100 pop.),91.9 /       88.4,99.2 /       96.3n,... / ...,Education: Upper secondary gross enrol. ratio (f/m per 100 pop.),74.0 /       69.6,90.0 /       83.8n,... / ...,Intentional homicide rate (per 100 000 pop.),18.7,19.4,14.2c,Seats held by women in national parliaments (%),30,31.3,35.7o,,,,,,,,
"Fertility rate, totalk (live births per woman)",2.7,2.6,2.5d,"Life expectancy at birthk (females/males, years)",70.8 /       64.2,72.2 /       65.4,72.9 /       66.7d,"Population age distribution (0-14/60+ years old, %)",32.2 /        7.3,29.3 /        8.8,27.5 /       11.3a,International migrant stockl (000/% of total pop.),8.2 /        1.1,8.7 /        1.1,31.2 /        4.0d,Refugees and others of concern to UNHCR (000),~0.0m,~0.0,23.4d,Infant mortality ratek (per 1 000 live births),32,31.7,26.8d,Health: Current expenditurei (% of GDP),5.9,5.4,5.9c,Health: Physicians (per 1 000 pop.),0.7,...,1.8c,Education: Government expenditure (% of GDP),3.6,5.2,"5.5i,c",Education: Primary gross enrol. ratio (f/m per 100 pop.),95.0 /       97.9,96.0 /       99.6n,... / ...,Education: Secondary gross enrol. ratio (f/m per 100 pop.),91.9 /       88.4,99.2 /       96.3n,... / ...,Education: Upper secondary gross enrol. ratio (f/m per 100 pop.),74.0 /       69.6,90.0 /       83.8n,... / ...,Intentional homicide rate (per 100 000 pop.),18.7,19.4,14.2c,Seats held by women in national parliaments (%),30,31.3,35.7o,,,,,,,,,,,,
"Life expectancy at birthk (females/males, years)",70.8 /       64.2,72.2 /       65.4,72.9 /       66.7d,"Population age distribution (0-14/60+ years old, %)",32.2 /        7.3,29.3 /        8.8,27.5 /       11.3a,International migrant stockl (000/% of total pop.),8.2 /        1.1,8.7 /        1.1,31.2 /        4.0d,Refugees and others of concern to UNHCR (000),~0.0m,~0.0,23.4d,Infant mortality ratek (per 1 000 live births),32,31.7,26.8d,Health: Current expenditurei (% of GDP),5.9,5.4,5.9c,Health: Physicians (per 1 000 pop.),0.7,...,1.8c,Education: Government expenditure (% of GDP),3.6,5.2,"5.5i,c",Education: Primary gross enrol. ratio (f/m per 100 pop.),95.0 /       97.9,96.0 /       99.6n,... / ...,Education: Secondary gross enrol. ratio (f/m per 100 pop.),91.9 /       88.4,99.2 /       96.3n,... / ...,Education: Upper secondary gross enrol. ratio (f/m per 100 pop.),74.0 /       69.6,90.0 /       83.8n,... / ...,Intentional homicide rate (per 100 000 pop.),18.7,19.4,14.2c,Seats held by women in national parliaments (%),30,31.3,35.7o,,,,,,,,,,,,,,,,
"Population age distribution (0-14/60+ years old, %)",32.2 /        7.3,29.3 /        8.8,27.5 /       11.3a,International migrant stockl (000/% of total pop.),8.2 /        1.1,8.7 /        1.1,31.2 /        4.0d,Refugees and others of concern to UNHCR (000),~0.0m,~0.0,23.4d,Infant mortality ratek (per 1 000 live births),32,31.7,26.8d,Health: Current expenditurei (% of GDP),5.9,5.4,5.9c,Health: Physicians (per 1 000 pop.),0.7,...,1.8c,Education: Government expenditure (% of GDP),3.6,5.2,"5.5i,c",Education: Primary gross enrol. ratio (f/m per 100 pop.),95.0 /       97.9,96.0 /       99.6n,... / ...,Education: Secondary gross enrol. ratio (f/m per 100 pop.),91.9 /       88.4,99.2 /       96.3n,... / ...,Education: Upper secondary gross enrol. ratio (f/m per 100 pop.),74.0 /       69.6,90.0 /       83.8n,... / ...,Intentional homicide rate (per 100 000 pop.),18.7,19.4,14.2c,Seats held by women in national parliaments (%),30,31.3,35.7o,,,,,,,,,,,,,,,,,,,,
International migrant stockl (000/% of total pop.),8.2 /        1.1,8.7 /        1.1,31.2 /        4.0d,Refugees and others of concern to UNHCR (000),~0.0m,~0.0,23.4d,Infant mortality ratek (per 1 000 live births),32,31.7,26.8d,Health: Current expenditurei (% of GDP),5.9,5.4,5.9c,Health: Physicians (per 1 000 pop.),0.7,...,1.8c,Education: Government expenditure (% of GDP),3.6,5.2,"5.5i,c",Education: Primary gross enrol. ratio (f/m per 100 pop.),95.0 /       97.9,96.0 /       99.6n,... / ...,Education: Secondary gross enrol. ratio (f/m per 100 pop.),91.9 /       88.4,99.2 /       96.3n,... / ...,Education: Upper secondary gross enrol. ratio (f/m per 100 pop.),74.0 /       69.6,90.0 /       83.8n,... / ...,Intentional homicide rate (per 100 000 pop.),18.7,19.4,14.2c,Seats held by women in national parliaments (%),30,31.3,35.7o,,,,,,,,,,,,,,,,,,,,,,,,
Refugees and others of concern to UNHCR (000),~0.0m,~0.0,23.4d,Infant mortality ratek (per 1 000 live births),32,31.7,26.8d,Health: Current expenditurei (% of GDP),5.9,5.4,5.9c,Health: Physicians (per 1 000 pop.),0.7,...,1.8c,Education: Government expenditure (% of GDP),3.6,5.2,"5.5i,c",Education: Primary gross enrol. ratio (f/m per 100 pop.),95.0 /       97.9,96.0 /       99.6n,... / ...,Education: Secondary gross enrol. ratio (f/m per 100 pop.),91.9 /       88.4,99.2 /       96.3n,... / ...,Education: Upper secondary gross enrol. ratio (f/m per 100 pop.),74.0 /       69.6,90.0 /       83.8n,... / ...,Intentional homicide rate (per 100 000 pop.),18.7,19.4,14.2c,Seats held by women in national parliaments (%),30,31.3,35.7o,,,,,,,,,,,,,,,,,,,,,,,,,,,,
Infant mortality ratek (per 1 000 live births),32,31.7,26.8d,Health: Current expenditurei (% of GDP),5.9,5.4,5.9c,Health: Physicians (per 1 000 pop.),0.7,...,1.8c,Education: Government expenditure (% of GDP),3.6,5.2,"5.5i,c",Education: Primary gross enrol. ratio (f/m per 100 pop.),95.0 /       97.9,96.0 /       99.6n,... / ...,Education: Secondary gross enrol. ratio (f/m per 100 pop.),91.9 /       88.4,99.2 /       96.3n,... / ...,Education: Upper secondary gross enrol. ratio (f/m per 100 pop.),74.0 /       69.6,90.0 /       83.8n,... / ...,Intentional homicide rate (per 100 000 pop.),18.7,19.4,14.2c,Seats held by women in national parliaments (%),30,31.3,35.7o,,,,,,,,,,,,,,,,,,,,,,,,,,,,,,,,
Health: Current expenditurei (% of GDP),5.9,5.4,5.9c,Health: Physicians (per 1 000 pop.),0.7,...,1.8c,Education: Government expenditure (% of GDP),3.6,5.2,"5.5i,c",Education: Primary gross enrol. ratio (f/m per 100 pop.),95.0 /       97.9,96.0 /       99.6n,... / ...,Education: Secondary gross enrol. ratio (f/m per 100 pop.),91.9 /       88.4,99.2 /       96.3n,... / ...,Education: Upper secondary gross enrol. ratio (f/m per 100 pop.),74.0 /       69.6,90.0 /       83.8n,... / ...,Intentional homicide rate (per 100 000 pop.),18.7,19.4,14.2c,Seats held by women in national parliaments (%),30,31.3,35.7o,,,,,,,,,,,,,,,,,,,,,,,,,,,,,,,,,,,,
Health: Physicians (per 1 000 pop.),0.7,...,1.8c,Education: Government expenditure (% of GDP),3.6,5.2,"5.5i,c",Education: Primary gross enrol. ratio (f/m per 100 pop.),95.0 /       97.9,96.0 /       99.6n,... / ...,Education: Secondary gross enrol. ratio (f/m per 100 pop.),91.9 /       88.4,99.2 /       96.3n,... / ...,Education: Upper secondary gross enrol. ratio (f/m per 100 pop.),74.0 /       69.6,90.0 /       83.8n,... / ...,Intentional homicide rate (per 100 000 pop.),18.7,19.4,14.2c,Seats held by women in national parliaments (%),30,31.3,35.7o,,,,,,,,,,,,,,,,,,,,,,,,,,,,,,,,,,,,,,,,
Education: Government expenditure (% of GDP),3.6,5.2,"5.5i,c",Education: Primary gross enrol. ratio (f/m per 100 pop.),95.0 /       97.9,96.0 /       99.6n,... / ...,Education: Secondary gross enrol. ratio (f/m per 100 pop.),91.9 /       88.4,99.2 /       96.3n,... / ...,Education: Upper secondary gross enrol. ratio (f/m per 100 pop.),74.0 /       69.6,90.0 /       83.8n,... / ...,Intentional homicide rate (per 100 000 pop.),18.7,19.4,14.2c,Seats held by women in national parliaments (%),30,31.3,35.7o,,,,,,,,,,,,,,,,,,,,,,,,,,,,,,,,,,,,,,,,,,,,
Education: Primary gross enrol. ratio (f/m per 100 pop.),95.0 /       97.9,96.0 /       99.6n,... / ...,Education: Secondary gross enrol. ratio (f/m per 100 pop.),91.9 /       88.4,99.2 /       96.3n,... / ...,Education: Upper secondary gross enrol. ratio (f/m per 100 pop.),74.0 /       69.6,90.0 /       83.8n,... / ...,Intentional homicide rate (per 100 000 pop.),18.7,19.4,14.2c,Seats held by women in national parliaments (%),30,31.3,35.7o,,,,,,,,,,,,,,,,,,,,,,,,,,,,,,,,,,,,,,,,,,,,,,,,
Education: Secondary gross enrol. ratio (f/m per 100 pop.),91.9 /       88.4,99.2 /       96.3n,... / ...,Education: Upper secondary gross enrol. ratio (f/m per 100 pop.),74.0 /       69.6,90.0 /       83.8n,... / ...,Intentional homicide rate (per 100 000 pop.),18.7,19.4,14.2c,Seats held by women in national parliaments (%),30,31.3,35.7o,,,,,,,,,,,,,,,,,,,,,,,,,,,,,,,,,,,,,,,,,,,,,,,,,,,,
Education: Upper secondary gross enrol. ratio (f/m per 100 pop.),74.0 /       69.6,90.0 /       83.8n,... / ...,Intentional homicide rate (per 100 000 pop.),18.7,19.4,14.2c,Seats held by women in national parliaments (%),30,31.3,35.7o,,,,,,,,,,,,,,,,,,,,,,,,,,,,,,,,,,,,,,,,,,,,,,,,,,,,,,,,
Intentional homicide rate (per 100 000 pop.),18.7,19.4,14.2c,Seats held by women in national parliaments (%),30,31.3,35.7o,,,,,,,,,,,,,,,,,,,,,,,,,,,,,,,,,,,,,,,,,,,,,,,,,,,,,,,,,,,,
Seats held by women in national parliaments (%),30,31.3,35.7o,,,,,,,,,,,,,,,,,,,,,,,,,,,,,,,,,,,,,,,,,,,,,,,,,,,,,,,,,,,,,,,,
